Date,Region,Province,Prize,Numbers
2025-10-01,MB,Hà Nội,ĐB,21706
2025-10-01,MB,Hà Nội,1,90220
2025-10-01,MB,Hà Nội,2,04099
2025-10-01,MB,Hà Nội,3,38355 - 60636 - 98133 - 90101 - 73120 - 96413
2025-10-01,MB,Hà Nội,4,82657 - 02198 - 13882 - 17666 - 75675 - 55344
2025-10-01,MB,Hà Nội,5,77677 - 22312 - 19833
2025-10-01,MB,Hà Nội,6,23417 - 38096 - 41330
2025-10-01,MB,Hà Nội,7,94127 - 74487 - 14638 - 02774
2025-10-01,MT,Đà Nẵng,ĐB,62635
2025-10-01,MT,Đà Nẵng,1,92597
2025-10-01,MT,Đà Nẵng,2,92286
2025-10-01,MT,Đà Nẵng,3,60566 - 70984 - 54961 - 28843 - 95215 - 32219
2025-10-01,MT,Đà Nẵng,4,96495 - 71659 - 57931 - 08100 - 30529 - 06064
2025-10-01,MT,Đà Nẵng,5,58423 - 26507 - 21817
2025-10-01,MT,Đà Nẵng,6,57189 - 49406 - 74393
2025-10-01,MT,Đà Nẵng,7,86785 - 18295 - 33485 - 92281
2025-10-01,MT,Đà Nẵng,8,63902
2025-10-01,MT,Khánh Hòa,ĐB,35675
2025-10-01,MT,Khánh Hòa,1,88961
2025-10-01,MT,Khánh Hòa,2,50432
2025-10-01,MT,Khánh Hòa,3,75123 - 62404 - 99090 - 02724 - 74868 - 87549
2025-10-01,MT,Khánh Hòa,4,31491 - 00479 - 04345 - 98602 - 25832 - 64760
2025-10-01,MT,Khánh Hòa,5,43326 - 15466 - 28190
2025-10-01,MT,Khánh Hòa,6,45536 - 36680 - 01615
2025-10-01,MT,Khánh Hòa,7,64115 - 84516 - 91610 - 37789
2025-10-01,MT,Khánh Hòa,8,04841
2025-10-01,MN,TP. HCM,ĐB,36152
2025-10-01,MN,TP. HCM,1,65961
2025-10-01,MN,TP. HCM,2,92682
2025-10-01,MN,TP. HCM,3,74629 - 87637 - 18762 - 32230 - 54551 - 38432
2025-10-01,MN,TP. HCM,4,69037 - 20501 - 67732 - 72752 - 20629 - 25989
2025-10-01,MN,TP. HCM,5,69699 - 99387 - 54126
2025-10-01,MN,TP. HCM,6,42459 - 35376 - 79307
2025-10-01,MN,TP. HCM,7,44610 - 18391 - 65836 - 74247
2025-10-01,MN,TP. HCM,8,97143
2025-10-01,MN,Đồng Tháp,ĐB,36601
2025-10-01,MN,Đồng Tháp,1,95593
2025-10-01,MN,Đồng Tháp,2,95340
2025-10-01,MN,Đồng Tháp,3,53354 - 77217 - 30443 - 73076 - 85792 - 50614
2025-10-01,MN,Đồng Tháp,4,86330 - 78890 - 61377 - 74654 - 66367 - 00891
2025-10-01,MN,Đồng Tháp,5,93871 - 79974 - 20358
2025-10-01,MN,Đồng Tháp,6,65012 - 86496 - 20213
2025-10-01,MN,Đồng Tháp,7,21892 - 36005 - 85574 - 46074
2025-10-01,MN,Đồng Tháp,8,76128
2025-10-01,MN,Cà Mau,ĐB,74819
2025-10-01,MN,Cà Mau,1,09777
2025-10-01,MN,Cà Mau,2,13830
2025-10-01,MN,Cà Mau,3,54736 - 09252 - 90016 - 34515 - 05633 - 23173
2025-10-01,MN,Cà Mau,4,63807 - 30470 - 92037 - 13071 - 43583 - 87370
2025-10-01,MN,Cà Mau,5,40541 - 06119 - 96315
2025-10-01,MN,Cà Mau,6,56777 - 29577 - 52873
2025-10-01,MN,Cà Mau,7,72295 - 41598 - 50881 - 94523
2025-10-01,MN,Cà Mau,8,10698
2025-10-02,MB,Hà Nội,ĐB,91108
2025-10-02,MB,Hà Nội,1,15753
2025-10-02,MB,Hà Nội,2,54334
2025-10-02,MB,Hà Nội,3,61694 - 70966 - 87806 - 08919 - 65996 - 89118
2025-10-02,MB,Hà Nội,4,14935 - 61033 - 06886 - 00285 - 98794 - 92052
2025-10-02,MB,Hà Nội,5,88151 - 83092 - 62360
2025-10-02,MB,Hà Nội,6,03453 - 89334 - 62576
2025-10-02,MB,Hà Nội,7,38631 - 47630 - 20424 - 07165
2025-10-02,MT,Đà Nẵng,ĐB,00815
2025-10-02,MT,Đà Nẵng,1,30556
2025-10-02,MT,Đà Nẵng,2,71624
2025-10-02,MT,Đà Nẵng,3,12341 - 61787 - 12684 - 26337 - 52164 - 91297
2025-10-02,MT,Đà Nẵng,4,68744 - 46395 - 27298 - 32478 - 34250 - 40742
2025-10-02,MT,Đà Nẵng,5,36344 - 55502 - 74321
2025-10-02,MT,Đà Nẵng,6,18875 - 90711 - 18208
2025-10-02,MT,Đà Nẵng,7,96171 - 64151 - 30802 - 65161
2025-10-02,MT,Đà Nẵng,8,71149
2025-10-02,MT,Khánh Hòa,ĐB,41125
2025-10-02,MT,Khánh Hòa,1,06705
2025-10-02,MT,Khánh Hòa,2,41329
2025-10-02,MT,Khánh Hòa,3,15850 - 18433 - 28235 - 25247 - 26141 - 95063
2025-10-02,MT,Khánh Hòa,4,77189 - 22116 - 25456 - 92643 - 39122 - 90581
2025-10-02,MT,Khánh Hòa,5,84213 - 45541 - 66794
2025-10-02,MT,Khánh Hòa,6,08129 - 62693 - 76912
2025-10-02,MT,Khánh Hòa,7,94115 - 21497 - 33320 - 15405
2025-10-02,MT,Khánh Hòa,8,42964
2025-10-02,MN,TP. HCM,ĐB,00655
2025-10-02,MN,TP. HCM,1,06741
2025-10-02,MN,TP. HCM,2,64166
2025-10-02,MN,TP. HCM,3,08583 - 96080 - 60416 - 59775 - 21149 - 08854
2025-10-02,MN,TP. HCM,4,42205 - 98707 - 91841 - 79692 - 72545 - 43346
2025-10-02,MN,TP. HCM,5,86570 - 35949 - 64449
2025-10-02,MN,TP. HCM,6,84269 - 96960 - 20109
2025-10-02,MN,TP. HCM,7,46153 - 00175 - 95156 - 98147
2025-10-02,MN,TP. HCM,8,79578
2025-10-02,MN,Đồng Tháp,ĐB,82366
2025-10-02,MN,Đồng Tháp,1,13842
2025-10-02,MN,Đồng Tháp,2,70664
2025-10-02,MN,Đồng Tháp,3,12415 - 01755 - 26707 - 22219 - 93248 - 40380
2025-10-02,MN,Đồng Tháp,4,04272 - 06887 - 91343 - 07951 - 16213 - 34032
2025-10-02,MN,Đồng Tháp,5,27901 - 97023 - 93959
2025-10-02,MN,Đồng Tháp,6,71292 - 66231 - 99868
2025-10-02,MN,Đồng Tháp,7,54383 - 46524 - 10404 - 42528
2025-10-02,MN,Đồng Tháp,8,49306
2025-10-02,MN,Cà Mau,ĐB,35925
2025-10-02,MN,Cà Mau,1,62365
2025-10-02,MN,Cà Mau,2,50687
2025-10-02,MN,Cà Mau,3,50250 - 01725 - 41263 - 62038 - 20208 - 19627
2025-10-02,MN,Cà Mau,4,15973 - 96829 - 65056 - 22925 - 22376 - 00082
2025-10-02,MN,Cà Mau,5,31697 - 40724 - 36888
2025-10-02,MN,Cà Mau,6,28949 - 16648 - 90645
2025-10-02,MN,Cà Mau,7,92599 - 87699 - 44604 - 29173
2025-10-02,MN,Cà Mau,8,21653
2025-10-03,MB,Hà Nội,ĐB,39926
2025-10-03,MB,Hà Nội,1,50564
2025-10-03,MB,Hà Nội,2,14982
2025-10-03,MB,Hà Nội,3,91606 - 57267 - 99880 - 05452 - 60522 - 58486
2025-10-03,MB,Hà Nội,4,57932 - 44086 - 32963 - 68377 - 87068 - 20352
2025-10-03,MB,Hà Nội,5,65899 - 23705 - 98180
2025-10-03,MB,Hà Nội,6,70626 - 47715 - 05218
2025-10-03,MB,Hà Nội,7,06305 - 40866 - 05569 - 48467
2025-10-03,MT,Đà Nẵng,ĐB,83701
2025-10-03,MT,Đà Nẵng,1,11977
2025-10-03,MT,Đà Nẵng,2,06846
2025-10-03,MT,Đà Nẵng,3,49695 - 54624 - 57406 - 97550 - 08803 - 11048
2025-10-03,MT,Đà Nẵng,4,76696 - 55168 - 17035 - 74407 - 76224 - 29909
2025-10-03,MT,Đà Nẵng,5,77964 - 78013 - 32794
2025-10-03,MT,Đà Nẵng,6,57498 - 70043 - 76048
2025-10-03,MT,Đà Nẵng,7,53062 - 19935 - 50351 - 45253
2025-10-03,MT,Đà Nẵng,8,30239
2025-10-03,MT,Khánh Hòa,ĐB,57409
2025-10-03,MT,Khánh Hòa,1,14592
2025-10-03,MT,Khánh Hòa,2,11021
2025-10-03,MT,Khánh Hòa,3,67598 - 89133 - 53216 - 90159 - 67773 - 41794
2025-10-03,MT,Khánh Hòa,4,76575 - 12429 - 71134 - 68078 - 26249 - 21186
2025-10-03,MT,Khánh Hòa,5,33388 - 86431 - 82345
2025-10-03,MT,Khánh Hòa,6,02605 - 36380 - 83718
2025-10-03,MT,Khánh Hòa,7,49103 - 03060 - 09897 - 40368
2025-10-03,MT,Khánh Hòa,8,58701
2025-10-03,MN,TP. HCM,ĐB,28288
2025-10-03,MN,TP. HCM,1,32557
2025-10-03,MN,TP. HCM,2,50458
2025-10-03,MN,TP. HCM,3,79022 - 89965 - 57339 - 11735 - 58950 - 27471
2025-10-03,MN,TP. HCM,4,96356 - 23882 - 17889 - 15167 - 75356 - 84874
2025-10-03,MN,TP. HCM,5,99150 - 08898 - 16960
2025-10-03,MN,TP. HCM,6,84798 - 12409 - 23007
2025-10-03,MN,TP. HCM,7,24371 - 51683 - 62283 - 67187
2025-10-03,MN,TP. HCM,8,70907
2025-10-03,MN,Đồng Tháp,ĐB,46598
2025-10-03,MN,Đồng Tháp,1,89668
2025-10-03,MN,Đồng Tháp,2,71557
2025-10-03,MN,Đồng Tháp,3,03090 - 99607 - 15907 - 35762 - 53134 - 40270
2025-10-03,MN,Đồng Tháp,4,16037 - 82388 - 41810 - 48113 - 62925 - 99636
2025-10-03,MN,Đồng Tháp,5,53704 - 18269 - 22400
2025-10-03,MN,Đồng Tháp,6,84417 - 18061 - 08713
2025-10-03,MN,Đồng Tháp,7,83068 - 00494 - 97053 - 53026
2025-10-03,MN,Đồng Tháp,8,09526
2025-10-03,MN,Cà Mau,ĐB,68681
2025-10-03,MN,Cà Mau,1,15179
2025-10-03,MN,Cà Mau,2,86332
2025-10-03,MN,Cà Mau,3,00559 - 35601 - 29376 - 36527 - 50928 - 35191
2025-10-03,MN,Cà Mau,4,63022 - 03013 - 80457 - 59489 - 50958 - 93940
2025-10-03,MN,Cà Mau,5,51333 - 44490 - 51899
2025-10-03,MN,Cà Mau,6,96718 - 79621 - 20112
2025-10-03,MN,Cà Mau,7,86603 - 00959 - 24668 - 98402
2025-10-03,MN,Cà Mau,8,80511
2025-10-04,MB,Hà Nội,ĐB,60997
2025-10-04,MB,Hà Nội,1,27402
2025-10-04,MB,Hà Nội,2,76523
2025-10-04,MB,Hà Nội,3,72020 - 67776 - 56456 - 42764 - 11389 - 24131
2025-10-04,MB,Hà Nội,4,45991 - 47556 - 30513 - 77511 - 45239 - 70826
2025-10-04,MB,Hà Nội,5,50726 - 27699 - 34968
2025-10-04,MB,Hà Nội,6,17901 - 89288 - 06311
2025-10-04,MB,Hà Nội,7,01492 - 33643 - 32759 - 70106
2025-10-04,MT,Đà Nẵng,ĐB,35204
2025-10-04,MT,Đà Nẵng,1,31219
2025-10-04,MT,Đà Nẵng,2,59525
2025-10-04,MT,Đà Nẵng,3,87459 - 89531 - 94072 - 93700 - 76524 - 39278
2025-10-04,MT,Đà Nẵng,4,55750 - 73432 - 58366 - 47821 - 52497 - 86281
2025-10-04,MT,Đà Nẵng,5,44682 - 34943 - 07867
2025-10-04,MT,Đà Nẵng,6,92603 - 40337 - 29351
2025-10-04,MT,Đà Nẵng,7,50526 - 13505 - 02561 - 75570
2025-10-04,MT,Đà Nẵng,8,25489
2025-10-04,MT,Khánh Hòa,ĐB,90350
2025-10-04,MT,Khánh Hòa,1,10478
2025-10-04,MT,Khánh Hòa,2,48990
2025-10-04,MT,Khánh Hòa,3,08326 - 02875 - 25782 - 54406 - 68268 - 70974
2025-10-04,MT,Khánh Hòa,4,75090 - 68134 - 09474 - 05231 - 86307 - 18205
2025-10-04,MT,Khánh Hòa,5,50884 - 62267 - 71155
2025-10-04,MT,Khánh Hòa,6,60851 - 66282 - 27744
2025-10-04,MT,Khánh Hòa,7,29025 - 35942 - 41197 - 06191
2025-10-04,MT,Khánh Hòa,8,71620
2025-10-04,MN,TP. HCM,ĐB,86036
2025-10-04,MN,TP. HCM,1,41528
2025-10-04,MN,TP. HCM,2,61543
2025-10-04,MN,TP. HCM,3,68196 - 45646 - 76310 - 80289 - 57558 - 38098
2025-10-04,MN,TP. HCM,4,40599 - 18761 - 62961 - 72854 - 28559 - 43356
2025-10-04,MN,TP. HCM,5,39812 - 04954 - 80123
2025-10-04,MN,TP. HCM,6,70181 - 98800 - 30239
2025-10-04,MN,TP. HCM,7,80225 - 30105 - 69539 - 02243
2025-10-04,MN,TP. HCM,8,15532
2025-10-04,MN,Đồng Tháp,ĐB,67184
2025-10-04,MN,Đồng Tháp,1,64823
2025-10-04,MN,Đồng Tháp,2,19807
2025-10-04,MN,Đồng Tháp,3,04787 - 31065 - 37322 - 00724 - 30472 - 78253
2025-10-04,MN,Đồng Tháp,4,77979 - 35993 - 93525 - 34988 - 68941 - 68245
2025-10-04,MN,Đồng Tháp,5,00370 - 23738 - 21538
2025-10-04,MN,Đồng Tháp,6,96034 - 64594 - 73814
2025-10-04,MN,Đồng Tháp,7,30837 - 46822 - 41502 - 79478
2025-10-04,MN,Đồng Tháp,8,92448
2025-10-04,MN,Cà Mau,ĐB,96351
2025-10-04,MN,Cà Mau,1,28021
2025-10-04,MN,Cà Mau,2,09904
2025-10-04,MN,Cà Mau,3,39266 - 72814 - 73627 - 50783 - 29311 - 10798
2025-10-04,MN,Cà Mau,4,00640 - 60922 - 76275 - 37774 - 29268 - 15004
2025-10-04,MN,Cà Mau,5,59819 - 91345 - 23517
2025-10-04,MN,Cà Mau,6,36888 - 93097 - 41782
2025-10-04,MN,Cà Mau,7,24177 - 54477 - 32047 - 57320
2025-10-04,MN,Cà Mau,8,74904
2025-10-05,MB,Hà Nội,ĐB,70591
2025-10-05,MB,Hà Nội,1,62978
2025-10-05,MB,Hà Nội,2,64016
2025-10-05,MB,Hà Nội,3,75093 - 91227 - 87943 - 61229 - 69280 - 19688
2025-10-05,MB,Hà Nội,4,25102 - 93296 - 05989 - 69702 - 81430 - 11792
2025-10-05,MB,Hà Nội,5,58356 - 27946 - 45560
2025-10-05,MB,Hà Nội,6,25028 - 05380 - 03331
2025-10-05,MB,Hà Nội,7,87563 - 26562 - 10963 - 91161
2025-10-05,MT,Đà Nẵng,ĐB,35675
2025-10-05,MT,Đà Nẵng,1,97889
2025-10-05,MT,Đà Nẵng,2,08180
2025-10-05,MT,Đà Nẵng,3,60088 - 08096 - 31803 - 78484 - 41886 - 47653
2025-10-05,MT,Đà Nẵng,4,02072 - 06769 - 04720 - 03911 - 37535 - 73651
2025-10-05,MT,Đà Nẵng,5,70465 - 38901 - 23883
2025-10-05,MT,Đà Nẵng,6,59736 - 91630 - 71913
2025-10-05,MT,Đà Nẵng,7,92591 - 68143 - 51726 - 01637
2025-10-05,MT,Đà Nẵng,8,66115
2025-10-05,MT,Khánh Hòa,ĐB,84786
2025-10-05,MT,Khánh Hòa,1,57898
2025-10-05,MT,Khánh Hòa,2,44789
2025-10-05,MT,Khánh Hòa,3,66965 - 85001 - 35660 - 18875 - 82682 - 93941
2025-10-05,MT,Khánh Hòa,4,06710 - 64473 - 62142 - 08718 - 53950 - 91081
2025-10-05,MT,Khánh Hòa,5,25020 - 40589 - 22406
2025-10-05,MT,Khánh Hòa,6,86116 - 17675 - 45856
2025-10-05,MT,Khánh Hòa,7,52156 - 87478 - 08410 - 71012
2025-10-05,MT,Khánh Hòa,8,57512
2025-10-05,MN,TP. HCM,ĐB,07645
2025-10-05,MN,TP. HCM,1,77783
2025-10-05,MN,TP. HCM,2,76828
2025-10-05,MN,TP. HCM,3,00478 - 81545 - 97176 - 02425 - 82152 - 09332
2025-10-05,MN,TP. HCM,4,40599 - 15202 - 11756 - 54763 - 46939 - 37980
2025-10-05,MN,TP. HCM,5,88208 - 41886 - 67572
2025-10-05,MN,TP. HCM,6,53364 - 25024 - 22550
2025-10-05,MN,TP. HCM,7,34740 - 75592 - 52954 - 85538
2025-10-05,MN,TP. HCM,8,60603
2025-10-05,MN,Đồng Tháp,ĐB,69544
2025-10-05,MN,Đồng Tháp,1,50695
2025-10-05,MN,Đồng Tháp,2,60158
2025-10-05,MN,Đồng Tháp,3,71209 - 70711 - 82689 - 65432 - 67346 - 57362
2025-10-05,MN,Đồng Tháp,4,18454 - 35579 - 89702 - 94963 - 82809 - 08965
2025-10-05,MN,Đồng Tháp,5,59764 - 52686 - 62664
2025-10-05,MN,Đồng Tháp,6,51090 - 79545 - 99655
2025-10-05,MN,Đồng Tháp,7,77309 - 62323 - 06616 - 89293
2025-10-05,MN,Đồng Tháp,8,15206
2025-10-05,MN,Cà Mau,ĐB,48791
2025-10-05,MN,Cà Mau,1,07763
2025-10-05,MN,Cà Mau,2,11751
2025-10-05,MN,Cà Mau,3,18014 - 58869 - 95823 - 72364 - 06836 - 09525
2025-10-05,MN,Cà Mau,4,10498 - 94021 - 47673 - 12232 - 28447 - 03327
2025-10-05,MN,Cà Mau,5,70821 - 05837 - 17166
2025-10-05,MN,Cà Mau,6,43657 - 43736 - 34916
2025-10-05,MN,Cà Mau,7,49766 - 91652 - 89909 - 47733
2025-10-05,MN,Cà Mau,8,30167
2025-10-06,MB,Hà Nội,ĐB,13755
2025-10-06,MB,Hà Nội,1,76472
2025-10-06,MB,Hà Nội,2,23462
2025-10-06,MB,Hà Nội,3,56334 - 59425 - 45333 - 16441 - 34519 - 52403
2025-10-06,MB,Hà Nội,4,07758 - 18808 - 89913 - 49734 - 24018 - 41090
2025-10-06,MB,Hà Nội,5,16188 - 32213 - 04363
2025-10-06,MB,Hà Nội,6,49155 - 47499 - 30042
2025-10-06,MB,Hà Nội,7,48059 - 59626 - 85463 - 56030
2025-10-06,MT,Đà Nẵng,ĐB,33089
2025-10-06,MT,Đà Nẵng,1,95952
2025-10-06,MT,Đà Nẵng,2,68361
2025-10-06,MT,Đà Nẵng,3,34853 - 86885 - 66519 - 33592 - 42128 - 30400
2025-10-06,MT,Đà Nẵng,4,43855 - 01764 - 34341 - 04134 - 54381 - 91257
2025-10-06,MT,Đà Nẵng,5,29119 - 51785 - 50598
2025-10-06,MT,Đà Nẵng,6,25265 - 51354 - 68602
2025-10-06,MT,Đà Nẵng,7,97415 - 42655 - 63239 - 56325
2025-10-06,MT,Đà Nẵng,8,99444
2025-10-06,MT,Khánh Hòa,ĐB,96674
2025-10-06,MT,Khánh Hòa,1,21465
2025-10-06,MT,Khánh Hòa,2,00138
2025-10-06,MT,Khánh Hòa,3,27227 - 02778 - 79384 - 81380 - 79220 - 31937
2025-10-06,MT,Khánh Hòa,4,81926 - 51182 - 98271 - 05383 - 28184 - 18931
2025-10-06,MT,Khánh Hòa,5,99198 - 30550 - 32974
2025-10-06,MT,Khánh Hòa,6,93038 - 90035 - 48912
2025-10-06,MT,Khánh Hòa,7,08111 - 68934 - 17094 - 29997
2025-10-06,MT,Khánh Hòa,8,69155
2025-10-06,MN,TP. HCM,ĐB,30721
2025-10-06,MN,TP. HCM,1,27529
2025-10-06,MN,TP. HCM,2,42700
2025-10-06,MN,TP. HCM,3,69636 - 76573 - 49366 - 67081 - 10498 - 80043
2025-10-06,MN,TP. HCM,4,98427 - 85758 - 27804 - 56565 - 96869 - 14174
2025-10-06,MN,TP. HCM,5,08513 - 91296 - 77527
2025-10-06,MN,TP. HCM,6,31404 - 32108 - 51726
2025-10-06,MN,TP. HCM,7,96449 - 08631 - 49415 - 34080
2025-10-06,MN,TP. HCM,8,28851
2025-10-06,MN,Đồng Tháp,ĐB,62704
2025-10-06,MN,Đồng Tháp,1,61034
2025-10-06,MN,Đồng Tháp,2,39354
2025-10-06,MN,Đồng Tháp,3,27301 - 26645 - 36090 - 93103 - 95335 - 88634
2025-10-06,MN,Đồng Tháp,4,83050 - 17581 - 78545 - 47889 - 54545 - 30504
2025-10-06,MN,Đồng Tháp,5,70616 - 40749 - 74335
2025-10-06,MN,Đồng Tháp,6,96869 - 77719 - 20923
2025-10-06,MN,Đồng Tháp,7,10510 - 50021 - 79871 - 36980
2025-10-06,MN,Đồng Tháp,8,72193
2025-10-06,MN,Cà Mau,ĐB,98774
2025-10-06,MN,Cà Mau,1,31232
2025-10-06,MN,Cà Mau,2,83980
2025-10-06,MN,Cà Mau,3,02214 - 45898 - 67600 - 95966 - 46876 - 89780
2025-10-06,MN,Cà Mau,4,60195 - 16018 - 53951 - 61143 - 15717 - 71567
2025-10-06,MN,Cà Mau,5,14051 - 90203 - 00721
2025-10-06,MN,Cà Mau,6,25243 - 52772 - 47499
2025-10-06,MN,Cà Mau,7,85226 - 63331 - 74521 - 03997
2025-10-06,MN,Cà Mau,8,83841
2025-10-07,MB,Hà Nội,ĐB,59295
2025-10-07,MB,Hà Nội,1,90590
2025-10-07,MB,Hà Nội,2,92434
2025-10-07,MB,Hà Nội,3,08925 - 49616 - 95208 - 19892 - 96439 - 70331
2025-10-07,MB,Hà Nội,4,25684 - 99753 - 36881 - 49142 - 12833 - 43036
2025-10-07,MB,Hà Nội,5,25425 - 64516 - 77494
2025-10-07,MB,Hà Nội,6,46508 - 61909 - 36921
2025-10-07,MB,Hà Nội,7,32646 - 89660 - 25772 - 79423
2025-10-07,MT,Đà Nẵng,ĐB,86128
2025-10-07,MT,Đà Nẵng,1,73798
2025-10-07,MT,Đà Nẵng,2,16201
2025-10-07,MT,Đà Nẵng,3,38307 - 56513 - 30845 - 10523 - 32975 - 62648
2025-10-07,MT,Đà Nẵng,4,59191 - 71309 - 16353 - 26515 - 48792 - 09538
2025-10-07,MT,Đà Nẵng,5,56907 - 09469 - 50500
2025-10-07,MT,Đà Nẵng,6,91106 - 47885 - 98024
2025-10-07,MT,Đà Nẵng,7,99512 - 95712 - 52798 - 51301
2025-10-07,MT,Đà Nẵng,8,88464
2025-10-07,MT,Khánh Hòa,ĐB,47297
2025-10-07,MT,Khánh Hòa,1,48407
2025-10-07,MT,Khánh Hòa,2,06322
2025-10-07,MT,Khánh Hòa,3,89888 - 37074 - 87122 - 50876 - 94614 - 70261
2025-10-07,MT,Khánh Hòa,4,24664 - 03674 - 88450 - 61977 - 45616 - 79077
2025-10-07,MT,Khánh Hòa,5,55797 - 70763 - 77204
2025-10-07,MT,Khánh Hòa,6,36444 - 56586 - 64509
2025-10-07,MT,Khánh Hòa,7,25951 - 91278 - 53425 - 88862
2025-10-07,MT,Khánh Hòa,8,77421
2025-10-07,MN,TP. HCM,ĐB,35204
2025-10-07,MN,TP. HCM,1,95376
2025-10-07,MN,TP. HCM,2,45292
2025-10-07,MN,TP. HCM,3,08665 - 08157 - 78531 - 56556 - 82084 - 86609
2025-10-07,MN,TP. HCM,4,33653 - 67443 - 77901 - 08959 - 18537 - 38768
2025-10-07,MN,TP. HCM,5,17085 - 65033 - 08909
2025-10-07,MN,TP. HCM,6,04272 - 19539 - 23191
2025-10-07,MN,TP. HCM,7,33474 - 34952 - 54890 - 36177
2025-10-07,MN,TP. HCM,8,10911
2025-10-07,MN,Đồng Tháp,ĐB,62523
2025-10-07,MN,Đồng Tháp,1,34723
2025-10-07,MN,Đồng Tháp,2,20855
2025-10-07,MN,Đồng Tháp,3,55305 - 76735 - 11504 - 11888 - 75108 - 89911
2025-10-07,MN,Đồng Tháp,4,77170 - 52309 - 73179 - 46166 - 38069 - 76870
2025-10-07,MN,Đồng Tháp,5,02134 - 05573 - 55059
2025-10-07,MN,Đồng Tháp,6,83491 - 16629 - 36134
2025-10-07,MN,Đồng Tháp,7,47859 - 06231 - 56940 - 77280
2025-10-07,MN,Đồng Tháp,8,31729
2025-10-07,MN,Cà Mau,ĐB,38893
2025-10-07,MN,Cà Mau,1,30030
2025-10-07,MN,Cà Mau,2,40299
2025-10-07,MN,Cà Mau,3,20989 - 00787 - 13594 - 90550 - 84815 - 00282
2025-10-07,MN,Cà Mau,4,39988 - 05817 - 41738 - 83384 - 71562 - 81553
2025-10-07,MN,Cà Mau,5,85784 - 70426 - 33419
2025-10-07,MN,Cà Mau,6,89827 - 27936 - 18047
2025-10-07,MN,Cà Mau,7,41022 - 49045 - 52621 - 78966
2025-10-07,MN,Cà Mau,8,65877
2025-10-08,MB,Hà Nội,ĐB,91361
2025-10-08,MB,Hà Nội,1,76290
2025-10-08,MB,Hà Nội,2,06975
2025-10-08,MB,Hà Nội,3,39430 - 75641 - 28016 - 55382 - 32098 - 36538
2025-10-08,MB,Hà Nội,4,85872 - 74804 - 10502 - 99336 - 78705 - 57418
2025-10-08,MB,Hà Nội,5,10974 - 44998 - 94953
2025-10-08,MB,Hà Nội,6,82951 - 27930 - 89992
2025-10-08,MB,Hà Nội,7,50216 - 14337 - 52422 - 40625
2025-10-08,MT,Đà Nẵng,ĐB,30916
2025-10-08,MT,Đà Nẵng,1,60377
2025-10-08,MT,Đà Nẵng,2,98439
2025-10-08,MT,Đà Nẵng,3,20922 - 10715 - 50310 - 82326 - 23732 - 02792
2025-10-08,MT,Đà Nẵng,4,60387 - 07426 - 53660 - 83576 - 99863 - 92686
2025-10-08,MT,Đà Nẵng,5,41571 - 85599 - 88851
2025-10-08,MT,Đà Nẵng,6,42562 - 54477 - 07589
2025-10-08,MT,Đà Nẵng,7,76712 - 96262 - 25985 - 77818
2025-10-08,MT,Đà Nẵng,8,40684
2025-10-08,MT,Khánh Hòa,ĐB,43610
2025-10-08,MT,Khánh Hòa,1,32047
2025-10-08,MT,Khánh Hòa,2,91732
2025-10-08,MT,Khánh Hòa,3,76722 - 14323 - 85494 - 34332 - 64460 - 13824
2025-10-08,MT,Khánh Hòa,4,06655 - 25217 - 00159 - 94544 - 28259 - 86805
2025-10-08,MT,Khánh Hòa,5,78197 - 98492 - 41887
2025-10-08,MT,Khánh Hòa,6,21349 - 77058 - 12228
2025-10-08,MT,Khánh Hòa,7,44595 - 80849 - 91904 - 14040
2025-10-08,MT,Khánh Hòa,8,23731
2025-10-08,MN,TP. HCM,ĐB,92811
2025-10-08,MN,TP. HCM,1,67835
2025-10-08,MN,TP. HCM,2,39686
2025-10-08,MN,TP. HCM,3,75774 - 60161 - 19948 - 81723 - 82844 - 26955
2025-10-08,MN,TP. HCM,4,44288 - 25714 - 42194 - 41959 - 97596 - 02981
2025-10-08,MN,TP. HCM,5,15361 - 46861 - 45363
2025-10-08,MN,TP. HCM,6,89262 - 03237 - 71864
2025-10-08,MN,TP. HCM,7,68956 - 90558 - 95092 - 66251
2025-10-08,MN,TP. HCM,8,37780
2025-10-08,MN,Đồng Tháp,ĐB,51549
2025-10-08,MN,Đồng Tháp,1,47716
2025-10-08,MN,Đồng Tháp,2,68748
2025-10-08,MN,Đồng Tháp,3,23841 - 34995 - 37531 - 97138 - 31590 - 09059
2025-10-08,MN,Đồng Tháp,4,75313 - 52266 - 23291 - 50045 - 93343 - 78163
2025-10-08,MN,Đồng Tháp,5,09341 - 71702 - 57794
2025-10-08,MN,Đồng Tháp,6,43593 - 63689 - 31966
2025-10-08,MN,Đồng Tháp,7,64569 - 48533 - 89772 - 41644
2025-10-08,MN,Đồng Tháp,8,37410
2025-10-08,MN,Cà Mau,ĐB,23747
2025-10-08,MN,Cà Mau,1,76197
2025-10-08,MN,Cà Mau,2,30080
2025-10-08,MN,Cà Mau,3,95825 - 24847 - 54460 - 94761 - 06563 - 23440
2025-10-08,MN,Cà Mau,4,96361 - 42551 - 59555 - 62747 - 43388 - 94104
2025-10-08,MN,Cà Mau,5,49937 - 53082 - 81087
2025-10-08,MN,Cà Mau,6,42802 - 73188 - 06330
2025-10-08,MN,Cà Mau,7,68994 - 91791 - 07584 - 84047
2025-10-08,MN,Cà Mau,8,40981
2025-10-09,MB,Hà Nội,ĐB,28387
2025-10-09,MB,Hà Nội,1,05481
2025-10-09,MB,Hà Nội,2,75443
2025-10-09,MB,Hà Nội,3,64804 - 47072 - 04650 - 71871 - 84531 - 41867
2025-10-09,MB,Hà Nội,4,12331 - 78830 - 81230 - 38476 - 36566 - 45302
2025-10-09,MB,Hà Nội,5,85705 - 37269 - 55501
2025-10-09,MB,Hà Nội,6,58686 - 28513 - 24380
2025-10-09,MB,Hà Nội,7,50047 - 89492 - 51594 - 55438
2025-10-09,MT,Đà Nẵng,ĐB,70531
2025-10-09,MT,Đà Nẵng,1,49283
2025-10-09,MT,Đà Nẵng,2,24323
2025-10-09,MT,Đà Nẵng,3,26640 - 82238 - 13976 - 14037 - 51835 - 46507
2025-10-09,MT,Đà Nẵng,4,15378 - 19644 - 80409 - 11508 - 42131 - 74587
2025-10-09,MT,Đà Nẵng,5,69974 - 77446 - 91480
2025-10-09,MT,Đà Nẵng,6,24851 - 43607 - 28792
2025-10-09,MT,Đà Nẵng,7,09263 - 55417 - 56329 - 52651
2025-10-09,MT,Đà Nẵng,8,23649
2025-10-09,MT,Khánh Hòa,ĐB,12873
2025-10-09,MT,Khánh Hòa,1,33980
2025-10-09,MT,Khánh Hòa,2,87228
2025-10-09,MT,Khánh Hòa,3,31617 - 53722 - 86311 - 91870 - 67039 - 40087
2025-10-09,MT,Khánh Hòa,4,44941 - 22438 - 29488 - 41218 - 07286 - 69204
2025-10-09,MT,Khánh Hòa,5,02802 - 98710 - 51085
2025-10-09,MT,Khánh Hòa,6,67085 - 11105 - 91489
2025-10-09,MT,Khánh Hòa,7,51947 - 96538 - 07839 - 66235
2025-10-09,MT,Khánh Hòa,8,51833
2025-10-09,MN,TP. HCM,ĐB,92580
2025-10-09,MN,TP. HCM,1,09267
2025-10-09,MN,TP. HCM,2,06996
2025-10-09,MN,TP. HCM,3,01568 - 03646 - 59173 - 20052 - 24267 - 86190
2025-10-09,MN,TP. HCM,4,27803 - 90855 - 81419 - 45400 - 74739 - 98301
2025-10-09,MN,TP. HCM,5,84969 - 59314 - 54887
2025-10-09,MN,TP. HCM,6,75448 - 82960 - 56127
2025-10-09,MN,TP. HCM,7,26193 - 60219 - 26904 - 16629
2025-10-09,MN,TP. HCM,8,07724
2025-10-09,MN,Đồng Tháp,ĐB,43359
2025-10-09,MN,Đồng Tháp,1,23110
2025-10-09,MN,Đồng Tháp,2,72579
2025-10-09,MN,Đồng Tháp,3,98791 - 24134 - 45330 - 29459 - 92431 - 61136
2025-10-09,MN,Đồng Tháp,4,54303 - 14835 - 52085 - 84498 - 79961 - 21607
2025-10-09,MN,Đồng Tháp,5,62245 - 49868 - 10327
2025-10-09,MN,Đồng Tháp,6,45949 - 93564 - 59887
2025-10-09,MN,Đồng Tháp,7,81009 - 71877 - 36733 - 23352
2025-10-09,MN,Đồng Tháp,8,11348
2025-10-09,MN,Cà Mau,ĐB,17956
2025-10-09,MN,Cà Mau,1,79319
2025-10-09,MN,Cà Mau,2,07892
2025-10-09,MN,Cà Mau,3,10059 - 97980 - 03695 - 00246 - 01739 - 59529
2025-10-09,MN,Cà Mau,4,65910 - 21271 - 72432 - 70533 - 26284 - 16482
2025-10-09,MN,Cà Mau,5,81469 - 43576 - 22872
2025-10-09,MN,Cà Mau,6,66958 - 43707 - 68245
2025-10-09,MN,Cà Mau,7,19256 - 53002 - 15902 - 93004
2025-10-09,MN,Cà Mau,8,60218
2025-10-10,MB,Hà Nội,ĐB,71307
2025-10-10,MB,Hà Nội,1,51847
2025-10-10,MB,Hà Nội,2,04050
2025-10-10,MB,Hà Nội,3,20836 - 11510 - 67540 - 08999 - 34664 - 39173
2025-10-10,MB,Hà Nội,4,48495 - 70658 - 17495 - 24860 - 00673 - 07713
2025-10-10,MB,Hà Nội,5,91027 - 21920 - 09167
2025-10-10,MB,Hà Nội,6,64977 - 37131 - 15975
2025-10-10,MB,Hà Nội,7,44995 - 94846 - 06161 - 85262
2025-10-10,MT,Đà Nẵng,ĐB,97924
2025-10-10,MT,Đà Nẵng,1,26981
2025-10-10,MT,Đà Nẵng,2,29778
2025-10-10,MT,Đà Nẵng,3,17290 - 63132 - 64442 - 31939 - 64573 - 42468
2025-10-10,MT,Đà Nẵng,4,71867 - 84228 - 82887 - 07215 - 24826 - 38188
2025-10-10,MT,Đà Nẵng,5,50180 - 13847 - 27136
2025-10-10,MT,Đà Nẵng,6,48847 - 44130 - 48492
2025-10-10,MT,Đà Nẵng,7,95332 - 31875 - 87926 - 38707
2025-10-10,MT,Đà Nẵng,8,86664
2025-10-10,MT,Khánh Hòa,ĐB,10706
2025-10-10,MT,Khánh Hòa,1,12091
2025-10-10,MT,Khánh Hòa,2,10236
2025-10-10,MT,Khánh Hòa,3,09210 - 64981 - 16621 - 36098 - 78440 - 59702
2025-10-10,MT,Khánh Hòa,4,63983 - 83665 - 59780 - 03255 - 82250 - 82783
2025-10-10,MT,Khánh Hòa,5,04527 - 78432 - 69737
2025-10-10,MT,Khánh Hòa,6,90381 - 55756 - 60469
2025-10-10,MT,Khánh Hòa,7,15954 - 72158 - 30733 - 51496
2025-10-10,MT,Khánh Hòa,8,92089
2025-10-10,MN,TP. HCM,ĐB,37837
2025-10-10,MN,TP. HCM,1,88864
2025-10-10,MN,TP. HCM,2,18357
2025-10-10,MN,TP. HCM,3,38100 - 92755 - 16608 - 48248 - 09560 - 12403
2025-10-10,MN,TP. HCM,4,62214 - 19937 - 38253 - 95411 - 97529 - 63848
2025-10-10,MN,TP. HCM,5,82055 - 00439 - 78359
2025-10-10,MN,TP. HCM,6,97430 - 78438 - 21688
2025-10-10,MN,TP. HCM,7,75740 - 73475 - 51534 - 43694
2025-10-10,MN,TP. HCM,8,25323
2025-10-10,MN,Đồng Tháp,ĐB,38054
2025-10-10,MN,Đồng Tháp,1,93010
2025-10-10,MN,Đồng Tháp,2,98007
2025-10-10,MN,Đồng Tháp,3,50674 - 13254 - 21709 - 17498 - 10100 - 72299
2025-10-10,MN,Đồng Tháp,4,40299 - 77766 - 44811 - 31127 - 66015 - 09901
2025-10-10,MN,Đồng Tháp,5,87541 - 71626 - 57015
2025-10-10,MN,Đồng Tháp,6,81298 - 22481 - 23898
2025-10-10,MN,Đồng Tháp,7,87418 - 00593 - 38920 - 04414
2025-10-10,MN,Đồng Tháp,8,89834
2025-10-10,MN,Cà Mau,ĐB,12368
2025-10-10,MN,Cà Mau,1,80147
2025-10-10,MN,Cà Mau,2,19402
2025-10-10,MN,Cà Mau,3,30371 - 81675 - 80615 - 22157 - 86587 - 44518
2025-10-10,MN,Cà Mau,4,75818 - 14226 - 85354 - 35108 - 18361 - 92315
2025-10-10,MN,Cà Mau,5,68333 - 48004 - 31044
2025-10-10,MN,Cà Mau,6,71960 - 77455 - 42936
2025-10-10,MN,Cà Mau,7,17505 - 05403 - 41473 - 00625
2025-10-10,MN,Cà Mau,8,95274
2025-10-11,MB,Hà Nội,ĐB,31495
2025-10-11,MB,Hà Nội,1,88389
2025-10-11,MB,Hà Nội,2,08837
2025-10-11,MB,Hà Nội,3,33811 - 64302 - 30160 - 53885 - 43285 - 43668
2025-10-11,MB,Hà Nội,4,97169 - 77776 - 69215 - 02751 - 99840 - 02013
2025-10-11,MB,Hà Nội,5,74672 - 12670 - 34291
2025-10-11,MB,Hà Nội,6,23890 - 95420 - 87961
2025-10-11,MB,Hà Nội,7,59769 - 34746 - 93321 - 04602
2025-10-11,MT,Đà Nẵng,ĐB,84633
2025-10-11,MT,Đà Nẵng,1,92246
2025-10-11,MT,Đà Nẵng,2,68993
2025-10-11,MT,Đà Nẵng,3,89005 - 10886 - 42040 - 79982 - 90606 - 37760
2025-10-11,MT,Đà Nẵng,4,33862 - 60989 - 95463 - 52767 - 78968 - 43887
2025-10-11,MT,Đà Nẵng,5,53718 - 91764 - 78612
2025-10-11,MT,Đà Nẵng,6,91537 - 07142 - 00218
2025-10-11,MT,Đà Nẵng,7,00652 - 63416 - 81476 - 64010
2025-10-11,MT,Đà Nẵng,8,89891
2025-10-11,MT,Khánh Hòa,ĐB,63579
2025-10-11,MT,Khánh Hòa,1,52181
2025-10-11,MT,Khánh Hòa,2,95136
2025-10-11,MT,Khánh Hòa,3,75922 - 18525 - 32677 - 45105 - 93605 - 93723
2025-10-11,MT,Khánh Hòa,4,63693 - 15345 - 44744 - 68682 - 36435 - 95074
2025-10-11,MT,Khánh Hòa,5,50890 - 23549 - 20232
2025-10-11,MT,Khánh Hòa,6,48402 - 91838 - 03405
2025-10-11,MT,Khánh Hòa,7,75503 - 19735 - 65266 - 27846
2025-10-11,MT,Khánh Hòa,8,42196
2025-10-11,MN,TP. HCM,ĐB,30060
2025-10-11,MN,TP. HCM,1,34446
2025-10-11,MN,TP. HCM,2,26592
2025-10-11,MN,TP. HCM,3,52626 - 36193 - 98812 - 89268 - 28469 - 34481
2025-10-11,MN,TP. HCM,4,54736 - 01364 - 67042 - 89827 - 62019 - 68663
2025-10-11,MN,TP. HCM,5,12390 - 64966 - 10399
2025-10-11,MN,TP. HCM,6,39384 - 40154 - 40305
2025-10-11,MN,TP. HCM,7,74440 - 55328 - 51274 - 29776
2025-10-11,MN,TP. HCM,8,99843
2025-10-11,MN,Đồng Tháp,ĐB,99500
2025-10-11,MN,Đồng Tháp,1,83422
2025-10-11,MN,Đồng Tháp,2,15358
2025-10-11,MN,Đồng Tháp,3,91982 - 31111 - 08273 - 28573 - 77437 - 90598
2025-10-11,MN,Đồng Tháp,4,66677 - 63840 - 17648 - 33745 - 16548 - 03576
2025-10-11,MN,Đồng Tháp,5,41709 - 01281 - 43129
2025-10-11,MN,Đồng Tháp,6,86802 - 70571 - 85806
2025-10-11,MN,Đồng Tháp,7,32079 - 82907 - 08239 - 56234
2025-10-11,MN,Đồng Tháp,8,73548
2025-10-11,MN,Cà Mau,ĐB,22218
2025-10-11,MN,Cà Mau,1,26215
2025-10-11,MN,Cà Mau,2,15341
2025-10-11,MN,Cà Mau,3,69357 - 45316 - 54774 - 65474 - 98440 - 13625
2025-10-11,MN,Cà Mau,4,43432 - 80052 - 69267 - 99302 - 02905 - 63614
2025-10-11,MN,Cà Mau,5,95393 - 84681 - 48617
2025-10-11,MN,Cà Mau,6,94913 - 30899 - 18529
2025-10-11,MN,Cà Mau,7,00750 - 09877 - 79238 - 90692
2025-10-11,MN,Cà Mau,8,17808
2025-10-12,MB,Hà Nội,ĐB,96384
2025-10-12,MB,Hà Nội,1,74600
2025-10-12,MB,Hà Nội,2,23674
2025-10-12,MB,Hà Nội,3,88001 - 32965 - 67685 - 34623 - 17345 - 19032
2025-10-12,MB,Hà Nội,4,59433 - 04525 - 49971 - 75671 - 42731 - 31223
2025-10-12,MB,Hà Nội,5,47121 - 94957 - 20214
2025-10-12,MB,Hà Nội,6,03599 - 39241 - 51523
2025-10-12,MB,Hà Nội,7,40443 - 82145 - 78709 - 13783
2025-10-12,MT,Đà Nẵng,ĐB,44098
2025-10-12,MT,Đà Nẵng,1,39781
2025-10-12,MT,Đà Nẵng,2,77010
2025-10-12,MT,Đà Nẵng,3,84620 - 96713 - 90719 - 67748 - 96994 - 21124
2025-10-12,MT,Đà Nẵng,4,64964 - 19752 - 42595 - 79885 - 19136 - 06985
2025-10-12,MT,Đà Nẵng,5,99725 - 42459 - 14030
2025-10-12,MT,Đà Nẵng,6,52534 - 49852 - 56331
2025-10-12,MT,Đà Nẵng,7,06871 - 90431 - 06768 - 97751
2025-10-12,MT,Đà Nẵng,8,50813
2025-10-12,MT,Khánh Hòa,ĐB,59611
2025-10-12,MT,Khánh Hòa,1,58242
2025-10-12,MT,Khánh Hòa,2,42595
2025-10-12,MT,Khánh Hòa,3,55825 - 96706 - 58434 - 82779 - 51410 - 12042
2025-10-12,MT,Khánh Hòa,4,17798 - 06959 - 79919 - 06597 - 00482 - 37388
2025-10-12,MT,Khánh Hòa,5,54979 - 61777 - 21616
2025-10-12,MT,Khánh Hòa,6,89407 - 98648 - 62534
2025-10-12,MT,Khánh Hòa,7,36421 - 03058 - 17263 - 39800
2025-10-12,MT,Khánh Hòa,8,75188
2025-10-12,MN,TP. HCM,ĐB,27060
2025-10-12,MN,TP. HCM,1,24271
2025-10-12,MN,TP. HCM,2,52313
2025-10-12,MN,TP. HCM,3,59428 - 03646 - 66317 - 66132 - 33293 - 80675
2025-10-12,MN,TP. HCM,4,95192 - 18791 - 96695 - 51972 - 62396 - 34862
2025-10-12,MN,TP. HCM,5,10765 - 68462 - 46996
2025-10-12,MN,TP. HCM,6,29021 - 25910 - 78121
2025-10-12,MN,TP. HCM,7,01480 - 80335 - 97530 - 40145
2025-10-12,MN,TP. HCM,8,29172
2025-10-12,MN,Đồng Tháp,ĐB,26773
2025-10-12,MN,Đồng Tháp,1,12498
2025-10-12,MN,Đồng Tháp,2,78198
2025-10-12,MN,Đồng Tháp,3,04981 - 69545 - 81843 - 73038 - 48229 - 87075
2025-10-12,MN,Đồng Tháp,4,54937 - 81647 - 47708 - 51463 - 18766 - 68488
2025-10-12,MN,Đồng Tháp,5,58446 - 72730 - 35861
2025-10-12,MN,Đồng Tháp,6,44303 - 96029 - 76352
2025-10-12,MN,Đồng Tháp,7,31943 - 42588 - 60006 - 46739
2025-10-12,MN,Đồng Tháp,8,28893
2025-10-12,MN,Cà Mau,ĐB,00873
2025-10-12,MN,Cà Mau,1,61884
2025-10-12,MN,Cà Mau,2,09755
2025-10-12,MN,Cà Mau,3,08064 - 11879 - 24701 - 30783 - 72264 - 56008
2025-10-12,MN,Cà Mau,4,71073 - 53071 - 92148 - 84339 - 64637 - 27785
2025-10-12,MN,Cà Mau,5,51894 - 61308 - 44162
2025-10-12,MN,Cà Mau,6,80271 - 45946 - 90851
2025-10-12,MN,Cà Mau,7,53326 - 36949 - 36472 - 56567
2025-10-12,MN,Cà Mau,8,60579
2025-10-13,MB,Hà Nội,ĐB,59289
2025-10-13,MB,Hà Nội,1,06089
2025-10-13,MB,Hà Nội,2,20225
2025-10-13,MB,Hà Nội,3,05333 - 82782 - 68168 - 17856 - 83977 - 12691
2025-10-13,MB,Hà Nội,4,18538 - 61065 - 61670 - 74446 - 24911 - 25754
2025-10-13,MB,Hà Nội,5,15946 - 24250 - 76057
2025-10-13,MB,Hà Nội,6,52366 - 13331 - 47435
2025-10-13,MB,Hà Nội,7,45214 - 52369 - 32642 - 72420
2025-10-13,MT,Đà Nẵng,ĐB,89633
2025-10-13,MT,Đà Nẵng,1,31129
2025-10-13,MT,Đà Nẵng,2,80779
2025-10-13,MT,Đà Nẵng,3,80331 - 14781 - 75334 - 37711 - 81194 - 26346
2025-10-13,MT,Đà Nẵng,4,50242 - 44148 - 91930 - 31606 - 40091 - 05045
2025-10-13,MT,Đà Nẵng,5,33303 - 46976 - 20772
2025-10-13,MT,Đà Nẵng,6,75863 - 44096 - 14043
2025-10-13,MT,Đà Nẵng,7,48440 - 45432 - 67157 - 17484
2025-10-13,MT,Đà Nẵng,8,25287
2025-10-13,MT,Khánh Hòa,ĐB,74820
2025-10-13,MT,Khánh Hòa,1,34174
2025-10-13,MT,Khánh Hòa,2,57186
2025-10-13,MT,Khánh Hòa,3,53649 - 44083 - 05131 - 37161 - 12471 - 41146
2025-10-13,MT,Khánh Hòa,4,80220 - 37898 - 28150 - 57064 - 47118 - 24277
2025-10-13,MT,Khánh Hòa,5,73164 - 01644 - 45811
2025-10-13,MT,Khánh Hòa,6,19893 - 47314 - 61422
2025-10-13,MT,Khánh Hòa,7,40306 - 64281 - 34029 - 02106
2025-10-13,MT,Khánh Hòa,8,80981
2025-10-13,MN,TP. HCM,ĐB,66835
2025-10-13,MN,TP. HCM,1,09855
2025-10-13,MN,TP. HCM,2,97643
2025-10-13,MN,TP. HCM,3,77700 - 05642 - 07492 - 33697 - 91290 - 72502
2025-10-13,MN,TP. HCM,4,38161 - 92280 - 34253 - 52100 - 85100 - 79663
2025-10-13,MN,TP. HCM,5,08923 - 04287 - 75520
2025-10-13,MN,TP. HCM,6,26174 - 43379 - 45070
2025-10-13,MN,TP. HCM,7,79402 - 81895 - 88035 - 90609
2025-10-13,MN,TP. HCM,8,56931
2025-10-13,MN,Đồng Tháp,ĐB,05803
2025-10-13,MN,Đồng Tháp,1,97955
2025-10-13,MN,Đồng Tháp,2,03413
2025-10-13,MN,Đồng Tháp,3,37495 - 99145 - 33690 - 10990 - 17285 - 31428
2025-10-13,MN,Đồng Tháp,4,43638 - 42547 - 21904 - 19028 - 07809 - 48869
2025-10-13,MN,Đồng Tháp,5,82636 - 72703 - 73809
2025-10-13,MN,Đồng Tháp,6,94194 - 55437 - 82434
2025-10-13,MN,Đồng Tháp,7,88097 - 18605 - 14254 - 42078
2025-10-13,MN,Đồng Tháp,8,52788
2025-10-13,MN,Cà Mau,ĐB,13975
2025-10-13,MN,Cà Mau,1,17506
2025-10-13,MN,Cà Mau,2,30070
2025-10-13,MN,Cà Mau,3,76684 - 46545 - 41230 - 11832 - 18075 - 54294
2025-10-13,MN,Cà Mau,4,59708 - 35927 - 67517 - 23714 - 99220 - 99156
2025-10-13,MN,Cà Mau,5,65880 - 06874 - 43514
2025-10-13,MN,Cà Mau,6,25020 - 18867 - 54397
2025-10-13,MN,Cà Mau,7,08463 - 79265 - 64084 - 99096
2025-10-13,MN,Cà Mau,8,32242
2025-10-14,MB,Hà Nội,ĐB,44569
2025-10-14,MB,Hà Nội,1,81389
2025-10-14,MB,Hà Nội,2,97778
2025-10-14,MB,Hà Nội,3,27526 - 63987 - 52941 - 53708 - 16807 - 33669
2025-10-14,MB,Hà Nội,4,55927 - 70166 - 15724 - 81720 - 76912 - 16545
2025-10-14,MB,Hà Nội,5,13900 - 05240 - 79686
2025-10-14,MB,Hà Nội,6,79090 - 02981 - 81852
2025-10-14,MB,Hà Nội,7,84872 - 75494 - 17919 - 24654
2025-10-14,MT,Đà Nẵng,ĐB,62528
2025-10-14,MT,Đà Nẵng,1,11854
2025-10-14,MT,Đà Nẵng,2,77220
2025-10-14,MT,Đà Nẵng,3,43142 - 56991 - 19350 - 05911 - 22862 - 28188
2025-10-14,MT,Đà Nẵng,4,45806 - 32803 - 65783 - 54979 - 52291 - 88699
2025-10-14,MT,Đà Nẵng,5,84285 - 72334 - 45149
2025-10-14,MT,Đà Nẵng,6,74384 - 96109 - 47096
2025-10-14,MT,Đà Nẵng,7,77115 - 82084 - 73957 - 82875
2025-10-14,MT,Đà Nẵng,8,60842
2025-10-14,MT,Khánh Hòa,ĐB,33084
2025-10-14,MT,Khánh Hòa,1,49293
2025-10-14,MT,Khánh Hòa,2,25641
2025-10-14,MT,Khánh Hòa,3,52424 - 55653 - 82103 - 21294 - 84966 - 42820
2025-10-14,MT,Khánh Hòa,4,08519 - 16027 - 92275 - 38995 - 12819 - 87630
2025-10-14,MT,Khánh Hòa,5,06341 - 13312 - 30404
2025-10-14,MT,Khánh Hòa,6,51136 - 33951 - 93409
2025-10-14,MT,Khánh Hòa,7,47755 - 53315 - 41672 - 78564
2025-10-14,MT,Khánh Hòa,8,61955
2025-10-14,MN,TP. HCM,ĐB,04220
2025-10-14,MN,TP. HCM,1,56062
2025-10-14,MN,TP. HCM,2,46416
2025-10-14,MN,TP. HCM,3,22120 - 52524 - 73046 - 53993 - 66539 - 94349
2025-10-14,MN,TP. HCM,4,40168 - 88687 - 11336 - 83016 - 84738 - 67002
2025-10-14,MN,TP. HCM,5,88277 - 78015 - 99868
2025-10-14,MN,TP. HCM,6,33568 - 79700 - 36326
2025-10-14,MN,TP. HCM,7,58150 - 08951 - 19841 - 76492
2025-10-14,MN,TP. HCM,8,12258
2025-10-14,MN,Đồng Tháp,ĐB,93452
2025-10-14,MN,Đồng Tháp,1,65790
2025-10-14,MN,Đồng Tháp,2,59337
2025-10-14,MN,Đồng Tháp,3,78422 - 62145 - 13263 - 60079 - 78208 - 40824
2025-10-14,MN,Đồng Tháp,4,37501 - 81577 - 23021 - 29129 - 32824 - 40026
2025-10-14,MN,Đồng Tháp,5,85346 - 09843 - 06731
2025-10-14,MN,Đồng Tháp,6,79791 - 39648 - 53215
2025-10-14,MN,Đồng Tháp,7,57446 - 04012 - 54861 - 77048
2025-10-14,MN,Đồng Tháp,8,19313
2025-10-14,MN,Cà Mau,ĐB,42509
2025-10-14,MN,Cà Mau,1,18194
2025-10-14,MN,Cà Mau,2,54252
2025-10-14,MN,Cà Mau,3,00416 - 17658 - 39545 - 16349 - 07556 - 69873
2025-10-14,MN,Cà Mau,4,40665 - 44467 - 54947 - 66398 - 78849 - 17422
2025-10-14,MN,Cà Mau,5,35968 - 86359 - 60538
2025-10-14,MN,Cà Mau,6,40677 - 66730 - 68368
2025-10-14,MN,Cà Mau,7,72921 - 63336 - 06588 - 14282
2025-10-14,MN,Cà Mau,8,27703
2025-10-15,MB,Hà Nội,ĐB,75896
2025-10-15,MB,Hà Nội,1,25605
2025-10-15,MB,Hà Nội,2,50507
2025-10-15,MB,Hà Nội,3,33794 - 01242 - 55356 - 99838 - 19942 - 22569
2025-10-15,MB,Hà Nội,4,72803 - 21405 - 71104 - 02478 - 75905 - 91530
2025-10-15,MB,Hà Nội,5,47897 - 19180 - 47742
2025-10-15,MB,Hà Nội,6,89764 - 11099 - 84466
2025-10-15,MB,Hà Nội,7,35716 - 16421 - 24722 - 28950
2025-10-15,MT,Đà Nẵng,ĐB,49902
2025-10-15,MT,Đà Nẵng,1,29241
2025-10-15,MT,Đà Nẵng,2,83669
2025-10-15,MT,Đà Nẵng,3,64619 - 14207 - 71927 - 61047 - 63850 - 27417
2025-10-15,MT,Đà Nẵng,4,66844 - 42618 - 46390 - 36053 - 24211 - 27060
2025-10-15,MT,Đà Nẵng,5,56451 - 76507 - 39800
2025-10-15,MT,Đà Nẵng,6,02309 - 61005 - 84657
2025-10-15,MT,Đà Nẵng,7,01522 - 78364 - 91658 - 37655
2025-10-15,MT,Đà Nẵng,8,61478
2025-10-15,MT,Khánh Hòa,ĐB,92231
2025-10-15,MT,Khánh Hòa,1,40477
2025-10-15,MT,Khánh Hòa,2,23052
2025-10-15,MT,Khánh Hòa,3,74850 - 54946 - 05687 - 18784 - 86054 - 51718
2025-10-15,MT,Khánh Hòa,4,57515 - 47991 - 74275 - 99321 - 15773 - 78315
2025-10-15,MT,Khánh Hòa,5,26767 - 02379 - 22382
2025-10-15,MT,Khánh Hòa,6,89775 - 21086 - 97078
2025-10-15,MT,Khánh Hòa,7,21441 - 32517 - 40980 - 48794
2025-10-15,MT,Khánh Hòa,8,48067
2025-10-15,MN,TP. HCM,ĐB,55624
2025-10-15,MN,TP. HCM,1,50587
2025-10-15,MN,TP. HCM,2,59462
2025-10-15,MN,TP. HCM,3,28945 - 71145 - 00536 - 38435 - 60931 - 93929
2025-10-15,MN,TP. HCM,4,65887 - 34426 - 61100 - 62813 - 32551 - 30871
2025-10-15,MN,TP. HCM,5,04157 - 68918 - 28427
2025-10-15,MN,TP. HCM,6,25216 - 57273 - 36253
2025-10-15,MN,TP. HCM,7,83279 - 96187 - 49117 - 99152
2025-10-15,MN,TP. HCM,8,26631
2025-10-15,MN,Đồng Tháp,ĐB,97523
2025-10-15,MN,Đồng Tháp,1,59005
2025-10-15,MN,Đồng Tháp,2,11607
2025-10-15,MN,Đồng Tháp,3,88264 - 76673 - 74154 - 15373 - 12226 - 31175
2025-10-15,MN,Đồng Tháp,4,89722 - 91696 - 05087 - 91844 - 97374 - 30571
2025-10-15,MN,Đồng Tháp,5,43920 - 26402 - 95820
2025-10-15,MN,Đồng Tháp,6,26247 - 64056 - 44795
2025-10-15,MN,Đồng Tháp,7,37978 - 27461 - 48581 - 86202
2025-10-15,MN,Đồng Tháp,8,39950
2025-10-15,MN,Cà Mau,ĐB,61713
2025-10-15,MN,Cà Mau,1,46399
2025-10-15,MN,Cà Mau,2,63326
2025-10-15,MN,Cà Mau,3,27514 - 13808 - 99461 - 69626 - 90058 - 58676
2025-10-15,MN,Cà Mau,4,91899 - 38960 - 43084 - 47953 - 16911 - 84768
2025-10-15,MN,Cà Mau,5,92578 - 74267 - 52059
2025-10-15,MN,Cà Mau,6,57381 - 23680 - 11352
2025-10-15,MN,Cà Mau,7,45162 - 40308 - 91954 - 94152
2025-10-15,MN,Cà Mau,8,85171
2025-10-16,MB,Hà Nội,ĐB,12889
2025-10-16,MB,Hà Nội,1,75695
2025-10-16,MB,Hà Nội,2,19390
2025-10-16,MB,Hà Nội,3,43294 - 25016 - 68649 - 87326 - 97596 - 51308
2025-10-16,MB,Hà Nội,4,74865 - 73697 - 47042 - 21420 - 69094 - 85825
2025-10-16,MB,Hà Nội,5,15290 - 60598 - 02578
2025-10-16,MB,Hà Nội,6,33432 - 54279 - 73084
2025-10-16,MB,Hà Nội,7,31758 - 27985 - 51987 - 00679
2025-10-16,MT,Đà Nẵng,ĐB,80732
2025-10-16,MT,Đà Nẵng,1,45607
2025-10-16,MT,Đà Nẵng,2,40266
2025-10-16,MT,Đà Nẵng,3,30196 - 65684 - 72270 - 98151 - 39782 - 93080
2025-10-16,MT,Đà Nẵng,4,62094 - 01811 - 31707 - 27960 - 64765 - 23913
2025-10-16,MT,Đà Nẵng,5,66254 - 29008 - 81192
2025-10-16,MT,Đà Nẵng,6,04944 - 75921 - 11626
2025-10-16,MT,Đà Nẵng,7,87840 - 00762 - 01419 - 25699
2025-10-16,MT,Đà Nẵng,8,11845
2025-10-16,MT,Khánh Hòa,ĐB,70535
2025-10-16,MT,Khánh Hòa,1,19008
2025-10-16,MT,Khánh Hòa,2,24027
2025-10-16,MT,Khánh Hòa,3,59777 - 19705 - 73520 - 27347 - 48104 - 38717
2025-10-16,MT,Khánh Hòa,4,56210 - 60717 - 02688 - 21469 - 79323 - 83443
2025-10-16,MT,Khánh Hòa,5,63275 - 84817 - 73649
2025-10-16,MT,Khánh Hòa,6,11706 - 82864 - 37254
2025-10-16,MT,Khánh Hòa,7,77410 - 35204 - 64499 - 36684
2025-10-16,MT,Khánh Hòa,8,68527
2025-10-16,MN,TP. HCM,ĐB,49595
2025-10-16,MN,TP. HCM,1,46565
2025-10-16,MN,TP. HCM,2,00506
2025-10-16,MN,TP. HCM,3,02538 - 35328 - 39697 - 91025 - 73156 - 90313
2025-10-16,MN,TP. HCM,4,04602 - 61488 - 14552 - 63730 - 96536 - 12202
2025-10-16,MN,TP. HCM,5,96392 - 36174 - 43224
2025-10-16,MN,TP. HCM,6,95617 - 91462 - 98510
2025-10-16,MN,TP. HCM,7,57314 - 68626 - 41054 - 34311
2025-10-16,MN,TP. HCM,8,80456
2025-10-16,MN,Đồng Tháp,ĐB,62258
2025-10-16,MN,Đồng Tháp,1,10147
2025-10-16,MN,Đồng Tháp,2,19616
2025-10-16,MN,Đồng Tháp,3,01535 - 49723 - 60358 - 01244 - 43993 - 45328
2025-10-16,MN,Đồng Tháp,4,31268 - 96375 - 39879 - 22641 - 29852 - 31742
2025-10-16,MN,Đồng Tháp,5,00295 - 05815 - 34765
2025-10-16,MN,Đồng Tháp,6,20827 - 24778 - 29181
2025-10-16,MN,Đồng Tháp,7,28819 - 59822 - 95401 - 23862
2025-10-16,MN,Đồng Tháp,8,70280
2025-10-16,MN,Cà Mau,ĐB,60365
2025-10-16,MN,Cà Mau,1,77884
2025-10-16,MN,Cà Mau,2,06068
2025-10-16,MN,Cà Mau,3,64336 - 70505 - 07275 - 21829 - 78148 - 92818
2025-10-16,MN,Cà Mau,4,70052 - 81444 - 88025 - 71173 - 21836 - 51363
2025-10-16,MN,Cà Mau,5,40555 - 36063 - 54051
2025-10-16,MN,Cà Mau,6,62104 - 26722 - 59068
2025-10-16,MN,Cà Mau,7,15618 - 16954 - 02771 - 59138
2025-10-16,MN,Cà Mau,8,68734
2025-10-17,MB,Hà Nội,ĐB,03797
2025-10-17,MB,Hà Nội,1,73989
2025-10-17,MB,Hà Nội,2,64104
2025-10-17,MB,Hà Nội,3,22085 - 62639 - 25174 - 92372 - 47659 - 14906
2025-10-17,MB,Hà Nội,4,99111 - 66848 - 89854 - 15592 - 54318 - 51432
2025-10-17,MB,Hà Nội,5,98434 - 45208 - 16145
2025-10-17,MB,Hà Nội,6,01292 - 75304 - 23142
2025-10-17,MB,Hà Nội,7,57345 - 48302 - 56055 - 62147
2025-10-17,MT,Đà Nẵng,ĐB,20585
2025-10-17,MT,Đà Nẵng,1,39166
2025-10-17,MT,Đà Nẵng,2,29299
2025-10-17,MT,Đà Nẵng,3,46678 - 62315 - 44062 - 63717 - 14092 - 45233
2025-10-17,MT,Đà Nẵng,4,24864 - 33972 - 50208 - 58899 - 06808 - 05553
2025-10-17,MT,Đà Nẵng,5,20323 - 51606 - 55827
2025-10-17,MT,Đà Nẵng,6,47633 - 99972 - 58115
2025-10-17,MT,Đà Nẵng,7,84100 - 90028 - 73559 - 34171
2025-10-17,MT,Đà Nẵng,8,39069
2025-10-17,MT,Khánh Hòa,ĐB,60987
2025-10-17,MT,Khánh Hòa,1,98919
2025-10-17,MT,Khánh Hòa,2,25677
2025-10-17,MT,Khánh Hòa,3,72256 - 66217 - 21927 - 47603 - 40564 - 20739
2025-10-17,MT,Khánh Hòa,4,55965 - 19580 - 59987 - 92690 - 34578 - 95950
2025-10-17,MT,Khánh Hòa,5,59090 - 38438 - 85922
2025-10-17,MT,Khánh Hòa,6,60225 - 25509 - 72530
2025-10-17,MT,Khánh Hòa,7,62026 - 32656 - 85940 - 59396
2025-10-17,MT,Khánh Hòa,8,92796
2025-10-17,MN,TP. HCM,ĐB,73990
2025-10-17,MN,TP. HCM,1,43999
2025-10-17,MN,TP. HCM,2,40802
2025-10-17,MN,TP. HCM,3,07536 - 75091 - 81898 - 05397 - 49803 - 40071
2025-10-17,MN,TP. HCM,4,92828 - 32150 - 50567 - 74455 - 69626 - 78902
2025-10-17,MN,TP. HCM,5,49665 - 79804 - 15713
2025-10-17,MN,TP. HCM,6,25894 - 70617 - 27508
2025-10-17,MN,TP. HCM,7,06356 - 61270 - 71678 - 34926
2025-10-17,MN,TP. HCM,8,26967
2025-10-17,MN,Đồng Tháp,ĐB,73422
2025-10-17,MN,Đồng Tháp,1,05600
2025-10-17,MN,Đồng Tháp,2,80512
2025-10-17,MN,Đồng Tháp,3,18761 - 25544 - 30746 - 22789 - 90225 - 45434
2025-10-17,MN,Đồng Tháp,4,98862 - 62706 - 16146 - 89804 - 34565 - 47815
2025-10-17,MN,Đồng Tháp,5,37423 - 27138 - 01216
2025-10-17,MN,Đồng Tháp,6,58398 - 78590 - 93960
2025-10-17,MN,Đồng Tháp,7,88768 - 29408 - 32096 - 41560
2025-10-17,MN,Đồng Tháp,8,28154
2025-10-17,MN,Cà Mau,ĐB,22203
2025-10-17,MN,Cà Mau,1,45128
2025-10-17,MN,Cà Mau,2,14612
2025-10-17,MN,Cà Mau,3,54261 - 18032 - 95229 - 50645 - 48940 - 95654
2025-10-17,MN,Cà Mau,4,04871 - 14480 - 67670 - 47408 - 42743 - 17092
2025-10-17,MN,Cà Mau,5,65134 - 11190 - 27759
2025-10-17,MN,Cà Mau,6,03474 - 03474 - 89568
2025-10-17,MN,Cà Mau,7,18262 - 40822 - 26477 - 61628
2025-10-17,MN,Cà Mau,8,87448
2025-10-18,MB,Hà Nội,ĐB,70141
2025-10-18,MB,Hà Nội,1,34685
2025-10-18,MB,Hà Nội,2,33818
2025-10-18,MB,Hà Nội,3,17993 - 67594 - 05813 - 63674 - 81073 - 35644
2025-10-18,MB,Hà Nội,4,19716 - 75074 - 56181 - 78544 - 13098 - 02459
2025-10-18,MB,Hà Nội,5,13241 - 84079 - 45953
2025-10-18,MB,Hà Nội,6,91808 - 89834 - 79475
2025-10-18,MB,Hà Nội,7,97795 - 94819 - 09518 - 87606
2025-10-18,MT,Đà Nẵng,ĐB,01867
2025-10-18,MT,Đà Nẵng,1,57693
2025-10-18,MT,Đà Nẵng,2,47440
2025-10-18,MT,Đà Nẵng,3,91524 - 72292 - 44490 - 87472 - 11396 - 30683
2025-10-18,MT,Đà Nẵng,4,39059 - 40884 - 21583 - 20486 - 40582 - 69363
2025-10-18,MT,Đà Nẵng,5,45698 - 38496 - 67860
2025-10-18,MT,Đà Nẵng,6,09312 - 09776 - 88559
2025-10-18,MT,Đà Nẵng,7,24940 - 14152 - 05486 - 36003
2025-10-18,MT,Đà Nẵng,8,57449
2025-10-18,MT,Khánh Hòa,ĐB,40013
2025-10-18,MT,Khánh Hòa,1,88598
2025-10-18,MT,Khánh Hòa,2,19268
2025-10-18,MT,Khánh Hòa,3,92850 - 61851 - 63693 - 95603 - 76712 - 35430
2025-10-18,MT,Khánh Hòa,4,07325 - 47699 - 87543 - 06661 - 86757 - 66580
2025-10-18,MT,Khánh Hòa,5,99744 - 42524 - 94445
2025-10-18,MT,Khánh Hòa,6,53730 - 85396 - 43126
2025-10-18,MT,Khánh Hòa,7,71219 - 72152 - 25483 - 23546
2025-10-18,MT,Khánh Hòa,8,62108
2025-10-18,MN,TP. HCM,ĐB,48615
2025-10-18,MN,TP. HCM,1,53262
2025-10-18,MN,TP. HCM,2,19958
2025-10-18,MN,TP. HCM,3,96062 - 46971 - 40872 - 29267 - 84375 - 23993
2025-10-18,MN,TP. HCM,4,22417 - 80807 - 65344 - 69763 - 26064 - 48998
2025-10-18,MN,TP. HCM,5,17875 - 26933 - 33820
2025-10-18,MN,TP. HCM,6,69519 - 73039 - 81327
2025-10-18,MN,TP. HCM,7,06102 - 07428 - 79578 - 56751
2025-10-18,MN,TP. HCM,8,22138
2025-10-18,MN,Đồng Tháp,ĐB,12143
2025-10-18,MN,Đồng Tháp,1,17309
2025-10-18,MN,Đồng Tháp,2,35612
2025-10-18,MN,Đồng Tháp,3,78206 - 08525 - 97825 - 81828 - 15220 - 38908
2025-10-18,MN,Đồng Tháp,4,83218 - 97453 - 19363 - 26235 - 33953 - 64499
2025-10-18,MN,Đồng Tháp,5,26887 - 70154 - 24465
2025-10-18,MN,Đồng Tháp,6,38756 - 22244 - 84547
2025-10-18,MN,Đồng Tháp,7,37842 - 61788 - 66258 - 60657
2025-10-18,MN,Đồng Tháp,8,74785
2025-10-18,MN,Cà Mau,ĐB,76650
2025-10-18,MN,Cà Mau,1,94096
2025-10-18,MN,Cà Mau,2,81647
2025-10-18,MN,Cà Mau,3,93173 - 40893 - 84677 - 37975 - 88100 - 61438
2025-10-18,MN,Cà Mau,4,19929 - 07807 - 74997 - 42594 - 68023 - 15863
2025-10-18,MN,Cà Mau,5,88175 - 30920 - 43481
2025-10-18,MN,Cà Mau,6,41414 - 20627 - 32745
2025-10-18,MN,Cà Mau,7,06980 - 85357 - 76096 - 77649
2025-10-18,MN,Cà Mau,8,30089
2025-10-19,MB,Hà Nội,ĐB,99241
2025-10-19,MB,Hà Nội,1,96017
2025-10-19,MB,Hà Nội,2,34946
2025-10-19,MB,Hà Nội,3,87183 - 72024 - 55382 - 15743 - 48133 - 22170
2025-10-19,MB,Hà Nội,4,08630 - 78991 - 10012 - 64218 - 90965 - 69874
2025-10-19,MB,Hà Nội,5,11816 - 85055 - 18416
2025-10-19,MB,Hà Nội,6,11402 - 50179 - 81874
2025-10-19,MB,Hà Nội,7,36466 - 47914 - 18534 - 87090
2025-10-19,MT,Đà Nẵng,ĐB,89372
2025-10-19,MT,Đà Nẵng,1,51423
2025-10-19,MT,Đà Nẵng,2,68048
2025-10-19,MT,Đà Nẵng,3,19904 - 54050 - 22590 - 41688 - 39239 - 06098
2025-10-19,MT,Đà Nẵng,4,17556 - 64232 - 53224 - 47498 - 73974 - 80456
2025-10-19,MT,Đà Nẵng,5,26039 - 01902 - 21258
2025-10-19,MT,Đà Nẵng,6,48311 - 66202 - 52306
2025-10-19,MT,Đà Nẵng,7,40821 - 70104 - 57024 - 80738
2025-10-19,MT,Đà Nẵng,8,23517
2025-10-19,MT,Khánh Hòa,ĐB,89934
2025-10-19,MT,Khánh Hòa,1,10443
2025-10-19,MT,Khánh Hòa,2,77912
2025-10-19,MT,Khánh Hòa,3,37145 - 33525 - 02130 - 24433 - 08144 - 70833
2025-10-19,MT,Khánh Hòa,4,44999 - 33514 - 21449 - 47176 - 19771 - 53316
2025-10-19,MT,Khánh Hòa,5,14191 - 87884 - 02333
2025-10-19,MT,Khánh Hòa,6,07182 - 49112 - 52362
2025-10-19,MT,Khánh Hòa,7,12038 - 77148 - 56023 - 43452
2025-10-19,MT,Khánh Hòa,8,56977
2025-10-19,MN,TP. HCM,ĐB,76068
2025-10-19,MN,TP. HCM,1,59629
2025-10-19,MN,TP. HCM,2,55381
2025-10-19,MN,TP. HCM,3,72017 - 70179 - 31844 - 39859 - 54550 - 18267
2025-10-19,MN,TP. HCM,4,28615 - 46769 - 15070 - 37067 - 53940 - 69231
2025-10-19,MN,TP. HCM,5,85951 - 26454 - 80234
2025-10-19,MN,TP. HCM,6,12313 - 55619 - 78112
2025-10-19,MN,TP. HCM,7,46773 - 42250 - 15728 - 28814
2025-10-19,MN,TP. HCM,8,22402
2025-10-19,MN,Đồng Tháp,ĐB,74294
2025-10-19,MN,Đồng Tháp,1,80522
2025-10-19,MN,Đồng Tháp,2,60479
2025-10-19,MN,Đồng Tháp,3,99804 - 63835 - 68423 - 79831 - 96077 - 27716
2025-10-19,MN,Đồng Tháp,4,14384 - 14421 - 85203 - 54876 - 25836 - 21772
2025-10-19,MN,Đồng Tháp,5,55997 - 10917 - 40072
2025-10-19,MN,Đồng Tháp,6,28684 - 29982 - 34003
2025-10-19,MN,Đồng Tháp,7,86689 - 90577 - 23823 - 59406
2025-10-19,MN,Đồng Tháp,8,24098
2025-10-19,MN,Cà Mau,ĐB,71769
2025-10-19,MN,Cà Mau,1,97035
2025-10-19,MN,Cà Mau,2,64543
2025-10-19,MN,Cà Mau,3,76719 - 39346 - 50498 - 03613 - 06972 - 79523
2025-10-19,MN,Cà Mau,4,18427 - 57457 - 99413 - 28716 - 65434 - 83663
2025-10-19,MN,Cà Mau,5,92117 - 00906 - 52424
2025-10-19,MN,Cà Mau,6,30444 - 93607 - 36447
2025-10-19,MN,Cà Mau,7,03837 - 76752 - 00169 - 16590
2025-10-19,MN,Cà Mau,8,23595
2025-10-20,MB,Hà Nội,ĐB,32586
2025-10-20,MB,Hà Nội,1,89899
2025-10-20,MB,Hà Nội,2,91674
2025-10-20,MB,Hà Nội,3,94260 - 14047 - 22374 - 80722 - 20164 - 49752
2025-10-20,MB,Hà Nội,4,23991 - 27756 - 33641 - 85512 - 95567 - 51024
2025-10-20,MB,Hà Nội,5,40159 - 18697 - 79511
2025-10-20,MB,Hà Nội,6,22707 - 34478 - 53694
2025-10-20,MB,Hà Nội,7,14656 - 32683 - 38429 - 18643
2025-10-20,MT,Đà Nẵng,ĐB,95269
2025-10-20,MT,Đà Nẵng,1,23195
2025-10-20,MT,Đà Nẵng,2,88547
2025-10-20,MT,Đà Nẵng,3,40736 - 36309 - 23559 - 83419 - 09484 - 62603
2025-10-20,MT,Đà Nẵng,4,90429 - 02502 - 62670 - 83837 - 12526 - 84698
2025-10-20,MT,Đà Nẵng,5,42895 - 98849 - 31101
2025-10-20,MT,Đà Nẵng,6,05496 - 76834 - 53407
2025-10-20,MT,Đà Nẵng,7,65657 - 98740 - 72137 - 38062
2025-10-20,MT,Đà Nẵng,8,87266
2025-10-20,MT,Khánh Hòa,ĐB,10156
2025-10-20,MT,Khánh Hòa,1,06961
2025-10-20,MT,Khánh Hòa,2,13303
2025-10-20,MT,Khánh Hòa,3,78694 - 29112 - 70663 - 25443 - 52248 - 83442
2025-10-20,MT,Khánh Hòa,4,21239 - 11972 - 48675 - 08607 - 42008 - 91229
2025-10-20,MT,Khánh Hòa,5,65283 - 40709 - 11882
2025-10-20,MT,Khánh Hòa,6,74457 - 37188 - 15692
2025-10-20,MT,Khánh Hòa,7,96287 - 75372 - 75594 - 24840
2025-10-20,MT,Khánh Hòa,8,35720
2025-10-20,MN,TP. HCM,ĐB,08546
2025-10-20,MN,TP. HCM,1,42732
2025-10-20,MN,TP. HCM,2,86641
2025-10-20,MN,TP. HCM,3,32065 - 28132 - 34084 - 65492 - 37049 - 24234
2025-10-20,MN,TP. HCM,4,33970 - 49902 - 45515 - 46641 - 99445 - 27411
2025-10-20,MN,TP. HCM,5,05184 - 50127 - 09150
2025-10-20,MN,TP. HCM,6,28060 - 45167 - 70864
2025-10-20,MN,TP. HCM,7,95379 - 35418 - 34279 - 44179
2025-10-20,MN,TP. HCM,8,08667
2025-10-20,MN,Đồng Tháp,ĐB,84695
2025-10-20,MN,Đồng Tháp,1,40604
2025-10-20,MN,Đồng Tháp,2,81588
2025-10-20,MN,Đồng Tháp,3,63975 - 37566 - 02137 - 79461 - 34574 - 57267
2025-10-20,MN,Đồng Tháp,4,37217 - 67200 - 98026 - 44209 - 81783 - 87270
2025-10-20,MN,Đồng Tháp,5,02888 - 32082 - 86371
2025-10-20,MN,Đồng Tháp,6,79411 - 45326 - 75545
2025-10-20,MN,Đồng Tháp,7,35601 - 54941 - 82368 - 19400
2025-10-20,MN,Đồng Tháp,8,14556
2025-10-20,MN,Cà Mau,ĐB,92350
2025-10-20,MN,Cà Mau,1,69292
2025-10-20,MN,Cà Mau,2,62765
2025-10-20,MN,Cà Mau,3,35263 - 93152 - 02699 - 14164 - 86415 - 21932
2025-10-20,MN,Cà Mau,4,99842 - 20171 - 78853 - 20622 - 16254 - 89556
2025-10-20,MN,Cà Mau,5,07292 - 93958 - 78141
2025-10-20,MN,Cà Mau,6,96542 - 43316 - 51401
2025-10-20,MN,Cà Mau,7,18153 - 84471 - 71268 - 42456
2025-10-20,MN,Cà Mau,8,26681
2025-10-21,MB,Hà Nội,ĐB,09721
2025-10-21,MB,Hà Nội,1,02886
2025-10-21,MB,Hà Nội,2,28806
2025-10-21,MB,Hà Nội,3,81291 - 00430 - 09243 - 43503 - 43320 - 29766
2025-10-21,MB,Hà Nội,4,65591 - 72901 - 93514 - 35495 - 17892 - 85226
2025-10-21,MB,Hà Nội,5,67396 - 26955 - 44055
2025-10-21,MB,Hà Nội,6,60137 - 55672 - 74624
2025-10-21,MB,Hà Nội,7,29083 - 68590 - 83557 - 69423
2025-10-21,MT,Đà Nẵng,ĐB,60026
2025-10-21,MT,Đà Nẵng,1,40428
2025-10-21,MT,Đà Nẵng,2,88805
2025-10-21,MT,Đà Nẵng,3,87751 - 97476 - 14069 - 20367 - 00932 - 16596
2025-10-21,MT,Đà Nẵng,4,43827 - 45215 - 68389 - 05971 - 94012 - 79654
2025-10-21,MT,Đà Nẵng,5,02911 - 79287 - 85826
2025-10-21,MT,Đà Nẵng,6,79063 - 01458 - 58783
2025-10-21,MT,Đà Nẵng,7,20607 - 36659 - 52929 - 29410
2025-10-21,MT,Đà Nẵng,8,38224
2025-10-21,MT,Khánh Hòa,ĐB,09282
2025-10-21,MT,Khánh Hòa,1,78057
2025-10-21,MT,Khánh Hòa,2,34666
2025-10-21,MT,Khánh Hòa,3,80791 - 88362 - 15387 - 39713 - 76475 - 43665
2025-10-21,MT,Khánh Hòa,4,28297 - 68855 - 54613 - 44239 - 38573 - 17286
2025-10-21,MT,Khánh Hòa,5,22863 - 36544 - 17197
2025-10-21,MT,Khánh Hòa,6,26491 - 47185 - 12762
2025-10-21,MT,Khánh Hòa,7,82988 - 36626 - 60919 - 54613
2025-10-21,MT,Khánh Hòa,8,55506
2025-10-21,MN,TP. HCM,ĐB,67743
2025-10-21,MN,TP. HCM,1,00507
2025-10-21,MN,TP. HCM,2,36355
2025-10-21,MN,TP. HCM,3,47457 - 77481 - 57342 - 88298 - 28604 - 96334
2025-10-21,MN,TP. HCM,4,69504 - 18814 - 02479 - 26315 - 22189 - 94663
2025-10-21,MN,TP. HCM,5,28545 - 48288 - 08394
2025-10-21,MN,TP. HCM,6,64496 - 30636 - 45609
2025-10-21,MN,TP. HCM,7,48501 - 14890 - 27400 - 65948
2025-10-21,MN,TP. HCM,8,99684
2025-10-21,MN,Đồng Tháp,ĐB,34680
2025-10-21,MN,Đồng Tháp,1,44303
2025-10-21,MN,Đồng Tháp,2,80124
2025-10-21,MN,Đồng Tháp,3,30210 - 09708 - 76327 - 32818 - 58377 - 61570
2025-10-21,MN,Đồng Tháp,4,90260 - 59017 - 00062 - 96744 - 25301 - 93376
2025-10-21,MN,Đồng Tháp,5,54285 - 80295 - 07185
2025-10-21,MN,Đồng Tháp,6,84891 - 22863 - 42559
2025-10-21,MN,Đồng Tháp,7,27489 - 23005 - 75709 - 84339
2025-10-21,MN,Đồng Tháp,8,35298
2025-10-21,MN,Cà Mau,ĐB,21432
2025-10-21,MN,Cà Mau,1,31156
2025-10-21,MN,Cà Mau,2,10212
2025-10-21,MN,Cà Mau,3,28711 - 37001 - 30095 - 68311 - 99409 - 33207
2025-10-21,MN,Cà Mau,4,72463 - 97069 - 24615 - 83229 - 58739 - 69103
2025-10-21,MN,Cà Mau,5,09924 - 07344 - 64559
2025-10-21,MN,Cà Mau,6,73247 - 32487 - 69556
2025-10-21,MN,Cà Mau,7,96956 - 81109 - 31870 - 11943
2025-10-21,MN,Cà Mau,8,29881
2025-10-22,MB,Hà Nội,ĐB,25662
2025-10-22,MB,Hà Nội,1,46590
2025-10-22,MB,Hà Nội,2,87412
2025-10-22,MB,Hà Nội,3,75275 - 60752 - 34820 - 66238 - 61322 - 82255
2025-10-22,MB,Hà Nội,4,06370 - 36943 - 83829 - 58013 - 35863 - 41693
2025-10-22,MB,Hà Nội,5,46049 - 65638 - 04305
2025-10-22,MB,Hà Nội,6,99788 - 84261 - 29281
2025-10-22,MB,Hà Nội,7,87955 - 30786 - 79586 - 03734
2025-10-22,MT,Đà Nẵng,ĐB,84248
2025-10-22,MT,Đà Nẵng,1,99089
2025-10-22,MT,Đà Nẵng,2,88608
2025-10-22,MT,Đà Nẵng,3,97707 - 86707 - 56881 - 35450 - 01178 - 71897
2025-10-22,MT,Đà Nẵng,4,63648 - 81512 - 16693 - 92907 - 15544 - 01477
2025-10-22,MT,Đà Nẵng,5,54013 - 81420 - 52656
2025-10-22,MT,Đà Nẵng,6,00946 - 38391 - 50398
2025-10-22,MT,Đà Nẵng,7,86542 - 60118 - 77486 - 14583
2025-10-22,MT,Đà Nẵng,8,92982
2025-10-22,MT,Khánh Hòa,ĐB,30499
2025-10-22,MT,Khánh Hòa,1,96147
2025-10-22,MT,Khánh Hòa,2,76085
2025-10-22,MT,Khánh Hòa,3,58988 - 73809 - 69002 - 59143 - 96173 - 40972
2025-10-22,MT,Khánh Hòa,4,51663 - 90521 - 61991 - 84430 - 12484 - 54918
2025-10-22,MT,Khánh Hòa,5,03001 - 39610 - 85347
2025-10-22,MT,Khánh Hòa,6,40310 - 93215 - 50729
2025-10-22,MT,Khánh Hòa,7,89460 - 35098 - 10500 - 21779
2025-10-22,MT,Khánh Hòa,8,82142
2025-10-22,MN,TP. HCM,ĐB,23946
2025-10-22,MN,TP. HCM,1,27881
2025-10-22,MN,TP. HCM,2,54909
2025-10-22,MN,TP. HCM,3,82625 - 74820 - 57661 - 28487 - 36139 - 60691
2025-10-22,MN,TP. HCM,4,48515 - 61895 - 27754 - 34099 - 24759 - 18845
2025-10-22,MN,TP. HCM,5,74610 - 31074 - 08298
2025-10-22,MN,TP. HCM,6,02367 - 73951 - 37124
2025-10-22,MN,TP. HCM,7,20788 - 35319 - 04344 - 30628
2025-10-22,MN,TP. HCM,8,98703
2025-10-22,MN,Đồng Tháp,ĐB,92409
2025-10-22,MN,Đồng Tháp,1,49242
2025-10-22,MN,Đồng Tháp,2,68728
2025-10-22,MN,Đồng Tháp,3,07792 - 31059 - 00042 - 27459 - 05216 - 26327
2025-10-22,MN,Đồng Tháp,4,26418 - 37550 - 97490 - 69127 - 40419 - 78412
2025-10-22,MN,Đồng Tháp,5,78157 - 51688 - 97434
2025-10-22,MN,Đồng Tháp,6,75379 - 29365 - 41861
2025-10-22,MN,Đồng Tháp,7,52033 - 60809 - 43235 - 74523
2025-10-22,MN,Đồng Tháp,8,77212
2025-10-22,MN,Cà Mau,ĐB,86954
2025-10-22,MN,Cà Mau,1,27261
2025-10-22,MN,Cà Mau,2,79310
2025-10-22,MN,Cà Mau,3,73284 - 13831 - 26028 - 10766 - 01319 - 30550
2025-10-22,MN,Cà Mau,4,23213 - 46503 - 30368 - 78529 - 67367 - 17418
2025-10-22,MN,Cà Mau,5,11151 - 40103 - 39810
2025-10-22,MN,Cà Mau,6,69718 - 48730 - 38633
2025-10-22,MN,Cà Mau,7,01613 - 93023 - 01703 - 42092
2025-10-22,MN,Cà Mau,8,13396
2025-10-23,MB,Hà Nội,ĐB,50443
2025-10-23,MB,Hà Nội,1,05133
2025-10-23,MB,Hà Nội,2,16042
2025-10-23,MB,Hà Nội,3,75088 - 60867 - 92154 - 20771 - 58567 - 99059
2025-10-23,MB,Hà Nội,4,21345 - 71060 - 88813 - 49056 - 10345 - 96419
2025-10-23,MB,Hà Nội,5,43482 - 47889 - 98295
2025-10-23,MB,Hà Nội,6,83299 - 33315 - 71012
2025-10-23,MB,Hà Nội,7,59110 - 18982 - 78522 - 02365
2025-10-23,MT,Đà Nẵng,ĐB,31090
2025-10-23,MT,Đà Nẵng,1,99644
2025-10-23,MT,Đà Nẵng,2,03940
2025-10-23,MT,Đà Nẵng,3,67147 - 25061 - 26445 - 34076 - 32624 - 63126
2025-10-23,MT,Đà Nẵng,4,67284 - 80174 - 62560 - 16547 - 77448 - 56492
2025-10-23,MT,Đà Nẵng,5,52822 - 56476 - 96263
2025-10-23,MT,Đà Nẵng,6,85978 - 55987 - 67923
2025-10-23,MT,Đà Nẵng,7,55239 - 58183 - 20580 - 87916
2025-10-23,MT,Đà Nẵng,8,53709
2025-10-23,MT,Khánh Hòa,ĐB,04772
2025-10-23,MT,Khánh Hòa,1,73782
2025-10-23,MT,Khánh Hòa,2,82077
2025-10-23,MT,Khánh Hòa,3,27750 - 56490 - 60663 - 93315 - 37308 - 04987
2025-10-23,MT,Khánh Hòa,4,50284 - 29378 - 03439 - 00856 - 43456 - 20038
2025-10-23,MT,Khánh Hòa,5,08078 - 62748 - 32207
2025-10-23,MT,Khánh Hòa,6,05949 - 93131 - 62870
2025-10-23,MT,Khánh Hòa,7,07430 - 79335 - 35012 - 94934
2025-10-23,MT,Khánh Hòa,8,85128
2025-10-23,MN,TP. HCM,ĐB,00576
2025-10-23,MN,TP. HCM,1,06969
2025-10-23,MN,TP. HCM,2,28999
2025-10-23,MN,TP. HCM,3,59304 - 81534 - 14500 - 05276 - 14458 - 32502
2025-10-23,MN,TP. HCM,4,31937 - 74656 - 82572 - 92281 - 05573 - 94115
2025-10-23,MN,TP. HCM,5,05087 - 27389 - 63208
2025-10-23,MN,TP. HCM,6,07329 - 82229 - 50031
2025-10-23,MN,TP. HCM,7,58642 - 85553 - 29100 - 38748
2025-10-23,MN,TP. HCM,8,89543
2025-10-23,MN,Đồng Tháp,ĐB,04387
2025-10-23,MN,Đồng Tháp,1,16721
2025-10-23,MN,Đồng Tháp,2,59887
2025-10-23,MN,Đồng Tháp,3,75819 - 51120 - 96682 - 66158 - 69063 - 98267
2025-10-23,MN,Đồng Tháp,4,73834 - 25437 - 40232 - 65690 - 10989 - 05693
2025-10-23,MN,Đồng Tháp,5,69865 - 14632 - 61958
2025-10-23,MN,Đồng Tháp,6,26027 - 66223 - 25686
2025-10-23,MN,Đồng Tháp,7,60034 - 92936 - 43472 - 72554
2025-10-23,MN,Đồng Tháp,8,60076
2025-10-23,MN,Cà Mau,ĐB,70371
2025-10-23,MN,Cà Mau,1,32043
2025-10-23,MN,Cà Mau,2,79182
2025-10-23,MN,Cà Mau,3,90262 - 28401 - 21079 - 58520 - 98252 - 78824
2025-10-23,MN,Cà Mau,4,07688 - 75856 - 69834 - 02803 - 00673 - 79426
2025-10-23,MN,Cà Mau,5,36035 - 49392 - 11865
2025-10-23,MN,Cà Mau,6,81912 - 95324 - 61271
2025-10-23,MN,Cà Mau,7,64909 - 81841 - 88120 - 49262
2025-10-23,MN,Cà Mau,8,15396
2025-10-24,MB,Hà Nội,ĐB,44711
2025-10-24,MB,Hà Nội,1,45012
2025-10-24,MB,Hà Nội,2,38734
2025-10-24,MB,Hà Nội,3,27731 - 27979 - 08082 - 72381 - 66875 - 34612
2025-10-24,MB,Hà Nội,4,50685 - 50862 - 10816 - 70719 - 12259 - 54953
2025-10-24,MB,Hà Nội,5,88492 - 20704 - 58203
2025-10-24,MB,Hà Nội,6,98708 - 39623 - 54200
2025-10-24,MB,Hà Nội,7,76111 - 54945 - 30908 - 00154
2025-10-24,MT,Đà Nẵng,ĐB,69082
2025-10-24,MT,Đà Nẵng,1,09537
2025-10-24,MT,Đà Nẵng,2,40278
2025-10-24,MT,Đà Nẵng,3,57519 - 53872 - 86160 - 46645 - 62427 - 20111
2025-10-24,MT,Đà Nẵng,4,35437 - 99101 - 03328 - 94801 - 78432 - 47469
2025-10-24,MT,Đà Nẵng,5,39955 - 38554 - 82491
2025-10-24,MT,Đà Nẵng,6,89782 - 23786 - 97704
2025-10-24,MT,Đà Nẵng,7,84278 - 87974 - 77391 - 32673
2025-10-24,MT,Đà Nẵng,8,56629
2025-10-24,MT,Khánh Hòa,ĐB,43976
2025-10-24,MT,Khánh Hòa,1,18451
2025-10-24,MT,Khánh Hòa,2,34703
2025-10-24,MT,Khánh Hòa,3,67114 - 60741 - 53537 - 62727 - 02423 - 22975
2025-10-24,MT,Khánh Hòa,4,97793 - 59824 - 96103 - 06991 - 71869 - 09693
2025-10-24,MT,Khánh Hòa,5,95410 - 45351 - 20446
2025-10-24,MT,Khánh Hòa,6,58362 - 58007 - 12188
2025-10-24,MT,Khánh Hòa,7,88368 - 83120 - 37526 - 83826
2025-10-24,MT,Khánh Hòa,8,76094
2025-10-24,MN,TP. HCM,ĐB,90470
2025-10-24,MN,TP. HCM,1,75155
2025-10-24,MN,TP. HCM,2,36048
2025-10-24,MN,TP. HCM,3,68766 - 25632 - 92323 - 52837 - 90316 - 31821
2025-10-24,MN,TP. HCM,4,81634 - 06699 - 19774 - 90982 - 25951 - 43958
2025-10-24,MN,TP. HCM,5,50409 - 03861 - 94158
2025-10-24,MN,TP. HCM,6,71393 - 07393 - 17120
2025-10-24,MN,TP. HCM,7,49343 - 88289 - 06432 - 60614
2025-10-24,MN,TP. HCM,8,62157
2025-10-24,MN,Đồng Tháp,ĐB,95984
2025-10-24,MN,Đồng Tháp,1,10113
2025-10-24,MN,Đồng Tháp,2,10682
2025-10-24,MN,Đồng Tháp,3,03659 - 17140 - 19301 - 74645 - 70596 - 44230
2025-10-24,MN,Đồng Tháp,4,38688 - 63157 - 02244 - 73842 - 48103 - 73232
2025-10-24,MN,Đồng Tháp,5,96268 - 00579 - 78626
2025-10-24,MN,Đồng Tháp,6,85744 - 76182 - 28488
2025-10-24,MN,Đồng Tháp,7,57164 - 05294 - 66736 - 21038
2025-10-24,MN,Đồng Tháp,8,16347
2025-10-24,MN,Cà Mau,ĐB,55453
2025-10-24,MN,Cà Mau,1,69575
2025-10-24,MN,Cà Mau,2,69815
2025-10-24,MN,Cà Mau,3,90865 - 19335 - 57915 - 93208 - 63651 - 04112
2025-10-24,MN,Cà Mau,4,39089 - 90989 - 59017 - 54297 - 53327 - 67784
2025-10-24,MN,Cà Mau,5,71950 - 07378 - 72564
2025-10-24,MN,Cà Mau,6,91955 - 56515 - 16239
2025-10-24,MN,Cà Mau,7,54335 - 76742 - 62858 - 48157
2025-10-24,MN,Cà Mau,8,35312
2025-10-25,MB,Hà Nội,ĐB,32273
2025-10-25,MB,Hà Nội,1,86310
2025-10-25,MB,Hà Nội,2,86251
2025-10-25,MB,Hà Nội,3,14995 - 13703 - 00608 - 31814 - 15488 - 08598
2025-10-25,MB,Hà Nội,4,45347 - 33362 - 64089 - 84071 - 08901 - 30910
2025-10-25,MB,Hà Nội,5,32351 - 59163 - 83192
2025-10-25,MB,Hà Nội,6,28315 - 64388 - 34137
2025-10-25,MB,Hà Nội,7,17142 - 43108 - 24545 - 37502
2025-10-25,MT,Đà Nẵng,ĐB,85024
2025-10-25,MT,Đà Nẵng,1,16455
2025-10-25,MT,Đà Nẵng,2,52095
2025-10-25,MT,Đà Nẵng,3,81001 - 11452 - 36794 - 35027 - 09879 - 42624
2025-10-25,MT,Đà Nẵng,4,92314 - 58174 - 24710 - 34818 - 95175 - 88532
2025-10-25,MT,Đà Nẵng,5,82427 - 54171 - 70659
2025-10-25,MT,Đà Nẵng,6,74033 - 15937 - 82079
2025-10-25,MT,Đà Nẵng,7,91992 - 08314 - 00556 - 11335
2025-10-25,MT,Đà Nẵng,8,49544
2025-10-25,MT,Khánh Hòa,ĐB,31091
2025-10-25,MT,Khánh Hòa,1,53777
2025-10-25,MT,Khánh Hòa,2,73421
2025-10-25,MT,Khánh Hòa,3,93325 - 51291 - 22257 - 76127 - 57096 - 67359
2025-10-25,MT,Khánh Hòa,4,84559 - 13170 - 60818 - 02852 - 13618 - 54090
2025-10-25,MT,Khánh Hòa,5,54838 - 79196 - 86013
2025-10-25,MT,Khánh Hòa,6,51853 - 90634 - 21548
2025-10-25,MT,Khánh Hòa,7,57310 - 11034 - 15636 - 89043
2025-10-25,MT,Khánh Hòa,8,92646
2025-10-25,MN,TP. HCM,ĐB,05629
2025-10-25,MN,TP. HCM,1,34378
2025-10-25,MN,TP. HCM,2,38607
2025-10-25,MN,TP. HCM,3,68015 - 96055 - 43946 - 96019 - 97385 - 70689
2025-10-25,MN,TP. HCM,4,21064 - 54768 - 38785 - 37313 - 45578 - 86660
2025-10-25,MN,TP. HCM,5,06667 - 94346 - 67890
2025-10-25,MN,TP. HCM,6,50629 - 16913 - 24617
2025-10-25,MN,TP. HCM,7,14306 - 35675 - 65407 - 25277
2025-10-25,MN,TP. HCM,8,50285
2025-10-25,MN,Đồng Tháp,ĐB,83764
2025-10-25,MN,Đồng Tháp,1,73478
2025-10-25,MN,Đồng Tháp,2,86219
2025-10-25,MN,Đồng Tháp,3,67676 - 10865 - 96580 - 57078 - 56357 - 46140
2025-10-25,MN,Đồng Tháp,4,37388 - 37083 - 63122 - 42707 - 26354 - 83924
2025-10-25,MN,Đồng Tháp,5,20420 - 48318 - 20983
2025-10-25,MN,Đồng Tháp,6,14321 - 61894 - 57260
2025-10-25,MN,Đồng Tháp,7,89573 - 08648 - 62226 - 12467
2025-10-25,MN,Đồng Tháp,8,27862
2025-10-25,MN,Cà Mau,ĐB,50777
2025-10-25,MN,Cà Mau,1,44856
2025-10-25,MN,Cà Mau,2,46156
2025-10-25,MN,Cà Mau,3,48723 - 58100 - 80465 - 81706 - 57049 - 04577
2025-10-25,MN,Cà Mau,4,53414 - 17229 - 49692 - 15305 - 85987 - 68899
2025-10-25,MN,Cà Mau,5,06904 - 44597 - 18053
2025-10-25,MN,Cà Mau,6,42580 - 37267 - 75402
2025-10-25,MN,Cà Mau,7,78383 - 41114 - 74768 - 59994
2025-10-25,MN,Cà Mau,8,16313
2025-10-26,MB,Hà Nội,ĐB,29338
2025-10-26,MB,Hà Nội,1,20700
2025-10-26,MB,Hà Nội,2,03731
2025-10-26,MB,Hà Nội,3,93914 - 63602 - 61076 - 54527 - 32329 - 93407
2025-10-26,MB,Hà Nội,4,23840 - 75455 - 56544 - 10009 - 43422 - 86167
2025-10-26,MB,Hà Nội,5,60699 - 28198 - 02234
2025-10-26,MB,Hà Nội,6,75134 - 28060 - 47584
2025-10-26,MB,Hà Nội,7,07526 - 75487 - 80693 - 20618
2025-10-26,MT,Đà Nẵng,ĐB,04863
2025-10-26,MT,Đà Nẵng,1,89062
2025-10-26,MT,Đà Nẵng,2,18265
2025-10-26,MT,Đà Nẵng,3,09884 - 20422 - 22864 - 89199 - 32269 - 29587
2025-10-26,MT,Đà Nẵng,4,24636 - 55560 - 87194 - 76617 - 83333 - 86734
2025-10-26,MT,Đà Nẵng,5,72847 - 73712 - 83530
2025-10-26,MT,Đà Nẵng,6,82363 - 92543 - 73210
2025-10-26,MT,Đà Nẵng,7,74796 - 60389 - 92918 - 77864
2025-10-26,MT,Đà Nẵng,8,95532
2025-10-26,MT,Khánh Hòa,ĐB,77540
2025-10-26,MT,Khánh Hòa,1,38668
2025-10-26,MT,Khánh Hòa,2,44169
2025-10-26,MT,Khánh Hòa,3,04666 - 92485 - 29589 - 95069 - 59231 - 78168
2025-10-26,MT,Khánh Hòa,4,46503 - 67187 - 47830 - 56147 - 75627 - 30340
2025-10-26,MT,Khánh Hòa,5,50731 - 08636 - 38002
2025-10-26,MT,Khánh Hòa,6,05811 - 14397 - 01614
2025-10-26,MT,Khánh Hòa,7,37429 - 34096 - 14004 - 64884
2025-10-26,MT,Khánh Hòa,8,44986
2025-10-26,MN,TP. HCM,ĐB,27653
2025-10-26,MN,TP. HCM,1,41228
2025-10-26,MN,TP. HCM,2,59461
2025-10-26,MN,TP. HCM,3,55756 - 31320 - 20864 - 42541 - 26681 - 50669
2025-10-26,MN,TP. HCM,4,35064 - 38914 - 15745 - 62464 - 95151 - 12201
2025-10-26,MN,TP. HCM,5,81454 - 01768 - 00139
2025-10-26,MN,TP. HCM,6,44895 - 98628 - 55617
2025-10-26,MN,TP. HCM,7,14291 - 34540 - 64927 - 38657
2025-10-26,MN,TP. HCM,8,47932
2025-10-26,MN,Đồng Tháp,ĐB,82873
2025-10-26,MN,Đồng Tháp,1,69501
2025-10-26,MN,Đồng Tháp,2,17051
2025-10-26,MN,Đồng Tháp,3,79667 - 63059 - 13929 - 73375 - 82961 - 55649
2025-10-26,MN,Đồng Tháp,4,62706 - 15950 - 82516 - 89738 - 53635 - 46414
2025-10-26,MN,Đồng Tháp,5,81627 - 51367 - 30764
2025-10-26,MN,Đồng Tháp,6,82449 - 31635 - 64976
2025-10-26,MN,Đồng Tháp,7,04209 - 77991 - 22288 - 33684
2025-10-26,MN,Đồng Tháp,8,09122
2025-10-26,MN,Cà Mau,ĐB,83885
2025-10-26,MN,Cà Mau,1,66383
2025-10-26,MN,Cà Mau,2,75366
2025-10-26,MN,Cà Mau,3,03798 - 96427 - 94013 - 63668 - 63904 - 53266
2025-10-26,MN,Cà Mau,4,90546 - 96494 - 50540 - 48266 - 53033 - 15028
2025-10-26,MN,Cà Mau,5,96997 - 72403 - 10941
2025-10-26,MN,Cà Mau,6,43075 - 43427 - 75291
2025-10-26,MN,Cà Mau,7,90506 - 53746 - 93086 - 49283
2025-10-26,MN,Cà Mau,8,35583
2025-10-27,MB,Hà Nội,ĐB,81086
2025-10-27,MB,Hà Nội,1,01048
2025-10-27,MB,Hà Nội,2,08314
2025-10-27,MB,Hà Nội,3,22914 - 13901 - 39066 - 56711 - 44957 - 28938
2025-10-27,MB,Hà Nội,4,66494 - 33143 - 82996 - 15310 - 69205 - 45490
2025-10-27,MB,Hà Nội,5,41420 - 27879 - 00065
2025-10-27,MB,Hà Nội,6,28772 - 28577 - 17895
2025-10-27,MB,Hà Nội,7,44912 - 98964 - 94940 - 60097
2025-10-27,MT,Đà Nẵng,ĐB,57482
2025-10-27,MT,Đà Nẵng,1,18261
2025-10-27,MT,Đà Nẵng,2,84093
2025-10-27,MT,Đà Nẵng,3,74898 - 17469 - 74749 - 28723 - 13622 - 12341
2025-10-27,MT,Đà Nẵng,4,10339 - 70805 - 80792 - 66478 - 02185 - 26235
2025-10-27,MT,Đà Nẵng,5,20249 - 74195 - 50310
2025-10-27,MT,Đà Nẵng,6,04095 - 76360 - 15313
2025-10-27,MT,Đà Nẵng,7,16755 - 74523 - 61577 - 36729
2025-10-27,MT,Đà Nẵng,8,00634
2025-10-27,MT,Khánh Hòa,ĐB,99351
2025-10-27,MT,Khánh Hòa,1,60194
2025-10-27,MT,Khánh Hòa,2,63563
2025-10-27,MT,Khánh Hòa,3,09476 - 45620 - 91197 - 19571 - 63590 - 30530
2025-10-27,MT,Khánh Hòa,4,02350 - 23581 - 66581 - 98931 - 78396 - 89722
2025-10-27,MT,Khánh Hòa,5,58492 - 29807 - 41539
2025-10-27,MT,Khánh Hòa,6,57221 - 61878 - 26609
2025-10-27,MT,Khánh Hòa,7,91765 - 35284 - 23228 - 34645
2025-10-27,MT,Khánh Hòa,8,31676
2025-10-27,MN,TP. HCM,ĐB,64909
2025-10-27,MN,TP. HCM,1,14748
2025-10-27,MN,TP. HCM,2,13606
2025-10-27,MN,TP. HCM,3,52260 - 88976 - 98320 - 11490 - 61329 - 62125
2025-10-27,MN,TP. HCM,4,00471 - 57065 - 19220 - 58024 - 74679 - 10370
2025-10-27,MN,TP. HCM,5,33355 - 62995 - 15212
2025-10-27,MN,TP. HCM,6,89963 - 76449 - 79856
2025-10-27,MN,TP. HCM,7,53584 - 78533 - 77142 - 85453
2025-10-27,MN,TP. HCM,8,93161
2025-10-27,MN,Đồng Tháp,ĐB,29823
2025-10-27,MN,Đồng Tháp,1,90575
2025-10-27,MN,Đồng Tháp,2,14620
2025-10-27,MN,Đồng Tháp,3,36128 - 48268 - 32023 - 29339 - 24542 - 76293
2025-10-27,MN,Đồng Tháp,4,09422 - 03524 - 38079 - 93830 - 03467 - 21311
2025-10-27,MN,Đồng Tháp,5,47290 - 58967 - 13214
2025-10-27,MN,Đồng Tháp,6,40797 - 67802 - 84318
2025-10-27,MN,Đồng Tháp,7,19074 - 15764 - 68270 - 47471
2025-10-27,MN,Đồng Tháp,8,09495
2025-10-27,MN,Cà Mau,ĐB,00048
2025-10-27,MN,Cà Mau,1,15322
2025-10-27,MN,Cà Mau,2,66845
2025-10-27,MN,Cà Mau,3,50703 - 50631 - 16809 - 36215 - 64834 - 12485
2025-10-27,MN,Cà Mau,4,95926 - 93093 - 53891 - 81639 - 41467 - 20326
2025-10-27,MN,Cà Mau,5,97359 - 69926 - 14607
2025-10-27,MN,Cà Mau,6,54976 - 36909 - 31470
2025-10-27,MN,Cà Mau,7,62219 - 61654 - 77849 - 43303
2025-10-27,MN,Cà Mau,8,25598
2025-10-28,MB,Hà Nội,ĐB,60229
2025-10-28,MB,Hà Nội,1,59294
2025-10-28,MB,Hà Nội,2,53001
2025-10-28,MB,Hà Nội,3,86584 - 84563 - 23336 - 36380 - 50363 - 66863
2025-10-28,MB,Hà Nội,4,45831 - 71446 - 95826 - 35255 - 50248 - 06953
2025-10-28,MB,Hà Nội,5,38340 - 46938 - 96167
2025-10-28,MB,Hà Nội,6,77264 - 83031 - 97019
2025-10-28,MB,Hà Nội,7,88097 - 06834 - 75415 - 68396
2025-10-28,MT,Đà Nẵng,ĐB,61984
2025-10-28,MT,Đà Nẵng,1,88846
2025-10-28,MT,Đà Nẵng,2,10188
2025-10-28,MT,Đà Nẵng,3,06502 - 42424 - 16911 - 25755 - 51618 - 02155
2025-10-28,MT,Đà Nẵng,4,67411 - 14710 - 61486 - 74577 - 35793 - 57326
2025-10-28,MT,Đà Nẵng,5,40673 - 10727 - 64041
2025-10-28,MT,Đà Nẵng,6,69335 - 40806 - 13930
2025-10-28,MT,Đà Nẵng,7,00965 - 71079 - 31616 - 70123
2025-10-28,MT,Đà Nẵng,8,31233
2025-10-28,MT,Khánh Hòa,ĐB,53381
2025-10-28,MT,Khánh Hòa,1,46536
2025-10-28,MT,Khánh Hòa,2,08132
2025-10-28,MT,Khánh Hòa,3,33071 - 14753 - 42279 - 17785 - 08131 - 22837
2025-10-28,MT,Khánh Hòa,4,95128 - 72587 - 53267 - 71097 - 61624 - 75372
2025-10-28,MT,Khánh Hòa,5,40313 - 75246 - 23087
2025-10-28,MT,Khánh Hòa,6,61499 - 65183 - 02766
2025-10-28,MT,Khánh Hòa,7,62810 - 56744 - 65885 - 56694
2025-10-28,MT,Khánh Hòa,8,50316
2025-10-28,MN,TP. HCM,ĐB,65241
2025-10-28,MN,TP. HCM,1,66139
2025-10-28,MN,TP. HCM,2,45923
2025-10-28,MN,TP. HCM,3,13921 - 62756 - 34322 - 35429 - 27803 - 26055
2025-10-28,MN,TP. HCM,4,02836 - 43669 - 61756 - 89611 - 70060 - 98865
2025-10-28,MN,TP. HCM,5,99100 - 36955 - 68075
2025-10-28,MN,TP. HCM,6,11417 - 79665 - 17602
2025-10-28,MN,TP. HCM,7,97194 - 19274 - 38319 - 62897
2025-10-28,MN,TP. HCM,8,40793
2025-10-28,MN,Đồng Tháp,ĐB,89963
2025-10-28,MN,Đồng Tháp,1,43474
2025-10-28,MN,Đồng Tháp,2,76119
2025-10-28,MN,Đồng Tháp,3,45463 - 53944 - 83676 - 75210 - 62241 - 83618
2025-10-28,MN,Đồng Tháp,4,11956 - 04462 - 59110 - 60024 - 84300 - 09801
2025-10-28,MN,Đồng Tháp,5,88907 - 27591 - 21953
2025-10-28,MN,Đồng Tháp,6,57132 - 85108 - 70335
2025-10-28,MN,Đồng Tháp,7,78209 - 30962 - 39297 - 74678
2025-10-28,MN,Đồng Tháp,8,55258
2025-10-28,MN,Cà Mau,ĐB,02002
2025-10-28,MN,Cà Mau,1,80611
2025-10-28,MN,Cà Mau,2,58737
2025-10-28,MN,Cà Mau,3,93796 - 91332 - 18072 - 22573 - 41060 - 44863
2025-10-28,MN,Cà Mau,4,99075 - 15668 - 61174 - 72714 - 35348 - 00770
2025-10-28,MN,Cà Mau,5,03531 - 97943 - 45159
2025-10-28,MN,Cà Mau,6,00309 - 88444 - 38017
2025-10-28,MN,Cà Mau,7,05179 - 61491 - 19504 - 07941
2025-10-28,MN,Cà Mau,8,75270
2025-10-29,MB,Hà Nội,ĐB,01516
2025-10-29,MB,Hà Nội,1,30611
2025-10-29,MB,Hà Nội,2,71861
2025-10-29,MB,Hà Nội,3,18330 - 05585 - 24430 - 04816 - 11439 - 49548
2025-10-29,MB,Hà Nội,4,58106 - 60709 - 57433 - 17349 - 64766 - 33368
2025-10-29,MB,Hà Nội,5,15655 - 15449 - 59186
2025-10-29,MB,Hà Nội,6,55437 - 35477 - 74960
2025-10-29,MB,Hà Nội,7,64561 - 97775 - 23922 - 88836
2025-10-29,MT,Đà Nẵng,ĐB,42209
2025-10-29,MT,Đà Nẵng,1,25153
2025-10-29,MT,Đà Nẵng,2,94139
2025-10-29,MT,Đà Nẵng,3,01670 - 13069 - 31777 - 29638 - 02821 - 18962
2025-10-29,MT,Đà Nẵng,4,31670 - 19121 - 22864 - 63609 - 26955 - 43820
2025-10-29,MT,Đà Nẵng,5,48149 - 28080 - 14799
2025-10-29,MT,Đà Nẵng,6,75019 - 53025 - 41778
2025-10-29,MT,Đà Nẵng,7,88798 - 68569 - 80287 - 93464
2025-10-29,MT,Đà Nẵng,8,51366
2025-10-29,MT,Khánh Hòa,ĐB,46663
2025-10-29,MT,Khánh Hòa,1,07822
2025-10-29,MT,Khánh Hòa,2,01516
2025-10-29,MT,Khánh Hòa,3,03997 - 86452 - 98445 - 66832 - 10430 - 56196
2025-10-29,MT,Khánh Hòa,4,14710 - 82610 - 91878 - 27945 - 55320 - 57517
2025-10-29,MT,Khánh Hòa,5,18248 - 71395 - 36884
2025-10-29,MT,Khánh Hòa,6,39197 - 07770 - 05178
2025-10-29,MT,Khánh Hòa,7,22672 - 13271 - 42756 - 73249
2025-10-29,MT,Khánh Hòa,8,88095
2025-10-29,MN,TP. HCM,ĐB,30960
2025-10-29,MN,TP. HCM,1,03454
2025-10-29,MN,TP. HCM,2,57761
2025-10-29,MN,TP. HCM,3,89414 - 80853 - 01570 - 41519 - 03345 - 82973
2025-10-29,MN,TP. HCM,4,13365 - 73631 - 89773 - 42854 - 18796 - 19840
2025-10-29,MN,TP. HCM,5,11416 - 04193 - 63690
2025-10-29,MN,TP. HCM,6,67738 - 06353 - 85036
2025-10-29,MN,TP. HCM,7,14720 - 60485 - 32404 - 67504
2025-10-29,MN,TP. HCM,8,27377
2025-10-29,MN,Đồng Tháp,ĐB,86057
2025-10-29,MN,Đồng Tháp,1,12582
2025-10-29,MN,Đồng Tháp,2,15567
2025-10-29,MN,Đồng Tháp,3,39460 - 21763 - 39559 - 59404 - 02073 - 29388
2025-10-29,MN,Đồng Tháp,4,40232 - 47591 - 19917 - 77808 - 65371 - 76004
2025-10-29,MN,Đồng Tháp,5,36686 - 37251 - 73829
2025-10-29,MN,Đồng Tháp,6,56933 - 32761 - 32031
2025-10-29,MN,Đồng Tháp,7,77547 - 40497 - 62074 - 51246
2025-10-29,MN,Đồng Tháp,8,88426
2025-10-29,MN,Cà Mau,ĐB,72924
2025-10-29,MN,Cà Mau,1,91747
2025-10-29,MN,Cà Mau,2,80670
2025-10-29,MN,Cà Mau,3,13085 - 47572 - 40816 - 63378 - 29893 - 60242
2025-10-29,MN,Cà Mau,4,78156 - 83097 - 94461 - 58941 - 36210 - 45872
2025-10-29,MN,Cà Mau,5,84219 - 58694 - 78783
2025-10-29,MN,Cà Mau,6,43987 - 57431 - 73731
2025-10-29,MN,Cà Mau,7,71074 - 69686 - 77429 - 99017
2025-10-29,MN,Cà Mau,8,68899
2025-10-30,MB,Hà Nội,ĐB,75376
2025-10-30,MB,Hà Nội,1,03057
2025-10-30,MB,Hà Nội,2,33136
2025-10-30,MB,Hà Nội,3,93996 - 40756 - 17143 - 39969 - 13475 - 96752
2025-10-30,MB,Hà Nội,4,34791 - 02298 - 59955 - 96947 - 84854 - 84636
2025-10-30,MB,Hà Nội,5,97413 - 41661 - 44480
2025-10-30,MB,Hà Nội,6,78245 - 39171 - 14568
2025-10-30,MB,Hà Nội,7,60404 - 73935 - 27747 - 13652
2025-10-30,MT,Đà Nẵng,ĐB,83593
2025-10-30,MT,Đà Nẵng,1,92040
2025-10-30,MT,Đà Nẵng,2,08487
2025-10-30,MT,Đà Nẵng,3,79982 - 91079 - 56254 - 04960 - 74834 - 35043
2025-10-30,MT,Đà Nẵng,4,12613 - 62040 - 91864 - 32422 - 96970 - 40949
2025-10-30,MT,Đà Nẵng,5,19261 - 53530 - 99801
2025-10-30,MT,Đà Nẵng,6,33719 - 43285 - 10276
2025-10-30,MT,Đà Nẵng,7,01448 - 40358 - 14331 - 60594
2025-10-30,MT,Đà Nẵng,8,01734
2025-10-30,MT,Khánh Hòa,ĐB,76443
2025-10-30,MT,Khánh Hòa,1,55791
2025-10-30,MT,Khánh Hòa,2,87722
2025-10-30,MT,Khánh Hòa,3,01846 - 23228 - 78787 - 29063 - 80140 - 80698
2025-10-30,MT,Khánh Hòa,4,00019 - 42008 - 81290 - 03888 - 00498 - 73813
2025-10-30,MT,Khánh Hòa,5,47622 - 34744 - 68641
2025-10-30,MT,Khánh Hòa,6,43439 - 38253 - 59790
2025-10-30,MT,Khánh Hòa,7,34743 - 16350 - 08843 - 30378
2025-10-30,MT,Khánh Hòa,8,42701
2025-10-30,MN,TP. HCM,ĐB,55556
2025-10-30,MN,TP. HCM,1,54879
2025-10-30,MN,TP. HCM,2,07691
2025-10-30,MN,TP. HCM,3,72344 - 78276 - 69365 - 78575 - 69290 - 97958
2025-10-30,MN,TP. HCM,4,14839 - 42422 - 09034 - 05356 - 35872 - 42683
2025-10-30,MN,TP. HCM,5,79478 - 30936 - 63502
2025-10-30,MN,TP. HCM,6,06933 - 15994 - 35380
2025-10-30,MN,TP. HCM,7,63616 - 95385 - 35033 - 20775
2025-10-30,MN,TP. HCM,8,05453
2025-10-30,MN,Đồng Tháp,ĐB,42599
2025-10-30,MN,Đồng Tháp,1,84936
2025-10-30,MN,Đồng Tháp,2,10160
2025-10-30,MN,Đồng Tháp,3,61683 - 32183 - 33011 - 89880 - 60287 - 44450
2025-10-30,MN,Đồng Tháp,4,05855 - 03063 - 68139 - 71221 - 78826 - 25859
2025-10-30,MN,Đồng Tháp,5,63855 - 96527 - 32080
2025-10-30,MN,Đồng Tháp,6,12044 - 58561 - 90986
2025-10-30,MN,Đồng Tháp,7,43565 - 77615 - 83205 - 72713
2025-10-30,MN,Đồng Tháp,8,76457
2025-10-30,MN,Cà Mau,ĐB,41756
2025-10-30,MN,Cà Mau,1,04170
2025-10-30,MN,Cà Mau,2,33362
2025-10-30,MN,Cà Mau,3,96824 - 86185 - 81266 - 64782 - 47953 - 30590
2025-10-30,MN,Cà Mau,4,47732 - 99953 - 00718 - 46392 - 80648 - 75079
2025-10-30,MN,Cà Mau,5,72373 - 23978 - 96321
2025-10-30,MN,Cà Mau,6,76344 - 10158 - 59449
2025-10-30,MN,Cà Mau,7,21039 - 35814 - 73289 - 40755
2025-10-30,MN,Cà Mau,8,46779
2025-10-31,MB,Hà Nội,ĐB,26752
2025-10-31,MB,Hà Nội,1,90495
2025-10-31,MB,Hà Nội,2,07189
2025-10-31,MB,Hà Nội,3,63532 - 83144 - 73285 - 68418 - 75229 - 33115
2025-10-31,MB,Hà Nội,4,33778 - 77839 - 79185 - 23189 - 60974 - 15900
2025-10-31,MB,Hà Nội,5,21532 - 09317 - 38519
2025-10-31,MB,Hà Nội,6,04616 - 59120 - 04624
2025-10-31,MB,Hà Nội,7,86649 - 58700 - 58745 - 75301
2025-10-31,MT,Đà Nẵng,ĐB,59446
2025-10-31,MT,Đà Nẵng,1,44474
2025-10-31,MT,Đà Nẵng,2,01416
2025-10-31,MT,Đà Nẵng,3,90294 - 63851 - 98900 - 07276 - 77895 - 38125
2025-10-31,MT,Đà Nẵng,4,64243 - 14228 - 93193 - 70955 - 16601 - 04350
2025-10-31,MT,Đà Nẵng,5,16258 - 22198 - 18366
2025-10-31,MT,Đà Nẵng,6,77579 - 26708 - 93156
2025-10-31,MT,Đà Nẵng,7,30852 - 69756 - 24353 - 79368
2025-10-31,MT,Đà Nẵng,8,70265
2025-10-31,MT,Khánh Hòa,ĐB,97495
2025-10-31,MT,Khánh Hòa,1,43757
2025-10-31,MT,Khánh Hòa,2,32939
2025-10-31,MT,Khánh Hòa,3,32573 - 09298 - 93454 - 67126 - 13523 - 51801
2025-10-31,MT,Khánh Hòa,4,07215 - 35947 - 03329 - 95837 - 83523 - 55570
2025-10-31,MT,Khánh Hòa,5,39230 - 49336 - 30665
2025-10-31,MT,Khánh Hòa,6,61944 - 14793 - 87265
2025-10-31,MT,Khánh Hòa,7,43114 - 77342 - 80725 - 14065
2025-10-31,MT,Khánh Hòa,8,33634
2025-10-31,MN,TP. HCM,ĐB,38570
2025-10-31,MN,TP. HCM,1,44234
2025-10-31,MN,TP. HCM,2,69708
2025-10-31,MN,TP. HCM,3,75843 - 81713 - 29169 - 21937 - 49083 - 52769
2025-10-31,MN,TP. HCM,4,12548 - 31781 - 02969 - 70371 - 33776 - 96578
2025-10-31,MN,TP. HCM,5,88082 - 68472 - 85520
2025-10-31,MN,TP. HCM,6,80943 - 38806 - 59411
2025-10-31,MN,TP. HCM,7,59424 - 16804 - 89431 - 94261
2025-10-31,MN,TP. HCM,8,71376
2025-10-31,MN,Đồng Tháp,ĐB,14168
2025-10-31,MN,Đồng Tháp,1,28213
2025-10-31,MN,Đồng Tháp,2,47784
2025-10-31,MN,Đồng Tháp,3,99493 - 54826 - 19759 - 03468 - 81289 - 68548
2025-10-31,MN,Đồng Tháp,4,96473 - 42155 - 35777 - 04212 - 31634 - 77362
2025-10-31,MN,Đồng Tháp,5,44592 - 45087 - 96409
2025-10-31,MN,Đồng Tháp,6,53021 - 02537 - 17673
2025-10-31,MN,Đồng Tháp,7,64006 - 94190 - 62068 - 69195
2025-10-31,MN,Đồng Tháp,8,12734
2025-10-31,MN,Cà Mau,ĐB,58435
2025-10-31,MN,Cà Mau,1,21350
2025-10-31,MN,Cà Mau,2,70427
2025-10-31,MN,Cà Mau,3,17888 - 65280 - 34140 - 26134 - 68300 - 48894
2025-10-31,MN,Cà Mau,4,62062 - 66340 - 33657 - 53218 - 32086 - 30100
2025-10-31,MN,Cà Mau,5,30555 - 84211 - 52154
2025-10-31,MN,Cà Mau,6,15934 - 95078 - 06535
2025-10-31,MN,Cà Mau,7,54893 - 47441 - 18373 - 67733
2025-10-31,MN,Cà Mau,8,67889
2025-11-01,MB,Hà Nội,ĐB,06219
2025-11-01,MB,Hà Nội,1,87251
2025-11-01,MB,Hà Nội,2,66810
2025-11-01,MB,Hà Nội,3,93218 - 97704 - 96129 - 83570 - 32140 - 33887
2025-11-01,MB,Hà Nội,4,65703 - 85668 - 18076 - 01336 - 20110 - 03582
2025-11-01,MB,Hà Nội,5,18442 - 71298 - 51609
2025-11-01,MB,Hà Nội,6,74123 - 62996 - 99801
2025-11-01,MB,Hà Nội,7,18690 - 93129 - 70925 - 11394
2025-11-01,MT,Đà Nẵng,ĐB,62153
2025-11-01,MT,Đà Nẵng,1,65140
2025-11-01,MT,Đà Nẵng,2,23390
2025-11-01,MT,Đà Nẵng,3,84495 - 62610 - 28986 - 51904 - 23497 - 33796
2025-11-01,MT,Đà Nẵng,4,74846 - 53138 - 91450 - 89659 - 55021 - 17743
2025-11-01,MT,Đà Nẵng,5,09771 - 48556 - 13691
2025-11-01,MT,Đà Nẵng,6,84430 - 75412 - 12272
2025-11-01,MT,Đà Nẵng,7,05432 - 59650 - 46199 - 65875
2025-11-01,MT,Đà Nẵng,8,82018
2025-11-01,MT,Khánh Hòa,ĐB,18871
2025-11-01,MT,Khánh Hòa,1,32826
2025-11-01,MT,Khánh Hòa,2,18332
2025-11-01,MT,Khánh Hòa,3,79315 - 47327 - 86108 - 10027 - 65517 - 16589
2025-11-01,MT,Khánh Hòa,4,58147 - 51005 - 79465 - 47268 - 49414 - 12448
2025-11-01,MT,Khánh Hòa,5,54087 - 03034 - 90234
2025-11-01,MT,Khánh Hòa,6,12187 - 56119 - 87057
2025-11-01,MT,Khánh Hòa,7,81342 - 96091 - 72368 - 97767
2025-11-01,MT,Khánh Hòa,8,29637
2025-11-01,MN,TP. HCM,ĐB,68258
2025-11-01,MN,TP. HCM,1,27106
2025-11-01,MN,TP. HCM,2,09705
2025-11-01,MN,TP. HCM,3,04809 - 71285 - 70895 - 49393 - 42472 - 64149
2025-11-01,MN,TP. HCM,4,02359 - 31896 - 52329 - 84082 - 61805 - 90776
2025-11-01,MN,TP. HCM,5,80266 - 18032 - 52449
2025-11-01,MN,TP. HCM,6,69459 - 78897 - 11374
2025-11-01,MN,TP. HCM,7,03932 - 03729 - 02986 - 98513
2025-11-01,MN,TP. HCM,8,98086
2025-11-01,MN,Đồng Tháp,ĐB,76244
2025-11-01,MN,Đồng Tháp,1,34753
2025-11-01,MN,Đồng Tháp,2,27949
2025-11-01,MN,Đồng Tháp,3,04324 - 70529 - 09097 - 33452 - 80391 - 90652
2025-11-01,MN,Đồng Tháp,4,29131 - 52685 - 64678 - 17325 - 40027 - 57445
2025-11-01,MN,Đồng Tháp,5,14194 - 18105 - 70457
2025-11-01,MN,Đồng Tháp,6,47293 - 86251 - 38966
2025-11-01,MN,Đồng Tháp,7,34681 - 76164 - 77090 - 87308
2025-11-01,MN,Đồng Tháp,8,20610
2025-11-01,MN,Cà Mau,ĐB,15242
2025-11-01,MN,Cà Mau,1,92209
2025-11-01,MN,Cà Mau,2,28369
2025-11-01,MN,Cà Mau,3,15911 - 91711 - 65392 - 90976 - 44410 - 75998
2025-11-01,MN,Cà Mau,4,51185 - 24962 - 55332 - 89620 - 09575 - 72578
2025-11-01,MN,Cà Mau,5,74985 - 39474 - 89429
2025-11-01,MN,Cà Mau,6,58120 - 12550 - 57413
2025-11-01,MN,Cà Mau,7,05526 - 40797 - 90616 - 62018
2025-11-01,MN,Cà Mau,8,92688
2025-11-02,MB,Hà Nội,ĐB,18207
2025-11-02,MB,Hà Nội,1,97191
2025-11-02,MB,Hà Nội,2,89686
2025-11-02,MB,Hà Nội,3,73191 - 25552 - 38015 - 00935 - 77159 - 46771
2025-11-02,MB,Hà Nội,4,67759 - 68389 - 19874 - 18783 - 90695 - 74446
2025-11-02,MB,Hà Nội,5,33195 - 23726 - 57996
2025-11-02,MB,Hà Nội,6,53175 - 02724 - 03950
2025-11-02,MB,Hà Nội,7,81839 - 90898 - 10649 - 88660
2025-11-02,MT,Đà Nẵng,ĐB,14295
2025-11-02,MT,Đà Nẵng,1,37628
2025-11-02,MT,Đà Nẵng,2,74608
2025-11-02,MT,Đà Nẵng,3,16474 - 27528 - 45197 - 58210 - 28140 - 12003
2025-11-02,MT,Đà Nẵng,4,69318 - 24067 - 66608 - 40041 - 13127 - 02343
2025-11-02,MT,Đà Nẵng,5,67221 - 38072 - 56077
2025-11-02,MT,Đà Nẵng,6,00309 - 93164 - 55951
2025-11-02,MT,Đà Nẵng,7,26110 - 68318 - 21469 - 47121
2025-11-02,MT,Đà Nẵng,8,79285
2025-11-02,MT,Khánh Hòa,ĐB,33947
2025-11-02,MT,Khánh Hòa,1,50226
2025-11-02,MT,Khánh Hòa,2,58689
2025-11-02,MT,Khánh Hòa,3,35914 - 79080 - 54685 - 15662 - 69219 - 98148
2025-11-02,MT,Khánh Hòa,4,88206 - 93551 - 01882 - 65742 - 48350 - 25729
2025-11-02,MT,Khánh Hòa,5,48270 - 31826 - 12064
2025-11-02,MT,Khánh Hòa,6,22790 - 31279 - 83975
2025-11-02,MT,Khánh Hòa,7,83354 - 26073 - 78513 - 43095
2025-11-02,MT,Khánh Hòa,8,32554
2025-11-02,MN,TP. HCM,ĐB,49343
2025-11-02,MN,TP. HCM,1,58608
2025-11-02,MN,TP. HCM,2,07716
2025-11-02,MN,TP. HCM,3,87524 - 97186 - 17140 - 31967 - 05018 - 38581
2025-11-02,MN,TP. HCM,4,01689 - 34610 - 22367 - 13636 - 08615 - 71093
2025-11-02,MN,TP. HCM,5,18025 - 78844 - 29488
2025-11-02,MN,TP. HCM,6,69462 - 42170 - 58894
2025-11-02,MN,TP. HCM,7,51880 - 96981 - 19372 - 78795
2025-11-02,MN,TP. HCM,8,22321
2025-11-02,MN,Đồng Tháp,ĐB,65695
2025-11-02,MN,Đồng Tháp,1,89872
2025-11-02,MN,Đồng Tháp,2,00943
2025-11-02,MN,Đồng Tháp,3,09499 - 87445 - 99528 - 53856 - 11614 - 26864
2025-11-02,MN,Đồng Tháp,4,84100 - 98456 - 61327 - 96937 - 42372 - 26563
2025-11-02,MN,Đồng Tháp,5,89938 - 59402 - 38468
2025-11-02,MN,Đồng Tháp,6,62403 - 66415 - 63002
2025-11-02,MN,Đồng Tháp,7,50072 - 83337 - 14282 - 97255
2025-11-02,MN,Đồng Tháp,8,85525
2025-11-02,MN,Cà Mau,ĐB,46738
2025-11-02,MN,Cà Mau,1,44363
2025-11-02,MN,Cà Mau,2,72255
2025-11-02,MN,Cà Mau,3,42394 - 31733 - 00771 - 98936 - 11865 - 54554
2025-11-02,MN,Cà Mau,4,14341 - 32400 - 31534 - 80534 - 91938 - 39146
2025-11-02,MN,Cà Mau,5,77533 - 78474 - 74605
2025-11-02,MN,Cà Mau,6,05757 - 30978 - 65490
2025-11-02,MN,Cà Mau,7,49797 - 04262 - 30869 - 99920
2025-11-02,MN,Cà Mau,8,48163
2025-11-03,MB,Hà Nội,ĐB,92946
2025-11-03,MB,Hà Nội,1,68139
2025-11-03,MB,Hà Nội,2,02285
2025-11-03,MB,Hà Nội,3,48833 - 78254 - 71808 - 87881 - 62317 - 31285
2025-11-03,MB,Hà Nội,4,38872 - 24540 - 20316 - 01999 - 35209 - 89106
2025-11-03,MB,Hà Nội,5,82917 - 35838 - 89287
2025-11-03,MB,Hà Nội,6,39481 - 08427 - 06884
2025-11-03,MB,Hà Nội,7,67948 - 65475 - 99088 - 65501
2025-11-03,MT,Đà Nẵng,ĐB,95269
2025-11-03,MT,Đà Nẵng,1,91722
2025-11-03,MT,Đà Nẵng,2,31314
2025-11-03,MT,Đà Nẵng,3,45059 - 30516 - 25894 - 43816 - 69011 - 95172
2025-11-03,MT,Đà Nẵng,4,41081 - 30360 - 84519 - 39958 - 36774 - 91701
2025-11-03,MT,Đà Nẵng,5,40608 - 64547 - 88782
2025-11-03,MT,Đà Nẵng,6,29729 - 57008 - 12814
2025-11-03,MT,Đà Nẵng,7,19218 - 47645 - 39814 - 25818
2025-11-03,MT,Đà Nẵng,8,23020
2025-11-03,MT,Khánh Hòa,ĐB,79340
2025-11-03,MT,Khánh Hòa,1,69975
2025-11-03,MT,Khánh Hòa,2,66947
2025-11-03,MT,Khánh Hòa,3,39684 - 54169 - 47856 - 61200 - 42610 - 76548
2025-11-03,MT,Khánh Hòa,4,83102 - 91619 - 55996 - 09967 - 20729 - 38169
2025-11-03,MT,Khánh Hòa,5,11329 - 07659 - 57274
2025-11-03,MT,Khánh Hòa,6,13529 - 33148 - 10153
2025-11-03,MT,Khánh Hòa,7,85370 - 64315 - 07386 - 64748
2025-11-03,MT,Khánh Hòa,8,78519
2025-11-03,MN,TP. HCM,ĐB,34457
2025-11-03,MN,TP. HCM,1,05824
2025-11-03,MN,TP. HCM,2,27273
2025-11-03,MN,TP. HCM,3,27897 - 08786 - 35401 - 10558 - 21048 - 20564
2025-11-03,MN,TP. HCM,4,25555 - 79351 - 81811 - 14143 - 57712 - 89082
2025-11-03,MN,TP. HCM,5,89314 - 11250 - 00128
2025-11-03,MN,TP. HCM,6,45667 - 89875 - 74697
2025-11-03,MN,TP. HCM,7,40102 - 56416 - 07938 - 81078
2025-11-03,MN,TP. HCM,8,10197
2025-11-03,MN,Đồng Tháp,ĐB,08111
2025-11-03,MN,Đồng Tháp,1,60984
2025-11-03,MN,Đồng Tháp,2,15263
2025-11-03,MN,Đồng Tháp,3,66138 - 89494 - 54126 - 55252 - 39059 - 37739
2025-11-03,MN,Đồng Tháp,4,95420 - 88621 - 76933 - 31608 - 16870 - 22948
2025-11-03,MN,Đồng Tháp,5,24188 - 19802 - 35964
2025-11-03,MN,Đồng Tháp,6,42098 - 65748 - 90582
2025-11-03,MN,Đồng Tháp,7,96881 - 39776 - 76116 - 94979
2025-11-03,MN,Đồng Tháp,8,98168
2025-11-03,MN,Cà Mau,ĐB,97061
2025-11-03,MN,Cà Mau,1,89797
2025-11-03,MN,Cà Mau,2,31733
2025-11-03,MN,Cà Mau,3,27565 - 44113 - 81562 - 75446 - 28295 - 59185
2025-11-03,MN,Cà Mau,4,82205 - 71384 - 15988 - 65153 - 80130 - 02496
2025-11-03,MN,Cà Mau,5,76812 - 98706 - 42578
2025-11-03,MN,Cà Mau,6,95459 - 50677 - 25828
2025-11-03,MN,Cà Mau,7,28240 - 43121 - 64617 - 21462
2025-11-03,MN,Cà Mau,8,48957
2025-11-04,MB,Hà Nội,ĐB,48758
2025-11-04,MB,Hà Nội,1,68757
2025-11-04,MB,Hà Nội,2,36064
2025-11-04,MB,Hà Nội,3,17257 - 57261 - 11697 - 62189 - 07458 - 59054
2025-11-04,MB,Hà Nội,4,55455 - 83773 - 31042 - 49864 - 86080 - 56693
2025-11-04,MB,Hà Nội,5,64475 - 99776 - 66061
2025-11-04,MB,Hà Nội,6,35317 - 86241 - 21375
2025-11-04,MB,Hà Nội,7,66628 - 18262 - 12825 - 09177
2025-11-04,MT,Đà Nẵng,ĐB,83280
2025-11-04,MT,Đà Nẵng,1,73298
2025-11-04,MT,Đà Nẵng,2,29041
2025-11-04,MT,Đà Nẵng,3,95206 - 34773 - 54734 - 20890 - 68415 - 79659
2025-11-04,MT,Đà Nẵng,4,62952 - 06570 - 19806 - 19424 - 97041 - 18024
2025-11-04,MT,Đà Nẵng,5,18738 - 18200 - 40910
2025-11-04,MT,Đà Nẵng,6,55743 - 10105 - 89040
2025-11-04,MT,Đà Nẵng,7,67438 - 92600 - 97325 - 16168
2025-11-04,MT,Đà Nẵng,8,83859
2025-11-04,MT,Khánh Hòa,ĐB,91833
2025-11-04,MT,Khánh Hòa,1,80181
2025-11-04,MT,Khánh Hòa,2,07313
2025-11-04,MT,Khánh Hòa,3,10948 - 50070 - 96951 - 13546 - 52545 - 64053
2025-11-04,MT,Khánh Hòa,4,58892 - 35588 - 40956 - 83855 - 15789 - 99450
2025-11-04,MT,Khánh Hòa,5,64731 - 55448 - 91849
2025-11-04,MT,Khánh Hòa,6,45950 - 94512 - 52704
2025-11-04,MT,Khánh Hòa,7,39407 - 48016 - 26772 - 54489
2025-11-04,MT,Khánh Hòa,8,84464
2025-11-04,MN,TP. HCM,ĐB,81741
2025-11-04,MN,TP. HCM,1,84287
2025-11-04,MN,TP. HCM,2,84380
2025-11-04,MN,TP. HCM,3,47384 - 69656 - 46213 - 90526 - 05224 - 81522
2025-11-04,MN,TP. HCM,4,46359 - 84393 - 00261 - 65234 - 51953 - 08456
2025-11-04,MN,TP. HCM,5,11301 - 62099 - 38252
2025-11-04,MN,TP. HCM,6,85990 - 17755 - 21346
2025-11-04,MN,TP. HCM,7,16425 - 37612 - 88144 - 49725
2025-11-04,MN,TP. HCM,8,85948
2025-11-04,MN,Đồng Tháp,ĐB,62947
2025-11-04,MN,Đồng Tháp,1,62773
2025-11-04,MN,Đồng Tháp,2,25613
2025-11-04,MN,Đồng Tháp,3,31246 - 83138 - 60785 - 08575 - 84700 - 00518
2025-11-04,MN,Đồng Tháp,4,88109 - 62077 - 44726 - 34339 - 89474 - 09409
2025-11-04,MN,Đồng Tháp,5,63250 - 17496 - 56622
2025-11-04,MN,Đồng Tháp,6,31161 - 51082 - 93422
2025-11-04,MN,Đồng Tháp,7,03774 - 92070 - 95413 - 35196
2025-11-04,MN,Đồng Tháp,8,09425
2025-11-04,MN,Cà Mau,ĐB,12524
2025-11-04,MN,Cà Mau,1,87433
2025-11-04,MN,Cà Mau,2,37298
2025-11-04,MN,Cà Mau,3,19508 - 65612 - 53978 - 97327 - 20584 - 65163
2025-11-04,MN,Cà Mau,4,06279 - 67175 - 77415 - 90759 - 39035 - 60240
2025-11-04,MN,Cà Mau,5,03990 - 68761 - 38787
2025-11-04,MN,Cà Mau,6,26201 - 89004 - 27879
2025-11-04,MN,Cà Mau,7,15143 - 78388 - 43020 - 19531
2025-11-04,MN,Cà Mau,8,73969
2025-11-05,MB,Hà Nội,ĐB,80434
2025-11-05,MB,Hà Nội,1,06942
2025-11-05,MB,Hà Nội,2,19165
2025-11-05,MB,Hà Nội,3,80425 - 83535 - 88974 - 60373 - 42894 - 22318
2025-11-05,MB,Hà Nội,4,86594 - 19393 - 81494 - 08252 - 94467 - 46148
2025-11-05,MB,Hà Nội,5,65585 - 43084 - 66691
2025-11-05,MB,Hà Nội,6,32300 - 23454 - 09850
2025-11-05,MB,Hà Nội,7,03083 - 75680 - 24371 - 55609
2025-11-05,MT,Đà Nẵng,ĐB,80838
2025-11-05,MT,Đà Nẵng,1,75241
2025-11-05,MT,Đà Nẵng,2,67082
2025-11-05,MT,Đà Nẵng,3,25486 - 78145 - 65754 - 72539 - 93549 - 81131
2025-11-05,MT,Đà Nẵng,4,41271 - 87848 - 33945 - 93204 - 46741 - 58239
2025-11-05,MT,Đà Nẵng,5,86225 - 35340 - 16589
2025-11-05,MT,Đà Nẵng,6,29562 - 73123 - 63142
2025-11-05,MT,Đà Nẵng,7,86524 - 05105 - 99707 - 24233
2025-11-05,MT,Đà Nẵng,8,26685
2025-11-05,MT,Khánh Hòa,ĐB,20101
2025-11-05,MT,Khánh Hòa,1,06912
2025-11-05,MT,Khánh Hòa,2,94597
2025-11-05,MT,Khánh Hòa,3,84656 - 92147 - 23068 - 35072 - 77226 - 62783
2025-11-05,MT,Khánh Hòa,4,77057 - 81730 - 80169 - 80520 - 10724 - 53827
2025-11-05,MT,Khánh Hòa,5,39382 - 83773 - 00562
2025-11-05,MT,Khánh Hòa,6,81259 - 40240 - 69944
2025-11-05,MT,Khánh Hòa,7,56490 - 72836 - 85273 - 67084
2025-11-05,MT,Khánh Hòa,8,54280
2025-11-05,MN,TP. HCM,ĐB,82715
2025-11-05,MN,TP. HCM,1,07414
2025-11-05,MN,TP. HCM,2,98591
2025-11-05,MN,TP. HCM,3,76365 - 71536 - 66442 - 08362 - 41406 - 90210
2025-11-05,MN,TP. HCM,4,64756 - 38482 - 59066 - 48756 - 38699 - 43448
2025-11-05,MN,TP. HCM,5,35653 - 20240 - 53811
2025-11-05,MN,TP. HCM,6,85958 - 72679 - 78105
2025-11-05,MN,TP. HCM,7,48929 - 25494 - 50576 - 96870
2025-11-05,MN,TP. HCM,8,84726
2025-11-05,MN,Đồng Tháp,ĐB,85659
2025-11-05,MN,Đồng Tháp,1,25587
2025-11-05,MN,Đồng Tháp,2,06039
2025-11-05,MN,Đồng Tháp,3,67202 - 28156 - 12130 - 88789 - 59491 - 30661
2025-11-05,MN,Đồng Tháp,4,74132 - 06375 - 45659 - 64129 - 00859 - 30886
2025-11-05,MN,Đồng Tháp,5,18931 - 61126 - 37359
2025-11-05,MN,Đồng Tháp,6,37745 - 91104 - 95006
2025-11-05,MN,Đồng Tháp,7,96358 - 56296 - 94074 - 77562
2025-11-05,MN,Đồng Tháp,8,39100
2025-11-05,MN,Cà Mau,ĐB,07798
2025-11-05,MN,Cà Mau,1,38512
2025-11-05,MN,Cà Mau,2,95498
2025-11-05,MN,Cà Mau,3,84324 - 10733 - 55682 - 33282 - 70140 - 12064
2025-11-05,MN,Cà Mau,4,36374 - 45506 - 89146 - 39141 - 93222 - 00648
2025-11-05,MN,Cà Mau,5,91177 - 23882 - 32337
2025-11-05,MN,Cà Mau,6,56965 - 34574 - 19196
2025-11-05,MN,Cà Mau,7,33941 - 72144 - 44968 - 27420
2025-11-05,MN,Cà Mau,8,99345
2025-11-06,MB,Hà Nội,ĐB,33110
2025-11-06,MB,Hà Nội,1,23036
2025-11-06,MB,Hà Nội,2,56519
2025-11-06,MB,Hà Nội,3,34437 - 88152 - 61897 - 09210 - 13852 - 32754
2025-11-06,MB,Hà Nội,4,35949 - 84112 - 23945 - 76909 - 45804 - 45516
2025-11-06,MB,Hà Nội,5,42690 - 44644 - 21560
2025-11-06,MB,Hà Nội,6,71726 - 87428 - 07261
2025-11-06,MB,Hà Nội,7,36265 - 46093 - 75591 - 92014
2025-11-06,MT,Đà Nẵng,ĐB,32496
2025-11-06,MT,Đà Nẵng,1,48542
2025-11-06,MT,Đà Nẵng,2,35174
2025-11-06,MT,Đà Nẵng,3,09445 - 76124 - 68064 - 04526 - 62100 - 41230
2025-11-06,MT,Đà Nẵng,4,38725 - 58636 - 08806 - 43105 - 05485 - 46064
2025-11-06,MT,Đà Nẵng,5,97795 - 81880 - 30583
2025-11-06,MT,Đà Nẵng,6,28912 - 15133 - 40547
2025-11-06,MT,Đà Nẵng,7,16402 - 68067 - 19292 - 36929
2025-11-06,MT,Đà Nẵng,8,56077
2025-11-06,MT,Khánh Hòa,ĐB,28464
2025-11-06,MT,Khánh Hòa,1,43813
2025-11-06,MT,Khánh Hòa,2,59848
2025-11-06,MT,Khánh Hòa,3,56006 - 23376 - 68418 - 71910 - 23998 - 16668
2025-11-06,MT,Khánh Hòa,4,87822 - 77288 - 83936 - 40683 - 89607 - 41838
2025-11-06,MT,Khánh Hòa,5,17622 - 67526 - 16047
2025-11-06,MT,Khánh Hòa,6,28441 - 54815 - 76759
2025-11-06,MT,Khánh Hòa,7,14546 - 46697 - 42008 - 15371
2025-11-06,MT,Khánh Hòa,8,00955
2025-11-06,MN,TP. HCM,ĐB,42786
2025-11-06,MN,TP. HCM,1,79527
2025-11-06,MN,TP. HCM,2,98916
2025-11-06,MN,TP. HCM,3,81460 - 62404 - 27357 - 45856 - 90656 - 16927
2025-11-06,MN,TP. HCM,4,24653 - 82024 - 52675 - 05270 - 99206 - 24320
2025-11-06,MN,TP. HCM,5,01203 - 11117 - 50146
2025-11-06,MN,TP. HCM,6,85104 - 40095 - 06560
2025-11-06,MN,TP. HCM,7,55250 - 40097 - 59923 - 19041
2025-11-06,MN,TP. HCM,8,84937
2025-11-06,MN,Đồng Tháp,ĐB,08819
2025-11-06,MN,Đồng Tháp,1,28132
2025-11-06,MN,Đồng Tháp,2,79657
2025-11-06,MN,Đồng Tháp,3,78620 - 13307 - 41009 - 09221 - 33687 - 90016
2025-11-06,MN,Đồng Tháp,4,66876 - 35396 - 09365 - 43353 - 33791 - 67300
2025-11-06,MN,Đồng Tháp,5,24521 - 14259 - 26834
2025-11-06,MN,Đồng Tháp,6,05377 - 95240 - 12778
2025-11-06,MN,Đồng Tháp,7,96387 - 75744 - 82783 - 68449
2025-11-06,MN,Đồng Tháp,8,89174
2025-11-06,MN,Cà Mau,ĐB,78177
2025-11-06,MN,Cà Mau,1,08032
2025-11-06,MN,Cà Mau,2,03745
2025-11-06,MN,Cà Mau,3,69731 - 13116 - 98033 - 82350 - 02274 - 02621
2025-11-06,MN,Cà Mau,4,97479 - 97530 - 63636 - 15045 - 84711 - 88702
2025-11-06,MN,Cà Mau,5,46166 - 49479 - 64641
2025-11-06,MN,Cà Mau,6,72064 - 31464 - 14393
2025-11-06,MN,Cà Mau,7,00105 - 45958 - 02076 - 63200
2025-11-06,MN,Cà Mau,8,45639
2025-11-07,MB,Hà Nội,ĐB,40375
2025-11-07,MB,Hà Nội,1,68418
2025-11-07,MB,Hà Nội,2,30942
2025-11-07,MB,Hà Nội,3,76661 - 37617 - 58398 - 41026 - 89854 - 95390
2025-11-07,MB,Hà Nội,4,20842 - 38567 - 16218 - 79706 - 13710 - 91786
2025-11-07,MB,Hà Nội,5,20777 - 45952 - 87671
2025-11-07,MB,Hà Nội,6,59319 - 92269 - 90738
2025-11-07,MB,Hà Nội,7,99393 - 37834 - 13751 - 57418
2025-11-07,MT,Đà Nẵng,ĐB,48257
2025-11-07,MT,Đà Nẵng,1,24495
2025-11-07,MT,Đà Nẵng,2,86597
2025-11-07,MT,Đà Nẵng,3,51928 - 56802 - 39667 - 21410 - 25696 - 12909
2025-11-07,MT,Đà Nẵng,4,33327 - 46078 - 95249 - 79573 - 25859 - 66870
2025-11-07,MT,Đà Nẵng,5,51192 - 35901 - 35144
2025-11-07,MT,Đà Nẵng,6,88815 - 65215 - 60913
2025-11-07,MT,Đà Nẵng,7,62993 - 67948 - 79180 - 47376
2025-11-07,MT,Đà Nẵng,8,61034
2025-11-07,MT,Khánh Hòa,ĐB,59216
2025-11-07,MT,Khánh Hòa,1,43879
2025-11-07,MT,Khánh Hòa,2,61579
2025-11-07,MT,Khánh Hòa,3,43505 - 64382 - 94306 - 30228 - 91909 - 85895
2025-11-07,MT,Khánh Hòa,4,06729 - 09456 - 54853 - 49950 - 32516 - 00626
2025-11-07,MT,Khánh Hòa,5,02250 - 75086 - 51503
2025-11-07,MT,Khánh Hòa,6,76413 - 82967 - 54112
2025-11-07,MT,Khánh Hòa,7,42681 - 89331 - 92292 - 49072
2025-11-07,MT,Khánh Hòa,8,02486
2025-11-07,MN,TP. HCM,ĐB,53413
2025-11-07,MN,TP. HCM,1,78943
2025-11-07,MN,TP. HCM,2,26865
2025-11-07,MN,TP. HCM,3,41677 - 89659 - 84034 - 57519 - 43559 - 60424
2025-11-07,MN,TP. HCM,4,52708 - 01588 - 08003 - 67242 - 42549 - 74376
2025-11-07,MN,TP. HCM,5,75387 - 07808 - 35691
2025-11-07,MN,TP. HCM,6,20957 - 42708 - 24223
2025-11-07,MN,TP. HCM,7,30339 - 61893 - 08935 - 38680
2025-11-07,MN,TP. HCM,8,60207
2025-11-07,MN,Đồng Tháp,ĐB,18424
2025-11-07,MN,Đồng Tháp,1,21951
2025-11-07,MN,Đồng Tháp,2,78793
2025-11-07,MN,Đồng Tháp,3,85049 - 23385 - 80330 - 39944 - 20655 - 15675
2025-11-07,MN,Đồng Tháp,4,59479 - 76789 - 66663 - 85355 - 21028 - 71162
2025-11-07,MN,Đồng Tháp,5,29059 - 46986 - 12269
2025-11-07,MN,Đồng Tháp,6,10954 - 11988 - 61508
2025-11-07,MN,Đồng Tháp,7,59981 - 84928 - 91648 - 53660
2025-11-07,MN,Đồng Tháp,8,74052
2025-11-07,MN,Cà Mau,ĐB,80854
2025-11-07,MN,Cà Mau,1,72169
2025-11-07,MN,Cà Mau,2,03097
2025-11-07,MN,Cà Mau,3,38899 - 70544 - 04318 - 70919 - 22104 - 97514
2025-11-07,MN,Cà Mau,4,61073 - 33427 - 93807 - 40500 - 27706 - 06491
2025-11-07,MN,Cà Mau,5,37222 - 23672 - 56997
2025-11-07,MN,Cà Mau,6,47799 - 22712 - 21478
2025-11-07,MN,Cà Mau,7,80880 - 10472 - 00307 - 19575
2025-11-07,MN,Cà Mau,8,50899
2025-11-08,MB,Hà Nội,ĐB,35035
2025-11-08,MB,Hà Nội,1,73674
2025-11-08,MB,Hà Nội,2,93899
2025-11-08,MB,Hà Nội,3,89653 - 47440 - 25329 - 13034 - 16823 - 09933
2025-11-08,MB,Hà Nội,4,56887 - 42774 - 44577 - 90453 - 05748 - 18425
2025-11-08,MB,Hà Nội,5,73342 - 34110 - 36145
2025-11-08,MB,Hà Nội,6,08516 - 37733 - 14695
2025-11-08,MB,Hà Nội,7,14100 - 95425 - 41386 - 29218
2025-11-08,MT,Đà Nẵng,ĐB,10515
2025-11-08,MT,Đà Nẵng,1,43292
2025-11-08,MT,Đà Nẵng,2,15071
2025-11-08,MT,Đà Nẵng,3,57814 - 47915 - 25054 - 41791 - 06318 - 42837
2025-11-08,MT,Đà Nẵng,4,36688 - 50725 - 74677 - 54053 - 80223 - 57006
2025-11-08,MT,Đà Nẵng,5,66150 - 16983 - 96646
2025-11-08,MT,Đà Nẵng,6,02044 - 27667 - 48038
2025-11-08,MT,Đà Nẵng,7,65865 - 26016 - 75336 - 95786
2025-11-08,MT,Đà Nẵng,8,29546
2025-11-08,MT,Khánh Hòa,ĐB,09098
2025-11-08,MT,Khánh Hòa,1,65635
2025-11-08,MT,Khánh Hòa,2,50014
2025-11-08,MT,Khánh Hòa,3,36134 - 42919 - 64713 - 09050 - 19691 - 49509
2025-11-08,MT,Khánh Hòa,4,09376 - 70305 - 13634 - 32587 - 44733 - 50565
2025-11-08,MT,Khánh Hòa,5,04748 - 11360 - 04654
2025-11-08,MT,Khánh Hòa,6,29012 - 71379 - 14503
2025-11-08,MT,Khánh Hòa,7,21695 - 79318 - 74573 - 78040
2025-11-08,MT,Khánh Hòa,8,19641
2025-11-08,MN,TP. HCM,ĐB,03592
2025-11-08,MN,TP. HCM,1,52324
2025-11-08,MN,TP. HCM,2,31837
2025-11-08,MN,TP. HCM,3,48781 - 21606 - 77954 - 17667 - 79761 - 64527
2025-11-08,MN,TP. HCM,4,98188 - 91843 - 26288 - 49461 - 21210 - 04107
2025-11-08,MN,TP. HCM,5,57371 - 21798 - 38448
2025-11-08,MN,TP. HCM,6,79855 - 09667 - 52089
2025-11-08,MN,TP. HCM,7,35982 - 30890 - 54294 - 21133
2025-11-08,MN,TP. HCM,8,49760
2025-11-08,MN,Đồng Tháp,ĐB,76124
2025-11-08,MN,Đồng Tháp,1,45778
2025-11-08,MN,Đồng Tháp,2,12967
2025-11-08,MN,Đồng Tháp,3,30685 - 13494 - 52872 - 73130 - 11617 - 45650
2025-11-08,MN,Đồng Tháp,4,28657 - 99046 - 65172 - 64747 - 14027 - 22380
2025-11-08,MN,Đồng Tháp,5,07202 - 36797 - 23641
2025-11-08,MN,Đồng Tháp,6,04972 - 69816 - 81309
2025-11-08,MN,Đồng Tháp,7,44943 - 12906 - 18412 - 09507
2025-11-08,MN,Đồng Tháp,8,13481
2025-11-08,MN,Cà Mau,ĐB,28497
2025-11-08,MN,Cà Mau,1,72109
2025-11-08,MN,Cà Mau,2,29753
2025-11-08,MN,Cà Mau,3,36864 - 84514 - 72569 - 94694 - 80174 - 79748
2025-11-08,MN,Cà Mau,4,34718 - 01823 - 43378 - 70863 - 00292 - 59160
2025-11-08,MN,Cà Mau,5,54330 - 40830 - 02672
2025-11-08,MN,Cà Mau,6,28768 - 07398 - 30855
2025-11-08,MN,Cà Mau,7,77770 - 73612 - 52434 - 46541
2025-11-08,MN,Cà Mau,8,45930
2025-11-09,MB,Hà Nội,ĐB,45338
2025-11-09,MB,Hà Nội,1,59792
2025-11-09,MB,Hà Nội,2,53463
2025-11-09,MB,Hà Nội,3,87241 - 48233 - 01790 - 70136 - 45291 - 21137
2025-11-09,MB,Hà Nội,4,20663 - 72434 - 57792 - 15921 - 96164 - 69943
2025-11-09,MB,Hà Nội,5,60078 - 32200 - 56841
2025-11-09,MB,Hà Nội,6,35818 - 85359 - 39863
2025-11-09,MB,Hà Nội,7,82118 - 37449 - 41626 - 97928
2025-11-09,MT,Đà Nẵng,ĐB,05972
2025-11-09,MT,Đà Nẵng,1,94785
2025-11-09,MT,Đà Nẵng,2,14245
2025-11-09,MT,Đà Nẵng,3,90463 - 19778 - 78550 - 82489 - 23316 - 16156
2025-11-09,MT,Đà Nẵng,4,84199 - 52430 - 96626 - 97814 - 76322 - 80333
2025-11-09,MT,Đà Nẵng,5,57385 - 57224 - 15452
2025-11-09,MT,Đà Nẵng,6,08851 - 59486 - 19704
2025-11-09,MT,Đà Nẵng,7,73354 - 88586 - 19752 - 94834
2025-11-09,MT,Đà Nẵng,8,85619
2025-11-09,MT,Khánh Hòa,ĐB,27413
2025-11-09,MT,Khánh Hòa,1,03868
2025-11-09,MT,Khánh Hòa,2,47718
2025-11-09,MT,Khánh Hòa,3,56300 - 27730 - 77914 - 46287 - 76320 - 95670
2025-11-09,MT,Khánh Hòa,4,30784 - 16574 - 42449 - 94613 - 90718 - 54276
2025-11-09,MT,Khánh Hòa,5,90086 - 74059 - 28085
2025-11-09,MT,Khánh Hòa,6,76405 - 68774 - 19819
2025-11-09,MT,Khánh Hòa,7,14211 - 99211 - 98772 - 52985
2025-11-09,MT,Khánh Hòa,8,69089
2025-11-09,MN,TP. HCM,ĐB,12005
2025-11-09,MN,TP. HCM,1,56283
2025-11-09,MN,TP. HCM,2,29330
2025-11-09,MN,TP. HCM,3,79518 - 60395 - 11078 - 44080 - 99055 - 42469
2025-11-09,MN,TP. HCM,4,01584 - 25944 - 18985 - 62362 - 45372 - 12678
2025-11-09,MN,TP. HCM,5,60338 - 95278 - 71156
2025-11-09,MN,TP. HCM,6,95158 - 94605 - 51401
2025-11-09,MN,TP. HCM,7,52284 - 27962 - 17572 - 72225
2025-11-09,MN,TP. HCM,8,66788
2025-11-09,MN,Đồng Tháp,ĐB,64372
2025-11-09,MN,Đồng Tháp,1,36047
2025-11-09,MN,Đồng Tháp,2,96373
2025-11-09,MN,Đồng Tháp,3,52448 - 79065 - 30839 - 50350 - 91883 - 85237
2025-11-09,MN,Đồng Tháp,4,38633 - 76048 - 92769 - 98501 - 49051 - 81009
2025-11-09,MN,Đồng Tháp,5,02250 - 98332 - 95386
2025-11-09,MN,Đồng Tháp,6,65782 - 64502 - 27852
2025-11-09,MN,Đồng Tháp,7,64316 - 45786 - 96248 - 77095
2025-11-09,MN,Đồng Tháp,8,10551
2025-11-09,MN,Cà Mau,ĐB,03245
2025-11-09,MN,Cà Mau,1,61188
2025-11-09,MN,Cà Mau,2,00125
2025-11-09,MN,Cà Mau,3,00202 - 60415 - 61333 - 25836 - 81493 - 00842
2025-11-09,MN,Cà Mau,4,51641 - 72181 - 35608 - 42260 - 32851 - 41396
2025-11-09,MN,Cà Mau,5,84316 - 19019 - 64160
2025-11-09,MN,Cà Mau,6,68590 - 31058 - 89048
2025-11-09,MN,Cà Mau,7,20960 - 22181 - 58871 - 60590
2025-11-09,MN,Cà Mau,8,70287
2025-11-10,MB,Hà Nội,ĐB,21508
2025-11-10,MB,Hà Nội,1,88170
2025-11-10,MB,Hà Nội,2,12600
2025-11-10,MB,Hà Nội,3,06435 - 72273 - 08943 - 23104 - 35210 - 02479
2025-11-10,MB,Hà Nội,4,54625 - 13367 - 75846 - 13007 - 41107 - 83662
2025-11-10,MB,Hà Nội,5,45728 - 82357 - 28411
2025-11-10,MB,Hà Nội,6,21012 - 54514 - 63609
2025-11-10,MB,Hà Nội,7,68605 - 19404 - 69673 - 25432
2025-11-10,MT,Đà Nẵng,ĐB,44952
2025-11-10,MT,Đà Nẵng,1,03517
2025-11-10,MT,Đà Nẵng,2,90059
2025-11-10,MT,Đà Nẵng,3,51239 - 98433 - 12886 - 52025 - 36837 - 84644
2025-11-10,MT,Đà Nẵng,4,47051 - 55936 - 84391 - 19624 - 67714 - 15815
2025-11-10,MT,Đà Nẵng,5,65582 - 30197 - 28864
2025-11-10,MT,Đà Nẵng,6,87855 - 72604 - 20906
2025-11-10,MT,Đà Nẵng,7,02526 - 88691 - 33498 - 24237
2025-11-10,MT,Đà Nẵng,8,70258
2025-11-10,MT,Khánh Hòa,ĐB,08477
2025-11-10,MT,Khánh Hòa,1,95142
2025-11-10,MT,Khánh Hòa,2,83071
2025-11-10,MT,Khánh Hòa,3,99267 - 16119 - 77558 - 49713 - 42135 - 32063
2025-11-10,MT,Khánh Hòa,4,44761 - 86801 - 28786 - 28852 - 03972 - 03692
2025-11-10,MT,Khánh Hòa,5,11402 - 97731 - 05931
2025-11-10,MT,Khánh Hòa,6,93465 - 74726 - 82448
2025-11-10,MT,Khánh Hòa,7,23129 - 16041 - 10014 - 47095
2025-11-10,MT,Khánh Hòa,8,07503
2025-11-10,MN,TP. HCM,ĐB,77286
2025-11-10,MN,TP. HCM,1,74515
2025-11-10,MN,TP. HCM,2,76105
2025-11-10,MN,TP. HCM,3,49570 - 52032 - 06557 - 53116 - 39324 - 96762
2025-11-10,MN,TP. HCM,4,52236 - 47330 - 53665 - 11624 - 89551 - 98050
2025-11-10,MN,TP. HCM,5,36915 - 60368 - 14435
2025-11-10,MN,TP. HCM,6,40767 - 55860 - 27528
2025-11-10,MN,TP. HCM,7,51333 - 13349 - 34095 - 94910
2025-11-10,MN,TP. HCM,8,62610
2025-11-10,MN,Đồng Tháp,ĐB,66216
2025-11-10,MN,Đồng Tháp,1,43178
2025-11-10,MN,Đồng Tháp,2,94794
2025-11-10,MN,Đồng Tháp,3,89836 - 41315 - 40675 - 76464 - 59684 - 68089
2025-11-10,MN,Đồng Tháp,4,52387 - 22218 - 69163 - 93554 - 27065 - 49831
2025-11-10,MN,Đồng Tháp,5,63324 - 90685 - 14813
2025-11-10,MN,Đồng Tháp,6,10386 - 19934 - 33267
2025-11-10,MN,Đồng Tháp,7,81391 - 71495 - 95361 - 82378
2025-11-10,MN,Đồng Tháp,8,92437
2025-11-10,MN,Cà Mau,ĐB,05576
2025-11-10,MN,Cà Mau,1,09010
2025-11-10,MN,Cà Mau,2,53364
2025-11-10,MN,Cà Mau,3,25637 - 25691 - 18198 - 29439 - 27626 - 42710
2025-11-10,MN,Cà Mau,4,52305 - 74388 - 83185 - 00554 - 58115 - 46152
2025-11-10,MN,Cà Mau,5,75834 - 30570 - 36365
2025-11-10,MN,Cà Mau,6,25579 - 34111 - 64162
2025-11-10,MN,Cà Mau,7,70842 - 05837 - 38407 - 87485
2025-11-10,MN,Cà Mau,8,59281
2025-11-11,MB,Hà Nội,ĐB,87612
2025-11-11,MB,Hà Nội,1,26385
2025-11-11,MB,Hà Nội,2,83322
2025-11-11,MB,Hà Nội,3,38212 - 16945 - 34680 - 91383 - 40027 - 69332
2025-11-11,MB,Hà Nội,4,76717 - 87659 - 46435 - 60520 - 99311 - 99242
2025-11-11,MB,Hà Nội,5,62426 - 89366 - 86216
2025-11-11,MB,Hà Nội,6,40086 - 10998 - 44658
2025-11-11,MB,Hà Nội,7,61744 - 64671 - 64038 - 92025
2025-11-11,MT,Đà Nẵng,ĐB,69188
2025-11-11,MT,Đà Nẵng,1,05081
2025-11-11,MT,Đà Nẵng,2,11522
2025-11-11,MT,Đà Nẵng,3,42723 - 45965 - 49986 - 20709 - 28186 - 95209
2025-11-11,MT,Đà Nẵng,4,34483 - 85653 - 48898 - 76410 - 66584 - 62874
2025-11-11,MT,Đà Nẵng,5,36338 - 58592 - 94273
2025-11-11,MT,Đà Nẵng,6,91001 - 63501 - 82260
2025-11-11,MT,Đà Nẵng,7,65532 - 09004 - 76577 - 43731
2025-11-11,MT,Đà Nẵng,8,99701
2025-11-11,MT,Khánh Hòa,ĐB,39235
2025-11-11,MT,Khánh Hòa,1,22525
2025-11-11,MT,Khánh Hòa,2,70716
2025-11-11,MT,Khánh Hòa,3,26917 - 56857 - 48113 - 23518 - 89540 - 58577
2025-11-11,MT,Khánh Hòa,4,77101 - 54470 - 93189 - 08030 - 68741 - 30733
2025-11-11,MT,Khánh Hòa,5,79615 - 83056 - 21128
2025-11-11,MT,Khánh Hòa,6,42812 - 80483 - 68097
2025-11-11,MT,Khánh Hòa,7,48763 - 13332 - 95403 - 49076
2025-11-11,MT,Khánh Hòa,8,60485
2025-11-11,MN,TP. HCM,ĐB,42189
2025-11-11,MN,TP. HCM,1,67932
2025-11-11,MN,TP. HCM,2,38440
2025-11-11,MN,TP. HCM,3,50415 - 75456 - 22142 - 86516 - 09678 - 74193
2025-11-11,MN,TP. HCM,4,24360 - 14631 - 99046 - 63554 - 76895 - 71997
2025-11-11,MN,TP. HCM,5,74054 - 56629 - 22456
2025-11-11,MN,TP. HCM,6,16884 - 10799 - 14276
2025-11-11,MN,TP. HCM,7,27722 - 63732 - 89079 - 39884
2025-11-11,MN,TP. HCM,8,26870
2025-11-11,MN,Đồng Tháp,ĐB,47801
2025-11-11,MN,Đồng Tháp,1,99879
2025-11-11,MN,Đồng Tháp,2,84099
2025-11-11,MN,Đồng Tháp,3,22040 - 41789 - 01379 - 60198 - 38357 - 77138
2025-11-11,MN,Đồng Tháp,4,64218 - 99481 - 60759 - 54400 - 40218 - 67481
2025-11-11,MN,Đồng Tháp,5,75044 - 76028 - 75281
2025-11-11,MN,Đồng Tháp,6,51702 - 67325 - 82537
2025-11-11,MN,Đồng Tháp,7,23190 - 73086 - 79438 - 03842
2025-11-11,MN,Đồng Tháp,8,62217
2025-11-11,MN,Cà Mau,ĐB,05467
2025-11-11,MN,Cà Mau,1,60577
2025-11-11,MN,Cà Mau,2,15771
2025-11-11,MN,Cà Mau,3,29788 - 95798 - 50445 - 21315 - 56986 - 40625
2025-11-11,MN,Cà Mau,4,63311 - 68815 - 76285 - 39991 - 02846 - 10559
2025-11-11,MN,Cà Mau,5,72124 - 25860 - 96671
2025-11-11,MN,Cà Mau,6,67939 - 02382 - 10511
2025-11-11,MN,Cà Mau,7,72008 - 29503 - 50653 - 51145
2025-11-11,MN,Cà Mau,8,82857
2025-11-12,MB,Hà Nội,ĐB,86005
2025-11-12,MB,Hà Nội,1,12589
2025-11-12,MB,Hà Nội,2,63545
2025-11-12,MB,Hà Nội,3,67220 - 94926 - 23569 - 00120 - 78913 - 99091
2025-11-12,MB,Hà Nội,4,07401 - 69667 - 07145 - 78755 - 64172 - 17254
2025-11-12,MB,Hà Nội,5,31477 - 19707 - 38805
2025-11-12,MB,Hà Nội,6,26809 - 57874 - 66496
2025-11-12,MB,Hà Nội,7,38645 - 66003 - 51016 - 06117
2025-11-12,MT,Đà Nẵng,ĐB,07532
2025-11-12,MT,Đà Nẵng,1,43654
2025-11-12,MT,Đà Nẵng,2,30453
2025-11-12,MT,Đà Nẵng,3,76742 - 35169 - 87344 - 21030 - 58269 - 83016
2025-11-12,MT,Đà Nẵng,4,75997 - 01420 - 49740 - 08437 - 97351 - 05805
2025-11-12,MT,Đà Nẵng,5,81579 - 17233 - 34782
2025-11-12,MT,Đà Nẵng,6,20153 - 40165 - 20897
2025-11-12,MT,Đà Nẵng,7,23403 - 69160 - 68746 - 45359
2025-11-12,MT,Đà Nẵng,8,78240
2025-11-12,MT,Khánh Hòa,ĐB,58532
2025-11-12,MT,Khánh Hòa,1,39202
2025-11-12,MT,Khánh Hòa,2,63578
2025-11-12,MT,Khánh Hòa,3,62577 - 98837 - 57656 - 42509 - 27057 - 32021
2025-11-12,MT,Khánh Hòa,4,34156 - 57001 - 44329 - 84115 - 19997 - 72643
2025-11-12,MT,Khánh Hòa,5,53139 - 52356 - 68178
2025-11-12,MT,Khánh Hòa,6,25727 - 90772 - 71099
2025-11-12,MT,Khánh Hòa,7,96535 - 60411 - 69215 - 83509
2025-11-12,MT,Khánh Hòa,8,36060
2025-11-12,MN,TP. HCM,ĐB,47624
2025-11-12,MN,TP. HCM,1,17360
2025-11-12,MN,TP. HCM,2,02650
2025-11-12,MN,TP. HCM,3,81677 - 16879 - 02749 - 52109 - 11510 - 50469
2025-11-12,MN,TP. HCM,4,15139 - 76530 - 87747 - 75526 - 77157 - 90055
2025-11-12,MN,TP. HCM,5,48284 - 34648 - 58062
2025-11-12,MN,TP. HCM,6,53900 - 60040 - 36228
2025-11-12,MN,TP. HCM,7,83188 - 94588 - 28961 - 10634
2025-11-12,MN,TP. HCM,8,87840
2025-11-12,MN,Đồng Tháp,ĐB,58264
2025-11-12,MN,Đồng Tháp,1,65212
2025-11-12,MN,Đồng Tháp,2,52773
2025-11-12,MN,Đồng Tháp,3,34733 - 09206 - 35509 - 82908 - 85311 - 55564
2025-11-12,MN,Đồng Tháp,4,87095 - 65197 - 41263 - 00473 - 02588 - 13894
2025-11-12,MN,Đồng Tháp,5,58266 - 57505 - 34667
2025-11-12,MN,Đồng Tháp,6,75860 - 78591 - 38172
2025-11-12,MN,Đồng Tháp,7,96706 - 59700 - 27904 - 54745
2025-11-12,MN,Đồng Tháp,8,69815
2025-11-12,MN,Cà Mau,ĐB,09162
2025-11-12,MN,Cà Mau,1,93145
2025-11-12,MN,Cà Mau,2,82256
2025-11-12,MN,Cà Mau,3,29584 - 81953 - 07181 - 35056 - 85847 - 12142
2025-11-12,MN,Cà Mau,4,51451 - 29265 - 17163 - 12324 - 01728 - 67768
2025-11-12,MN,Cà Mau,5,52109 - 83222 - 08530
2025-11-12,MN,Cà Mau,6,63967 - 19489 - 38595
2025-11-12,MN,Cà Mau,7,86614 - 92460 - 27279 - 79168
2025-11-12,MN,Cà Mau,8,76553
2025-11-13,MB,Hà Nội,ĐB,85067
2025-11-13,MB,Hà Nội,1,52780
2025-11-13,MB,Hà Nội,2,22046
2025-11-13,MB,Hà Nội,3,31799 - 24452 - 51961 - 81009 - 51843 - 97596
2025-11-13,MB,Hà Nội,4,88353 - 52985 - 30143 - 73015 - 84703 - 64653
2025-11-13,MB,Hà Nội,5,56321 - 56274 - 88921
2025-11-13,MB,Hà Nội,6,95350 - 28239 - 41188
2025-11-13,MB,Hà Nội,7,48943 - 06913 - 43720 - 19769
2025-11-13,MT,Đà Nẵng,ĐB,46269
2025-11-13,MT,Đà Nẵng,1,27867
2025-11-13,MT,Đà Nẵng,2,78668
2025-11-13,MT,Đà Nẵng,3,51121 - 80515 - 48448 - 52857 - 99399 - 60183
2025-11-13,MT,Đà Nẵng,4,84811 - 06610 - 51165 - 51451 - 10449 - 32229
2025-11-13,MT,Đà Nẵng,5,19994 - 13219 - 87724
2025-11-13,MT,Đà Nẵng,6,58056 - 68644 - 01593
2025-11-13,MT,Đà Nẵng,7,78250 - 56863 - 37151 - 22192
2025-11-13,MT,Đà Nẵng,8,61035
2025-11-13,MT,Khánh Hòa,ĐB,48473
2025-11-13,MT,Khánh Hòa,1,25398
2025-11-13,MT,Khánh Hòa,2,26205
2025-11-13,MT,Khánh Hòa,3,90408 - 31889 - 63737 - 43309 - 99371 - 19539
2025-11-13,MT,Khánh Hòa,4,70228 - 81695 - 95593 - 95140 - 64062 - 00561
2025-11-13,MT,Khánh Hòa,5,47809 - 80848 - 60046
2025-11-13,MT,Khánh Hòa,6,66046 - 30641 - 25245
2025-11-13,MT,Khánh Hòa,7,49644 - 59170 - 42028 - 72830
2025-11-13,MT,Khánh Hòa,8,90249
2025-11-13,MN,TP. HCM,ĐB,38767
2025-11-13,MN,TP. HCM,1,01911
2025-11-13,MN,TP. HCM,2,31080
2025-11-13,MN,TP. HCM,3,40716 - 47353 - 03108 - 16082 - 50866 - 34323
2025-11-13,MN,TP. HCM,4,93830 - 62392 - 27059 - 39162 - 67128 - 91817
2025-11-13,MN,TP. HCM,5,45203 - 04201 - 49169
2025-11-13,MN,TP. HCM,6,14450 - 72640 - 19798
2025-11-13,MN,TP. HCM,7,45771 - 74573 - 27385 - 05773
2025-11-13,MN,TP. HCM,8,64857
2025-11-13,MN,Đồng Tháp,ĐB,87465
2025-11-13,MN,Đồng Tháp,1,13007
2025-11-13,MN,Đồng Tháp,2,88189
2025-11-13,MN,Đồng Tháp,3,24001 - 03973 - 66138 - 83004 - 96767 - 42097
2025-11-13,MN,Đồng Tháp,4,72854 - 89729 - 87798 - 53055 - 12432 - 69467
2025-11-13,MN,Đồng Tháp,5,14337 - 75864 - 44322
2025-11-13,MN,Đồng Tháp,6,82269 - 31008 - 42091
2025-11-13,MN,Đồng Tháp,7,16783 - 32886 - 42875 - 22974
2025-11-13,MN,Đồng Tháp,8,50253
2025-11-13,MN,Cà Mau,ĐB,44934
2025-11-13,MN,Cà Mau,1,86000
2025-11-13,MN,Cà Mau,2,64458
2025-11-13,MN,Cà Mau,3,94418 - 10719 - 24273 - 98580 - 14575 - 13884
2025-11-13,MN,Cà Mau,4,42076 - 96001 - 24389 - 52595 - 31765 - 99040
2025-11-13,MN,Cà Mau,5,32282 - 41588 - 39602
2025-11-13,MN,Cà Mau,6,83540 - 84085 - 89511
2025-11-13,MN,Cà Mau,7,78082 - 82709 - 42192 - 60065
2025-11-13,MN,Cà Mau,8,85387
2025-11-14,MB,Hà Nội,ĐB,22697
2025-11-14,MB,Hà Nội,1,31388
2025-11-14,MB,Hà Nội,2,39301
2025-11-14,MB,Hà Nội,3,38977 - 51655 - 78778 - 22816 - 09680 - 32067
2025-11-14,MB,Hà Nội,4,44940 - 05217 - 54875 - 28399 - 34417 - 03089
2025-11-14,MB,Hà Nội,5,20390 - 90192 - 82368
2025-11-14,MB,Hà Nội,6,10037 - 09777 - 73739
2025-11-14,MB,Hà Nội,7,22959 - 43579 - 62503 - 72544
2025-11-14,MT,Đà Nẵng,ĐB,28471
2025-11-14,MT,Đà Nẵng,1,79676
2025-11-14,MT,Đà Nẵng,2,85311
2025-11-14,MT,Đà Nẵng,3,67568 - 18164 - 88323 - 38325 - 19197 - 49662
2025-11-14,MT,Đà Nẵng,4,17798 - 50059 - 63090 - 43573 - 03805 - 75385
2025-11-14,MT,Đà Nẵng,5,69537 - 82179 - 50932
2025-11-14,MT,Đà Nẵng,6,57296 - 59878 - 14697
2025-11-14,MT,Đà Nẵng,7,07113 - 61547 - 53100 - 16791
2025-11-14,MT,Đà Nẵng,8,02826
2025-11-14,MT,Khánh Hòa,ĐB,44417
2025-11-14,MT,Khánh Hòa,1,87249
2025-11-14,MT,Khánh Hòa,2,91739
2025-11-14,MT,Khánh Hòa,3,07682 - 71593 - 50726 - 46758 - 56894 - 03496
2025-11-14,MT,Khánh Hòa,4,99699 - 79885 - 33558 - 52875 - 48270 - 64809
2025-11-14,MT,Khánh Hòa,5,93222 - 61127 - 03455
2025-11-14,MT,Khánh Hòa,6,70014 - 62035 - 76512
2025-11-14,MT,Khánh Hòa,7,95710 - 67531 - 95550 - 78121
2025-11-14,MT,Khánh Hòa,8,30815
2025-11-14,MN,TP. HCM,ĐB,25462
2025-11-14,MN,TP. HCM,1,64258
2025-11-14,MN,TP. HCM,2,02262
2025-11-14,MN,TP. HCM,3,58438 - 09716 - 10050 - 38257 - 58954 - 40249
2025-11-14,MN,TP. HCM,4,26677 - 54673 - 87236 - 29990 - 97137 - 97336
2025-11-14,MN,TP. HCM,5,53332 - 44637 - 23341
2025-11-14,MN,TP. HCM,6,82380 - 77265 - 57930
2025-11-14,MN,TP. HCM,7,40653 - 72431 - 69884 - 36005
2025-11-14,MN,TP. HCM,8,83631
2025-11-14,MN,Đồng Tháp,ĐB,12577
2025-11-14,MN,Đồng Tháp,1,09807
2025-11-14,MN,Đồng Tháp,2,07276
2025-11-14,MN,Đồng Tháp,3,57606 - 29242 - 94874 - 71872 - 07684 - 27485
2025-11-14,MN,Đồng Tháp,4,69469 - 84311 - 60715 - 27062 - 91167 - 84566
2025-11-14,MN,Đồng Tháp,5,65572 - 61389 - 95517
2025-11-14,MN,Đồng Tháp,6,59190 - 59418 - 30728
2025-11-14,MN,Đồng Tháp,7,86292 - 23854 - 27456 - 99045
2025-11-14,MN,Đồng Tháp,8,89180
2025-11-14,MN,Cà Mau,ĐB,89982
2025-11-14,MN,Cà Mau,1,07766
2025-11-14,MN,Cà Mau,2,58062
2025-11-14,MN,Cà Mau,3,13337 - 54527 - 07728 - 16570 - 49866 - 62291
2025-11-14,MN,Cà Mau,4,81431 - 27259 - 99909 - 87532 - 73025 - 62838
2025-11-14,MN,Cà Mau,5,34808 - 48752 - 68941
2025-11-14,MN,Cà Mau,6,17927 - 22818 - 96074
2025-11-14,MN,Cà Mau,7,39006 - 53607 - 25182 - 30281
2025-11-14,MN,Cà Mau,8,03559
2025-11-15,MB,Hà Nội,ĐB,47300
2025-11-15,MB,Hà Nội,1,75124
2025-11-15,MB,Hà Nội,2,17192
2025-11-15,MB,Hà Nội,3,99409 - 88486 - 59030 - 79237 - 91841 - 56585
2025-11-15,MB,Hà Nội,4,85653 - 35698 - 14728 - 16851 - 77080 - 65280
2025-11-15,MB,Hà Nội,5,22471 - 42549 - 05894
2025-11-15,MB,Hà Nội,6,25947 - 37506 - 92968
2025-11-15,MB,Hà Nội,7,07572 - 75688 - 84540 - 87564
2025-11-15,MT,Đà Nẵng,ĐB,66748
2025-11-15,MT,Đà Nẵng,1,98761
2025-11-15,MT,Đà Nẵng,2,16555
2025-11-15,MT,Đà Nẵng,3,94516 - 44195 - 62798 - 43067 - 89020 - 02068
2025-11-15,MT,Đà Nẵng,4,74167 - 51294 - 64362 - 40486 - 03705 - 95435
2025-11-15,MT,Đà Nẵng,5,15976 - 76971 - 99279
2025-11-15,MT,Đà Nẵng,6,56469 - 73940 - 30240
2025-11-15,MT,Đà Nẵng,7,40830 - 07218 - 20411 - 22827
2025-11-15,MT,Đà Nẵng,8,19973
2025-11-15,MT,Khánh Hòa,ĐB,66572
2025-11-15,MT,Khánh Hòa,1,70192
2025-11-15,MT,Khánh Hòa,2,56356
2025-11-15,MT,Khánh Hòa,3,88165 - 70612 - 07293 - 00286 - 58143 - 59564
2025-11-15,MT,Khánh Hòa,4,21138 - 82412 - 00253 - 39971 - 52265 - 63703
2025-11-15,MT,Khánh Hòa,5,14287 - 39478 - 89144
2025-11-15,MT,Khánh Hòa,6,63146 - 42702 - 01363
2025-11-15,MT,Khánh Hòa,7,01866 - 38122 - 31473 - 23856
2025-11-15,MT,Khánh Hòa,8,67550
2025-11-15,MN,TP. HCM,ĐB,17612
2025-11-15,MN,TP. HCM,1,92299
2025-11-15,MN,TP. HCM,2,90412
2025-11-15,MN,TP. HCM,3,57556 - 00970 - 21170 - 80752 - 43870 - 62273
2025-11-15,MN,TP. HCM,4,78491 - 06918 - 42071 - 71326 - 65268 - 38789
2025-11-15,MN,TP. HCM,5,54638 - 04086 - 66529
2025-11-15,MN,TP. HCM,6,98012 - 77873 - 04122
2025-11-15,MN,TP. HCM,7,18751 - 14484 - 84525 - 15722
2025-11-15,MN,TP. HCM,8,44852
2025-11-15,MN,Đồng Tháp,ĐB,69821
2025-11-15,MN,Đồng Tháp,1,18151
2025-11-15,MN,Đồng Tháp,2,70285
2025-11-15,MN,Đồng Tháp,3,82986 - 42504 - 56778 - 62913 - 12967 - 06254
2025-11-15,MN,Đồng Tháp,4,79509 - 17526 - 36197 - 34334 - 86642 - 91239
2025-11-15,MN,Đồng Tháp,5,24786 - 75883 - 74154
2025-11-15,MN,Đồng Tháp,6,09277 - 00431 - 43721
2025-11-15,MN,Đồng Tháp,7,67348 - 01503 - 16066 - 72646
2025-11-15,MN,Đồng Tháp,8,18092
2025-11-15,MN,Cà Mau,ĐB,26403
2025-11-15,MN,Cà Mau,1,66613
2025-11-15,MN,Cà Mau,2,38149
2025-11-15,MN,Cà Mau,3,65793 - 59807 - 11035 - 51380 - 66933 - 35712
2025-11-15,MN,Cà Mau,4,67121 - 02640 - 64669 - 48302 - 52442 - 63666
2025-11-15,MN,Cà Mau,5,53213 - 43057 - 74320
2025-11-15,MN,Cà Mau,6,07095 - 24249 - 79904
2025-11-15,MN,Cà Mau,7,75391 - 94606 - 04330 - 93361
2025-11-15,MN,Cà Mau,8,23043
2025-11-16,MB,Hà Nội,ĐB,73499
2025-11-16,MB,Hà Nội,1,86419
2025-11-16,MB,Hà Nội,2,05286
2025-11-16,MB,Hà Nội,3,15428 - 09337 - 71418 - 90122 - 71342 - 56759
2025-11-16,MB,Hà Nội,4,93762 - 25854 - 96171 - 14933 - 49116 - 94222
2025-11-16,MB,Hà Nội,5,59050 - 91816 - 36579
2025-11-16,MB,Hà Nội,6,19577 - 82155 - 30358
2025-11-16,MB,Hà Nội,7,04887 - 87447 - 03542 - 02348
2025-11-16,MT,Đà Nẵng,ĐB,98798
2025-11-16,MT,Đà Nẵng,1,29884
2025-11-16,MT,Đà Nẵng,2,62718
2025-11-16,MT,Đà Nẵng,3,17395 - 40430 - 01646 - 87631 - 27865 - 52865
2025-11-16,MT,Đà Nẵng,4,46066 - 81288 - 79945 - 85867 - 41298 - 38399
2025-11-16,MT,Đà Nẵng,5,54401 - 08261 - 77188
2025-11-16,MT,Đà Nẵng,6,79024 - 92528 - 94384
2025-11-16,MT,Đà Nẵng,7,34707 - 30989 - 83938 - 90716
2025-11-16,MT,Đà Nẵng,8,39361
2025-11-16,MT,Khánh Hòa,ĐB,30717
2025-11-16,MT,Khánh Hòa,1,95463
2025-11-16,MT,Khánh Hòa,2,37400
2025-11-16,MT,Khánh Hòa,3,35655 - 55740 - 59238 - 66188 - 64940 - 96042
2025-11-16,MT,Khánh Hòa,4,78250 - 75029 - 41765 - 87864 - 08494 - 75658
2025-11-16,MT,Khánh Hòa,5,78913 - 81078 - 57883
2025-11-16,MT,Khánh Hòa,6,43315 - 82554 - 56613
2025-11-16,MT,Khánh Hòa,7,46641 - 35560 - 80837 - 58220
2025-11-16,MT,Khánh Hòa,8,89505
2025-11-16,MN,TP. HCM,ĐB,01587
2025-11-16,MN,TP. HCM,1,26042
2025-11-16,MN,TP. HCM,2,07893
2025-11-16,MN,TP. HCM,3,92042 - 56932 - 92859 - 50668 - 36724 - 06125
2025-11-16,MN,TP. HCM,4,92512 - 66351 - 92873 - 27711 - 18295 - 95980
2025-11-16,MN,TP. HCM,5,82804 - 27821 - 51756
2025-11-16,MN,TP. HCM,6,31494 - 17508 - 12806
2025-11-16,MN,TP. HCM,7,78030 - 45747 - 50993 - 77884
2025-11-16,MN,TP. HCM,8,15975
2025-11-16,MN,Đồng Tháp,ĐB,35807
2025-11-16,MN,Đồng Tháp,1,10210
2025-11-16,MN,Đồng Tháp,2,43620
2025-11-16,MN,Đồng Tháp,3,59689 - 83693 - 00676 - 37444 - 15869 - 29652
2025-11-16,MN,Đồng Tháp,4,29771 - 15811 - 87096 - 99171 - 06532 - 72288
2025-11-16,MN,Đồng Tháp,5,69201 - 88182 - 19314
2025-11-16,MN,Đồng Tháp,6,75410 - 59692 - 73597
2025-11-16,MN,Đồng Tháp,7,02468 - 68160 - 23430 - 70819
2025-11-16,MN,Đồng Tháp,8,16069
2025-11-16,MN,Cà Mau,ĐB,92019
2025-11-16,MN,Cà Mau,1,03160
2025-11-16,MN,Cà Mau,2,87587
2025-11-16,MN,Cà Mau,3,78072 - 88666 - 91483 - 36873 - 58940 - 13490
2025-11-16,MN,Cà Mau,4,07518 - 14453 - 10966 - 23500 - 68412 - 82363
2025-11-16,MN,Cà Mau,5,03814 - 84783 - 58255
2025-11-16,MN,Cà Mau,6,62753 - 71016 - 88589
2025-11-16,MN,Cà Mau,7,69106 - 51269 - 68820 - 12358
2025-11-16,MN,Cà Mau,8,50722
2025-11-17,MB,Hà Nội,ĐB,41769
2025-11-17,MB,Hà Nội,1,00481
2025-11-17,MB,Hà Nội,2,82376
2025-11-17,MB,Hà Nội,3,12093 - 67048 - 16064 - 38139 - 99248 - 26754
2025-11-17,MB,Hà Nội,4,99493 - 54805 - 32702 - 85885 - 28755 - 62094
2025-11-17,MB,Hà Nội,5,06487 - 07485 - 00478
2025-11-17,MB,Hà Nội,6,21706 - 57804 - 54265
2025-11-17,MB,Hà Nội,7,04402 - 47295 - 39537 - 29709
2025-11-17,MT,Đà Nẵng,ĐB,67452
2025-11-17,MT,Đà Nẵng,1,48317
2025-11-17,MT,Đà Nẵng,2,72453
2025-11-17,MT,Đà Nẵng,3,21046 - 65932 - 85495 - 65043 - 50056 - 26840
2025-11-17,MT,Đà Nẵng,4,82433 - 06638 - 63868 - 23838 - 83100 - 96206
2025-11-17,MT,Đà Nẵng,5,01822 - 80006 - 37474
2025-11-17,MT,Đà Nẵng,6,23243 - 81470 - 76737
2025-11-17,MT,Đà Nẵng,7,49288 - 70964 - 09016 - 18868
2025-11-17,MT,Đà Nẵng,8,29884
2025-11-17,MT,Khánh Hòa,ĐB,40583
2025-11-17,MT,Khánh Hòa,1,29191
2025-11-17,MT,Khánh Hòa,2,33110
2025-11-17,MT,Khánh Hòa,3,30826 - 95149 - 68046 - 64487 - 61348 - 03872
2025-11-17,MT,Khánh Hòa,4,23884 - 67224 - 17656 - 59343 - 45475 - 06415
2025-11-17,MT,Khánh Hòa,5,14241 - 35230 - 40361
2025-11-17,MT,Khánh Hòa,6,10514 - 77066 - 36674
2025-11-17,MT,Khánh Hòa,7,43878 - 70364 - 87238 - 44984
2025-11-17,MT,Khánh Hòa,8,27870
2025-11-17,MN,TP. HCM,ĐB,25740
2025-11-17,MN,TP. HCM,1,53354
2025-11-17,MN,TP. HCM,2,91722
2025-11-17,MN,TP. HCM,3,70912 - 36339 - 05941 - 02540 - 24984 - 37344
2025-11-17,MN,TP. HCM,4,64125 - 88327 - 77175 - 05785 - 81225 - 19152
2025-11-17,MN,TP. HCM,5,07990 - 41152 - 59807
2025-11-17,MN,TP. HCM,6,39700 - 72346 - 87300
2025-11-17,MN,TP. HCM,7,66162 - 23556 - 99360 - 78968
2025-11-17,MN,TP. HCM,8,18081
2025-11-17,MN,Đồng Tháp,ĐB,10951
2025-11-17,MN,Đồng Tháp,1,86054
2025-11-17,MN,Đồng Tháp,2,08911
2025-11-17,MN,Đồng Tháp,3,17254 - 10118 - 18352 - 57918 - 43541 - 85285
2025-11-17,MN,Đồng Tháp,4,13990 - 63188 - 22622 - 22107 - 70160 - 15185
2025-11-17,MN,Đồng Tháp,5,50350 - 89484 - 97777
2025-11-17,MN,Đồng Tháp,6,08391 - 03556 - 65633
2025-11-17,MN,Đồng Tháp,7,33866 - 27004 - 40863 - 54334
2025-11-17,MN,Đồng Tháp,8,37235
2025-11-17,MN,Cà Mau,ĐB,68539
2025-11-17,MN,Cà Mau,1,34979
2025-11-17,MN,Cà Mau,2,52138
2025-11-17,MN,Cà Mau,3,36785 - 00341 - 68679 - 19322 - 74086 - 30795
2025-11-17,MN,Cà Mau,4,14913 - 95006 - 84491 - 86086 - 22596 - 24717
2025-11-17,MN,Cà Mau,5,64158 - 48097 - 91745
2025-11-17,MN,Cà Mau,6,91433 - 59687 - 96303
2025-11-17,MN,Cà Mau,7,02258 - 72265 - 42544 - 95561
2025-11-17,MN,Cà Mau,8,26152
2025-11-18,MB,Hà Nội,ĐB,61680
2025-11-18,MB,Hà Nội,1,26962
2025-11-18,MB,Hà Nội,2,62298
2025-11-18,MB,Hà Nội,3,46777 - 54737 - 19413 - 49429 - 09800 - 26369
2025-11-18,MB,Hà Nội,4,60025 - 25333 - 37014 - 01372 - 42107 - 32775
2025-11-18,MB,Hà Nội,5,47341 - 53233 - 79437
2025-11-18,MB,Hà Nội,6,28757 - 38630 - 80069
2025-11-18,MB,Hà Nội,7,47935 - 12368 - 72890 - 26028
2025-11-18,MT,Đà Nẵng,ĐB,75083
2025-11-18,MT,Đà Nẵng,1,02802
2025-11-18,MT,Đà Nẵng,2,99912
2025-11-18,MT,Đà Nẵng,3,32519 - 16160 - 99051 - 22000 - 31283 - 70315
2025-11-18,MT,Đà Nẵng,4,79893 - 41377 - 87913 - 72931 - 16163 - 52186
2025-11-18,MT,Đà Nẵng,5,35033 - 04176 - 88983
2025-11-18,MT,Đà Nẵng,6,52124 - 77292 - 43544
2025-11-18,MT,Đà Nẵng,7,44568 - 88278 - 02898 - 99165
2025-11-18,MT,Đà Nẵng,8,72848
2025-11-18,MT,Khánh Hòa,ĐB,01843
2025-11-18,MT,Khánh Hòa,1,47294
2025-11-18,MT,Khánh Hòa,2,90213
2025-11-18,MT,Khánh Hòa,3,88704 - 55629 - 64047 - 37762 - 60891 - 95842
2025-11-18,MT,Khánh Hòa,4,11024 - 41379 - 16324 - 30365 - 39823 - 63185
2025-11-18,MT,Khánh Hòa,5,48784 - 69493 - 52431
2025-11-18,MT,Khánh Hòa,6,05758 - 03564 - 04570
2025-11-18,MT,Khánh Hòa,7,21107 - 38452 - 32575 - 24864
2025-11-18,MT,Khánh Hòa,8,49428
2025-11-18,MN,TP. HCM,ĐB,41841
2025-11-18,MN,TP. HCM,1,96939
2025-11-18,MN,TP. HCM,2,84408
2025-11-18,MN,TP. HCM,3,19131 - 39495 - 77619 - 43820 - 53044 - 43310
2025-11-18,MN,TP. HCM,4,76605 - 25420 - 20159 - 80417 - 85300 - 75168
2025-11-18,MN,TP. HCM,5,51421 - 27627 - 10197
2025-11-18,MN,TP. HCM,6,92981 - 63601 - 22347
2025-11-18,MN,TP. HCM,7,54205 - 86095 - 51185 - 85369
2025-11-18,MN,TP. HCM,8,49731
2025-11-18,MN,Đồng Tháp,ĐB,73266
2025-11-18,MN,Đồng Tháp,1,76511
2025-11-18,MN,Đồng Tháp,2,03109
2025-11-18,MN,Đồng Tháp,3,64639 - 49075 - 70686 - 75799 - 67343 - 94537
2025-11-18,MN,Đồng Tháp,4,62458 - 87868 - 98317 - 93978 - 87277 - 06466
2025-11-18,MN,Đồng Tháp,5,73704 - 73746 - 91847
2025-11-18,MN,Đồng Tháp,6,28020 - 89502 - 54574
2025-11-18,MN,Đồng Tháp,7,17067 - 21073 - 37343 - 91332
2025-11-18,MN,Đồng Tháp,8,56700
2025-11-18,MN,Cà Mau,ĐB,99503
2025-11-18,MN,Cà Mau,1,06206
2025-11-18,MN,Cà Mau,2,10547
2025-11-18,MN,Cà Mau,3,72629 - 59816 - 24518 - 96389 - 93303 - 58381
2025-11-18,MN,Cà Mau,4,88324 - 18651 - 13227 - 57425 - 00034 - 02296
2025-11-18,MN,Cà Mau,5,55110 - 39138 - 94872
2025-11-18,MN,Cà Mau,6,38796 - 75136 - 26312
2025-11-18,MN,Cà Mau,7,40470 - 37100 - 71604 - 89636
2025-11-18,MN,Cà Mau,8,45238
2025-11-19,MB,Hà Nội,ĐB,90542
2025-11-19,MB,Hà Nội,1,34558
2025-11-19,MB,Hà Nội,2,09838
2025-11-19,MB,Hà Nội,3,21858 - 62463 - 04604 - 67700 - 14844 - 50099
2025-11-19,MB,Hà Nội,4,63455 - 47974 - 59130 - 18357 - 78458 - 97002
2025-11-19,MB,Hà Nội,5,78613 - 52402 - 87424
2025-11-19,MB,Hà Nội,6,67279 - 93123 - 06650
2025-11-19,MB,Hà Nội,7,82952 - 30876 - 95382 - 37981
2025-11-19,MT,Đà Nẵng,ĐB,67665
2025-11-19,MT,Đà Nẵng,1,04428
2025-11-19,MT,Đà Nẵng,2,54268
2025-11-19,MT,Đà Nẵng,3,83289 - 09170 - 56840 - 05619 - 03783 - 16367
2025-11-19,MT,Đà Nẵng,4,14926 - 36310 - 08484 - 40789 - 63425 - 60269
2025-11-19,MT,Đà Nẵng,5,46534 - 62265 - 46145
2025-11-19,MT,Đà Nẵng,6,71543 - 68451 - 51461
2025-11-19,MT,Đà Nẵng,7,36115 - 91502 - 78868 - 46607
2025-11-19,MT,Đà Nẵng,8,16090
2025-11-19,MT,Khánh Hòa,ĐB,77108
2025-11-19,MT,Khánh Hòa,1,04506
2025-11-19,MT,Khánh Hòa,2,57819
2025-11-19,MT,Khánh Hòa,3,06364 - 84412 - 94707 - 44331 - 94466 - 95674
2025-11-19,MT,Khánh Hòa,4,91908 - 36048 - 41596 - 80617 - 25990 - 34466
2025-11-19,MT,Khánh Hòa,5,68559 - 55360 - 43905
2025-11-19,MT,Khánh Hòa,6,27726 - 66547 - 36176
2025-11-19,MT,Khánh Hòa,7,55118 - 45699 - 82253 - 45648
2025-11-19,MT,Khánh Hòa,8,93926
2025-11-19,MN,TP. HCM,ĐB,21024
2025-11-19,MN,TP. HCM,1,54316
2025-11-19,MN,TP. HCM,2,41049
2025-11-19,MN,TP. HCM,3,27719 - 54898 - 95021 - 66475 - 07325 - 61486
2025-11-19,MN,TP. HCM,4,57999 - 30595 - 93394 - 22411 - 43765 - 36566
2025-11-19,MN,TP. HCM,5,21736 - 53338 - 53216
2025-11-19,MN,TP. HCM,6,34859 - 34099 - 03531
2025-11-19,MN,TP. HCM,7,73031 - 05173 - 53578 - 55787
2025-11-19,MN,TP. HCM,8,72048
2025-11-19,MN,Đồng Tháp,ĐB,05937
2025-11-19,MN,Đồng Tháp,1,91524
2025-11-19,MN,Đồng Tháp,2,56171
2025-11-19,MN,Đồng Tháp,3,67729 - 45352 - 12698 - 82781 - 21461 - 17156
2025-11-19,MN,Đồng Tháp,4,44666 - 37665 - 00725 - 27853 - 09016 - 08656
2025-11-19,MN,Đồng Tháp,5,34181 - 36545 - 43299
2025-11-19,MN,Đồng Tháp,6,81950 - 30844 - 10089
2025-11-19,MN,Đồng Tháp,7,06126 - 23977 - 20769 - 70297
2025-11-19,MN,Đồng Tháp,8,19167
2025-11-19,MN,Cà Mau,ĐB,43713
2025-11-19,MN,Cà Mau,1,79142
2025-11-19,MN,Cà Mau,2,62932
2025-11-19,MN,Cà Mau,3,24793 - 33625 - 58632 - 02238 - 62897 - 78437
2025-11-19,MN,Cà Mau,4,31303 - 63226 - 58970 - 94359 - 21075 - 43674
2025-11-19,MN,Cà Mau,5,94621 - 39211 - 71552
2025-11-19,MN,Cà Mau,6,65744 - 29524 - 78610
2025-11-19,MN,Cà Mau,7,43011 - 60922 - 59299 - 05120
2025-11-19,MN,Cà Mau,8,09129
2025-11-20,MB,Hà Nội,ĐB,15253
2025-11-20,MB,Hà Nội,1,00812
2025-11-20,MB,Hà Nội,2,25822
2025-11-20,MB,Hà Nội,3,05676 - 47193 - 23485 - 94172 - 69403 - 00811
2025-11-20,MB,Hà Nội,4,79767 - 47918 - 58266 - 71574 - 72109 - 40677
2025-11-20,MB,Hà Nội,5,15788 - 20915 - 87099
2025-11-20,MB,Hà Nội,6,89151 - 53922 - 49758
2025-11-20,MB,Hà Nội,7,95991 - 98214 - 12134 - 86976
2025-11-20,MT,Đà Nẵng,ĐB,49818
2025-11-20,MT,Đà Nẵng,1,27569
2025-11-20,MT,Đà Nẵng,2,21432
2025-11-20,MT,Đà Nẵng,3,14020 - 53232 - 97109 - 34172 - 47004 - 67936
2025-11-20,MT,Đà Nẵng,4,19657 - 26905 - 29715 - 14652 - 20492 - 09292
2025-11-20,MT,Đà Nẵng,5,73500 - 44976 - 69929
2025-11-20,MT,Đà Nẵng,6,26364 - 89216 - 26430
2025-11-20,MT,Đà Nẵng,7,47307 - 62906 - 04662 - 44237
2025-11-20,MT,Đà Nẵng,8,92779
2025-11-20,MT,Khánh Hòa,ĐB,31826
2025-11-20,MT,Khánh Hòa,1,09123
2025-11-20,MT,Khánh Hòa,2,61123
2025-11-20,MT,Khánh Hòa,3,37284 - 87120 - 87380 - 15461 - 58728 - 24981
2025-11-20,MT,Khánh Hòa,4,88118 - 69766 - 57891 - 85013 - 71484 - 25185
2025-11-20,MT,Khánh Hòa,5,92564 - 55526 - 19919
2025-11-20,MT,Khánh Hòa,6,91801 - 59217 - 15448
2025-11-20,MT,Khánh Hòa,7,83852 - 86061 - 00275 - 52375
2025-11-20,MT,Khánh Hòa,8,74501
2025-11-20,MN,TP. HCM,ĐB,21621
2025-11-20,MN,TP. HCM,1,23743
2025-11-20,MN,TP. HCM,2,87364
2025-11-20,MN,TP. HCM,3,21487 - 83141 - 10265 - 68531 - 89571 - 08606
2025-11-20,MN,TP. HCM,4,41814 - 68453 - 29432 - 19355 - 31434 - 75288
2025-11-20,MN,TP. HCM,5,56819 - 34815 - 36420
2025-11-20,MN,TP. HCM,6,69884 - 25449 - 39141
2025-11-20,MN,TP. HCM,7,62265 - 97419 - 01729 - 94466
2025-11-20,MN,TP. HCM,8,73611
2025-11-20,MN,Đồng Tháp,ĐB,75787
2025-11-20,MN,Đồng Tháp,1,51086
2025-11-20,MN,Đồng Tháp,2,79719
2025-11-20,MN,Đồng Tháp,3,06867 - 42669 - 86527 - 88236 - 38740 - 46421
2025-11-20,MN,Đồng Tháp,4,72046 - 21093 - 83337 - 48531 - 91617 - 62549
2025-11-20,MN,Đồng Tháp,5,34178 - 04070 - 13991
2025-11-20,MN,Đồng Tháp,6,27443 - 05092 - 50293
2025-11-20,MN,Đồng Tháp,7,55241 - 96748 - 79900 - 44092
2025-11-20,MN,Đồng Tháp,8,83703
2025-11-20,MN,Cà Mau,ĐB,48056
2025-11-20,MN,Cà Mau,1,10312
2025-11-20,MN,Cà Mau,2,49896
2025-11-20,MN,Cà Mau,3,48211 - 83655 - 24646 - 39215 - 18814 - 02924
2025-11-20,MN,Cà Mau,4,73610 - 86296 - 87809 - 51779 - 16519 - 28226
2025-11-20,MN,Cà Mau,5,52502 - 66228 - 38608
2025-11-20,MN,Cà Mau,6,87369 - 66666 - 60729
2025-11-20,MN,Cà Mau,7,03992 - 10016 - 14802 - 11574
2025-11-20,MN,Cà Mau,8,73569
2025-11-21,MB,Hà Nội,ĐB,49903
2025-11-21,MB,Hà Nội,1,42742
2025-11-21,MB,Hà Nội,2,43599
2025-11-21,MB,Hà Nội,3,65892 - 71895 - 78103 - 61804 - 73490 - 79871
2025-11-21,MB,Hà Nội,4,55122 - 47725 - 32356 - 56326 - 19141 - 41199
2025-11-21,MB,Hà Nội,5,47769 - 24876 - 25553
2025-11-21,MB,Hà Nội,6,88564 - 25823 - 67541
2025-11-21,MB,Hà Nội,7,96474 - 16351 - 84643 - 21646
2025-11-21,MT,Đà Nẵng,ĐB,10622
2025-11-21,MT,Đà Nẵng,1,32026
2025-11-21,MT,Đà Nẵng,2,19844
2025-11-21,MT,Đà Nẵng,3,63539 - 62014 - 56476 - 52892 - 30175 - 28404
2025-11-21,MT,Đà Nẵng,4,72549 - 25893 - 89422 - 68882 - 77831 - 52497
2025-11-21,MT,Đà Nẵng,5,47579 - 30639 - 36371
2025-11-21,MT,Đà Nẵng,6,66376 - 16917 - 01741
2025-11-21,MT,Đà Nẵng,7,48756 - 40945 - 57339 - 48339
2025-11-21,MT,Đà Nẵng,8,98601
2025-11-21,MT,Khánh Hòa,ĐB,39089
2025-11-21,MT,Khánh Hòa,1,02088
2025-11-21,MT,Khánh Hòa,2,18982
2025-11-21,MT,Khánh Hòa,3,08005 - 90690 - 34955 - 74607 - 08600 - 46740
2025-11-21,MT,Khánh Hòa,4,17091 - 31131 - 13704 - 54437 - 71643 - 74937
2025-11-21,MT,Khánh Hòa,5,57608 - 27834 - 65935
2025-11-21,MT,Khánh Hòa,6,04020 - 57908 - 01653
2025-11-21,MT,Khánh Hòa,7,13015 - 33255 - 16121 - 81058
2025-11-21,MT,Khánh Hòa,8,62701
2025-11-21,MN,TP. HCM,ĐB,08017
2025-11-21,MN,TP. HCM,1,20607
2025-11-21,MN,TP. HCM,2,78171
2025-11-21,MN,TP. HCM,3,80302 - 59939 - 93152 - 70342 - 77021 - 67100
2025-11-21,MN,TP. HCM,4,55762 - 71162 - 73113 - 47825 - 14748 - 09515
2025-11-21,MN,TP. HCM,5,82742 - 24958 - 55364
2025-11-21,MN,TP. HCM,6,68743 - 62709 - 62631
2025-11-21,MN,TP. HCM,7,05739 - 16458 - 70876 - 57771
2025-11-21,MN,TP. HCM,8,30725
2025-11-21,MN,Đồng Tháp,ĐB,76465
2025-11-21,MN,Đồng Tháp,1,62853
2025-11-21,MN,Đồng Tháp,2,57418
2025-11-21,MN,Đồng Tháp,3,51450 - 00247 - 31696 - 22609 - 90627 - 24345
2025-11-21,MN,Đồng Tháp,4,71925 - 97657 - 75226 - 90840 - 73561 - 53129
2025-11-21,MN,Đồng Tháp,5,32518 - 72719 - 44286
2025-11-21,MN,Đồng Tháp,6,89994 - 54765 - 39622
2025-11-21,MN,Đồng Tháp,7,45971 - 31399 - 42360 - 42638
2025-11-21,MN,Đồng Tháp,8,76837
2025-11-21,MN,Cà Mau,ĐB,06324
2025-11-21,MN,Cà Mau,1,49358
2025-11-21,MN,Cà Mau,2,51693
2025-11-21,MN,Cà Mau,3,78402 - 49161 - 97383 - 44067 - 04517 - 00521
2025-11-21,MN,Cà Mau,4,69635 - 13870 - 35458 - 07835 - 84054 - 84785
2025-11-21,MN,Cà Mau,5,51578 - 77694 - 35926
2025-11-21,MN,Cà Mau,6,45317 - 07599 - 61154
2025-11-21,MN,Cà Mau,7,93079 - 24438 - 02284 - 18258
2025-11-21,MN,Cà Mau,8,54985
2025-11-22,MB,Hà Nội,ĐB,37592
2025-11-22,MB,Hà Nội,1,87962
2025-11-22,MB,Hà Nội,2,15573
2025-11-22,MB,Hà Nội,3,44798 - 64094 - 47376 - 36375 - 67695 - 75046
2025-11-22,MB,Hà Nội,4,99175 - 78992 - 43900 - 42103 - 60315 - 31562
2025-11-22,MB,Hà Nội,5,49135 - 33805 - 88483
2025-11-22,MB,Hà Nội,6,97863 - 23191 - 43126
2025-11-22,MB,Hà Nội,7,92423 - 28393 - 31347 - 43951
2025-11-22,MT,Đà Nẵng,ĐB,19844
2025-11-22,MT,Đà Nẵng,1,52010
2025-11-22,MT,Đà Nẵng,2,16625
2025-11-22,MT,Đà Nẵng,3,96466 - 55407 - 27880 - 57431 - 08466 - 63496
2025-11-22,MT,Đà Nẵng,4,31621 - 29104 - 25226 - 30122 - 46707 - 26921
2025-11-22,MT,Đà Nẵng,5,05715 - 37380 - 88365
2025-11-22,MT,Đà Nẵng,6,50027 - 89069 - 94452
2025-11-22,MT,Đà Nẵng,7,86796 - 01705 - 09935 - 20114
2025-11-22,MT,Đà Nẵng,8,07394
2025-11-22,MT,Khánh Hòa,ĐB,08679
2025-11-22,MT,Khánh Hòa,1,32185
2025-11-22,MT,Khánh Hòa,2,09256
2025-11-22,MT,Khánh Hòa,3,06325 - 14538 - 65534 - 03353 - 24453 - 48185
2025-11-22,MT,Khánh Hòa,4,76968 - 12931 - 47899 - 71536 - 92116 - 13446
2025-11-22,MT,Khánh Hòa,5,58115 - 78605 - 18583
2025-11-22,MT,Khánh Hòa,6,84308 - 04040 - 77073
2025-11-22,MT,Khánh Hòa,7,54898 - 38458 - 93081 - 91826
2025-11-22,MT,Khánh Hòa,8,88240
2025-11-22,MN,TP. HCM,ĐB,89656
2025-11-22,MN,TP. HCM,1,32840
2025-11-22,MN,TP. HCM,2,93416
2025-11-22,MN,TP. HCM,3,17470 - 49692 - 09459 - 52325 - 36418 - 35021
2025-11-22,MN,TP. HCM,4,79252 - 07586 - 57018 - 17336 - 21885 - 70730
2025-11-22,MN,TP. HCM,5,99089 - 10639 - 62975
2025-11-22,MN,TP. HCM,6,46124 - 94924 - 75996
2025-11-22,MN,TP. HCM,7,22020 - 52073 - 05223 - 26739
2025-11-22,MN,TP. HCM,8,98524
2025-11-22,MN,Đồng Tháp,ĐB,84658
2025-11-22,MN,Đồng Tháp,1,72365
2025-11-22,MN,Đồng Tháp,2,89937
2025-11-22,MN,Đồng Tháp,3,69215 - 72463 - 39580 - 23561 - 24873 - 24186
2025-11-22,MN,Đồng Tháp,4,89596 - 43770 - 44537 - 44988 - 00942 - 13768
2025-11-22,MN,Đồng Tháp,5,14948 - 85545 - 32511
2025-11-22,MN,Đồng Tháp,6,25343 - 19266 - 53296
2025-11-22,MN,Đồng Tháp,7,77296 - 89149 - 44199 - 87095
2025-11-22,MN,Đồng Tháp,8,06769
2025-11-22,MN,Cà Mau,ĐB,52035
2025-11-22,MN,Cà Mau,1,49504
2025-11-22,MN,Cà Mau,2,39711
2025-11-22,MN,Cà Mau,3,41939 - 61438 - 68185 - 59860 - 01132 - 86690
2025-11-22,MN,Cà Mau,4,93623 - 52715 - 22121 - 96347 - 32195 - 75314
2025-11-22,MN,Cà Mau,5,58971 - 09477 - 43079
2025-11-22,MN,Cà Mau,6,51067 - 96239 - 75164
2025-11-22,MN,Cà Mau,7,76771 - 04041 - 47206 - 73380
2025-11-22,MN,Cà Mau,8,39313
2025-11-23,MB,Hà Nội,ĐB,80299
2025-11-23,MB,Hà Nội,1,64455
2025-11-23,MB,Hà Nội,2,69421
2025-11-23,MB,Hà Nội,3,94423 - 04403 - 26667 - 35190 - 02545 - 32342
2025-11-23,MB,Hà Nội,4,66072 - 08763 - 78316 - 28902 - 84323 - 79224
2025-11-23,MB,Hà Nội,5,19768 - 06401 - 07116
2025-11-23,MB,Hà Nội,6,89334 - 75981 - 98068
2025-11-23,MB,Hà Nội,7,29222 - 53450 - 30024 - 97633
2025-11-23,MT,Đà Nẵng,ĐB,85559
2025-11-23,MT,Đà Nẵng,1,50317
2025-11-23,MT,Đà Nẵng,2,48612
2025-11-23,MT,Đà Nẵng,3,79156 - 57284 - 19534 - 15378 - 44447 - 27313
2025-11-23,MT,Đà Nẵng,4,00918 - 30659 - 10491 - 37321 - 97139 - 60690
2025-11-23,MT,Đà Nẵng,5,77995 - 08387 - 89301
2025-11-23,MT,Đà Nẵng,6,52558 - 78837 - 17082
2025-11-23,MT,Đà Nẵng,7,18555 - 66133 - 40008 - 70475
2025-11-23,MT,Đà Nẵng,8,65794
2025-11-23,MT,Khánh Hòa,ĐB,55754
2025-11-23,MT,Khánh Hòa,1,76899
2025-11-23,MT,Khánh Hòa,2,45405
2025-11-23,MT,Khánh Hòa,3,26453 - 76902 - 29967 - 51946 - 67286 - 67502
2025-11-23,MT,Khánh Hòa,4,68363 - 41081 - 58034 - 38274 - 16977 - 74137
2025-11-23,MT,Khánh Hòa,5,39944 - 01511 - 99399
2025-11-23,MT,Khánh Hòa,6,13740 - 09956 - 69497
2025-11-23,MT,Khánh Hòa,7,43804 - 04011 - 87545 - 29888
2025-11-23,MT,Khánh Hòa,8,92936
2025-11-23,MN,TP. HCM,ĐB,92423
2025-11-23,MN,TP. HCM,1,14578
2025-11-23,MN,TP. HCM,2,29614
2025-11-23,MN,TP. HCM,3,05744 - 03875 - 66077 - 77280 - 53549 - 75643
2025-11-23,MN,TP. HCM,4,09440 - 73531 - 96395 - 16119 - 22721 - 78600
2025-11-23,MN,TP. HCM,5,71520 - 26248 - 88364
2025-11-23,MN,TP. HCM,6,53719 - 74751 - 66951
2025-11-23,MN,TP. HCM,7,25278 - 00880 - 86125 - 77010
2025-11-23,MN,TP. HCM,8,59947
2025-11-23,MN,Đồng Tháp,ĐB,04255
2025-11-23,MN,Đồng Tháp,1,81392
2025-11-23,MN,Đồng Tháp,2,09965
2025-11-23,MN,Đồng Tháp,3,58487 - 81301 - 15162 - 84657 - 65510 - 06494
2025-11-23,MN,Đồng Tháp,4,21841 - 62145 - 49130 - 04557 - 05674 - 50237
2025-11-23,MN,Đồng Tháp,5,16688 - 10155 - 02449
2025-11-23,MN,Đồng Tháp,6,44289 - 07417 - 11599
2025-11-23,MN,Đồng Tháp,7,09234 - 95957 - 38222 - 18111
2025-11-23,MN,Đồng Tháp,8,77146
2025-11-23,MN,Cà Mau,ĐB,07279
2025-11-23,MN,Cà Mau,1,55315
2025-11-23,MN,Cà Mau,2,75855
2025-11-23,MN,Cà Mau,3,04221 - 11573 - 49005 - 95607 - 08235 - 93131
2025-11-23,MN,Cà Mau,4,23858 - 45670 - 07849 - 74159 - 63821 - 66638
2025-11-23,MN,Cà Mau,5,35815 - 00649 - 73202
2025-11-23,MN,Cà Mau,6,90141 - 29875 - 76024
2025-11-23,MN,Cà Mau,7,25685 - 23459 - 28235 - 66798
2025-11-23,MN,Cà Mau,8,79712
2025-11-24,MB,Hà Nội,ĐB,69489
2025-11-24,MB,Hà Nội,1,41774
2025-11-24,MB,Hà Nội,2,42061
2025-11-24,MB,Hà Nội,3,14902 - 91237 - 40186 - 40221 - 89854 - 58217
2025-11-24,MB,Hà Nội,4,68828 - 74614 - 77662 - 61500 - 38350 - 05350
2025-11-24,MB,Hà Nội,5,32412 - 66782 - 84088
2025-11-24,MB,Hà Nội,6,88463 - 47809 - 79887
2025-11-24,MB,Hà Nội,7,75682 - 12911 - 57691 - 55433
2025-11-24,MT,Đà Nẵng,ĐB,41690
2025-11-24,MT,Đà Nẵng,1,26651
2025-11-24,MT,Đà Nẵng,2,67467
2025-11-24,MT,Đà Nẵng,3,78214 - 33418 - 89900 - 18505 - 22046 - 05668
2025-11-24,MT,Đà Nẵng,4,06100 - 63294 - 84161 - 57229 - 55415 - 64810
2025-11-24,MT,Đà Nẵng,5,14083 - 00839 - 94461
2025-11-24,MT,Đà Nẵng,6,41164 - 18028 - 29103
2025-11-24,MT,Đà Nẵng,7,47323 - 64873 - 13997 - 86986
2025-11-24,MT,Đà Nẵng,8,67201
2025-11-24,MT,Khánh Hòa,ĐB,70877
2025-11-24,MT,Khánh Hòa,1,80825
2025-11-24,MT,Khánh Hòa,2,39376
2025-11-24,MT,Khánh Hòa,3,99674 - 78906 - 87890 - 47806 - 49110 - 50351
2025-11-24,MT,Khánh Hòa,4,19447 - 20640 - 56937 - 22948 - 71029 - 83260
2025-11-24,MT,Khánh Hòa,5,49217 - 38910 - 75084
2025-11-24,MT,Khánh Hòa,6,98025 - 49750 - 08725
2025-11-24,MT,Khánh Hòa,7,08011 - 91786 - 35929 - 12900
2025-11-24,MT,Khánh Hòa,8,80092
2025-11-24,MN,TP. HCM,ĐB,38732
2025-11-24,MN,TP. HCM,1,29868
2025-11-24,MN,TP. HCM,2,12866
2025-11-24,MN,TP. HCM,3,29488 - 39519 - 13344 - 87472 - 27817 - 32522
2025-11-24,MN,TP. HCM,4,58410 - 08830 - 25521 - 36754 - 39904 - 37284
2025-11-24,MN,TP. HCM,5,78954 - 42988 - 54874
2025-11-24,MN,TP. HCM,6,72855 - 12892 - 95184
2025-11-24,MN,TP. HCM,7,90508 - 73094 - 27393 - 32921
2025-11-24,MN,TP. HCM,8,13021
2025-11-24,MN,Đồng Tháp,ĐB,87403
2025-11-24,MN,Đồng Tháp,1,78541
2025-11-24,MN,Đồng Tháp,2,80871
2025-11-24,MN,Đồng Tháp,3,36570 - 91129 - 97018 - 83291 - 36938 - 77926
2025-11-24,MN,Đồng Tháp,4,22919 - 64732 - 15889 - 78608 - 17412 - 01156
2025-11-24,MN,Đồng Tháp,5,22207 - 94806 - 38071
2025-11-24,MN,Đồng Tháp,6,34389 - 68460 - 28136
2025-11-24,MN,Đồng Tháp,7,11689 - 02157 - 98033 - 72547
2025-11-24,MN,Đồng Tháp,8,06450
2025-11-24,MN,Cà Mau,ĐB,04356
2025-11-24,MN,Cà Mau,1,57186
2025-11-24,MN,Cà Mau,2,56190
2025-11-24,MN,Cà Mau,3,91701 - 12519 - 53672 - 35349 - 10038 - 45048
2025-11-24,MN,Cà Mau,4,10495 - 46495 - 38376 - 07839 - 24984 - 98356
2025-11-24,MN,Cà Mau,5,36545 - 06334 - 13430
2025-11-24,MN,Cà Mau,6,84986 - 67101 - 61469
2025-11-24,MN,Cà Mau,7,89171 - 70254 - 81833 - 10171
2025-11-24,MN,Cà Mau,8,71290
2025-11-25,MB,Hà Nội,ĐB,43810
2025-11-25,MB,Hà Nội,1,64201
2025-11-25,MB,Hà Nội,2,01412
2025-11-25,MB,Hà Nội,3,99005 - 15258 - 26368 - 99621 - 46506 - 10296
2025-11-25,MB,Hà Nội,4,16804 - 27579 - 35474 - 77017 - 76826 - 58445
2025-11-25,MB,Hà Nội,5,96215 - 48194 - 39955
2025-11-25,MB,Hà Nội,6,70305 - 20591 - 54493
2025-11-25,MB,Hà Nội,7,94451 - 69087 - 49289 - 16538
2025-11-25,MT,Đà Nẵng,ĐB,69928
2025-11-25,MT,Đà Nẵng,1,74442
2025-11-25,MT,Đà Nẵng,2,26538
2025-11-25,MT,Đà Nẵng,3,30799 - 69022 - 82716 - 09838 - 03361 - 67455
2025-11-25,MT,Đà Nẵng,4,59235 - 09305 - 19743 - 99140 - 62504 - 84805
2025-11-25,MT,Đà Nẵng,5,50954 - 68059 - 18617
2025-11-25,MT,Đà Nẵng,6,76122 - 31700 - 80750
2025-11-25,MT,Đà Nẵng,7,17031 - 62612 - 70631 - 98070
2025-11-25,MT,Đà Nẵng,8,31283
2025-11-25,MT,Khánh Hòa,ĐB,07857
2025-11-25,MT,Khánh Hòa,1,11644
2025-11-25,MT,Khánh Hòa,2,23427
2025-11-25,MT,Khánh Hòa,3,91989 - 53262 - 01017 - 62010 - 51532 - 25374
2025-11-25,MT,Khánh Hòa,4,32818 - 12517 - 53021 - 97188 - 60559 - 64879
2025-11-25,MT,Khánh Hòa,5,55462 - 97147 - 18882
2025-11-25,MT,Khánh Hòa,6,51548 - 47466 - 55764
2025-11-25,MT,Khánh Hòa,7,68525 - 76552 - 08173 - 82166
2025-11-25,MT,Khánh Hòa,8,33663
2025-11-25,MN,TP. HCM,ĐB,85152
2025-11-25,MN,TP. HCM,1,24751
2025-11-25,MN,TP. HCM,2,91124
2025-11-25,MN,TP. HCM,3,67978 - 03271 - 00879 - 17829 - 47654 - 98771
2025-11-25,MN,TP. HCM,4,39070 - 97614 - 03325 - 90145 - 07269 - 57031
2025-11-25,MN,TP. HCM,5,01136 - 72486 - 02761
2025-11-25,MN,TP. HCM,6,37922 - 49950 - 12027
2025-11-25,MN,TP. HCM,7,86895 - 40649 - 28241 - 67898
2025-11-25,MN,TP. HCM,8,43837
2025-11-25,MN,Đồng Tháp,ĐB,23851
2025-11-25,MN,Đồng Tháp,1,96085
2025-11-25,MN,Đồng Tháp,2,51760
2025-11-25,MN,Đồng Tháp,3,71684 - 49478 - 48486 - 11571 - 30155 - 84005
2025-11-25,MN,Đồng Tháp,4,41211 - 79228 - 48351 - 50344 - 27771 - 57304
2025-11-25,MN,Đồng Tháp,5,74965 - 43612 - 74462
2025-11-25,MN,Đồng Tháp,6,89513 - 07977 - 86179
2025-11-25,MN,Đồng Tháp,7,27822 - 57895 - 87911 - 21599
2025-11-25,MN,Đồng Tháp,8,50187
2025-11-25,MN,Cà Mau,ĐB,68877
2025-11-25,MN,Cà Mau,1,24644
2025-11-25,MN,Cà Mau,2,43477
2025-11-25,MN,Cà Mau,3,19403 - 80023 - 19852 - 10691 - 19294 - 05981
2025-11-25,MN,Cà Mau,4,68175 - 36827 - 54613 - 93779 - 97231 - 52073
2025-11-25,MN,Cà Mau,5,01353 - 74355 - 97774
2025-11-25,MN,Cà Mau,6,30323 - 33147 - 13768
2025-11-25,MN,Cà Mau,7,71453 - 18871 - 61567 - 42628
2025-11-25,MN,Cà Mau,8,23346
2025-11-26,MB,Hà Nội,ĐB,81261
2025-11-26,MB,Hà Nội,1,36444
2025-11-26,MB,Hà Nội,2,31632
2025-11-26,MB,Hà Nội,3,69079 - 91776 - 88035 - 80750 - 80901 - 85914
2025-11-26,MB,Hà Nội,4,10512 - 98000 - 77627 - 22818 - 05682 - 78767
2025-11-26,MB,Hà Nội,5,63478 - 93782 - 84136
2025-11-26,MB,Hà Nội,6,12977 - 54485 - 25676
2025-11-26,MB,Hà Nội,7,68839 - 97851 - 51619 - 96377
2025-11-26,MT,Đà Nẵng,ĐB,96767
2025-11-26,MT,Đà Nẵng,1,59870
2025-11-26,MT,Đà Nẵng,2,58607
2025-11-26,MT,Đà Nẵng,3,19494 - 32269 - 13177 - 08390 - 95331 - 19874
2025-11-26,MT,Đà Nẵng,4,10646 - 26810 - 64405 - 71703 - 00198 - 29444
2025-11-26,MT,Đà Nẵng,5,00991 - 15224 - 41749
2025-11-26,MT,Đà Nẵng,6,26256 - 14698 - 34533
2025-11-26,MT,Đà Nẵng,7,67827 - 34303 - 52945 - 47378
2025-11-26,MT,Đà Nẵng,8,12414
2025-11-26,MT,Khánh Hòa,ĐB,03894
2025-11-26,MT,Khánh Hòa,1,67682
2025-11-26,MT,Khánh Hòa,2,75570
2025-11-26,MT,Khánh Hòa,3,34898 - 81434 - 97365 - 26903 - 90569 - 74804
2025-11-26,MT,Khánh Hòa,4,34743 - 19613 - 86988 - 64981 - 12800 - 84857
2025-11-26,MT,Khánh Hòa,5,85017 - 59198 - 73618
2025-11-26,MT,Khánh Hòa,6,54161 - 37415 - 54544
2025-11-26,MT,Khánh Hòa,7,62297 - 03968 - 82069 - 23077
2025-11-26,MT,Khánh Hòa,8,30350
2025-11-26,MN,TP. HCM,ĐB,12566
2025-11-26,MN,TP. HCM,1,49004
2025-11-26,MN,TP. HCM,2,39583
2025-11-26,MN,TP. HCM,3,95334 - 14880 - 79307 - 05714 - 87797 - 34253
2025-11-26,MN,TP. HCM,4,48047 - 44462 - 01689 - 87981 - 74768 - 82093
2025-11-26,MN,TP. HCM,5,71354 - 67426 - 77242
2025-11-26,MN,TP. HCM,6,91030 - 27220 - 14281
2025-11-26,MN,TP. HCM,7,03499 - 01512 - 85670 - 20372
2025-11-26,MN,TP. HCM,8,75880
2025-11-26,MN,Đồng Tháp,ĐB,12751
2025-11-26,MN,Đồng Tháp,1,62062
2025-11-26,MN,Đồng Tháp,2,77390
2025-11-26,MN,Đồng Tháp,3,21991 - 19881 - 64552 - 86515 - 47533 - 09415
2025-11-26,MN,Đồng Tháp,4,66025 - 83128 - 97781 - 66996 - 96441 - 13479
2025-11-26,MN,Đồng Tháp,5,58992 - 58061 - 55915
2025-11-26,MN,Đồng Tháp,6,04752 - 51901 - 78992
2025-11-26,MN,Đồng Tháp,7,03556 - 28352 - 16941 - 01411
2025-11-26,MN,Đồng Tháp,8,09982
2025-11-26,MN,Cà Mau,ĐB,99737
2025-11-26,MN,Cà Mau,1,71868
2025-11-26,MN,Cà Mau,2,00552
2025-11-26,MN,Cà Mau,3,59635 - 68755 - 61124 - 56027 - 24801 - 39985
2025-11-26,MN,Cà Mau,4,44112 - 64398 - 21308 - 44770 - 71639 - 42098
2025-11-26,MN,Cà Mau,5,60492 - 86365 - 10620
2025-11-26,MN,Cà Mau,6,87016 - 04135 - 91855
2025-11-26,MN,Cà Mau,7,75050 - 72458 - 94213 - 12541
2025-11-26,MN,Cà Mau,8,51672
2025-11-27,MB,Hà Nội,ĐB,44941
2025-11-27,MB,Hà Nội,1,34440
2025-11-27,MB,Hà Nội,2,79005
2025-11-27,MB,Hà Nội,3,12870 - 75998 - 40261 - 58126 - 46837 - 59908
2025-11-27,MB,Hà Nội,4,00856 - 78739 - 67551 - 51681 - 77236 - 98128
2025-11-27,MB,Hà Nội,5,29821 - 44923 - 45752
2025-11-27,MB,Hà Nội,6,24555 - 85824 - 96703
2025-11-27,MB,Hà Nội,7,00848 - 62969 - 73444 - 92826
2025-11-27,MT,Đà Nẵng,ĐB,50499
2025-11-27,MT,Đà Nẵng,1,75719
2025-11-27,MT,Đà Nẵng,2,18928
2025-11-27,MT,Đà Nẵng,3,37878 - 58878 - 51642 - 68047 - 52468 - 96839
2025-11-27,MT,Đà Nẵng,4,55430 - 97738 - 71394 - 56501 - 80886 - 99749
2025-11-27,MT,Đà Nẵng,5,13470 - 58660 - 07846
2025-11-27,MT,Đà Nẵng,6,11411 - 44639 - 15492
2025-11-27,MT,Đà Nẵng,7,65426 - 49156 - 33057 - 85358
2025-11-27,MT,Đà Nẵng,8,64411
2025-11-27,MT,Khánh Hòa,ĐB,37455
2025-11-27,MT,Khánh Hòa,1,68096
2025-11-27,MT,Khánh Hòa,2,21982
2025-11-27,MT,Khánh Hòa,3,20332 - 57613 - 84947 - 85634 - 20827 - 80175
2025-11-27,MT,Khánh Hòa,4,25575 - 44246 - 14361 - 57450 - 47079 - 60651
2025-11-27,MT,Khánh Hòa,5,68339 - 74462 - 56258
2025-11-27,MT,Khánh Hòa,6,27260 - 36555 - 32847
2025-11-27,MT,Khánh Hòa,7,99325 - 57288 - 38696 - 13349
2025-11-27,MT,Khánh Hòa,8,42237
2025-11-27,MN,TP. HCM,ĐB,09841
2025-11-27,MN,TP. HCM,1,12023
2025-11-27,MN,TP. HCM,2,39212
2025-11-27,MN,TP. HCM,3,73794 - 71802 - 19560 - 02280 - 16406 - 59696
2025-11-27,MN,TP. HCM,4,05679 - 47698 - 55694 - 95733 - 31006 - 90436
2025-11-27,MN,TP. HCM,5,14993 - 88219 - 53874
2025-11-27,MN,TP. HCM,6,06706 - 05279 - 23231
2025-11-27,MN,TP. HCM,7,04224 - 55050 - 69876 - 41303
2025-11-27,MN,TP. HCM,8,46430
2025-11-27,MN,Đồng Tháp,ĐB,54759
2025-11-27,MN,Đồng Tháp,1,40202
2025-11-27,MN,Đồng Tháp,2,48250
2025-11-27,MN,Đồng Tháp,3,33528 - 36478 - 79441 - 91066 - 43812 - 83913
2025-11-27,MN,Đồng Tháp,4,42328 - 11534 - 24437 - 87952 - 90690 - 03910
2025-11-27,MN,Đồng Tháp,5,97474 - 62030 - 19650
2025-11-27,MN,Đồng Tháp,6,49355 - 09350 - 44207
2025-11-27,MN,Đồng Tháp,7,81815 - 47586 - 70813 - 33198
2025-11-27,MN,Đồng Tháp,8,87596
2025-11-27,MN,Cà Mau,ĐB,80425
2025-11-27,MN,Cà Mau,1,04819
2025-11-27,MN,Cà Mau,2,84721
2025-11-27,MN,Cà Mau,3,02034 - 45115 - 31197 - 58810 - 41747 - 90527
2025-11-27,MN,Cà Mau,4,07173 - 26314 - 11497 - 06577 - 53310 - 24023
2025-11-27,MN,Cà Mau,5,44197 - 40937 - 93094
2025-11-27,MN,Cà Mau,6,34338 - 69804 - 21115
2025-11-27,MN,Cà Mau,7,73496 - 75221 - 01733 - 42798
2025-11-27,MN,Cà Mau,8,91525
2025-11-28,MB,Hà Nội,ĐB,54694
2025-11-28,MB,Hà Nội,1,41063
2025-11-28,MB,Hà Nội,2,90564
2025-11-28,MB,Hà Nội,3,97625 - 42790 - 45063 - 49385 - 34883 - 87260
2025-11-28,MB,Hà Nội,4,76913 - 98603 - 95880 - 23262 - 04249 - 38769
2025-11-28,MB,Hà Nội,5,07323 - 93801 - 10573
2025-11-28,MB,Hà Nội,6,81281 - 91768 - 77552
2025-11-28,MB,Hà Nội,7,56499 - 02175 - 58750 - 73204
2025-11-28,MT,Đà Nẵng,ĐB,96061
2025-11-28,MT,Đà Nẵng,1,16967
2025-11-28,MT,Đà Nẵng,2,02325
2025-11-28,MT,Đà Nẵng,3,98233 - 71887 - 52805 - 37626 - 26097 - 86032
2025-11-28,MT,Đà Nẵng,4,68577 - 47751 - 19510 - 81762 - 80392 - 91781
2025-11-28,MT,Đà Nẵng,5,36907 - 43119 - 49461
2025-11-28,MT,Đà Nẵng,6,90945 - 36295 - 85485
2025-11-28,MT,Đà Nẵng,7,48625 - 31767 - 48551 - 02934
2025-11-28,MT,Đà Nẵng,8,45667
2025-11-28,MT,Khánh Hòa,ĐB,49898
2025-11-28,MT,Khánh Hòa,1,76457
2025-11-28,MT,Khánh Hòa,2,39856
2025-11-28,MT,Khánh Hòa,3,73684 - 72057 - 12094 - 79088 - 19587 - 23064
2025-11-28,MT,Khánh Hòa,4,04936 - 58385 - 60604 - 96456 - 26268 - 87502
2025-11-28,MT,Khánh Hòa,5,59138 - 87313 - 75133
2025-11-28,MT,Khánh Hòa,6,84708 - 44425 - 37506
2025-11-28,MT,Khánh Hòa,7,06233 - 02391 - 10997 - 40284
2025-11-28,MT,Khánh Hòa,8,01825
2025-11-28,MN,TP. HCM,ĐB,70146
2025-11-28,MN,TP. HCM,1,25967
2025-11-28,MN,TP. HCM,2,39676
2025-11-28,MN,TP. HCM,3,25953 - 43944 - 66131 - 89811 - 74718 - 14479
2025-11-28,MN,TP. HCM,4,36044 - 06160 - 80291 - 37410 - 09976 - 51996
2025-11-28,MN,TP. HCM,5,05759 - 42340 - 68930
2025-11-28,MN,TP. HCM,6,37945 - 98770 - 33834
2025-11-28,MN,TP. HCM,7,48137 - 56910 - 67643 - 96346
2025-11-28,MN,TP. HCM,8,69046
2025-11-28,MN,Đồng Tháp,ĐB,40767
2025-11-28,MN,Đồng Tháp,1,69649
2025-11-28,MN,Đồng Tháp,2,81589
2025-11-28,MN,Đồng Tháp,3,40703 - 95974 - 87086 - 65513 - 28468 - 85736
2025-11-28,MN,Đồng Tháp,4,35404 - 83739 - 98924 - 97589 - 58729 - 29679
2025-11-28,MN,Đồng Tháp,5,62701 - 77534 - 98855
2025-11-28,MN,Đồng Tháp,6,04417 - 44463 - 39632
2025-11-28,MN,Đồng Tháp,7,01600 - 26077 - 94606 - 15673
2025-11-28,MN,Đồng Tháp,8,57639
2025-11-28,MN,Cà Mau,ĐB,21625
2025-11-28,MN,Cà Mau,1,57346
2025-11-28,MN,Cà Mau,2,23106
2025-11-28,MN,Cà Mau,3,96201 - 82133 - 21925 - 48221 - 46076 - 10523
2025-11-28,MN,Cà Mau,4,10058 - 16022 - 88839 - 19964 - 38353 - 83734
2025-11-28,MN,Cà Mau,5,18199 - 43146 - 72635
2025-11-28,MN,Cà Mau,6,64384 - 09395 - 44757
2025-11-28,MN,Cà Mau,7,87449 - 09084 - 98181 - 90365
2025-11-28,MN,Cà Mau,8,76499
2025-11-29,MB,Hà Nội,ĐB,51904
2025-11-29,MB,Hà Nội,1,29478
2025-11-29,MB,Hà Nội,2,00971
2025-11-29,MB,Hà Nội,3,27986 - 21755 - 28308 - 86023 - 79316 - 10457
2025-11-29,MB,Hà Nội,4,55474 - 23780 - 37362 - 97618 - 07415 - 04709
2025-11-29,MB,Hà Nội,5,92956 - 66147 - 89346
2025-11-29,MB,Hà Nội,6,18328 - 39553 - 72769
2025-11-29,MB,Hà Nội,7,69778 - 32668 - 68286 - 61061
2025-11-29,MT,Đà Nẵng,ĐB,90580
2025-11-29,MT,Đà Nẵng,1,31672
2025-11-29,MT,Đà Nẵng,2,17364
2025-11-29,MT,Đà Nẵng,3,06967 - 94359 - 69183 - 51693 - 30965 - 47331
2025-11-29,MT,Đà Nẵng,4,58572 - 45323 - 82477 - 74652 - 52932 - 31426
2025-11-29,MT,Đà Nẵng,5,20886 - 60291 - 33787
2025-11-29,MT,Đà Nẵng,6,58640 - 51950 - 83715
2025-11-29,MT,Đà Nẵng,7,63159 - 40556 - 17359 - 60559
2025-11-29,MT,Đà Nẵng,8,13838
2025-11-29,MT,Khánh Hòa,ĐB,09324
2025-11-29,MT,Khánh Hòa,1,75792
2025-11-29,MT,Khánh Hòa,2,31863
2025-11-29,MT,Khánh Hòa,3,79045 - 02270 - 75745 - 87213 - 57423 - 26552
2025-11-29,MT,Khánh Hòa,4,22478 - 68569 - 23056 - 88741 - 59625 - 62623
2025-11-29,MT,Khánh Hòa,5,18168 - 66874 - 16070
2025-11-29,MT,Khánh Hòa,6,69953 - 10784 - 03186
2025-11-29,MT,Khánh Hòa,7,52867 - 83297 - 36216 - 55874
2025-11-29,MT,Khánh Hòa,8,86470
2025-11-29,MN,TP. HCM,ĐB,89413
2025-11-29,MN,TP. HCM,1,67507
2025-11-29,MN,TP. HCM,2,19222
2025-11-29,MN,TP. HCM,3,15845 - 06998 - 01518 - 64620 - 92223 - 68790
2025-11-29,MN,TP. HCM,4,68258 - 46828 - 45023 - 38755 - 37051 - 35158
2025-11-29,MN,TP. HCM,5,61026 - 29591 - 49540
2025-11-29,MN,TP. HCM,6,45932 - 95050 - 70418
2025-11-29,MN,TP. HCM,7,88052 - 79574 - 21839 - 74570
2025-11-29,MN,TP. HCM,8,22565
2025-11-29,MN,Đồng Tháp,ĐB,08223
2025-11-29,MN,Đồng Tháp,1,25557
2025-11-29,MN,Đồng Tháp,2,81287
2025-11-29,MN,Đồng Tháp,3,60355 - 64904 - 28422 - 41435 - 83454 - 23838
2025-11-29,MN,Đồng Tháp,4,34924 - 43812 - 07173 - 71203 - 63492 - 59406
2025-11-29,MN,Đồng Tháp,5,04158 - 07790 - 83213
2025-11-29,MN,Đồng Tháp,6,33485 - 33912 - 66538
2025-11-29,MN,Đồng Tháp,7,64540 - 20224 - 80369 - 44690
2025-11-29,MN,Đồng Tháp,8,09524
2025-11-29,MN,Cà Mau,ĐB,25980
2025-11-29,MN,Cà Mau,1,60466
2025-11-29,MN,Cà Mau,2,77030
2025-11-29,MN,Cà Mau,3,45335 - 28442 - 14785 - 42830 - 92941 - 37385
2025-11-29,MN,Cà Mau,4,17308 - 80920 - 41277 - 76285 - 86223 - 53727
2025-11-29,MN,Cà Mau,5,68501 - 95375 - 80137
2025-11-29,MN,Cà Mau,6,52570 - 96072 - 05134
2025-11-29,MN,Cà Mau,7,64117 - 94267 - 93336 - 05030
2025-11-29,MN,Cà Mau,8,48205
2025-11-30,MB,Hà Nội,ĐB,10261
2025-11-30,MB,Hà Nội,1,02333
2025-11-30,MB,Hà Nội,2,59838
2025-11-30,MB,Hà Nội,3,87531 - 06564 - 01772 - 78997 - 70571 - 61316
2025-11-30,MB,Hà Nội,4,05379 - 02285 - 72633 - 07007 - 02069 - 26951
2025-11-30,MB,Hà Nội,5,65141 - 09666 - 96769
2025-11-30,MB,Hà Nội,6,43183 - 85800 - 52025
2025-11-30,MB,Hà Nội,7,21831 - 64348 - 11566 - 93265
2025-11-30,MT,Đà Nẵng,ĐB,38893
2025-11-30,MT,Đà Nẵng,1,18649
2025-11-30,MT,Đà Nẵng,2,27879
2025-11-30,MT,Đà Nẵng,3,10981 - 14633 - 59961 - 87522 - 08714 - 58065
2025-11-30,MT,Đà Nẵng,4,07499 - 11085 - 24052 - 77911 - 04959 - 33410
2025-11-30,MT,Đà Nẵng,5,17697 - 07833 - 66337
2025-11-30,MT,Đà Nẵng,6,26055 - 65133 - 87201
2025-11-30,MT,Đà Nẵng,7,08870 - 21621 - 99438 - 90518
2025-11-30,MT,Đà Nẵng,8,08083
2025-11-30,MT,Khánh Hòa,ĐB,87925
2025-11-30,MT,Khánh Hòa,1,44634
2025-11-30,MT,Khánh Hòa,2,25931
2025-11-30,MT,Khánh Hòa,3,73396 - 59662 - 62332 - 03768 - 35188 - 28149
2025-11-30,MT,Khánh Hòa,4,49796 - 01388 - 49668 - 96749 - 13351 - 91655
2025-11-30,MT,Khánh Hòa,5,48638 - 34359 - 07960
2025-11-30,MT,Khánh Hòa,6,76880 - 55937 - 29117
2025-11-30,MT,Khánh Hòa,7,15423 - 53772 - 26402 - 98181
2025-11-30,MT,Khánh Hòa,8,47148
2025-11-30,MN,TP. HCM,ĐB,51549
2025-11-30,MN,TP. HCM,1,66991
2025-11-30,MN,TP. HCM,2,72650
2025-11-30,MN,TP. HCM,3,88664 - 14947 - 46498 - 30157 - 77624 - 85879
2025-11-30,MN,TP. HCM,4,42300 - 57687 - 00468 - 89334 - 72971 - 42262
2025-11-30,MN,TP. HCM,5,63578 - 97586 - 53841
2025-11-30,MN,TP. HCM,6,56838 - 54187 - 06748
2025-11-30,MN,TP. HCM,7,74500 - 19283 - 73636 - 71388
2025-11-30,MN,TP. HCM,8,70428
2025-11-30,MN,Đồng Tháp,ĐB,06146
2025-11-30,MN,Đồng Tháp,1,99697
2025-11-30,MN,Đồng Tháp,2,98077
2025-11-30,MN,Đồng Tháp,3,70060 - 87282 - 18015 - 76275 - 77033 - 18266
2025-11-30,MN,Đồng Tháp,4,13820 - 47491 - 69087 - 46174 - 28353 - 61198
2025-11-30,MN,Đồng Tháp,5,99328 - 31492 - 71899
2025-11-30,MN,Đồng Tháp,6,34949 - 75134 - 14889
2025-11-30,MN,Đồng Tháp,7,54475 - 96560 - 10871 - 46559
2025-11-30,MN,Đồng Tháp,8,87800
2025-11-30,MN,Cà Mau,ĐB,60258
2025-11-30,MN,Cà Mau,1,45570
2025-11-30,MN,Cà Mau,2,51509
2025-11-30,MN,Cà Mau,3,90946 - 42360 - 68227 - 54779 - 86580 - 15058
2025-11-30,MN,Cà Mau,4,73213 - 92421 - 52596 - 09659 - 88219 - 80129
2025-11-30,MN,Cà Mau,5,73361 - 83800 - 88055
2025-11-30,MN,Cà Mau,6,06265 - 53929 - 00058
2025-11-30,MN,Cà Mau,7,01903 - 75405 - 27487 - 71699
2025-11-30,MN,Cà Mau,8,16832
2025-12-01,MB,Hà Nội,ĐB,01838
2025-12-01,MB,Hà Nội,1,62134
2025-12-01,MB,Hà Nội,2,41639
2025-12-01,MB,Hà Nội,3,50470 - 35850 - 45761 - 77535 - 46493 - 53395
2025-12-01,MB,Hà Nội,4,48961 - 03661 - 87198 - 29012 - 77433 - 94076
2025-12-01,MB,Hà Nội,5,25300 - 80852 - 69069
2025-12-01,MB,Hà Nội,6,94614 - 97737 - 31778
2025-12-01,MB,Hà Nội,7,24776 - 00577 - 93451 - 68746
2025-12-01,MT,Đà Nẵng,ĐB,55099
2025-12-01,MT,Đà Nẵng,1,79236
2025-12-01,MT,Đà Nẵng,2,88529
2025-12-01,MT,Đà Nẵng,3,97717 - 36514 - 10843 - 43513 - 57669 - 08316
2025-12-01,MT,Đà Nẵng,4,93406 - 22353 - 82942 - 12919 - 38202 - 46567
2025-12-01,MT,Đà Nẵng,5,35519 - 33031 - 69019
2025-12-01,MT,Đà Nẵng,6,42114 - 78125 - 96928
2025-12-01,MT,Đà Nẵng,7,72347 - 81628 - 05275 - 31346
2025-12-01,MT,Đà Nẵng,8,04295
2025-12-01,MT,Khánh Hòa,ĐB,40485
2025-12-01,MT,Khánh Hòa,1,21112
2025-12-01,MT,Khánh Hòa,2,13072
2025-12-01,MT,Khánh Hòa,3,93259 - 69556 - 86072 - 21338 - 57356 - 07846
2025-12-01,MT,Khánh Hòa,4,53276 - 37010 - 74004 - 27618 - 17992 - 58937
2025-12-01,MT,Khánh Hòa,5,07338 - 98634 - 13932
2025-12-01,MT,Khánh Hòa,6,31246 - 73605 - 72163
2025-12-01,MT,Khánh Hòa,7,36751 - 35174 - 73725 - 79833
2025-12-01,MT,Khánh Hòa,8,40788
2025-12-01,MN,TP. HCM,ĐB,34676
2025-12-01,MN,TP. HCM,1,60521
2025-12-01,MN,TP. HCM,2,82725
2025-12-01,MN,TP. HCM,3,38100 - 57270 - 24228 - 65531 - 65872 - 38467
2025-12-01,MN,TP. HCM,4,74934 - 62341 - 93155 - 02057 - 21632 - 66857
2025-12-01,MN,TP. HCM,5,11478 - 91260 - 55547
2025-12-01,MN,TP. HCM,6,87622 - 39076 - 87691
2025-12-01,MN,TP. HCM,7,29956 - 01424 - 37270 - 33911
2025-12-01,MN,TP. HCM,8,74689
2025-12-01,MN,Đồng Tháp,ĐB,09956
2025-12-01,MN,Đồng Tháp,1,13248
2025-12-01,MN,Đồng Tháp,2,71236
2025-12-01,MN,Đồng Tháp,3,03159 - 17288 - 17760 - 89651 - 95412 - 81561
2025-12-01,MN,Đồng Tháp,4,16077 - 92280 - 25619 - 10989 - 68710 - 55246
2025-12-01,MN,Đồng Tháp,5,09185 - 02272 - 34290
2025-12-01,MN,Đồng Tháp,6,16713 - 04921 - 85868
2025-12-01,MN,Đồng Tháp,7,84512 - 90430 - 32687 - 46341
2025-12-01,MN,Đồng Tháp,8,23238
2025-12-01,MN,Cà Mau,ĐB,98370
2025-12-01,MN,Cà Mau,1,49804
2025-12-01,MN,Cà Mau,2,18136
2025-12-01,MN,Cà Mau,3,28755 - 05924 - 43180 - 74239 - 27864 - 50568
2025-12-01,MN,Cà Mau,4,42423 - 36599 - 23115 - 38297 - 87550 - 62081
2025-12-01,MN,Cà Mau,5,20352 - 72322 - 98836
2025-12-01,MN,Cà Mau,6,87451 - 60488 - 21036
2025-12-01,MN,Cà Mau,7,24303 - 70792 - 55330 - 72869
2025-12-01,MN,Cà Mau,8,19528
2025-12-02,MB,Hà Nội,ĐB,02448
2025-12-02,MB,Hà Nội,1,06720
2025-12-02,MB,Hà Nội,2,31493
2025-12-02,MB,Hà Nội,3,35191 - 63020 - 60633 - 72273 - 53096 - 15313
2025-12-02,MB,Hà Nội,4,28967 - 09769 - 11837 - 97177 - 18086 - 50340
2025-12-02,MB,Hà Nội,5,90250 - 66389 - 85883
2025-12-02,MB,Hà Nội,6,63341 - 41514 - 86577
2025-12-02,MB,Hà Nội,7,63763 - 40046 - 82800 - 09900
2025-12-02,MT,Đà Nẵng,ĐB,84773
2025-12-02,MT,Đà Nẵng,1,54433
2025-12-02,MT,Đà Nẵng,2,36322
2025-12-02,MT,Đà Nẵng,3,90692 - 58019 - 42947 - 74061 - 91533 - 78251
2025-12-02,MT,Đà Nẵng,4,66152 - 84589 - 06833 - 07599 - 21921 - 36071
2025-12-02,MT,Đà Nẵng,5,95862 - 95066 - 56527
2025-12-02,MT,Đà Nẵng,6,23697 - 40119 - 90376
2025-12-02,MT,Đà Nẵng,7,42492 - 51713 - 56108 - 10618
2025-12-02,MT,Đà Nẵng,8,34697
2025-12-02,MT,Khánh Hòa,ĐB,44253
2025-12-02,MT,Khánh Hòa,1,80585
2025-12-02,MT,Khánh Hòa,2,39978
2025-12-02,MT,Khánh Hòa,3,90650 - 94789 - 44554 - 30321 - 91336 - 42156
2025-12-02,MT,Khánh Hòa,4,49937 - 43956 - 41661 - 26729 - 79614 - 38679
2025-12-02,MT,Khánh Hòa,5,52814 - 87049 - 83500
2025-12-02,MT,Khánh Hòa,6,04479 - 83809 - 49324
2025-12-02,MT,Khánh Hòa,7,91731 - 99474 - 03330 - 24770
2025-12-02,MT,Khánh Hòa,8,94003
2025-12-02,MN,TP. HCM,ĐB,19897
2025-12-02,MN,TP. HCM,1,01849
2025-12-02,MN,TP. HCM,2,77374
2025-12-02,MN,TP. HCM,3,66070 - 68427 - 80886 - 04770 - 35554 - 32002
2025-12-02,MN,TP. HCM,4,44006 - 31035 - 60997 - 19469 - 90302 - 00667
2025-12-02,MN,TP. HCM,5,38568 - 63627 - 14842
2025-12-02,MN,TP. HCM,6,25338 - 82194 - 71994
2025-12-02,MN,TP. HCM,7,40448 - 13926 - 94971 - 24380
2025-12-02,MN,TP. HCM,8,43740
2025-12-02,MN,Đồng Tháp,ĐB,46875
2025-12-02,MN,Đồng Tháp,1,76789
2025-12-02,MN,Đồng Tháp,2,27577
2025-12-02,MN,Đồng Tháp,3,17285 - 42760 - 70268 - 26685 - 84126 - 41575
2025-12-02,MN,Đồng Tháp,4,62912 - 62455 - 13448 - 28401 - 41300 - 14648
2025-12-02,MN,Đồng Tháp,5,46817 - 15712 - 76960
2025-12-02,MN,Đồng Tháp,6,59595 - 52785 - 23719
2025-12-02,MN,Đồng Tháp,7,14130 - 62078 - 59745 - 59545
2025-12-02,MN,Đồng Tháp,8,94867
2025-12-02,MN,Cà Mau,ĐB,49918
2025-12-02,MN,Cà Mau,1,95415
2025-12-02,MN,Cà Mau,2,28535
2025-12-02,MN,Cà Mau,3,88412 - 07877 - 90893 - 74198 - 55397 - 36945
2025-12-02,MN,Cà Mau,4,32454 - 08383 - 00882 - 43242 - 42509 - 29618
2025-12-02,MN,Cà Mau,5,60051 - 99063 - 61746
2025-12-02,MN,Cà Mau,6,93954 - 42304 - 54221
2025-12-02,MN,Cà Mau,7,11152 - 05155 - 13805 - 65247
2025-12-02,MN,Cà Mau,8,36230
2025-12-03,MB,Hà Nội,ĐB,43472
2025-12-03,MB,Hà Nội,1,76360
2025-12-03,MB,Hà Nội,2,97108
2025-12-03,MB,Hà Nội,3,13859 - 16815 - 77512 - 82817 - 62109 - 53418
2025-12-03,MB,Hà Nội,4,12633 - 85892 - 14252 - 52952 - 30161 - 51884
2025-12-03,MB,Hà Nội,5,35361 - 01147 - 95908
2025-12-03,MB,Hà Nội,6,17605 - 64064 - 54199
2025-12-03,MB,Hà Nội,7,98124 - 99093 - 61739 - 63379
2025-12-03,MT,Đà Nẵng,ĐB,53500
2025-12-03,MT,Đà Nẵng,1,55555
2025-12-03,MT,Đà Nẵng,2,17824
2025-12-03,MT,Đà Nẵng,3,51887 - 10832 - 35391 - 46621 - 61958 - 21350
2025-12-03,MT,Đà Nẵng,4,47152 - 33490 - 56411 - 34055 - 63325 - 13817
2025-12-03,MT,Đà Nẵng,5,91559 - 86324 - 52075
2025-12-03,MT,Đà Nẵng,6,41965 - 35062 - 19194
2025-12-03,MT,Đà Nẵng,7,19410 - 51596 - 70307 - 81670
2025-12-03,MT,Đà Nẵng,8,04320
2025-12-03,MT,Khánh Hòa,ĐB,91568
2025-12-03,MT,Khánh Hòa,1,14801
2025-12-03,MT,Khánh Hòa,2,85786
2025-12-03,MT,Khánh Hòa,3,44070 - 45504 - 37117 - 06736 - 15308 - 56078
2025-12-03,MT,Khánh Hòa,4,11636 - 56539 - 22860 - 22991 - 11149 - 05735
2025-12-03,MT,Khánh Hòa,5,52454 - 34142 - 55022
2025-12-03,MT,Khánh Hòa,6,99507 - 44683 - 07599
2025-12-03,MT,Khánh Hòa,7,86998 - 27379 - 80981 - 58679
2025-12-03,MT,Khánh Hòa,8,68963
2025-12-03,MN,TP. HCM,ĐB,59242
2025-12-03,MN,TP. HCM,1,26197
2025-12-03,MN,TP. HCM,2,84502
2025-12-03,MN,TP. HCM,3,62752 - 58546 - 32912 - 62939 - 00535 - 38686
2025-12-03,MN,TP. HCM,4,69627 - 62834 - 74642 - 02398 - 49111 - 57408
2025-12-03,MN,TP. HCM,5,68366 - 71725 - 29091
2025-12-03,MN,TP. HCM,6,79596 - 02713 - 43603
2025-12-03,MN,TP. HCM,7,74024 - 41181 - 19211 - 97311
2025-12-03,MN,TP. HCM,8,02174
2025-12-03,MN,Đồng Tháp,ĐB,32076
2025-12-03,MN,Đồng Tháp,1,57616
2025-12-03,MN,Đồng Tháp,2,78514
2025-12-03,MN,Đồng Tháp,3,44314 - 73252 - 34169 - 25619 - 48341 - 93006
2025-12-03,MN,Đồng Tháp,4,91995 - 36133 - 47193 - 41742 - 76824 - 49736
2025-12-03,MN,Đồng Tháp,5,82754 - 43824 - 73405
2025-12-03,MN,Đồng Tháp,6,77402 - 76486 - 56945
2025-12-03,MN,Đồng Tháp,7,62246 - 76314 - 45478 - 91936
2025-12-03,MN,Đồng Tháp,8,31004
2025-12-03,MN,Cà Mau,ĐB,66629
2025-12-03,MN,Cà Mau,1,57615
2025-12-03,MN,Cà Mau,2,47227
2025-12-03,MN,Cà Mau,3,09573 - 66504 - 01132 - 52821 - 08639 - 62001
2025-12-03,MN,Cà Mau,4,09684 - 48411 - 65140 - 38600 - 58700 - 33045
2025-12-03,MN,Cà Mau,5,71637 - 51319 - 77455
2025-12-03,MN,Cà Mau,6,09191 - 83696 - 64806
2025-12-03,MN,Cà Mau,7,44426 - 05346 - 72816 - 38976
2025-12-03,MN,Cà Mau,8,02588
2025-12-04,MB,Hà Nội,ĐB,58565
2025-12-04,MB,Hà Nội,1,15061
2025-12-04,MB,Hà Nội,2,04402
2025-12-04,MB,Hà Nội,3,01753 - 70906 - 77237 - 42622 - 89074 - 24129
2025-12-04,MB,Hà Nội,4,04591 - 59362 - 59203 - 39092 - 83611 - 54063
2025-12-04,MB,Hà Nội,5,93331 - 90635 - 35248
2025-12-04,MB,Hà Nội,6,90143 - 59040 - 58046
2025-12-04,MB,Hà Nội,7,02645 - 58122 - 48178 - 20669
2025-12-04,MT,Đà Nẵng,ĐB,74420
2025-12-04,MT,Đà Nẵng,1,31162
2025-12-04,MT,Đà Nẵng,2,76634
2025-12-04,MT,Đà Nẵng,3,72866 - 80098 - 92439 - 73180 - 00879 - 76707
2025-12-04,MT,Đà Nẵng,4,32369 - 69464 - 33920 - 00324 - 60300 - 13730
2025-12-04,MT,Đà Nẵng,5,07834 - 01720 - 73119
2025-12-04,MT,Đà Nẵng,6,64874 - 82776 - 40040
2025-12-04,MT,Đà Nẵng,7,23556 - 03974 - 31495 - 29755
2025-12-04,MT,Đà Nẵng,8,32348
2025-12-04,MT,Khánh Hòa,ĐB,42209
2025-12-04,MT,Khánh Hòa,1,33289
2025-12-04,MT,Khánh Hòa,2,27186
2025-12-04,MT,Khánh Hòa,3,92000 - 06820 - 57520 - 90782 - 00155 - 75086
2025-12-04,MT,Khánh Hòa,4,21501 - 76198 - 77540 - 00489 - 02546 - 12287
2025-12-04,MT,Khánh Hòa,5,72108 - 80887 - 05563
2025-12-04,MT,Khánh Hòa,6,22689 - 55497 - 29977
2025-12-04,MT,Khánh Hòa,7,73832 - 53361 - 28998 - 96838
2025-12-04,MT,Khánh Hòa,8,32695
2025-12-04,MN,TP. HCM,ĐB,11663
2025-12-04,MN,TP. HCM,1,67986
2025-12-04,MN,TP. HCM,2,30642
2025-12-04,MN,TP. HCM,3,86933 - 39992 - 40328 - 99970 - 86808 - 34325
2025-12-04,MN,TP. HCM,4,55425 - 53089 - 78116 - 25282 - 41052 - 06820
2025-12-04,MN,TP. HCM,5,43932 - 85284 - 97467
2025-12-04,MN,TP. HCM,6,20066 - 29233 - 71287
2025-12-04,MN,TP. HCM,7,40830 - 81713 - 46480 - 11704
2025-12-04,MN,TP. HCM,8,80083
2025-12-04,MN,Đồng Tháp,ĐB,62735
2025-12-04,MN,Đồng Tháp,1,64694
2025-12-04,MN,Đồng Tháp,2,01285
2025-12-04,MN,Đồng Tháp,3,79753 - 46411 - 10581 - 40944 - 41362 - 41272
2025-12-04,MN,Đồng Tháp,4,75902 - 45302 - 46631 - 87547 - 15387 - 37838
2025-12-04,MN,Đồng Tháp,5,29842 - 81721 - 04713
2025-12-04,MN,Đồng Tháp,6,54438 - 98830 - 95034
2025-12-04,MN,Đồng Tháp,7,32551 - 71663 - 56850 - 05954
2025-12-04,MN,Đồng Tháp,8,41699
2025-12-04,MN,Cà Mau,ĐB,60086
2025-12-04,MN,Cà Mau,1,60420
2025-12-04,MN,Cà Mau,2,54809
2025-12-04,MN,Cà Mau,3,95262 - 94670 - 74324 - 52520 - 31733 - 89825
2025-12-04,MN,Cà Mau,4,27926 - 17473 - 94826 - 31517 - 41949 - 90813
2025-12-04,MN,Cà Mau,5,24895 - 17554 - 48715
2025-12-04,MN,Cà Mau,6,14276 - 18935 - 20143
2025-12-04,MN,Cà Mau,7,92640 - 27661 - 43637 - 93383
2025-12-04,MN,Cà Mau,8,18793
2025-12-05,MB,Hà Nội,ĐB,67442
2025-12-05,MB,Hà Nội,1,88160
2025-12-05,MB,Hà Nội,2,95935
2025-12-05,MB,Hà Nội,3,63468 - 88932 - 09929 - 62411 - 59853 - 97372
2025-12-05,MB,Hà Nội,4,16189 - 35420 - 48536 - 17326 - 13199 - 40461
2025-12-05,MB,Hà Nội,5,21389 - 87867 - 09094
2025-12-05,MB,Hà Nội,6,77493 - 79365 - 05831
2025-12-05,MB,Hà Nội,7,06523 - 18422 - 12412 - 73975
2025-12-05,MT,Đà Nẵng,ĐB,38380
2025-12-05,MT,Đà Nẵng,1,43111
2025-12-05,MT,Đà Nẵng,2,46636
2025-12-05,MT,Đà Nẵng,3,15010 - 58740 - 53118 - 90525 - 24314 - 69772
2025-12-05,MT,Đà Nẵng,4,12067 - 28178 - 45858 - 08133 - 08708 - 04423
2025-12-05,MT,Đà Nẵng,5,74180 - 45866 - 22672
2025-12-05,MT,Đà Nẵng,6,78835 - 67079 - 21717
2025-12-05,MT,Đà Nẵng,7,45733 - 06402 - 41818 - 79006
2025-12-05,MT,Đà Nẵng,8,80459
2025-12-05,MT,Khánh Hòa,ĐB,21373
2025-12-05,MT,Khánh Hòa,1,54289
2025-12-05,MT,Khánh Hòa,2,36450
2025-12-05,MT,Khánh Hòa,3,50057 - 33844 - 04832 - 98673 - 93794 - 54137
2025-12-05,MT,Khánh Hòa,4,16687 - 39707 - 26105 - 85769 - 35733 - 02417
2025-12-05,MT,Khánh Hòa,5,71750 - 07839 - 64342
2025-12-05,MT,Khánh Hòa,6,28583 - 06019 - 45175
2025-12-05,MT,Khánh Hòa,7,41942 - 18789 - 71083 - 12702
2025-12-05,MT,Khánh Hòa,8,73212
2025-12-05,MN,TP. HCM,ĐB,94126
2025-12-05,MN,TP. HCM,1,61112
2025-12-05,MN,TP. HCM,2,97486
2025-12-05,MN,TP. HCM,3,93204 - 08160 - 50929 - 09286 - 83406 - 29784
2025-12-05,MN,TP. HCM,4,82892 - 73620 - 43036 - 94434 - 45757 - 76809
2025-12-05,MN,TP. HCM,5,85997 - 32477 - 80141
2025-12-05,MN,TP. HCM,6,91986 - 80933 - 73107
2025-12-05,MN,TP. HCM,7,84284 - 19047 - 19295 - 47646
2025-12-05,MN,TP. HCM,8,18480
2025-12-05,MN,Đồng Tháp,ĐB,19908
2025-12-05,MN,Đồng Tháp,1,49924
2025-12-05,MN,Đồng Tháp,2,22110
2025-12-05,MN,Đồng Tháp,3,92220 - 44116 - 20602 - 50562 - 48389 - 72085
2025-12-05,MN,Đồng Tháp,4,41211 - 78250 - 11093 - 19792 - 66706 - 28705
2025-12-05,MN,Đồng Tháp,5,39929 - 26263 - 48932
2025-12-05,MN,Đồng Tháp,6,98091 - 13176 - 51002
2025-12-05,MN,Đồng Tháp,7,91625 - 66827 - 53727 - 23036
2025-12-05,MN,Đồng Tháp,8,71154
2025-12-05,MN,Cà Mau,ĐB,21657
2025-12-05,MN,Cà Mau,1,50292
2025-12-05,MN,Cà Mau,2,09673
2025-12-05,MN,Cà Mau,3,59773 - 60180 - 43208 - 04669 - 09385 - 67789
2025-12-05,MN,Cà Mau,4,57585 - 56800 - 55097 - 95761 - 48246 - 41445
2025-12-05,MN,Cà Mau,5,78534 - 17524 - 56568
2025-12-05,MN,Cà Mau,6,42965 - 40501 - 83709
2025-12-05,MN,Cà Mau,7,65643 - 26507 - 36974 - 38995
2025-12-05,MN,Cà Mau,8,07368
2025-12-06,MB,Hà Nội,ĐB,67514
2025-12-06,MB,Hà Nội,1,06892
2025-12-06,MB,Hà Nội,2,56390
2025-12-06,MB,Hà Nội,3,40088 - 61243 - 44203 - 57165 - 10517 - 71354
2025-12-06,MB,Hà Nội,4,52957 - 61228 - 57501 - 17980 - 36868 - 64696
2025-12-06,MB,Hà Nội,5,97046 - 28658 - 75912
2025-12-06,MB,Hà Nội,6,69643 - 23177 - 76971
2025-12-06,MB,Hà Nội,7,47418 - 05966 - 14994 - 84709
2025-12-06,MT,Đà Nẵng,ĐB,49135
2025-12-06,MT,Đà Nẵng,1,82938
2025-12-06,MT,Đà Nẵng,2,16878
2025-12-06,MT,Đà Nẵng,3,87042 - 76804 - 50677 - 60304 - 39735 - 03101
2025-12-06,MT,Đà Nẵng,4,02076 - 64256 - 64803 - 12021 - 52462 - 41914
2025-12-06,MT,Đà Nẵng,5,40067 - 01434 - 30434
2025-12-06,MT,Đà Nẵng,6,79694 - 34264 - 71974
2025-12-06,MT,Đà Nẵng,7,64111 - 90581 - 36519 - 67420
2025-12-06,MT,Đà Nẵng,8,10558
2025-12-06,MT,Khánh Hòa,ĐB,86198
2025-12-06,MT,Khánh Hòa,1,08426
2025-12-06,MT,Khánh Hòa,2,92242
2025-12-06,MT,Khánh Hòa,3,98311 - 00489 - 98908 - 55861 - 99214 - 37141
2025-12-06,MT,Khánh Hòa,4,65559 - 17121 - 88155 - 79271 - 35342 - 87883
2025-12-06,MT,Khánh Hòa,5,57754 - 29053 - 57903
2025-12-06,MT,Khánh Hòa,6,67828 - 05565 - 47695
2025-12-06,MT,Khánh Hòa,7,69547 - 82955 - 82835 - 47673
2025-12-06,MT,Khánh Hòa,8,03434
2025-12-06,MN,TP. HCM,ĐB,71318
2025-12-06,MN,TP. HCM,1,96364
2025-12-06,MN,TP. HCM,2,54462
2025-12-06,MN,TP. HCM,3,38847 - 06394 - 41151 - 15153 - 41054 - 11106
2025-12-06,MN,TP. HCM,4,73975 - 42842 - 46036 - 07750 - 89564 - 41444
2025-12-06,MN,TP. HCM,5,28670 - 38359 - 82206
2025-12-06,MN,TP. HCM,6,51532 - 72039 - 21111
2025-12-06,MN,TP. HCM,7,19421 - 12967 - 91487 - 68880
2025-12-06,MN,TP. HCM,8,44506
2025-12-06,MN,Đồng Tháp,ĐB,63585
2025-12-06,MN,Đồng Tháp,1,46127
2025-12-06,MN,Đồng Tháp,2,77409
2025-12-06,MN,Đồng Tháp,3,55858 - 72632 - 57045 - 89063 - 28558 - 33957
2025-12-06,MN,Đồng Tháp,4,44808 - 07725 - 98401 - 34017 - 32519 - 25036
2025-12-06,MN,Đồng Tháp,5,33366 - 82139 - 73807
2025-12-06,MN,Đồng Tháp,6,23704 - 28722 - 26521
2025-12-06,MN,Đồng Tháp,7,09979 - 68947 - 75627 - 72402
2025-12-06,MN,Đồng Tháp,8,00809
2025-12-06,MN,Cà Mau,ĐB,56539
2025-12-06,MN,Cà Mau,1,74189
2025-12-06,MN,Cà Mau,2,38276
2025-12-06,MN,Cà Mau,3,82002 - 13988 - 90920 - 49396 - 22493 - 33721
2025-12-06,MN,Cà Mau,4,24182 - 19558 - 22071 - 95455 - 34587 - 33084
2025-12-06,MN,Cà Mau,5,96362 - 51859 - 70442
2025-12-06,MN,Cà Mau,6,94769 - 72873 - 15442
2025-12-06,MN,Cà Mau,7,48831 - 28336 - 50672 - 94165
2025-12-06,MN,Cà Mau,8,67218
2025-12-07,MB,Hà Nội,ĐB,66514
2025-12-07,MB,Hà Nội,1,88875
2025-12-07,MB,Hà Nội,2,82896
2025-12-07,MB,Hà Nội,3,19543 - 44446 - 75919 - 72170 - 45197 - 70632
2025-12-07,MB,Hà Nội,4,63926 - 90993 - 58949 - 82755 - 13527 - 00742
2025-12-07,MB,Hà Nội,5,08525 - 56764 - 77260
2025-12-07,MB,Hà Nội,6,94622 - 12695 - 76021
2025-12-07,MB,Hà Nội,7,95696 - 85064 - 85272 - 48105
2025-12-07,MT,Đà Nẵng,ĐB,13055
2025-12-07,MT,Đà Nẵng,1,29504
2025-12-07,MT,Đà Nẵng,2,42298
2025-12-07,MT,Đà Nẵng,3,72372 - 68505 - 93433 - 28380 - 75996 - 62598
2025-12-07,MT,Đà Nẵng,4,20103 - 11887 - 54640 - 50217 - 76830 - 65044
2025-12-07,MT,Đà Nẵng,5,93750 - 32035 - 52294
2025-12-07,MT,Đà Nẵng,6,84643 - 49003 - 29901
2025-12-07,MT,Đà Nẵng,7,71231 - 55014 - 88329 - 64938
2025-12-07,MT,Đà Nẵng,8,44786
2025-12-07,MT,Khánh Hòa,ĐB,79451
2025-12-07,MT,Khánh Hòa,1,42730
2025-12-07,MT,Khánh Hòa,2,71286
2025-12-07,MT,Khánh Hòa,3,42673 - 40235 - 22956 - 34370 - 56688 - 74595
2025-12-07,MT,Khánh Hòa,4,86192 - 92217 - 06599 - 80243 - 63413 - 36475
2025-12-07,MT,Khánh Hòa,5,81056 - 54213 - 83098
2025-12-07,MT,Khánh Hòa,6,19765 - 76442 - 42069
2025-12-07,MT,Khánh Hòa,7,68455 - 82106 - 80160 - 62517
2025-12-07,MT,Khánh Hòa,8,80842
2025-12-07,MN,TP. HCM,ĐB,83814
2025-12-07,MN,TP. HCM,1,36412
2025-12-07,MN,TP. HCM,2,46221
2025-12-07,MN,TP. HCM,3,34020 - 08826 - 69411 - 30743 - 65103 - 59194
2025-12-07,MN,TP. HCM,4,76309 - 84293 - 59182 - 40208 - 73333 - 19422
2025-12-07,MN,TP. HCM,5,55434 - 08664 - 89086
2025-12-07,MN,TP. HCM,6,35205 - 36333 - 40096
2025-12-07,MN,TP. HCM,7,02067 - 92525 - 13059 - 73394
2025-12-07,MN,TP. HCM,8,06789
2025-12-07,MN,Đồng Tháp,ĐB,47149
2025-12-07,MN,Đồng Tháp,1,46013
2025-12-07,MN,Đồng Tháp,2,71303
2025-12-07,MN,Đồng Tháp,3,37600 - 63082 - 99670 - 25290 - 60114 - 37117
2025-12-07,MN,Đồng Tháp,4,17246 - 40027 - 65839 - 29634 - 85616 - 04552
2025-12-07,MN,Đồng Tháp,5,53639 - 31652 - 33655
2025-12-07,MN,Đồng Tháp,6,33468 - 73509 - 30402
2025-12-07,MN,Đồng Tháp,7,21438 - 54697 - 36308 - 17800
2025-12-07,MN,Đồng Tháp,8,94646
2025-12-07,MN,Cà Mau,ĐB,10163
2025-12-07,MN,Cà Mau,1,60655
2025-12-07,MN,Cà Mau,2,12678
2025-12-07,MN,Cà Mau,3,73039 - 36590 - 59065 - 68242 - 37391 - 11377
2025-12-07,MN,Cà Mau,4,34265 - 31970 - 03173 - 23910 - 30839 - 06042
2025-12-07,MN,Cà Mau,5,90091 - 08580 - 77397
2025-12-07,MN,Cà Mau,6,89758 - 53156 - 78076
2025-12-07,MN,Cà Mau,7,12570 - 07898 - 79398 - 91446
2025-12-07,MN,Cà Mau,8,36522
2025-12-08,MB,Hà Nội,ĐB,19240
2025-12-08,MB,Hà Nội,1,58630
2025-12-08,MB,Hà Nội,2,17741
2025-12-08,MB,Hà Nội,3,99780 - 08414 - 94099 - 01301 - 59192 - 98401
2025-12-08,MB,Hà Nội,4,59686 - 27449 - 70312 - 58577 - 35445 - 65725
2025-12-08,MB,Hà Nội,5,98825 - 41809 - 60374
2025-12-08,MB,Hà Nội,6,24158 - 80634 - 16977
2025-12-08,MB,Hà Nội,7,46417 - 22765 - 16692 - 28268
2025-12-08,MT,Đà Nẵng,ĐB,17245
2025-12-08,MT,Đà Nẵng,1,05024
2025-12-08,MT,Đà Nẵng,2,07812
2025-12-08,MT,Đà Nẵng,3,27607 - 82827 - 87734 - 06269 - 38755 - 86059
2025-12-08,MT,Đà Nẵng,4,84950 - 85537 - 39416 - 52835 - 68964 - 18063
2025-12-08,MT,Đà Nẵng,5,22930 - 82306 - 36441
2025-12-08,MT,Đà Nẵng,6,66831 - 92440 - 97060
2025-12-08,MT,Đà Nẵng,7,30113 - 16222 - 09292 - 80210
2025-12-08,MT,Đà Nẵng,8,93883
2025-12-08,MT,Khánh Hòa,ĐB,95315
2025-12-08,MT,Khánh Hòa,1,89858
2025-12-08,MT,Khánh Hòa,2,94578
2025-12-08,MT,Khánh Hòa,3,15752 - 39358 - 39700 - 90111 - 89611 - 57760
2025-12-08,MT,Khánh Hòa,4,33681 - 31859 - 05226 - 54013 - 87941 - 33025
2025-12-08,MT,Khánh Hòa,5,34111 - 06045 - 18607
2025-12-08,MT,Khánh Hòa,6,04130 - 62340 - 81577
2025-12-08,MT,Khánh Hòa,7,15815 - 92439 - 14942 - 26457
2025-12-08,MT,Khánh Hòa,8,63726
2025-12-08,MN,TP. HCM,ĐB,00565
2025-12-08,MN,TP. HCM,1,74696
2025-12-08,MN,TP. HCM,2,64835
2025-12-08,MN,TP. HCM,3,17230 - 24281 - 35267 - 76769 - 25433 - 49220
2025-12-08,MN,TP. HCM,4,25801 - 38450 - 35966 - 14974 - 90335 - 04381
2025-12-08,MN,TP. HCM,5,80751 - 99367 - 82009
2025-12-08,MN,TP. HCM,6,58995 - 35794 - 93753
2025-12-08,MN,TP. HCM,7,90938 - 84963 - 47081 - 31054
2025-12-08,MN,TP. HCM,8,58400
2025-12-08,MN,Đồng Tháp,ĐB,90868
2025-12-08,MN,Đồng Tháp,1,14944
2025-12-08,MN,Đồng Tháp,2,05967
2025-12-08,MN,Đồng Tháp,3,37822 - 81637 - 30993 - 97450 - 01249 - 45444
2025-12-08,MN,Đồng Tháp,4,49505 - 12945 - 18175 - 54272 - 37359 - 49415
2025-12-08,MN,Đồng Tháp,5,45227 - 31943 - 18679
2025-12-08,MN,Đồng Tháp,6,95697 - 85494 - 26954
2025-12-08,MN,Đồng Tháp,7,24389 - 30548 - 82840 - 63657
2025-12-08,MN,Đồng Tháp,8,59886
2025-12-08,MN,Cà Mau,ĐB,61322
2025-12-08,MN,Cà Mau,1,95251
2025-12-08,MN,Cà Mau,2,79546
2025-12-08,MN,Cà Mau,3,65353 - 91313 - 55228 - 77679 - 14126 - 40083
2025-12-08,MN,Cà Mau,4,02769 - 42929 - 32169 - 29339 - 67230 - 75124
2025-12-08,MN,Cà Mau,5,30300 - 64379 - 56578
2025-12-08,MN,Cà Mau,6,45640 - 61204 - 26710
2025-12-08,MN,Cà Mau,7,39846 - 78057 - 05169 - 11777
2025-12-08,MN,Cà Mau,8,44080
2025-12-09,MB,Hà Nội,ĐB,49622
2025-12-09,MB,Hà Nội,1,67972
2025-12-09,MB,Hà Nội,2,48840
2025-12-09,MB,Hà Nội,3,07092 - 63597 - 10030 - 88892 - 50795 - 11663
2025-12-09,MB,Hà Nội,4,87388 - 55783 - 73852 - 78830 - 03496 - 57166
2025-12-09,MB,Hà Nội,5,50262 - 92209 - 36639
2025-12-09,MB,Hà Nội,6,56893 - 51840 - 44350
2025-12-09,MB,Hà Nội,7,22901 - 19051 - 62159 - 70519
2025-12-09,MT,Đà Nẵng,ĐB,36728
2025-12-09,MT,Đà Nẵng,1,01532
2025-12-09,MT,Đà Nẵng,2,72416
2025-12-09,MT,Đà Nẵng,3,30194 - 48090 - 59949 - 41283 - 91809 - 28080
2025-12-09,MT,Đà Nẵng,4,39997 - 60728 - 60984 - 96959 - 58273 - 10912
2025-12-09,MT,Đà Nẵng,5,65255 - 71092 - 81075
2025-12-09,MT,Đà Nẵng,6,40557 - 62202 - 06881
2025-12-09,MT,Đà Nẵng,7,79091 - 50630 - 44396 - 83233
2025-12-09,MT,Đà Nẵng,8,44257
2025-12-09,MT,Khánh Hòa,ĐB,37241
2025-12-09,MT,Khánh Hòa,1,70046
2025-12-09,MT,Khánh Hòa,2,20693
2025-12-09,MT,Khánh Hòa,3,86857 - 39214 - 06771 - 62617 - 21085 - 77543
2025-12-09,MT,Khánh Hòa,4,82093 - 28752 - 80855 - 41513 - 61588 - 38868
2025-12-09,MT,Khánh Hòa,5,89507 - 82699 - 16505
2025-12-09,MT,Khánh Hòa,6,74551 - 63823 - 83414
2025-12-09,MT,Khánh Hòa,7,52115 - 04777 - 12932 - 82925
2025-12-09,MT,Khánh Hòa,8,25244
2025-12-09,MN,TP. HCM,ĐB,51817
2025-12-09,MN,TP. HCM,1,08670
2025-12-09,MN,TP. HCM,2,70684
2025-12-09,MN,TP. HCM,3,49144 - 94060 - 46226 - 83556 - 00322 - 64699
2025-12-09,MN,TP. HCM,4,05069 - 88969 - 06730 - 25901 - 32335 - 36971
2025-12-09,MN,TP. HCM,5,09988 - 16621 - 20153
2025-12-09,MN,TP. HCM,6,72266 - 97078 - 47713
2025-12-09,MN,TP. HCM,7,18220 - 69131 - 31927 - 48493
2025-12-09,MN,TP. HCM,8,72161
2025-12-09,MN,Đồng Tháp,ĐB,35872
2025-12-09,MN,Đồng Tháp,1,50088
2025-12-09,MN,Đồng Tháp,2,08120
2025-12-09,MN,Đồng Tháp,3,50392 - 35778 - 65030 - 19303 - 83686 - 73366
2025-12-09,MN,Đồng Tháp,4,06522 - 80987 - 52072 - 05976 - 64381 - 68959
2025-12-09,MN,Đồng Tháp,5,77903 - 78293 - 14247
2025-12-09,MN,Đồng Tháp,6,02429 - 74566 - 66966
2025-12-09,MN,Đồng Tháp,7,79052 - 79895 - 99082 - 60022
2025-12-09,MN,Đồng Tháp,8,00906
2025-12-09,MN,Cà Mau,ĐB,91017
2025-12-09,MN,Cà Mau,1,63852
2025-12-09,MN,Cà Mau,2,25628
2025-12-09,MN,Cà Mau,3,41569 - 95730 - 56755 - 67327 - 47682 - 72842
2025-12-09,MN,Cà Mau,4,96429 - 45405 - 97118 - 76797 - 87229 - 82231
2025-12-09,MN,Cà Mau,5,92476 - 79562 - 83788
2025-12-09,MN,Cà Mau,6,41931 - 32393 - 66064
2025-12-09,MN,Cà Mau,7,34204 - 51641 - 07149 - 86740
2025-12-09,MN,Cà Mau,8,64046
2025-12-10,MB,Hà Nội,ĐB,55913
2025-12-10,MB,Hà Nội,1,69879
2025-12-10,MB,Hà Nội,2,64859
2025-12-10,MB,Hà Nội,3,83582 - 34841 - 55526 - 61695 - 04321 - 90010
2025-12-10,MB,Hà Nội,4,55478 - 44532 - 48010 - 33553 - 14174 - 10022
2025-12-10,MB,Hà Nội,5,14666 - 62952 - 84103
2025-12-10,MB,Hà Nội,6,73467 - 86047 - 06957
2025-12-10,MB,Hà Nội,7,59311 - 61095 - 08567 - 64481
2025-12-10,MT,Đà Nẵng,ĐB,54330
2025-12-10,MT,Đà Nẵng,1,84012
2025-12-10,MT,Đà Nẵng,2,74470
2025-12-10,MT,Đà Nẵng,3,81640 - 96029 - 05185 - 18809 - 64731 - 08620
2025-12-10,MT,Đà Nẵng,4,56270 - 88386 - 14410 - 86457 - 98822 - 04099
2025-12-10,MT,Đà Nẵng,5,47458 - 70936 - 08778
2025-12-10,MT,Đà Nẵng,6,98396 - 68962 - 60976
2025-12-10,MT,Đà Nẵng,7,47556 - 12000 - 65136 - 22704
2025-12-10,MT,Đà Nẵng,8,76786
2025-12-10,MT,Khánh Hòa,ĐB,56236
2025-12-10,MT,Khánh Hòa,1,15828
2025-12-10,MT,Khánh Hòa,2,09814
2025-12-10,MT,Khánh Hòa,3,75533 - 17662 - 74121 - 69274 - 80091 - 01622
2025-12-10,MT,Khánh Hòa,4,96362 - 64877 - 33187 - 74455 - 23633 - 54370
2025-12-10,MT,Khánh Hòa,5,77507 - 68736 - 38925
2025-12-10,MT,Khánh Hòa,6,04498 - 25788 - 53644
2025-12-10,MT,Khánh Hòa,7,69562 - 68822 - 70867 - 12455
2025-12-10,MT,Khánh Hòa,8,85775
2025-12-10,MN,TP. HCM,ĐB,44808
2025-12-10,MN,TP. HCM,1,00204
2025-12-10,MN,TP. HCM,2,36340
2025-12-10,MN,TP. HCM,3,81094 - 90435 - 33299 - 81459 - 92561 - 73785
2025-12-10,MN,TP. HCM,4,26468 - 53209 - 57777 - 76841 - 12979 - 04998
2025-12-10,MN,TP. HCM,5,54924 - 79179 - 01737
2025-12-10,MN,TP. HCM,6,39544 - 85071 - 66613
2025-12-10,MN,TP. HCM,7,09128 - 36177 - 23959 - 89819
2025-12-10,MN,TP. HCM,8,24247
2025-12-10,MN,Đồng Tháp,ĐB,25334
2025-12-10,MN,Đồng Tháp,1,99496
2025-12-10,MN,Đồng Tháp,2,08436
2025-12-10,MN,Đồng Tháp,3,32567 - 07118 - 22828 - 32939 - 40833 - 39817
2025-12-10,MN,Đồng Tháp,4,23013 - 40940 - 77249 - 05791 - 76623 - 80198
2025-12-10,MN,Đồng Tháp,5,57520 - 63974 - 32205
2025-12-10,MN,Đồng Tháp,6,98617 - 88922 - 41350
2025-12-10,MN,Đồng Tháp,7,14008 - 46080 - 27393 - 12089
2025-12-10,MN,Đồng Tháp,8,68903
2025-12-10,MN,Cà Mau,ĐB,62951
2025-12-10,MN,Cà Mau,1,10307
2025-12-10,MN,Cà Mau,2,01756
2025-12-10,MN,Cà Mau,3,25104 - 58394 - 01200 - 37506 - 57916 - 26034
2025-12-10,MN,Cà Mau,4,46241 - 31696 - 04199 - 43183 - 10211 - 46466
2025-12-10,MN,Cà Mau,5,97959 - 11128 - 91545
2025-12-10,MN,Cà Mau,6,57444 - 80734 - 35382
2025-12-10,MN,Cà Mau,7,22733 - 53336 - 27623 - 94717
2025-12-10,MN,Cà Mau,8,06050
2025-12-11,MB,Hà Nội,ĐB,69452
2025-12-11,MB,Hà Nội,1,07538
2025-12-11,MB,Hà Nội,2,08230
2025-12-11,MB,Hà Nội,3,02456 - 74310 - 89606 - 03601 - 26751 - 42347
2025-12-11,MB,Hà Nội,4,13175 - 33128 - 37315 - 52806 - 93628 - 15669
2025-12-11,MB,Hà Nội,5,60049 - 53811 - 68536
2025-12-11,MB,Hà Nội,6,64680 - 28464 - 69881
2025-12-11,MB,Hà Nội,7,02657 - 90040 - 95873 - 08001
2025-12-11,MT,Đà Nẵng,ĐB,87462
2025-12-11,MT,Đà Nẵng,1,00299
2025-12-11,MT,Đà Nẵng,2,53475
2025-12-11,MT,Đà Nẵng,3,04222 - 03911 - 87957 - 90130 - 30622 - 89185
2025-12-11,MT,Đà Nẵng,4,37329 - 94472 - 62888 - 74654 - 94574 - 03621
2025-12-11,MT,Đà Nẵng,5,71745 - 21481 - 12930
2025-12-11,MT,Đà Nẵng,6,89418 - 35687 - 21440
2025-12-11,MT,Đà Nẵng,7,33651 - 21743 - 42180 - 08197
2025-12-11,MT,Đà Nẵng,8,92872
2025-12-11,MT,Khánh Hòa,ĐB,63402
2025-12-11,MT,Khánh Hòa,1,23942
2025-12-11,MT,Khánh Hòa,2,55717
2025-12-11,MT,Khánh Hòa,3,03146 - 73419 - 29582 - 76755 - 77141 - 08874
2025-12-11,MT,Khánh Hòa,4,33734 - 10653 - 76448 - 75162 - 18295 - 15413
2025-12-11,MT,Khánh Hòa,5,37433 - 53760 - 03025
2025-12-11,MT,Khánh Hòa,6,33844 - 59194 - 37168
2025-12-11,MT,Khánh Hòa,7,45476 - 40731 - 44022 - 06706
2025-12-11,MT,Khánh Hòa,8,16190
2025-12-11,MN,TP. HCM,ĐB,87223
2025-12-11,MN,TP. HCM,1,28287
2025-12-11,MN,TP. HCM,2,82597
2025-12-11,MN,TP. HCM,3,61636 - 94884 - 19023 - 51376 - 20272 - 36661
2025-12-11,MN,TP. HCM,4,86368 - 47575 - 01319 - 77029 - 54783 - 43485
2025-12-11,MN,TP. HCM,5,69152 - 26492 - 62149
2025-12-11,MN,TP. HCM,6,43743 - 73552 - 79698
2025-12-11,MN,TP. HCM,7,29701 - 47158 - 78729 - 38250
2025-12-11,MN,TP. HCM,8,18009
2025-12-11,MN,Đồng Tháp,ĐB,56798
2025-12-11,MN,Đồng Tháp,1,14622
2025-12-11,MN,Đồng Tháp,2,76366
2025-12-11,MN,Đồng Tháp,3,50767 - 41102 - 29736 - 34640 - 87737 - 05237
2025-12-11,MN,Đồng Tháp,4,89690 - 78269 - 66869 - 99855 - 91863 - 56545
2025-12-11,MN,Đồng Tháp,5,70235 - 47171 - 43183
2025-12-11,MN,Đồng Tháp,6,36216 - 02645 - 46644
2025-12-11,MN,Đồng Tháp,7,24903 - 91274 - 03832 - 94823
2025-12-11,MN,Đồng Tháp,8,10938
2025-12-11,MN,Cà Mau,ĐB,02876
2025-12-11,MN,Cà Mau,1,85497
2025-12-11,MN,Cà Mau,2,09504
2025-12-11,MN,Cà Mau,3,56374 - 04071 - 00940 - 86018 - 76365 - 48706
2025-12-11,MN,Cà Mau,4,28520 - 01527 - 42340 - 44682 - 84146 - 91643
2025-12-11,MN,Cà Mau,5,36656 - 31432 - 79228
2025-12-11,MN,Cà Mau,6,97193 - 84992 - 65106
2025-12-11,MN,Cà Mau,7,19273 - 76939 - 48651 - 29801
2025-12-11,MN,Cà Mau,8,40414
2025-12-12,MB,Hà Nội,ĐB,23248
2025-12-12,MB,Hà Nội,1,35065
2025-12-12,MB,Hà Nội,2,45167
2025-12-12,MB,Hà Nội,3,25110 - 19375 - 51946 - 74908 - 64420 - 44157
2025-12-12,MB,Hà Nội,4,17627 - 51782 - 46589 - 19291 - 24632 - 69747
2025-12-12,MB,Hà Nội,5,96708 - 35003 - 88314
2025-12-12,MB,Hà Nội,6,46132 - 31971 - 41490
2025-12-12,MB,Hà Nội,7,88617 - 06439 - 96413 - 23321
2025-12-12,MT,Đà Nẵng,ĐB,38059
2025-12-12,MT,Đà Nẵng,1,67458
2025-12-12,MT,Đà Nẵng,2,56425
2025-12-12,MT,Đà Nẵng,3,19297 - 87522 - 01944 - 13636 - 59994 - 72037
2025-12-12,MT,Đà Nẵng,4,14588 - 16300 - 37278 - 31270 - 06448 - 54048
2025-12-12,MT,Đà Nẵng,5,85490 - 19838 - 73666
2025-12-12,MT,Đà Nẵng,6,51723 - 18048 - 77983
2025-12-12,MT,Đà Nẵng,7,87492 - 69134 - 15984 - 35762
2025-12-12,MT,Đà Nẵng,8,08371
2025-12-12,MT,Khánh Hòa,ĐB,30493
2025-12-12,MT,Khánh Hòa,1,67342
2025-12-12,MT,Khánh Hòa,2,69066
2025-12-12,MT,Khánh Hòa,3,25776 - 42543 - 13723 - 09904 - 92963 - 34525
2025-12-12,MT,Khánh Hòa,4,21227 - 64642 - 59372 - 69331 - 06015 - 08894
2025-12-12,MT,Khánh Hòa,5,54179 - 57551 - 04921
2025-12-12,MT,Khánh Hòa,6,76173 - 79180 - 67210
2025-12-12,MT,Khánh Hòa,7,54264 - 90470 - 39900 - 37201
2025-12-12,MT,Khánh Hòa,8,06758
2025-12-12,MN,TP. HCM,ĐB,34113
2025-12-12,MN,TP. HCM,1,28457
2025-12-12,MN,TP. HCM,2,30355
2025-12-12,MN,TP. HCM,3,70152 - 83002 - 66182 - 35755 - 08980 - 07914
2025-12-12,MN,TP. HCM,4,56148 - 88065 - 20039 - 75502 - 14096 - 99147
2025-12-12,MN,TP. HCM,5,08491 - 55067 - 41060
2025-12-12,MN,TP. HCM,6,92606 - 73841 - 51718
2025-12-12,MN,TP. HCM,7,13975 - 75389 - 43019 - 91761
2025-12-12,MN,TP. HCM,8,29978
2025-12-12,MN,Đồng Tháp,ĐB,20081
2025-12-12,MN,Đồng Tháp,1,57322
2025-12-12,MN,Đồng Tháp,2,73851
2025-12-12,MN,Đồng Tháp,3,32516 - 50879 - 13389 - 35805 - 07490 - 29049
2025-12-12,MN,Đồng Tháp,4,37248 - 03241 - 45525 - 23483 - 34573 - 77534
2025-12-12,MN,Đồng Tháp,5,88700 - 70054 - 04893
2025-12-12,MN,Đồng Tháp,6,25088 - 25795 - 34372
2025-12-12,MN,Đồng Tháp,7,07541 - 83374 - 19858 - 68409
2025-12-12,MN,Đồng Tháp,8,39206
2025-12-12,MN,Cà Mau,ĐB,80086
2025-12-12,MN,Cà Mau,1,19768
2025-12-12,MN,Cà Mau,2,20746
2025-12-12,MN,Cà Mau,3,75070 - 57552 - 16726 - 04154 - 38321 - 16904
2025-12-12,MN,Cà Mau,4,51316 - 16844 - 38859 - 30157 - 31569 - 57006
2025-12-12,MN,Cà Mau,5,38208 - 57732 - 87253
2025-12-12,MN,Cà Mau,6,66537 - 70335 - 51672
2025-12-12,MN,Cà Mau,7,51384 - 38801 - 32775 - 65447
2025-12-12,MN,Cà Mau,8,48039
2025-12-13,MB,Hà Nội,ĐB,94232
2025-12-13,MB,Hà Nội,1,99062
2025-12-13,MB,Hà Nội,2,41859
2025-12-13,MB,Hà Nội,3,70254 - 75675 - 64884 - 72452 - 50990 - 48949
2025-12-13,MB,Hà Nội,4,25662 - 80954 - 84772 - 00144 - 61484 - 47505
2025-12-13,MB,Hà Nội,5,97886 - 07222 - 45777
2025-12-13,MB,Hà Nội,6,68173 - 22725 - 76853
2025-12-13,MB,Hà Nội,7,42551 - 73998 - 32642 - 38615
2025-12-13,MT,Đà Nẵng,ĐB,00306
2025-12-13,MT,Đà Nẵng,1,43141
2025-12-13,MT,Đà Nẵng,2,19854
2025-12-13,MT,Đà Nẵng,3,72592 - 53946 - 80632 - 60216 - 39693 - 39427
2025-12-13,MT,Đà Nẵng,4,73687 - 33952 - 91170 - 44831 - 91107 - 41980
2025-12-13,MT,Đà Nẵng,5,46116 - 40066 - 62759
2025-12-13,MT,Đà Nẵng,6,27707 - 44876 - 89627
2025-12-13,MT,Đà Nẵng,7,40770 - 07702 - 27641 - 70426
2025-12-13,MT,Đà Nẵng,8,52865
2025-12-13,MT,Khánh Hòa,ĐB,45321
2025-12-13,MT,Khánh Hòa,1,12362
2025-12-13,MT,Khánh Hòa,2,04010
2025-12-13,MT,Khánh Hòa,3,78071 - 21378 - 97290 - 49643 - 62878 - 40993
2025-12-13,MT,Khánh Hòa,4,16433 - 47270 - 73409 - 53991 - 43610 - 00339
2025-12-13,MT,Khánh Hòa,5,00010 - 82514 - 46062
2025-12-13,MT,Khánh Hòa,6,27561 - 09982 - 49551
2025-12-13,MT,Khánh Hòa,7,39152 - 93728 - 75248 - 21178
2025-12-13,MT,Khánh Hòa,8,84829
2025-12-13,MN,TP. HCM,ĐB,51043
2025-12-13,MN,TP. HCM,1,23079
2025-12-13,MN,TP. HCM,2,19522
2025-12-13,MN,TP. HCM,3,79390 - 87370 - 66260 - 12863 - 22531 - 41999
2025-12-13,MN,TP. HCM,4,80188 - 11346 - 45679 - 92914 - 37853 - 81824
2025-12-13,MN,TP. HCM,5,02806 - 46439 - 59680
2025-12-13,MN,TP. HCM,6,22632 - 23534 - 76295
2025-12-13,MN,TP. HCM,7,83640 - 43578 - 13119 - 32284
2025-12-13,MN,TP. HCM,8,66841
2025-12-13,MN,Đồng Tháp,ĐB,49487
2025-12-13,MN,Đồng Tháp,1,88614
2025-12-13,MN,Đồng Tháp,2,46325
2025-12-13,MN,Đồng Tháp,3,11378 - 81011 - 00712 - 27049 - 55463 - 06388
2025-12-13,MN,Đồng Tháp,4,73549 - 18347 - 66682 - 51312 - 43404 - 62489
2025-12-13,MN,Đồng Tháp,5,71444 - 44934 - 85223
2025-12-13,MN,Đồng Tháp,6,69188 - 97026 - 44569
2025-12-13,MN,Đồng Tháp,7,07354 - 70769 - 87723 - 38051
2025-12-13,MN,Đồng Tháp,8,95584
2025-12-13,MN,Cà Mau,ĐB,17942
2025-12-13,MN,Cà Mau,1,85016
2025-12-13,MN,Cà Mau,2,34664
2025-12-13,MN,Cà Mau,3,14851 - 50231 - 20679 - 31199 - 91702 - 95223
2025-12-13,MN,Cà Mau,4,79911 - 90297 - 21384 - 78724 - 73564 - 25976
2025-12-13,MN,Cà Mau,5,14601 - 37267 - 86073
2025-12-13,MN,Cà Mau,6,16369 - 42563 - 35211
2025-12-13,MN,Cà Mau,7,61281 - 06588 - 13662 - 49431
2025-12-13,MN,Cà Mau,8,20771
2025-12-14,MB,Hà Nội,ĐB,18151
2025-12-14,MB,Hà Nội,1,06610
2025-12-14,MB,Hà Nội,2,07052
2025-12-14,MB,Hà Nội,3,42963 - 96207 - 84718 - 81259 - 24707 - 12912
2025-12-14,MB,Hà Nội,4,15624 - 91798 - 48756 - 74435 - 48026 - 62349
2025-12-14,MB,Hà Nội,5,61669 - 24507 - 97665
2025-12-14,MB,Hà Nội,6,37942 - 74918 - 13258
2025-12-14,MB,Hà Nội,7,91758 - 76950 - 37594 - 17944
2025-12-14,MT,Đà Nẵng,ĐB,05157
2025-12-14,MT,Đà Nẵng,1,35234
2025-12-14,MT,Đà Nẵng,2,18179
2025-12-14,MT,Đà Nẵng,3,72234 - 55052 - 42699 - 84569 - 47649 - 20661
2025-12-14,MT,Đà Nẵng,4,21736 - 66170 - 66651 - 84030 - 49462 - 27419
2025-12-14,MT,Đà Nẵng,5,39034 - 37668 - 06383
2025-12-14,MT,Đà Nẵng,6,59445 - 19899 - 52332
2025-12-14,MT,Đà Nẵng,7,76917 - 50121 - 79496 - 26143
2025-12-14,MT,Đà Nẵng,8,79292
2025-12-14,MT,Khánh Hòa,ĐB,28464
2025-12-14,MT,Khánh Hòa,1,14096
2025-12-14,MT,Khánh Hòa,2,55216
2025-12-14,MT,Khánh Hòa,3,60701 - 23481 - 57836 - 20123 - 49730 - 46916
2025-12-14,MT,Khánh Hòa,4,40467 - 79849 - 61613 - 92810 - 34767 - 77047
2025-12-14,MT,Khánh Hòa,5,27617 - 66865 - 12164
2025-12-14,MT,Khánh Hòa,6,28218 - 47381 - 72473
2025-12-14,MT,Khánh Hòa,7,49017 - 92370 - 49155 - 99489
2025-12-14,MT,Khánh Hòa,8,82721
2025-12-14,MN,TP. HCM,ĐB,67491
2025-12-14,MN,TP. HCM,1,73285
2025-12-14,MN,TP. HCM,2,38239
2025-12-14,MN,TP. HCM,3,82456 - 65802 - 42962 - 73347 - 93777 - 27855
2025-12-14,MN,TP. HCM,4,66468 - 43662 - 03257 - 97016 - 01066 - 85995
2025-12-14,MN,TP. HCM,5,97824 - 59834 - 69417
2025-12-14,MN,TP. HCM,6,61643 - 26545 - 89273
2025-12-14,MN,TP. HCM,7,16857 - 76247 - 52544 - 28604
2025-12-14,MN,TP. HCM,8,54478
2025-12-14,MN,Đồng Tháp,ĐB,34309
2025-12-14,MN,Đồng Tháp,1,50191
2025-12-14,MN,Đồng Tháp,2,37494
2025-12-14,MN,Đồng Tháp,3,06601 - 22407 - 74545 - 77301 - 28492 - 99575
2025-12-14,MN,Đồng Tháp,4,69399 - 96679 - 71669 - 13569 - 96904 - 99623
2025-12-14,MN,Đồng Tháp,5,50141 - 69883 - 80565
2025-12-14,MN,Đồng Tháp,6,98515 - 96132 - 70425
2025-12-14,MN,Đồng Tháp,7,82020 - 86024 - 49103 - 72357
2025-12-14,MN,Đồng Tháp,8,44625
2025-12-14,MN,Cà Mau,ĐB,59961
2025-12-14,MN,Cà Mau,1,07764
2025-12-14,MN,Cà Mau,2,77932
2025-12-14,MN,Cà Mau,3,90268 - 97036 - 03251 - 57833 - 64096 - 45785
2025-12-14,MN,Cà Mau,4,58569 - 91996 - 05375 - 48330 - 11843 - 22355
2025-12-14,MN,Cà Mau,5,29818 - 26363 - 07890
2025-12-14,MN,Cà Mau,6,56783 - 76474 - 02014
2025-12-14,MN,Cà Mau,7,35026 - 41126 - 15291 - 93801
2025-12-14,MN,Cà Mau,8,82713
2025-12-15,MB,Hà Nội,ĐB,84917
2025-12-15,MB,Hà Nội,1,87658
2025-12-15,MB,Hà Nội,2,10796
2025-12-15,MB,Hà Nội,3,86378 - 68428 - 04542 - 70518 - 90375 - 72826
2025-12-15,MB,Hà Nội,4,15336 - 68373 - 21061 - 99696 - 43787 - 11240
2025-12-15,MB,Hà Nội,5,12688 - 56159 - 33301
2025-12-15,MB,Hà Nội,6,42715 - 13968 - 16632
2025-12-15,MB,Hà Nội,7,77317 - 20249 - 93947 - 45286
2025-12-15,MT,Đà Nẵng,ĐB,55690
2025-12-15,MT,Đà Nẵng,1,32304
2025-12-15,MT,Đà Nẵng,2,45531
2025-12-15,MT,Đà Nẵng,3,26142 - 38065 - 91929 - 01647 - 87507 - 24036
2025-12-15,MT,Đà Nẵng,4,90069 - 69417 - 87562 - 45184 - 13251 - 56114
2025-12-15,MT,Đà Nẵng,5,33024 - 22328 - 56797
2025-12-15,MT,Đà Nẵng,6,88277 - 14601 - 57381
2025-12-15,MT,Đà Nẵng,7,24341 - 07805 - 83020 - 36453
2025-12-15,MT,Đà Nẵng,8,83762
2025-12-15,MT,Khánh Hòa,ĐB,53476
2025-12-15,MT,Khánh Hòa,1,86596
2025-12-15,MT,Khánh Hòa,2,07562
2025-12-15,MT,Khánh Hòa,3,57527 - 91453 - 94330 - 53602 - 59357 - 11870
2025-12-15,MT,Khánh Hòa,4,94638 - 04205 - 70879 - 56731 - 15808 - 70719
2025-12-15,MT,Khánh Hòa,5,26939 - 99431 - 91219
2025-12-15,MT,Khánh Hòa,6,75067 - 53409 - 20810
2025-12-15,MT,Khánh Hòa,7,14728 - 75700 - 12790 - 66848
2025-12-15,MT,Khánh Hòa,8,28857
2025-12-15,MN,TP. HCM,ĐB,76443
2025-12-15,MN,TP. HCM,1,19782
2025-12-15,MN,TP. HCM,2,60746
2025-12-15,MN,TP. HCM,3,04472 - 46973 - 15658 - 26829 - 34370 - 19846
2025-12-15,MN,TP. HCM,4,73971 - 21271 - 15100 - 52492 - 19507 - 30031
2025-12-15,MN,TP. HCM,5,67097 - 74016 - 23977
2025-12-15,MN,TP. HCM,6,44506 - 77051 - 12394
2025-12-15,MN,TP. HCM,7,64798 - 74366 - 03653 - 80910
2025-12-15,MN,TP. HCM,8,17196
2025-12-15,MN,Đồng Tháp,ĐB,02294
2025-12-15,MN,Đồng Tháp,1,57243
2025-12-15,MN,Đồng Tháp,2,10362
2025-12-15,MN,Đồng Tháp,3,91107 - 26954 - 08286 - 08089 - 57944 - 17616
2025-12-15,MN,Đồng Tháp,4,35747 - 45448 - 94281 - 20252 - 89330 - 20579
2025-12-15,MN,Đồng Tháp,5,48519 - 03104 - 92444
2025-12-15,MN,Đồng Tháp,6,19085 - 33680 - 68276
2025-12-15,MN,Đồng Tháp,7,97880 - 45739 - 24717 - 38127
2025-12-15,MN,Đồng Tháp,8,11579
2025-12-15,MN,Cà Mau,ĐB,45781
2025-12-15,MN,Cà Mau,1,84646
2025-12-15,MN,Cà Mau,2,96371
2025-12-15,MN,Cà Mau,3,38956 - 56409 - 74923 - 98399 - 68436 - 72671
2025-12-15,MN,Cà Mau,4,49515 - 32522 - 87172 - 97346 - 36833 - 33744
2025-12-15,MN,Cà Mau,5,34318 - 91629 - 40554
2025-12-15,MN,Cà Mau,6,78573 - 49630 - 49386
2025-12-15,MN,Cà Mau,7,69427 - 35638 - 26823 - 37098
2025-12-15,MN,Cà Mau,8,43721
2025-12-16,MB,Hà Nội,ĐB,16541
2025-12-16,MB,Hà Nội,1,11283
2025-12-16,MB,Hà Nội,2,41263
2025-12-16,MB,Hà Nội,3,89577 - 99063 - 81665 - 92749 - 21945 - 75180
2025-12-16,MB,Hà Nội,4,46295 - 75518 - 92919 - 31954 - 43512 - 56040
2025-12-16,MB,Hà Nội,5,62896 - 60703 - 52268
2025-12-16,MB,Hà Nội,6,47705 - 98750 - 97739
2025-12-16,MB,Hà Nội,7,32280 - 03013 - 37169 - 07685
2025-12-16,MT,Đà Nẵng,ĐB,86352
2025-12-16,MT,Đà Nẵng,1,28118
2025-12-16,MT,Đà Nẵng,2,20758
2025-12-16,MT,Đà Nẵng,3,76384 - 78302 - 17707 - 00148 - 66868 - 59699
2025-12-16,MT,Đà Nẵng,4,87340 - 49633 - 99462 - 42059 - 36376 - 36083
2025-12-16,MT,Đà Nẵng,5,14611 - 48463 - 70975
2025-12-16,MT,Đà Nẵng,6,78946 - 80515 - 02118
2025-12-16,MT,Đà Nẵng,7,82286 - 18229 - 39919 - 42767
2025-12-16,MT,Đà Nẵng,8,51399
2025-12-16,MT,Khánh Hòa,ĐB,04831
2025-12-16,MT,Khánh Hòa,1,33765
2025-12-16,MT,Khánh Hòa,2,57545
2025-12-16,MT,Khánh Hòa,3,47687 - 46889 - 94842 - 99397 - 57952 - 65242
2025-12-16,MT,Khánh Hòa,4,55645 - 04944 - 96917 - 83701 - 01469 - 20864
2025-12-16,MT,Khánh Hòa,5,93024 - 56544 - 30471
2025-12-16,MT,Khánh Hòa,6,34182 - 35132 - 19186
2025-12-16,MT,Khánh Hòa,7,00383 - 82003 - 12581 - 04134
2025-12-16,MT,Khánh Hòa,8,62905
2025-12-16,MN,TP. HCM,ĐB,91827
2025-12-16,MN,TP. HCM,1,43827
2025-12-16,MN,TP. HCM,2,77799
2025-12-16,MN,TP. HCM,3,76983 - 97707 - 02560 - 94975 - 34939 - 92909
2025-12-16,MN,TP. HCM,4,19154 - 50597 - 40950 - 15061 - 68371 - 99857
2025-12-16,MN,TP. HCM,5,33195 - 75606 - 27954
2025-12-16,MN,TP. HCM,6,07110 - 69746 - 15333
2025-12-16,MN,TP. HCM,7,55532 - 49707 - 13579 - 48101
2025-12-16,MN,TP. HCM,8,61376
2025-12-16,MN,Đồng Tháp,ĐB,52648
2025-12-16,MN,Đồng Tháp,1,90349
2025-12-16,MN,Đồng Tháp,2,76148
2025-12-16,MN,Đồng Tháp,3,54498 - 69503 - 53574 - 12313 - 33373 - 36829
2025-12-16,MN,Đồng Tháp,4,40377 - 38483 - 22732 - 93146 - 99282 - 79144
2025-12-16,MN,Đồng Tháp,5,29969 - 75932 - 75814
2025-12-16,MN,Đồng Tháp,6,72846 - 90275 - 63518
2025-12-16,MN,Đồng Tháp,7,35354 - 75131 - 03729 - 95794
2025-12-16,MN,Đồng Tháp,8,66317
2025-12-16,MN,Cà Mau,ĐB,95849
2025-12-16,MN,Cà Mau,1,83167
2025-12-16,MN,Cà Mau,2,28551
2025-12-16,MN,Cà Mau,3,50227 - 87301 - 74470 - 28060 - 51216 - 94022
2025-12-16,MN,Cà Mau,4,23349 - 16360 - 36256 - 83881 - 58274 - 54883
2025-12-16,MN,Cà Mau,5,74659 - 34430 - 23065
2025-12-16,MN,Cà Mau,6,11044 - 24997 - 12752
2025-12-16,MN,Cà Mau,7,99546 - 64987 - 90162 - 90183
2025-12-16,MN,Cà Mau,8,48666
2025-12-17,MB,Hà Nội,ĐB,76669
2025-12-17,MB,Hà Nội,1,93844
2025-12-17,MB,Hà Nội,2,59036
2025-12-17,MB,Hà Nội,3,68746 - 47963 - 59422 - 61715 - 90799 - 02688
2025-12-17,MB,Hà Nội,4,03571 - 12950 - 12164 - 37197 - 70703 - 06864
2025-12-17,MB,Hà Nội,5,79156 - 35785 - 66451
2025-12-17,MB,Hà Nội,6,79856 - 44308 - 39129
2025-12-17,MB,Hà Nội,7,57487 - 30769 - 74377 - 65338
2025-12-17,MT,Đà Nẵng,ĐB,54460
2025-12-17,MT,Đà Nẵng,1,15351
2025-12-17,MT,Đà Nẵng,2,67356
2025-12-17,MT,Đà Nẵng,3,34867 - 15358 - 93249 - 95657 - 68112 - 15357
2025-12-17,MT,Đà Nẵng,4,48971 - 71372 - 66341 - 55728 - 74910 - 62795
2025-12-17,MT,Đà Nẵng,5,58983 - 78517 - 36641
2025-12-17,MT,Đà Nẵng,6,36613 - 38966 - 83532
2025-12-17,MT,Đà Nẵng,7,12548 - 07096 - 90221 - 29624
2025-12-17,MT,Đà Nẵng,8,58376
2025-12-17,MT,Khánh Hòa,ĐB,34635
2025-12-17,MT,Khánh Hòa,1,55339
2025-12-17,MT,Khánh Hòa,2,68258
2025-12-17,MT,Khánh Hòa,3,02239 - 60567 - 17031 - 22833 - 12385 - 64975
2025-12-17,MT,Khánh Hòa,4,30706 - 71178 - 20754 - 39960 - 65607 - 13049
2025-12-17,MT,Khánh Hòa,5,40349 - 06925 - 43175
2025-12-17,MT,Khánh Hòa,6,13442 - 07043 - 04560
2025-12-17,MT,Khánh Hòa,7,73739 - 31248 - 35377 - 58131
2025-12-17,MT,Khánh Hòa,8,92789
2025-12-17,MN,TP. HCM,ĐB,71750
2025-12-17,MN,TP. HCM,1,29894
2025-12-17,MN,TP. HCM,2,02907
2025-12-17,MN,TP. HCM,3,00013 - 44053 - 40054 - 34554 - 37207 - 14376
2025-12-17,MN,TP. HCM,4,79151 - 26891 - 29854 - 05900 - 37362 - 57145
2025-12-17,MN,TP. HCM,5,48095 - 28135 - 01376
2025-12-17,MN,TP. HCM,6,12535 - 00644 - 05254
2025-12-17,MN,TP. HCM,7,97799 - 99372 - 92086 - 33799
2025-12-17,MN,TP. HCM,8,00436
2025-12-17,MN,Đồng Tháp,ĐB,97874
2025-12-17,MN,Đồng Tháp,1,75164
2025-12-17,MN,Đồng Tháp,2,25803
2025-12-17,MN,Đồng Tháp,3,35155 - 01074 - 92737 - 66243 - 52397 - 87738
2025-12-17,MN,Đồng Tháp,4,98800 - 60108 - 73050 - 87740 - 72001 - 06182
2025-12-17,MN,Đồng Tháp,5,73532 - 66431 - 90174
2025-12-17,MN,Đồng Tháp,6,29210 - 84116 - 18079
2025-12-17,MN,Đồng Tháp,7,48445 - 06739 - 35810 - 78577
2025-12-17,MN,Đồng Tháp,8,69152
2025-12-17,MN,Cà Mau,ĐB,89516
2025-12-17,MN,Cà Mau,1,47114
2025-12-17,MN,Cà Mau,2,71927
2025-12-17,MN,Cà Mau,3,27462 - 62268 - 30814 - 57891 - 95255 - 68209
2025-12-17,MN,Cà Mau,4,36991 - 39928 - 12609 - 61512 - 39431 - 67613
2025-12-17,MN,Cà Mau,5,19577 - 70009 - 46622
2025-12-17,MN,Cà Mau,6,44543 - 80459 - 26179
2025-12-17,MN,Cà Mau,7,08723 - 85077 - 97356 - 92140
2025-12-17,MN,Cà Mau,8,26614
2025-12-18,MB,Hà Nội,ĐB,53921
2025-12-18,MB,Hà Nội,1,29719
2025-12-18,MB,Hà Nội,2,81277
2025-12-18,MB,Hà Nội,3,00368 - 42094 - 08908 - 76730 - 29610 - 84285
2025-12-18,MB,Hà Nội,4,91691 - 42147 - 11707 - 51256 - 56382 - 09932
2025-12-18,MB,Hà Nội,5,34890 - 42881 - 02325
2025-12-18,MB,Hà Nội,6,30322 - 62530 - 64254
2025-12-18,MB,Hà Nội,7,68295 - 08242 - 08014 - 21273
2025-12-18,MT,Đà Nẵng,ĐB,52676
2025-12-18,MT,Đà Nẵng,1,60684
2025-12-18,MT,Đà Nẵng,2,67966
2025-12-18,MT,Đà Nẵng,3,50110 - 42514 - 03936 - 57522 - 38318 - 85978
2025-12-18,MT,Đà Nẵng,4,03217 - 76009 - 70440 - 70437 - 76694 - 14219
2025-12-18,MT,Đà Nẵng,5,33337 - 25731 - 10728
2025-12-18,MT,Đà Nẵng,6,69956 - 99920 - 59397
2025-12-18,MT,Đà Nẵng,7,85637 - 02243 - 44149 - 30841
2025-12-18,MT,Đà Nẵng,8,92806
2025-12-18,MT,Khánh Hòa,ĐB,79942
2025-12-18,MT,Khánh Hòa,1,17543
2025-12-18,MT,Khánh Hòa,2,85983
2025-12-18,MT,Khánh Hòa,3,69804 - 62053 - 63086 - 33212 - 38497 - 25079
2025-12-18,MT,Khánh Hòa,4,32179 - 58627 - 26310 - 86267 - 03223 - 28496
2025-12-18,MT,Khánh Hòa,5,33608 - 41692 - 71676
2025-12-18,MT,Khánh Hòa,6,44706 - 13488 - 37465
2025-12-18,MT,Khánh Hòa,7,95771 - 63315 - 48504 - 76413
2025-12-18,MT,Khánh Hòa,8,10238
2025-12-18,MN,TP. HCM,ĐB,69596
2025-12-18,MN,TP. HCM,1,36182
2025-12-18,MN,TP. HCM,2,80037
2025-12-18,MN,TP. HCM,3,43777 - 23542 - 99883 - 57968 - 03443 - 99603
2025-12-18,MN,TP. HCM,4,39185 - 00132 - 47280 - 26965 - 77112 - 20809
2025-12-18,MN,TP. HCM,5,11794 - 80299 - 73905
2025-12-18,MN,TP. HCM,6,13443 - 38643 - 82906
2025-12-18,MN,TP. HCM,7,32993 - 22992 - 73521 - 51307
2025-12-18,MN,TP. HCM,8,21542
2025-12-18,MN,Đồng Tháp,ĐB,30646
2025-12-18,MN,Đồng Tháp,1,57031
2025-12-18,MN,Đồng Tháp,2,32799
2025-12-18,MN,Đồng Tháp,3,79889 - 11628 - 21066 - 49425 - 74208 - 08104
2025-12-18,MN,Đồng Tháp,4,92782 - 01876 - 51478 - 29411 - 37964 - 46769
2025-12-18,MN,Đồng Tháp,5,91813 - 11008 - 88932
2025-12-18,MN,Đồng Tháp,6,52861 - 79607 - 80384
2025-12-18,MN,Đồng Tháp,7,99742 - 11835 - 65534 - 23480
2025-12-18,MN,Đồng Tháp,8,89075
2025-12-18,MN,Cà Mau,ĐB,44764
2025-12-18,MN,Cà Mau,1,76432
2025-12-18,MN,Cà Mau,2,77277
2025-12-18,MN,Cà Mau,3,58268 - 55283 - 84231 - 31660 - 63926 - 91619
2025-12-18,MN,Cà Mau,4,01734 - 44048 - 35918 - 79281 - 47140 - 79420
2025-12-18,MN,Cà Mau,5,88057 - 84420 - 07980
2025-12-18,MN,Cà Mau,6,58982 - 60670 - 24444
2025-12-18,MN,Cà Mau,7,96498 - 35908 - 07400 - 55869
2025-12-18,MN,Cà Mau,8,63409
2025-12-19,MB,Hà Nội,ĐB,68854
2025-12-19,MB,Hà Nội,1,83454
2025-12-19,MB,Hà Nội,2,81643
2025-12-19,MB,Hà Nội,3,17255 - 85272 - 20073 - 72631 - 67352 - 23025
2025-12-19,MB,Hà Nội,4,89791 - 63842 - 20814 - 65303 - 05769 - 32473
2025-12-19,MB,Hà Nội,5,35111 - 14850 - 34372
2025-12-19,MB,Hà Nội,6,66868 - 29221 - 65453
2025-12-19,MB,Hà Nội,7,34345 - 40951 - 87791 - 62603
2025-12-19,MT,Đà Nẵng,ĐB,62051
2025-12-19,MT,Đà Nẵng,1,51453
2025-12-19,MT,Đà Nẵng,2,90120
2025-12-19,MT,Đà Nẵng,3,99396 - 43379 - 58443 - 18966 - 64103 - 43507
2025-12-19,MT,Đà Nẵng,4,26421 - 01472 - 87566 - 31914 - 95635 - 56509
2025-12-19,MT,Đà Nẵng,5,83929 - 40492 - 44637
2025-12-19,MT,Đà Nẵng,6,57271 - 31461 - 03304
2025-12-19,MT,Đà Nẵng,7,57711 - 64547 - 60161 - 77911
2025-12-19,MT,Đà Nẵng,8,39467
2025-12-19,MT,Khánh Hòa,ĐB,63741
2025-12-19,MT,Khánh Hòa,1,46942
2025-12-19,MT,Khánh Hòa,2,34866
2025-12-19,MT,Khánh Hòa,3,33344 - 06651 - 06892 - 21554 - 18187 - 94931
2025-12-19,MT,Khánh Hòa,4,90037 - 79053 - 98181 - 51103 - 31332 - 49246
2025-12-19,MT,Khánh Hòa,5,65709 - 75010 - 01263
2025-12-19,MT,Khánh Hòa,6,51859 - 51898 - 61069
2025-12-19,MT,Khánh Hòa,7,58241 - 19391 - 64633 - 26219
2025-12-19,MT,Khánh Hòa,8,14759
2025-12-19,MN,TP. HCM,ĐB,67928
2025-12-19,MN,TP. HCM,1,47938
2025-12-19,MN,TP. HCM,2,17102
2025-12-19,MN,TP. HCM,3,94645 - 90446 - 57908 - 82083 - 85808 - 29387
2025-12-19,MN,TP. HCM,4,94147 - 62372 - 75210 - 30562 - 81303 - 91190
2025-12-19,MN,TP. HCM,5,60666 - 86366 - 25390
2025-12-19,MN,TP. HCM,6,07509 - 60561 - 17088
2025-12-19,MN,TP. HCM,7,84995 - 60920 - 40635 - 30261
2025-12-19,MN,TP. HCM,8,16109
2025-12-19,MN,Đồng Tháp,ĐB,13015
2025-12-19,MN,Đồng Tháp,1,98253
2025-12-19,MN,Đồng Tháp,2,00824
2025-12-19,MN,Đồng Tháp,3,51764 - 39217 - 71111 - 13726 - 21298 - 14194
2025-12-19,MN,Đồng Tháp,4,95289 - 00985 - 15606 - 82084 - 40602 - 94025
2025-12-19,MN,Đồng Tháp,5,76467 - 39319 - 65825
2025-12-19,MN,Đồng Tháp,6,09678 - 69380 - 11904
2025-12-19,MN,Đồng Tháp,7,53915 - 95896 - 50043 - 24739
2025-12-19,MN,Đồng Tháp,8,79665
2025-12-19,MN,Cà Mau,ĐB,83296
2025-12-19,MN,Cà Mau,1,40333
2025-12-19,MN,Cà Mau,2,06943
2025-12-19,MN,Cà Mau,3,67692 - 81202 - 25173 - 07733 - 21988 - 43414
2025-12-19,MN,Cà Mau,4,86461 - 25136 - 15656 - 95691 - 03907 - 89366
2025-12-19,MN,Cà Mau,5,17486 - 76143 - 98312
2025-12-19,MN,Cà Mau,6,44533 - 74060 - 98381
2025-12-19,MN,Cà Mau,7,59726 - 73336 - 05050 - 75454
2025-12-19,MN,Cà Mau,8,15182
2025-12-20,MB,Hà Nội,ĐB,26714
2025-12-20,MB,Hà Nội,1,85771
2025-12-20,MB,Hà Nội,2,20319
2025-12-20,MB,Hà Nội,3,72781 - 32250 - 71706 - 33854 - 18327 - 54056
2025-12-20,MB,Hà Nội,4,94863 - 44416 - 60295 - 51044 - 70417 - 74242
2025-12-20,MB,Hà Nội,5,60147 - 47116 - 58981
2025-12-20,MB,Hà Nội,6,36180 - 46576 - 43445
2025-12-20,MB,Hà Nội,7,69751 - 73334 - 00924 - 36422
2025-12-20,MT,Đà Nẵng,ĐB,22558
2025-12-20,MT,Đà Nẵng,1,64571
2025-12-20,MT,Đà Nẵng,2,71435
2025-12-20,MT,Đà Nẵng,3,37911 - 44307 - 80866 - 98792 - 08846 - 56053
2025-12-20,MT,Đà Nẵng,4,46027 - 55916 - 43334 - 77810 - 33657 - 74466
2025-12-20,MT,Đà Nẵng,5,57059 - 00396 - 04773
2025-12-20,MT,Đà Nẵng,6,57790 - 10517 - 01866
2025-12-20,MT,Đà Nẵng,7,59378 - 80297 - 54625 - 88708
2025-12-20,MT,Đà Nẵng,8,43938
2025-12-20,MT,Khánh Hòa,ĐB,96510
2025-12-20,MT,Khánh Hòa,1,94226
2025-12-20,MT,Khánh Hòa,2,91371
2025-12-20,MT,Khánh Hòa,3,10415 - 93496 - 75118 - 18636 - 00164 - 21186
2025-12-20,MT,Khánh Hòa,4,14555 - 84922 - 33737 - 69252 - 30253 - 89097
2025-12-20,MT,Khánh Hòa,5,06081 - 22651 - 89254
2025-12-20,MT,Khánh Hòa,6,51382 - 43632 - 18430
2025-12-20,MT,Khánh Hòa,7,38813 - 64540 - 22027 - 67614
2025-12-20,MT,Khánh Hòa,8,82348
2025-12-20,MN,TP. HCM,ĐB,36084
2025-12-20,MN,TP. HCM,1,39554
2025-12-20,MN,TP. HCM,2,12927
2025-12-20,MN,TP. HCM,3,22765 - 57337 - 10408 - 91130 - 98134 - 14110
2025-12-20,MN,TP. HCM,4,29247 - 67034 - 34208 - 05349 - 86079 - 58433
2025-12-20,MN,TP. HCM,5,63224 - 04948 - 48891
2025-12-20,MN,TP. HCM,6,85624 - 42107 - 13869
2025-12-20,MN,TP. HCM,7,73482 - 81086 - 31924 - 45752
2025-12-20,MN,TP. HCM,8,15962
2025-12-20,MN,Đồng Tháp,ĐB,83787
2025-12-20,MN,Đồng Tháp,1,77570
2025-12-20,MN,Đồng Tháp,2,45999
2025-12-20,MN,Đồng Tháp,3,89164 - 55038 - 23882 - 90791 - 82046 - 55873
2025-12-20,MN,Đồng Tháp,4,20825 - 58510 - 52361 - 15401 - 02314 - 50859
2025-12-20,MN,Đồng Tháp,5,66016 - 73023 - 61948
2025-12-20,MN,Đồng Tháp,6,80309 - 33242 - 01478
2025-12-20,MN,Đồng Tháp,7,87116 - 54641 - 01307 - 88951
2025-12-20,MN,Đồng Tháp,8,34146
2025-12-20,MN,Cà Mau,ĐB,69280
2025-12-20,MN,Cà Mau,1,40328
2025-12-20,MN,Cà Mau,2,43657
2025-12-20,MN,Cà Mau,3,47679 - 07050 - 66739 - 14203 - 59403 - 62699
2025-12-20,MN,Cà Mau,4,11924 - 69352 - 70377 - 59129 - 31947 - 28379
2025-12-20,MN,Cà Mau,5,54271 - 36194 - 49694
2025-12-20,MN,Cà Mau,6,78118 - 15374 - 35526
2025-12-20,MN,Cà Mau,7,84118 - 78553 - 70257 - 18247
2025-12-20,MN,Cà Mau,8,15324
2025-12-21,MB,Hà Nội,ĐB,25354
2025-12-21,MB,Hà Nội,1,66488
2025-12-21,MB,Hà Nội,2,68054
2025-12-21,MB,Hà Nội,3,00540 - 21877 - 97660 - 23398 - 67784 - 39514
2025-12-21,MB,Hà Nội,4,94332 - 66613 - 34959 - 32713 - 37639 - 60577
2025-12-21,MB,Hà Nội,5,82410 - 43039 - 77331
2025-12-21,MB,Hà Nội,6,45542 - 29831 - 12557
2025-12-21,MB,Hà Nội,7,19796 - 36247 - 87210 - 66724
2025-12-21,MT,Đà Nẵng,ĐB,43370
2025-12-21,MT,Đà Nẵng,1,95648
2025-12-21,MT,Đà Nẵng,2,39984
2025-12-21,MT,Đà Nẵng,3,46183 - 91860 - 35660 - 78055 - 07042 - 79641
2025-12-21,MT,Đà Nẵng,4,56619 - 11093 - 64278 - 64177 - 73073 - 37882
2025-12-21,MT,Đà Nẵng,5,25828 - 59469 - 91654
2025-12-21,MT,Đà Nẵng,6,20709 - 00363 - 56616
2025-12-21,MT,Đà Nẵng,7,18492 - 05379 - 02608 - 76801
2025-12-21,MT,Đà Nẵng,8,81705
2025-12-21,MT,Khánh Hòa,ĐB,98187
2025-12-21,MT,Khánh Hòa,1,39081
2025-12-21,MT,Khánh Hòa,2,75946
2025-12-21,MT,Khánh Hòa,3,00232 - 70156 - 11743 - 77560 - 98663 - 36386
2025-12-21,MT,Khánh Hòa,4,68917 - 89948 - 16418 - 20453 - 51662 - 45882
2025-12-21,MT,Khánh Hòa,5,43822 - 58502 - 64363
2025-12-21,MT,Khánh Hòa,6,07055 - 63077 - 54892
2025-12-21,MT,Khánh Hòa,7,52060 - 56497 - 61472 - 03974
2025-12-21,MT,Khánh Hòa,8,00082
2025-12-21,MN,TP. HCM,ĐB,42720
2025-12-21,MN,TP. HCM,1,71221
2025-12-21,MN,TP. HCM,2,38220
2025-12-21,MN,TP. HCM,3,21184 - 55900 - 39896 - 10385 - 82594 - 57144
2025-12-21,MN,TP. HCM,4,60890 - 02051 - 86244 - 92465 - 52990 - 88092
2025-12-21,MN,TP. HCM,5,41854 - 32145 - 60158
2025-12-21,MN,TP. HCM,6,95783 - 95123 - 22478
2025-12-21,MN,TP. HCM,7,53117 - 52530 - 73409 - 19901
2025-12-21,MN,TP. HCM,8,70469
2025-12-21,MN,Đồng Tháp,ĐB,00719
2025-12-21,MN,Đồng Tháp,1,43948
2025-12-21,MN,Đồng Tháp,2,56656
2025-12-21,MN,Đồng Tháp,3,89858 - 27398 - 11605 - 71549 - 84019 - 16426
2025-12-21,MN,Đồng Tháp,4,04838 - 96449 - 51079 - 98117 - 64395 - 59193
2025-12-21,MN,Đồng Tháp,5,79863 - 29977 - 28706
2025-12-21,MN,Đồng Tháp,6,81722 - 44383 - 56610
2025-12-21,MN,Đồng Tháp,7,98520 - 56939 - 44378 - 71603
2025-12-21,MN,Đồng Tháp,8,52178
2025-12-21,MN,Cà Mau,ĐB,27492
2025-12-21,MN,Cà Mau,1,81611
2025-12-21,MN,Cà Mau,2,69195
2025-12-21,MN,Cà Mau,3,31750 - 12297 - 13313 - 93296 - 81347 - 96738
2025-12-21,MN,Cà Mau,4,72106 - 28800 - 23359 - 20765 - 37273 - 61400
2025-12-21,MN,Cà Mau,5,57278 - 04275 - 95376
2025-12-21,MN,Cà Mau,6,71268 - 11767 - 65255
2025-12-21,MN,Cà Mau,7,38125 - 84707 - 72750 - 42027
2025-12-21,MN,Cà Mau,8,96910
2025-12-22,MB,Hà Nội,ĐB,82108
2025-12-22,MB,Hà Nội,1,30115
2025-12-22,MB,Hà Nội,2,40896
2025-12-22,MB,Hà Nội,3,25951 - 75529 - 81099 - 85308 - 88493 - 80385
2025-12-22,MB,Hà Nội,4,26047 - 85662 - 29081 - 02719 - 46914 - 45670
2025-12-22,MB,Hà Nội,5,59309 - 92979 - 21233
2025-12-22,MB,Hà Nội,6,24307 - 71596 - 24497
2025-12-22,MB,Hà Nội,7,63834 - 37095 - 60392 - 92707
2025-12-22,MT,Đà Nẵng,ĐB,18800
2025-12-22,MT,Đà Nẵng,1,27563
2025-12-22,MT,Đà Nẵng,2,10401
2025-12-22,MT,Đà Nẵng,3,53158 - 71005 - 85592 - 13768 - 54880 - 91218
2025-12-22,MT,Đà Nẵng,4,51222 - 87318 - 23405 - 72322 - 19636 - 74587
2025-12-22,MT,Đà Nẵng,5,77081 - 20333 - 51559
2025-12-22,MT,Đà Nẵng,6,97252 - 81603 - 36955
2025-12-22,MT,Đà Nẵng,7,97045 - 95063 - 92847 - 10110
2025-12-22,MT,Đà Nẵng,8,92375
2025-12-22,MT,Khánh Hòa,ĐB,63593
2025-12-22,MT,Khánh Hòa,1,45915
2025-12-22,MT,Khánh Hòa,2,92958
2025-12-22,MT,Khánh Hòa,3,12773 - 82575 - 80326 - 79609 - 37358 - 30676
2025-12-22,MT,Khánh Hòa,4,22669 - 59235 - 23200 - 33135 - 68549 - 29253
2025-12-22,MT,Khánh Hòa,5,74946 - 88252 - 38064
2025-12-22,MT,Khánh Hòa,6,51901 - 81657 - 03148
2025-12-22,MT,Khánh Hòa,7,59983 - 56530 - 79257 - 05515
2025-12-22,MT,Khánh Hòa,8,26048
2025-12-22,MN,TP. HCM,ĐB,90761
2025-12-22,MN,TP. HCM,1,55718
2025-12-22,MN,TP. HCM,2,03492
2025-12-22,MN,TP. HCM,3,27929 - 77740 - 65758 - 00842 - 12356 - 65237
2025-12-22,MN,TP. HCM,4,74411 - 06846 - 89391 - 93449 - 31639 - 36981
2025-12-22,MN,TP. HCM,5,10107 - 13594 - 13080
2025-12-22,MN,TP. HCM,6,59314 - 18333 - 36561
2025-12-22,MN,TP. HCM,7,93920 - 12706 - 70247 - 84084
2025-12-22,MN,TP. HCM,8,49603
2025-12-22,MN,Đồng Tháp,ĐB,52089
2025-12-22,MN,Đồng Tháp,1,87789
2025-12-22,MN,Đồng Tháp,2,19474
2025-12-22,MN,Đồng Tháp,3,48949 - 42043 - 29407 - 54586 - 30144 - 77178
2025-12-22,MN,Đồng Tháp,4,14063 - 23883 - 08145 - 66424 - 22795 - 29364
2025-12-22,MN,Đồng Tháp,5,03328 - 71602 - 17424
2025-12-22,MN,Đồng Tháp,6,29472 - 77972 - 06486
2025-12-22,MN,Đồng Tháp,7,63191 - 78766 - 05862 - 42361
2025-12-22,MN,Đồng Tháp,8,79937
2025-12-22,MN,Cà Mau,ĐB,86049
2025-12-22,MN,Cà Mau,1,57833
2025-12-22,MN,Cà Mau,2,44690
2025-12-22,MN,Cà Mau,3,27063 - 08445 - 38532 - 57865 - 59589 - 67146
2025-12-22,MN,Cà Mau,4,30876 - 05309 - 38912 - 13729 - 43949 - 58207
2025-12-22,MN,Cà Mau,5,27589 - 79451 - 81603
2025-12-22,MN,Cà Mau,6,88774 - 39768 - 05686
2025-12-22,MN,Cà Mau,7,09751 - 84022 - 32779 - 51597
2025-12-22,MN,Cà Mau,8,64883
2025-12-23,MB,Hà Nội,ĐB,61044
2025-12-23,MB,Hà Nội,1,61122
2025-12-23,MB,Hà Nội,2,14450
2025-12-23,MB,Hà Nội,3,71690 - 07382 - 45722 - 63354 - 39850 - 39328
2025-12-23,MB,Hà Nội,4,82387 - 90683 - 38378 - 78394 - 31306 - 37052
2025-12-23,MB,Hà Nội,5,30955 - 48896 - 83610
2025-12-23,MB,Hà Nội,6,29224 - 56798 - 77875
2025-12-23,MB,Hà Nội,7,59571 - 16799 - 29140 - 14259
2025-12-23,MT,Đà Nẵng,ĐB,57489
2025-12-23,MT,Đà Nẵng,1,93961
2025-12-23,MT,Đà Nẵng,2,89903
2025-12-23,MT,Đà Nẵng,3,70329 - 45530 - 71105 - 43327 - 36754 - 05488
2025-12-23,MT,Đà Nẵng,4,86291 - 66662 - 92149 - 58813 - 19025 - 93837
2025-12-23,MT,Đà Nẵng,5,73919 - 07454 - 32152
2025-12-23,MT,Đà Nẵng,6,73390 - 15083 - 30572
2025-12-23,MT,Đà Nẵng,7,06187 - 90827 - 98175 - 21179
2025-12-23,MT,Đà Nẵng,8,66440
2025-12-23,MT,Khánh Hòa,ĐB,97601
2025-12-23,MT,Khánh Hòa,1,83945
2025-12-23,MT,Khánh Hòa,2,28877
2025-12-23,MT,Khánh Hòa,3,40508 - 15069 - 35063 - 16902 - 32570 - 65643
2025-12-23,MT,Khánh Hòa,4,33803 - 06914 - 50143 - 03670 - 84885 - 04243
2025-12-23,MT,Khánh Hòa,5,20796 - 62434 - 35179
2025-12-23,MT,Khánh Hòa,6,06516 - 03437 - 36735
2025-12-23,MT,Khánh Hòa,7,64890 - 16496 - 62056 - 99679
2025-12-23,MT,Khánh Hòa,8,05503
2025-12-23,MN,TP. HCM,ĐB,87073
2025-12-23,MN,TP. HCM,1,48932
2025-12-23,MN,TP. HCM,2,01543
2025-12-23,MN,TP. HCM,3,66743 - 72034 - 24795 - 00505 - 52565 - 11195
2025-12-23,MN,TP. HCM,4,20165 - 13261 - 96090 - 85907 - 08226 - 80316
2025-12-23,MN,TP. HCM,5,33668 - 43433 - 30685
2025-12-23,MN,TP. HCM,6,00038 - 66786 - 99461
2025-12-23,MN,TP. HCM,7,23118 - 53901 - 74163 - 39844
2025-12-23,MN,TP. HCM,8,37354
2025-12-23,MN,Đồng Tháp,ĐB,36383
2025-12-23,MN,Đồng Tháp,1,02925
2025-12-23,MN,Đồng Tháp,2,82670
2025-12-23,MN,Đồng Tháp,3,41951 - 70431 - 00669 - 88348 - 34713 - 38715
2025-12-23,MN,Đồng Tháp,4,07792 - 58310 - 00700 - 48905 - 03882 - 78372
2025-12-23,MN,Đồng Tháp,5,96201 - 56016 - 51926
2025-12-23,MN,Đồng Tháp,6,66420 - 01324 - 82136
2025-12-23,MN,Đồng Tháp,7,19882 - 65088 - 31247 - 08667
2025-12-23,MN,Đồng Tháp,8,10392
2025-12-23,MN,Cà Mau,ĐB,59056
2025-12-23,MN,Cà Mau,1,72065
2025-12-23,MN,Cà Mau,2,22941
2025-12-23,MN,Cà Mau,3,99261 - 63845 - 96199 - 63978 - 89325 - 36840
2025-12-23,MN,Cà Mau,4,59408 - 16644 - 22343 - 29233 - 56751 - 42870
2025-12-23,MN,Cà Mau,5,60475 - 46574 - 79742
2025-12-23,MN,Cà Mau,6,03743 - 65131 - 52266
2025-12-23,MN,Cà Mau,7,94222 - 51095 - 19961 - 32540
2025-12-23,MN,Cà Mau,8,31896
2025-12-24,MB,Hà Nội,ĐB,94730
2025-12-24,MB,Hà Nội,1,78715
2025-12-24,MB,Hà Nội,2,50915
2025-12-24,MB,Hà Nội,3,27491 - 46123 - 83104 - 04186 - 61770 - 64425
2025-12-24,MB,Hà Nội,4,44142 - 96740 - 32538 - 53805 - 13097 - 79755
2025-12-24,MB,Hà Nội,5,20377 - 19923 - 68989
2025-12-24,MB,Hà Nội,6,40531 - 51688 - 05702
2025-12-24,MB,Hà Nội,7,39728 - 81397 - 30589 - 62409
2025-12-24,MT,Đà Nẵng,ĐB,32506
2025-12-24,MT,Đà Nẵng,1,06171
2025-12-24,MT,Đà Nẵng,2,20270
2025-12-24,MT,Đà Nẵng,3,25957 - 02166 - 61054 - 64060 - 21589 - 11274
2025-12-24,MT,Đà Nẵng,4,68062 - 68065 - 41102 - 60671 - 88759 - 92372
2025-12-24,MT,Đà Nẵng,5,78365 - 91910 - 19180
2025-12-24,MT,Đà Nẵng,6,66120 - 18757 - 99695
2025-12-24,MT,Đà Nẵng,7,07441 - 37398 - 08342 - 66865
2025-12-24,MT,Đà Nẵng,8,26832
2025-12-24,MT,Khánh Hòa,ĐB,46771
2025-12-24,MT,Khánh Hòa,1,49995
2025-12-24,MT,Khánh Hòa,2,55207
2025-12-24,MT,Khánh Hòa,3,20772 - 36279 - 03051 - 87959 - 77661 - 56833
2025-12-24,MT,Khánh Hòa,4,57626 - 08096 - 66839 - 17584 - 76973 - 74693
2025-12-24,MT,Khánh Hòa,5,33247 - 49611 - 59915
2025-12-24,MT,Khánh Hòa,6,37750 - 94915 - 94101
2025-12-24,MT,Khánh Hòa,7,16121 - 04580 - 59969 - 52371
2025-12-24,MT,Khánh Hòa,8,95520
2025-12-24,MN,TP. HCM,ĐB,16849
2025-12-24,MN,TP. HCM,1,64355
2025-12-24,MN,TP. HCM,2,86239
2025-12-24,MN,TP. HCM,3,59657 - 44814 - 91440 - 05362 - 90728 - 71933
2025-12-24,MN,TP. HCM,4,22568 - 52004 - 60290 - 33139 - 47745 - 04091
2025-12-24,MN,TP. HCM,5,81945 - 66277 - 49289
2025-12-24,MN,TP. HCM,6,58428 - 46119 - 71593
2025-12-24,MN,TP. HCM,7,38251 - 51704 - 83519 - 31805
2025-12-24,MN,TP. HCM,8,06249
2025-12-24,MN,Đồng Tháp,ĐB,16770
2025-12-24,MN,Đồng Tháp,1,27195
2025-12-24,MN,Đồng Tháp,2,70767
2025-12-24,MN,Đồng Tháp,3,98661 - 46148 - 63743 - 91274 - 38658 - 43025
2025-12-24,MN,Đồng Tháp,4,38315 - 84458 - 89341 - 68008 - 90251 - 22910
2025-12-24,MN,Đồng Tháp,5,15917 - 25740 - 06643
2025-12-24,MN,Đồng Tháp,6,12015 - 53701 - 80912
2025-12-24,MN,Đồng Tháp,7,55830 - 73021 - 49673 - 02467
2025-12-24,MN,Đồng Tháp,8,26588
2025-12-24,MN,Cà Mau,ĐB,85982
2025-12-24,MN,Cà Mau,1,83856
2025-12-24,MN,Cà Mau,2,70410
2025-12-24,MN,Cà Mau,3,14233 - 55570 - 51307 - 08018 - 70846 - 49490
2025-12-24,MN,Cà Mau,4,42315 - 89753 - 57544 - 25349 - 86896 - 99286
2025-12-24,MN,Cà Mau,5,16430 - 83217 - 98020
2025-12-24,MN,Cà Mau,6,10063 - 50339 - 95213
2025-12-24,MN,Cà Mau,7,04366 - 73093 - 09042 - 34597
2025-12-24,MN,Cà Mau,8,98304
2025-12-25,MB,Hà Nội,ĐB,60434
2025-12-25,MB,Hà Nội,1,88870
2025-12-25,MB,Hà Nội,2,22779
2025-12-25,MB,Hà Nội,3,02742 - 57893 - 35218 - 49863 - 96366 - 16813
2025-12-25,MB,Hà Nội,4,12038 - 52980 - 00719 - 01025 - 98502 - 71592
2025-12-25,MB,Hà Nội,5,21208 - 04631 - 41695
2025-12-25,MB,Hà Nội,6,40236 - 85672 - 02494
2025-12-25,MB,Hà Nội,7,88748 - 69319 - 69780 - 48458
2025-12-25,MT,Đà Nẵng,ĐB,81509
2025-12-25,MT,Đà Nẵng,1,51073
2025-12-25,MT,Đà Nẵng,2,81065
2025-12-25,MT,Đà Nẵng,3,13143 - 72138 - 68448 - 88422 - 83015 - 63209
2025-12-25,MT,Đà Nẵng,4,15532 - 94869 - 47224 - 79588 - 95975 - 24335
2025-12-25,MT,Đà Nẵng,5,78741 - 48118 - 79065
2025-12-25,MT,Đà Nẵng,6,58383 - 69641 - 09024
2025-12-25,MT,Đà Nẵng,7,24546 - 05216 - 49407 - 02974
2025-12-25,MT,Đà Nẵng,8,44904
2025-12-25,MT,Khánh Hòa,ĐB,12944
2025-12-25,MT,Khánh Hòa,1,06845
2025-12-25,MT,Khánh Hòa,2,37326
2025-12-25,MT,Khánh Hòa,3,66937 - 02549 - 15870 - 95952 - 19443 - 87160
2025-12-25,MT,Khánh Hòa,4,01801 - 19537 - 93456 - 62225 - 34245 - 13978
2025-12-25,MT,Khánh Hòa,5,07813 - 48372 - 64851
2025-12-25,MT,Khánh Hòa,6,24318 - 30551 - 21027
2025-12-25,MT,Khánh Hòa,7,92594 - 15669 - 65543 - 22517
2025-12-25,MT,Khánh Hòa,8,13331
2025-12-25,MN,TP. HCM,ĐB,45519
2025-12-25,MN,TP. HCM,1,32723
2025-12-25,MN,TP. HCM,2,50296
2025-12-25,MN,TP. HCM,3,99139 - 85233 - 88836 - 62175 - 10710 - 40361
2025-12-25,MN,TP. HCM,4,53984 - 10983 - 44113 - 04543 - 64973 - 70484
2025-12-25,MN,TP. HCM,5,56708 - 01767 - 54263
2025-12-25,MN,TP. HCM,6,91073 - 06987 - 86172
2025-12-25,MN,TP. HCM,7,57093 - 98121 - 58957 - 63927
2025-12-25,MN,TP. HCM,8,50400
2025-12-25,MN,Đồng Tháp,ĐB,83766
2025-12-25,MN,Đồng Tháp,1,87804
2025-12-25,MN,Đồng Tháp,2,86572
2025-12-25,MN,Đồng Tháp,3,05721 - 39523 - 81970 - 32627 - 22274 - 47754
2025-12-25,MN,Đồng Tháp,4,70512 - 51488 - 36936 - 89681 - 82772 - 92232
2025-12-25,MN,Đồng Tháp,5,51031 - 25181 - 75608
2025-12-25,MN,Đồng Tháp,6,14282 - 88931 - 74039
2025-12-25,MN,Đồng Tháp,7,03210 - 55790 - 01844 - 90768
2025-12-25,MN,Đồng Tháp,8,18818
2025-12-25,MN,Cà Mau,ĐB,22999
2025-12-25,MN,Cà Mau,1,88234
2025-12-25,MN,Cà Mau,2,96891
2025-12-25,MN,Cà Mau,3,89775 - 22630 - 84544 - 03516 - 94409 - 78512
2025-12-25,MN,Cà Mau,4,51790 - 25517 - 08846 - 70503 - 25043 - 46148
2025-12-25,MN,Cà Mau,5,26892 - 48396 - 10925
2025-12-25,MN,Cà Mau,6,95044 - 29346 - 51175
2025-12-25,MN,Cà Mau,7,65382 - 84065 - 64439 - 44406
2025-12-25,MN,Cà Mau,8,85979
2025-12-26,MB,Hà Nội,ĐB,33833
2025-12-26,MB,Hà Nội,1,91596
2025-12-26,MB,Hà Nội,2,94742
2025-12-26,MB,Hà Nội,3,15161 - 36405 - 83652 - 71884 - 92212 - 51018
2025-12-26,MB,Hà Nội,4,11158 - 31350 - 40885 - 03969 - 07557 - 32607
2025-12-26,MB,Hà Nội,5,72517 - 05971 - 92490
2025-12-26,MB,Hà Nội,6,13115 - 32874 - 70021
2025-12-26,MB,Hà Nội,7,87028 - 86738 - 02039 - 34317
2025-12-26,MT,Đà Nẵng,ĐB,68341
2025-12-26,MT,Đà Nẵng,1,71153
2025-12-26,MT,Đà Nẵng,2,29482
2025-12-26,MT,Đà Nẵng,3,01092 - 77303 - 39596 - 39099 - 18653 - 40933
2025-12-26,MT,Đà Nẵng,4,84097 - 87162 - 12104 - 63277 - 46822 - 86461
2025-12-26,MT,Đà Nẵng,5,83622 - 87375 - 72952
2025-12-26,MT,Đà Nẵng,6,05213 - 20304 - 10684
2025-12-26,MT,Đà Nẵng,7,40888 - 74792 - 45304 - 86462
2025-12-26,MT,Đà Nẵng,8,62491
2025-12-26,MT,Khánh Hòa,ĐB,43992
2025-12-26,MT,Khánh Hòa,1,40581
2025-12-26,MT,Khánh Hòa,2,67388
2025-12-26,MT,Khánh Hòa,3,36423 - 72988 - 05807 - 27887 - 46740 - 16585
2025-12-26,MT,Khánh Hòa,4,99701 - 47431 - 67857 - 90794 - 52905 - 75227
2025-12-26,MT,Khánh Hòa,5,12003 - 82401 - 48910
2025-12-26,MT,Khánh Hòa,6,49453 - 38139 - 73263
2025-12-26,MT,Khánh Hòa,7,23197 - 94229 - 02023 - 67186
2025-12-26,MT,Khánh Hòa,8,34581
2025-12-26,MN,TP. HCM,ĐB,84657
2025-12-26,MN,TP. HCM,1,95476
2025-12-26,MN,TP. HCM,2,89554
2025-12-26,MN,TP. HCM,3,87597 - 93121 - 07360 - 41016 - 87212 - 30104
2025-12-26,MN,TP. HCM,4,95170 - 26642 - 93137 - 30609 - 66741 - 24001
2025-12-26,MN,TP. HCM,5,67980 - 91264 - 51873
2025-12-26,MN,TP. HCM,6,64476 - 77792 - 25661
2025-12-26,MN,TP. HCM,7,55333 - 08243 - 14206 - 87360
2025-12-26,MN,TP. HCM,8,98206
2025-12-26,MN,Đồng Tháp,ĐB,98282
2025-12-26,MN,Đồng Tháp,1,99400
2025-12-26,MN,Đồng Tháp,2,83028
2025-12-26,MN,Đồng Tháp,3,46779 - 49517 - 91498 - 65688 - 68055 - 23667
2025-12-26,MN,Đồng Tháp,4,15270 - 80295 - 85603 - 03766 - 16720 - 71293
2025-12-26,MN,Đồng Tháp,5,94574 - 54753 - 47803
2025-12-26,MN,Đồng Tháp,6,92773 - 99251 - 11939
2025-12-26,MN,Đồng Tháp,7,71590 - 68014 - 70041 - 14788
2025-12-26,MN,Đồng Tháp,8,74909
2025-12-26,MN,Cà Mau,ĐB,05313
2025-12-26,MN,Cà Mau,1,72738
2025-12-26,MN,Cà Mau,2,94313
2025-12-26,MN,Cà Mau,3,89788 - 50727 - 47410 - 93173 - 65796 - 76887
2025-12-26,MN,Cà Mau,4,42337 - 17294 - 97756 - 07818 - 64401 - 99934
2025-12-26,MN,Cà Mau,5,95073 - 94745 - 98584
2025-12-26,MN,Cà Mau,6,51835 - 29001 - 41881
2025-12-26,MN,Cà Mau,7,89141 - 49306 - 58720 - 64329
2025-12-26,MN,Cà Mau,8,85170
2025-12-27,MB,Hà Nội,ĐB,04457
2025-12-27,MB,Hà Nội,1,10462
2025-12-27,MB,Hà Nội,2,63281
2025-12-27,MB,Hà Nội,3,28461 - 73114 - 64405 - 26885 - 02643 - 97401
2025-12-27,MB,Hà Nội,4,39350 - 70744 - 70672 - 51626 - 76731 - 32149
2025-12-27,MB,Hà Nội,5,43916 - 34554 - 73518
2025-12-27,MB,Hà Nội,6,53197 - 40460 - 73112
2025-12-27,MB,Hà Nội,7,10461 - 24623 - 58596 - 51967
2025-12-27,MT,Đà Nẵng,ĐB,16615
2025-12-27,MT,Đà Nẵng,1,52894
2025-12-27,MT,Đà Nẵng,2,43761
2025-12-27,MT,Đà Nẵng,3,05729 - 04164 - 69429 - 78511 - 26046 - 48126
2025-12-27,MT,Đà Nẵng,4,03246 - 53662 - 56903 - 69222 - 17796 - 40201
2025-12-27,MT,Đà Nẵng,5,78538 - 72645 - 92299
2025-12-27,MT,Đà Nẵng,6,56235 - 96222 - 77871
2025-12-27,MT,Đà Nẵng,7,01265 - 09566 - 79376 - 06147
2025-12-27,MT,Đà Nẵng,8,54359
2025-12-27,MT,Khánh Hòa,ĐB,83417
2025-12-27,MT,Khánh Hòa,1,89839
2025-12-27,MT,Khánh Hòa,2,55400
2025-12-27,MT,Khánh Hòa,3,64405 - 47824 - 31212 - 32251 - 20716 - 01800
2025-12-27,MT,Khánh Hòa,4,67508 - 33511 - 27055 - 27914 - 46888 - 80924
2025-12-27,MT,Khánh Hòa,5,27714 - 96262 - 97995
2025-12-27,MT,Khánh Hòa,6,90174 - 95950 - 26982
2025-12-27,MT,Khánh Hòa,7,81187 - 95169 - 23350 - 73460
2025-12-27,MT,Khánh Hòa,8,07297
2025-12-27,MN,TP. HCM,ĐB,00296
2025-12-27,MN,TP. HCM,1,69414
2025-12-27,MN,TP. HCM,2,85470
2025-12-27,MN,TP. HCM,3,99124 - 96204 - 09835 - 25885 - 28386 - 87125
2025-12-27,MN,TP. HCM,4,65141 - 38345 - 74603 - 16864 - 18816 - 90218
2025-12-27,MN,TP. HCM,5,04958 - 62596 - 63662
2025-12-27,MN,TP. HCM,6,18405 - 10096 - 47803
2025-12-27,MN,TP. HCM,7,51504 - 31914 - 14541 - 92465
2025-12-27,MN,TP. HCM,8,74973
2025-12-27,MN,Đồng Tháp,ĐB,88740
2025-12-27,MN,Đồng Tháp,1,88827
2025-12-27,MN,Đồng Tháp,2,27508
2025-12-27,MN,Đồng Tháp,3,34412 - 99738 - 60912 - 70938 - 50404 - 84572
2025-12-27,MN,Đồng Tháp,4,47550 - 95630 - 99438 - 51197 - 15035 - 68243
2025-12-27,MN,Đồng Tháp,5,16252 - 81455 - 06212
2025-12-27,MN,Đồng Tháp,6,63572 - 77877 - 45543
2025-12-27,MN,Đồng Tháp,7,50897 - 85847 - 74600 - 95300
2025-12-27,MN,Đồng Tháp,8,40633
2025-12-27,MN,Cà Mau,ĐB,17549
2025-12-27,MN,Cà Mau,1,28590
2025-12-27,MN,Cà Mau,2,37873
2025-12-27,MN,Cà Mau,3,35509 - 66594 - 70910 - 42466 - 52582 - 78406
2025-12-27,MN,Cà Mau,4,84085 - 24937 - 56001 - 02899 - 27384 - 36892
2025-12-27,MN,Cà Mau,5,14215 - 11376 - 21393
2025-12-27,MN,Cà Mau,6,80990 - 83080 - 19784
2025-12-27,MN,Cà Mau,7,24829 - 12136 - 37056 - 04067
2025-12-27,MN,Cà Mau,8,80281
2025-12-28,MB,Hà Nội,ĐB,92121
2025-12-28,MB,Hà Nội,1,05322
2025-12-28,MB,Hà Nội,2,34698
2025-12-28,MB,Hà Nội,3,92955 - 57794 - 62181 - 86564 - 68112 - 50136
2025-12-28,MB,Hà Nội,4,90067 - 38263 - 52264 - 06279 - 58861 - 48345
2025-12-28,MB,Hà Nội,5,15643 - 08262 - 98127
2025-12-28,MB,Hà Nội,6,21307 - 17414 - 34190
2025-12-28,MB,Hà Nội,7,82053 - 11739 - 65332 - 48842
2025-12-28,MT,Đà Nẵng,ĐB,80458
2025-12-28,MT,Đà Nẵng,1,15142
2025-12-28,MT,Đà Nẵng,2,33575
2025-12-28,MT,Đà Nẵng,3,82608 - 01250 - 35726 - 13380 - 05056 - 96567
2025-12-28,MT,Đà Nẵng,4,58106 - 14419 - 18018 - 93273 - 53468 - 65541
2025-12-28,MT,Đà Nẵng,5,92967 - 47332 - 09799
2025-12-28,MT,Đà Nẵng,6,42510 - 39029 - 11754
2025-12-28,MT,Đà Nẵng,7,69658 - 48692 - 48693 - 37627
2025-12-28,MT,Đà Nẵng,8,09965
2025-12-28,MT,Khánh Hòa,ĐB,83320
2025-12-28,MT,Khánh Hòa,1,02451
2025-12-28,MT,Khánh Hòa,2,90928
2025-12-28,MT,Khánh Hòa,3,85938 - 15276 - 03691 - 50919 - 32071 - 27600
2025-12-28,MT,Khánh Hòa,4,50599 - 55593 - 39972 - 57526 - 57354 - 55994
2025-12-28,MT,Khánh Hòa,5,80744 - 00766 - 51272
2025-12-28,MT,Khánh Hòa,6,56843 - 70648 - 86745
2025-12-28,MT,Khánh Hòa,7,44529 - 37035 - 88866 - 04900
2025-12-28,MT,Khánh Hòa,8,84111
2025-12-28,MN,TP. HCM,ĐB,84343
2025-12-28,MN,TP. HCM,1,28677
2025-12-28,MN,TP. HCM,2,37389
2025-12-28,MN,TP. HCM,3,52796 - 91548 - 45492 - 19944 - 73204 - 80642
2025-12-28,MN,TP. HCM,4,08314 - 20730 - 76961 - 32730 - 35529 - 73289
2025-12-28,MN,TP. HCM,5,33014 - 03494 - 39862
2025-12-28,MN,TP. HCM,6,81488 - 64589 - 42470
2025-12-28,MN,TP. HCM,7,38935 - 63859 - 46225 - 44864
2025-12-28,MN,TP. HCM,8,82148
2025-12-28,MN,Đồng Tháp,ĐB,06360
2025-12-28,MN,Đồng Tháp,1,59911
2025-12-28,MN,Đồng Tháp,2,41762
2025-12-28,MN,Đồng Tháp,3,97000 - 50939 - 52315 - 48837 - 18186 - 89509
2025-12-28,MN,Đồng Tháp,4,04117 - 85595 - 71261 - 49241 - 20322 - 91267
2025-12-28,MN,Đồng Tháp,5,14366 - 69292 - 64703
2025-12-28,MN,Đồng Tháp,6,97095 - 12332 - 10766
2025-12-28,MN,Đồng Tháp,7,38317 - 97871 - 25016 - 82163
2025-12-28,MN,Đồng Tháp,8,93131
2025-12-28,MN,Cà Mau,ĐB,26732
2025-12-28,MN,Cà Mau,1,81191
2025-12-28,MN,Cà Mau,2,66699
2025-12-28,MN,Cà Mau,3,91103 - 43900 - 02569 - 37521 - 48087 - 13330
2025-12-28,MN,Cà Mau,4,02454 - 69503 - 56586 - 88058 - 43319 - 16949
2025-12-28,MN,Cà Mau,5,04723 - 18669 - 24682
2025-12-28,MN,Cà Mau,6,19183 - 96483 - 40660
2025-12-28,MN,Cà Mau,7,72903 - 71998 - 11602 - 35945
2025-12-28,MN,Cà Mau,8,91690
2025-12-29,MB,Hà Nội,ĐB,56686
2025-12-29,MB,Hà Nội,1,54434
2025-12-29,MB,Hà Nội,2,70999
2025-12-29,MB,Hà Nội,3,77156 - 54676 - 09632 - 25030 - 77246 - 96543
2025-12-29,MB,Hà Nội,4,32988 - 59853 - 13408 - 31737 - 07672 - 96092
2025-12-29,MB,Hà Nội,5,20604 - 57055 - 17375
2025-12-29,MB,Hà Nội,6,30623 - 26207 - 21761
2025-12-29,MB,Hà Nội,7,17078 - 23183 - 06456 - 77582
2025-12-29,MT,Đà Nẵng,ĐB,48221
2025-12-29,MT,Đà Nẵng,1,58378
2025-12-29,MT,Đà Nẵng,2,19178
2025-12-29,MT,Đà Nẵng,3,36997 - 66283 - 77387 - 63338 - 47852 - 52219
2025-12-29,MT,Đà Nẵng,4,30819 - 61091 - 92893 - 93276 - 30084 - 51226
2025-12-29,MT,Đà Nẵng,5,02190 - 31557 - 33043
2025-12-29,MT,Đà Nẵng,6,20915 - 12382 - 37779
2025-12-29,MT,Đà Nẵng,7,24589 - 43954 - 21974 - 62956
2025-12-29,MT,Đà Nẵng,8,80926
2025-12-29,MT,Khánh Hòa,ĐB,15050
2025-12-29,MT,Khánh Hòa,1,02821
2025-12-29,MT,Khánh Hòa,2,10785
2025-12-29,MT,Khánh Hòa,3,39284 - 19325 - 61294 - 12010 - 64830 - 02499
2025-12-29,MT,Khánh Hòa,4,07693 - 62750 - 02250 - 33319 - 56437 - 57543
2025-12-29,MT,Khánh Hòa,5,70854 - 33049 - 48992
2025-12-29,MT,Khánh Hòa,6,07254 - 68842 - 60543
2025-12-29,MT,Khánh Hòa,7,40613 - 51757 - 77551 - 21828
2025-12-29,MT,Khánh Hòa,8,50891
2025-12-29,MN,TP. HCM,ĐB,25389
2025-12-29,MN,TP. HCM,1,30651
2025-12-29,MN,TP. HCM,2,29389
2025-12-29,MN,TP. HCM,3,31512 - 49883 - 96888 - 46578 - 03465 - 31473
2025-12-29,MN,TP. HCM,4,00066 - 30090 - 23054 - 07371 - 33820 - 32876
2025-12-29,MN,TP. HCM,5,32501 - 49664 - 53160
2025-12-29,MN,TP. HCM,6,75446 - 69707 - 59382
2025-12-29,MN,TP. HCM,7,25537 - 56555 - 63592 - 29826
2025-12-29,MN,TP. HCM,8,58557
2025-12-29,MN,Đồng Tháp,ĐB,75812
2025-12-29,MN,Đồng Tháp,1,20716
2025-12-29,MN,Đồng Tháp,2,36386
2025-12-29,MN,Đồng Tháp,3,60905 - 05755 - 54181 - 45203 - 31860 - 60047
2025-12-29,MN,Đồng Tháp,4,00587 - 35613 - 26273 - 64537 - 11807 - 78656
2025-12-29,MN,Đồng Tháp,5,44538 - 42401 - 42979
2025-12-29,MN,Đồng Tháp,6,70237 - 71858 - 25937
2025-12-29,MN,Đồng Tháp,7,67178 - 03683 - 94762 - 59159
2025-12-29,MN,Đồng Tháp,8,63954
2025-12-29,MN,Cà Mau,ĐB,20841
2025-12-29,MN,Cà Mau,1,17012
2025-12-29,MN,Cà Mau,2,53994
2025-12-29,MN,Cà Mau,3,87392 - 51878 - 00780 - 98973 - 95192 - 26081
2025-12-29,MN,Cà Mau,4,69600 - 59689 - 26128 - 72936 - 74074 - 81614
2025-12-29,MN,Cà Mau,5,65369 - 76154 - 17503
2025-12-29,MN,Cà Mau,6,91612 - 28210 - 71992
2025-12-29,MN,Cà Mau,7,80786 - 43205 - 19603 - 45176
2025-12-29,MN,Cà Mau,8,17154
2025-12-30,MB,Hà Nội,ĐB,42455
2025-12-30,MB,Hà Nội,1,44001
2025-12-30,MB,Hà Nội,2,99764
2025-12-30,MB,Hà Nội,3,68910 - 53009 - 19156 - 82938 - 78882 - 20299
2025-12-30,MB,Hà Nội,4,03038 - 99457 - 90782 - 04417 - 21893 - 07500
2025-12-30,MB,Hà Nội,5,50257 - 28298 - 11864
2025-12-30,MB,Hà Nội,6,20796 - 46026 - 08930
2025-12-30,MB,Hà Nội,7,21648 - 39290 - 70102 - 83726
2025-12-30,MT,Đà Nẵng,ĐB,34327
2025-12-30,MT,Đà Nẵng,1,62777
2025-12-30,MT,Đà Nẵng,2,38495
2025-12-30,MT,Đà Nẵng,3,30490 - 73559 - 53032 - 08032 - 52435 - 38739
2025-12-30,MT,Đà Nẵng,4,11726 - 62829 - 11908 - 04861 - 31916 - 58796
2025-12-30,MT,Đà Nẵng,5,59846 - 38361 - 54816
2025-12-30,MT,Đà Nẵng,6,33148 - 78706 - 66492
2025-12-30,MT,Đà Nẵng,7,97694 - 63543 - 64772 - 43265
2025-12-30,MT,Đà Nẵng,8,41423
2025-12-30,MT,Khánh Hòa,ĐB,64564
2025-12-30,MT,Khánh Hòa,1,43813
2025-12-30,MT,Khánh Hòa,2,54423
2025-12-30,MT,Khánh Hòa,3,87827 - 26257 - 61716 - 60009 - 94302 - 68579
2025-12-30,MT,Khánh Hòa,4,94928 - 73818 - 91260 - 38164 - 20667 - 85077
2025-12-30,MT,Khánh Hòa,5,85499 - 79571 - 81046
2025-12-30,MT,Khánh Hòa,6,09100 - 83206 - 06449
2025-12-30,MT,Khánh Hòa,7,04226 - 22519 - 75626 - 06378
2025-12-30,MT,Khánh Hòa,8,91200
2025-12-30,MN,TP. HCM,ĐB,00752
2025-12-30,MN,TP. HCM,1,64947
2025-12-30,MN,TP. HCM,2,03942
2025-12-30,MN,TP. HCM,3,81175 - 64579 - 53962 - 98435 - 37992 - 16843
2025-12-30,MN,TP. HCM,4,07391 - 14051 - 64843 - 98952 - 50953 - 89387
2025-12-30,MN,TP. HCM,5,60919 - 00295 - 88238
2025-12-30,MN,TP. HCM,6,47164 - 36110 - 55544
2025-12-30,MN,TP. HCM,7,29165 - 67412 - 87278 - 17871
2025-12-30,MN,TP. HCM,8,42633
2025-12-30,MN,Đồng Tháp,ĐB,86587
2025-12-30,MN,Đồng Tháp,1,79921
2025-12-30,MN,Đồng Tháp,2,07249
2025-12-30,MN,Đồng Tháp,3,29677 - 42602 - 12973 - 17753 - 75666 - 71525
2025-12-30,MN,Đồng Tháp,4,52175 - 06010 - 92760 - 01402 - 10201 - 30826
2025-12-30,MN,Đồng Tháp,5,26787 - 52105 - 46891
2025-12-30,MN,Đồng Tháp,6,25241 - 98577 - 74195
2025-12-30,MN,Đồng Tháp,7,31156 - 72953 - 33347 - 64483
2025-12-30,MN,Đồng Tháp,8,66815
2025-12-30,MN,Cà Mau,ĐB,17483
2025-12-30,MN,Cà Mau,1,44578
2025-12-30,MN,Cà Mau,2,48196
2025-12-30,MN,Cà Mau,3,24266 - 08995 - 90842 - 08773 - 18885 - 72748
2025-12-30,MN,Cà Mau,4,26648 - 18522 - 64350 - 93122 - 35745 - 70784
2025-12-30,MN,Cà Mau,5,35289 - 73303 - 91605
2025-12-30,MN,Cà Mau,6,66902 - 72980 - 29011
2025-12-30,MN,Cà Mau,7,27467 - 59711 - 68575 - 53074
2025-12-30,MN,Cà Mau,8,14460
2025-12-31,MB,Hà Nội,ĐB,22812
2025-12-31,MB,Hà Nội,1,13266
2025-12-31,MB,Hà Nội,2,71436
2025-12-31,MB,Hà Nội,3,31778 - 65899 - 39502 - 55437 - 86035 - 35276
2025-12-31,MB,Hà Nội,4,80477 - 99645 - 53229 - 76618 - 67925 - 19890
2025-12-31,MB,Hà Nội,5,91813 - 51133 - 53403
2025-12-31,MB,Hà Nội,6,49044 - 52712 - 74308
2025-12-31,MB,Hà Nội,7,53016 - 97224 - 41811 - 93914
2025-12-31,MT,Đà Nẵng,ĐB,13971
2025-12-31,MT,Đà Nẵng,1,59375
2025-12-31,MT,Đà Nẵng,2,65952
2025-12-31,MT,Đà Nẵng,3,88374 - 18691 - 76450 - 37265 - 34710 - 39288
2025-12-31,MT,Đà Nẵng,4,40145 - 62838 - 87982 - 09871 - 10187 - 42006
2025-12-31,MT,Đà Nẵng,5,90060 - 92377 - 68822
2025-12-31,MT,Đà Nẵng,6,72161 - 74788 - 83735
2025-12-31,MT,Đà Nẵng,7,83233 - 89567 - 64788 - 86625
2025-12-31,MT,Đà Nẵng,8,44618
2025-12-31,MT,Khánh Hòa,ĐB,45667
2025-12-31,MT,Khánh Hòa,1,19112
2025-12-31,MT,Khánh Hòa,2,78839
2025-12-31,MT,Khánh Hòa,3,54367 - 05813 - 02171 - 59111 - 20904 - 48563
2025-12-31,MT,Khánh Hòa,4,39035 - 19494 - 88150 - 43502 - 42286 - 61268
2025-12-31,MT,Khánh Hòa,5,61164 - 60992 - 20510
2025-12-31,MT,Khánh Hòa,6,68415 - 74087 - 30274
2025-12-31,MT,Khánh Hòa,7,09619 - 02951 - 56266 - 25468
2025-12-31,MT,Khánh Hòa,8,74436
2025-12-31,MN,TP. HCM,ĐB,63584
2025-12-31,MN,TP. HCM,1,58273
2025-12-31,MN,TP. HCM,2,71823
2025-12-31,MN,TP. HCM,3,29533 - 99460 - 98238 - 51472 - 11787 - 22261
2025-12-31,MN,TP. HCM,4,05186 - 20798 - 35171 - 43298 - 31554 - 90119
2025-12-31,MN,TP. HCM,5,30233 - 44534 - 69023
2025-12-31,MN,TP. HCM,6,95111 - 87831 - 27491
2025-12-31,MN,TP. HCM,7,63982 - 20341 - 09205 - 71588
2025-12-31,MN,TP. HCM,8,24272
2025-12-31,MN,Đồng Tháp,ĐB,05192
2025-12-31,MN,Đồng Tháp,1,21137
2025-12-31,MN,Đồng Tháp,2,89851
2025-12-31,MN,Đồng Tháp,3,66981 - 13996 - 79498 - 81362 - 45009 - 29550
2025-12-31,MN,Đồng Tháp,4,45894 - 64025 - 20438 - 02912 - 77321 - 75177
2025-12-31,MN,Đồng Tháp,5,07362 - 97335 - 76131
2025-12-31,MN,Đồng Tháp,6,47010 - 05722 - 93308
2025-12-31,MN,Đồng Tháp,7,83522 - 83774 - 80339 - 25153
2025-12-31,MN,Đồng Tháp,8,29940
2025-12-31,MN,Cà Mau,ĐB,83993
2025-12-31,MN,Cà Mau,1,06323
2025-12-31,MN,Cà Mau,2,41968
2025-12-31,MN,Cà Mau,3,96442 - 17993 - 68706 - 07806 - 96453 - 78776
2025-12-31,MN,Cà Mau,4,74412 - 92907 - 03503 - 23935 - 59232 - 48461
2025-12-31,MN,Cà Mau,5,54021 - 17490 - 23387
2025-12-31,MN,Cà Mau,6,87583 - 11980 - 36359
2025-12-31,MN,Cà Mau,7,52143 - 31893 - 44184 - 88132
2025-12-31,MN,Cà Mau,8,05563
