Date,Region,Province,Prize,Numbers
2025-07-01,MB,Hà Nội,ĐB,51243
2025-07-01,MB,Hà Nội,1,83888
2025-07-01,MB,Hà Nội,2,18676
2025-07-01,MB,Hà Nội,3,82060 - 50609 - 22859 - 65195 - 25268 - 78200
2025-07-01,MB,Hà Nội,4,90442 - 02987 - 64906 - 40806 - 92178 - 89628
2025-07-01,MB,Hà Nội,5,70175 - 81973 - 03319
2025-07-01,MB,Hà Nội,6,23717 - 70758 - 46195
2025-07-01,MB,Hà Nội,7,09327 - 61334 - 02873 - 62405
2025-07-01,MT,Đà Nẵng,ĐB,69465
2025-07-01,MT,Đà Nẵng,1,53384
2025-07-01,MT,Đà Nẵng,2,34221
2025-07-01,MT,Đà Nẵng,3,91661 - 23145 - 96357 - 74327 - 02253 - 43536
2025-07-01,MT,Đà Nẵng,4,80708 - 39724 - 34457 - 33877 - 09225 - 60878
2025-07-01,MT,Đà Nẵng,5,41191 - 81548 - 86859
2025-07-01,MT,Đà Nẵng,6,89059 - 67791 - 22293
2025-07-01,MT,Đà Nẵng,7,14399 - 53187 - 25302 - 99673
2025-07-01,MT,Đà Nẵng,8,76337
2025-07-01,MT,Khánh Hòa,ĐB,99819
2025-07-01,MT,Khánh Hòa,1,81499
2025-07-01,MT,Khánh Hòa,2,94147
2025-07-01,MT,Khánh Hòa,3,88033 - 78480 - 95704 - 46835 - 98702 - 55366
2025-07-01,MT,Khánh Hòa,4,35680 - 19544 - 50191 - 38690 - 05052 - 23959
2025-07-01,MT,Khánh Hòa,5,44160 - 66596 - 91257
2025-07-01,MT,Khánh Hòa,6,35200 - 24365 - 50167
2025-07-01,MT,Khánh Hòa,7,40322 - 39067 - 49061 - 66762
2025-07-01,MT,Khánh Hòa,8,70728
2025-07-01,MN,TP. HCM,ĐB,85422
2025-07-01,MN,TP. HCM,1,18128
2025-07-01,MN,TP. HCM,2,51422
2025-07-01,MN,TP. HCM,3,18358 - 11374 - 35824 - 37762 - 86366 - 92982
2025-07-01,MN,TP. HCM,4,51762 - 72339 - 73490 - 10796 - 58882 - 72081
2025-07-01,MN,TP. HCM,5,70624 - 53920 - 77727
2025-07-01,MN,TP. HCM,6,01837 - 77241 - 74422
2025-07-01,MN,TP. HCM,7,67803 - 73480 - 35723 - 67941
2025-07-01,MN,TP. HCM,8,09913
2025-07-01,MN,Đồng Tháp,ĐB,84755
2025-07-01,MN,Đồng Tháp,1,83258
2025-07-01,MN,Đồng Tháp,2,63496
2025-07-01,MN,Đồng Tháp,3,10808 - 71681 - 52993 - 30145 - 78810 - 22590
2025-07-01,MN,Đồng Tháp,4,77902 - 39237 - 00600 - 35528 - 66059 - 46095
2025-07-01,MN,Đồng Tháp,5,07971 - 42032 - 47959
2025-07-01,MN,Đồng Tháp,6,69352 - 18548 - 15919
2025-07-01,MN,Đồng Tháp,7,74796 - 15786 - 15004 - 33389
2025-07-01,MN,Đồng Tháp,8,72656
2025-07-01,MN,Cà Mau,ĐB,82895
2025-07-01,MN,Cà Mau,1,66161
2025-07-01,MN,Cà Mau,2,63363
2025-07-01,MN,Cà Mau,3,03646 - 27918 - 22240 - 39810 - 39647 - 06042
2025-07-01,MN,Cà Mau,4,68681 - 07861 - 09555 - 04924 - 11753 - 05298
2025-07-01,MN,Cà Mau,5,21149 - 46249 - 71308
2025-07-01,MN,Cà Mau,6,05202 - 32128 - 07090
2025-07-01,MN,Cà Mau,7,49488 - 58868 - 23889 - 74466
2025-07-01,MN,Cà Mau,8,28128
2025-07-02,MB,Hà Nội,ĐB,14326
2025-07-02,MB,Hà Nội,1,71281
2025-07-02,MB,Hà Nội,2,86957
2025-07-02,MB,Hà Nội,3,24028 - 43673 - 00640 - 42593 - 97087 - 02173
2025-07-02,MB,Hà Nội,4,65131 - 65567 - 13593 - 37090 - 26421 - 54921
2025-07-02,MB,Hà Nội,5,37969 - 18470 - 50572
2025-07-02,MB,Hà Nội,6,08437 - 85850 - 75029
2025-07-02,MB,Hà Nội,7,48386 - 11307 - 12615 - 06176
2025-07-02,MT,Đà Nẵng,ĐB,22882
2025-07-02,MT,Đà Nẵng,1,05832
2025-07-02,MT,Đà Nẵng,2,86374
2025-07-02,MT,Đà Nẵng,3,00980 - 92984 - 31695 - 87741 - 71113 - 66575
2025-07-02,MT,Đà Nẵng,4,35099 - 02933 - 91380 - 48627 - 48216 - 69766
2025-07-02,MT,Đà Nẵng,5,14814 - 97250 - 94940
2025-07-02,MT,Đà Nẵng,6,23457 - 08357 - 24980
2025-07-02,MT,Đà Nẵng,7,11441 - 56469 - 56056 - 24247
2025-07-02,MT,Đà Nẵng,8,33888
2025-07-02,MT,Khánh Hòa,ĐB,44524
2025-07-02,MT,Khánh Hòa,1,09465
2025-07-02,MT,Khánh Hòa,2,32238
2025-07-02,MT,Khánh Hòa,3,65775 - 94946 - 47567 - 06563 - 37991 - 49701
2025-07-02,MT,Khánh Hòa,4,46594 - 04544 - 18404 - 82315 - 19676 - 36789
2025-07-02,MT,Khánh Hòa,5,09498 - 76549 - 80859
2025-07-02,MT,Khánh Hòa,6,33754 - 03449 - 61417
2025-07-02,MT,Khánh Hòa,7,66537 - 22567 - 57483 - 49828
2025-07-02,MT,Khánh Hòa,8,86766
2025-07-02,MN,TP. HCM,ĐB,41642
2025-07-02,MN,TP. HCM,1,75261
2025-07-02,MN,TP. HCM,2,67822
2025-07-02,MN,TP. HCM,3,38849 - 92128 - 54092 - 52863 - 26549 - 39688
2025-07-02,MN,TP. HCM,4,77952 - 32372 - 57253 - 10540 - 37486 - 60978
2025-07-02,MN,TP. HCM,5,31129 - 26502 - 74384
2025-07-02,MN,TP. HCM,6,91097 - 48782 - 80602
2025-07-02,MN,TP. HCM,7,73695 - 86223 - 33647 - 18374
2025-07-02,MN,TP. HCM,8,57414
2025-07-02,MN,Đồng Tháp,ĐB,49849
2025-07-02,MN,Đồng Tháp,1,74490
2025-07-02,MN,Đồng Tháp,2,43998
2025-07-02,MN,Đồng Tháp,3,76377 - 99395 - 55284 - 26544 - 08322 - 24681
2025-07-02,MN,Đồng Tháp,4,56195 - 13933 - 48410 - 14836 - 47153 - 30439
2025-07-02,MN,Đồng Tháp,5,14993 - 10589 - 98300
2025-07-02,MN,Đồng Tháp,6,57431 - 29080 - 27080
2025-07-02,MN,Đồng Tháp,7,12055 - 31954 - 58341 - 77309
2025-07-02,MN,Đồng Tháp,8,18600
2025-07-02,MN,Cà Mau,ĐB,22278
2025-07-02,MN,Cà Mau,1,65624
2025-07-02,MN,Cà Mau,2,86231
2025-07-02,MN,Cà Mau,3,63834 - 64196 - 72737 - 07638 - 85846 - 11793
2025-07-02,MN,Cà Mau,4,20930 - 42240 - 84488 - 90284 - 11837 - 11601
2025-07-02,MN,Cà Mau,5,10241 - 17640 - 00287
2025-07-02,MN,Cà Mau,6,77678 - 43175 - 10797
2025-07-02,MN,Cà Mau,7,71345 - 98251 - 26094 - 65223
2025-07-02,MN,Cà Mau,8,69725
2025-07-03,MB,Hà Nội,ĐB,29018
2025-07-03,MB,Hà Nội,1,71495
2025-07-03,MB,Hà Nội,2,59917
2025-07-03,MB,Hà Nội,3,18369 - 22544 - 46143 - 11233 - 02133 - 10271
2025-07-03,MB,Hà Nội,4,52625 - 93614 - 06382 - 48819 - 41324 - 97960
2025-07-03,MB,Hà Nội,5,66795 - 23020 - 88498
2025-07-03,MB,Hà Nội,6,41272 - 19800 - 97115
2025-07-03,MB,Hà Nội,7,60973 - 61860 - 24691 - 03572
2025-07-03,MT,Đà Nẵng,ĐB,61350
2025-07-03,MT,Đà Nẵng,1,25420
2025-07-03,MT,Đà Nẵng,2,78304
2025-07-03,MT,Đà Nẵng,3,44380 - 20150 - 42900 - 59622 - 25195 - 06455
2025-07-03,MT,Đà Nẵng,4,10918 - 82843 - 80664 - 10639 - 14857 - 72758
2025-07-03,MT,Đà Nẵng,5,44352 - 42992 - 73872
2025-07-03,MT,Đà Nẵng,6,08194 - 89527 - 63062
2025-07-03,MT,Đà Nẵng,7,66319 - 42842 - 93855 - 50873
2025-07-03,MT,Đà Nẵng,8,09821
2025-07-03,MT,Khánh Hòa,ĐB,17262
2025-07-03,MT,Khánh Hòa,1,01982
2025-07-03,MT,Khánh Hòa,2,12694
2025-07-03,MT,Khánh Hòa,3,04787 - 38851 - 61621 - 40731 - 47166 - 84850
2025-07-03,MT,Khánh Hòa,4,75198 - 01257 - 95574 - 81705 - 50882 - 44820
2025-07-03,MT,Khánh Hòa,5,69846 - 99024 - 57185
2025-07-03,MT,Khánh Hòa,6,29141 - 47693 - 59722
2025-07-03,MT,Khánh Hòa,7,05342 - 34076 - 06072 - 48535
2025-07-03,MT,Khánh Hòa,8,61056
2025-07-03,MN,TP. HCM,ĐB,68384
2025-07-03,MN,TP. HCM,1,70888
2025-07-03,MN,TP. HCM,2,61922
2025-07-03,MN,TP. HCM,3,50649 - 81841 - 39950 - 17404 - 56648 - 47460
2025-07-03,MN,TP. HCM,4,02036 - 37131 - 29435 - 60776 - 63944 - 12030
2025-07-03,MN,TP. HCM,5,03915 - 97015 - 54749
2025-07-03,MN,TP. HCM,6,51208 - 95327 - 27104
2025-07-03,MN,TP. HCM,7,56028 - 43320 - 08251 - 60476
2025-07-03,MN,TP. HCM,8,51610
2025-07-03,MN,Đồng Tháp,ĐB,34157
2025-07-03,MN,Đồng Tháp,1,74798
2025-07-03,MN,Đồng Tháp,2,29937
2025-07-03,MN,Đồng Tháp,3,49296 - 63629 - 19271 - 68361 - 87930 - 67854
2025-07-03,MN,Đồng Tháp,4,40216 - 37058 - 05768 - 42310 - 50182 - 00043
2025-07-03,MN,Đồng Tháp,5,67480 - 64717 - 74157
2025-07-03,MN,Đồng Tháp,6,07347 - 93195 - 68688
2025-07-03,MN,Đồng Tháp,7,51236 - 98754 - 19307 - 54560
2025-07-03,MN,Đồng Tháp,8,67763
2025-07-03,MN,Cà Mau,ĐB,36068
2025-07-03,MN,Cà Mau,1,25355
2025-07-03,MN,Cà Mau,2,53591
2025-07-03,MN,Cà Mau,3,77373 - 76222 - 90959 - 78126 - 52174 - 62897
2025-07-03,MN,Cà Mau,4,51342 - 92124 - 03161 - 76741 - 52614 - 76469
2025-07-03,MN,Cà Mau,5,48069 - 56813 - 82646
2025-07-03,MN,Cà Mau,6,17369 - 98430 - 78398
2025-07-03,MN,Cà Mau,7,36356 - 64319 - 67603 - 02885
2025-07-03,MN,Cà Mau,8,80896
2025-07-04,MB,Hà Nội,ĐB,12814
2025-07-04,MB,Hà Nội,1,55308
2025-07-04,MB,Hà Nội,2,41121
2025-07-04,MB,Hà Nội,3,09888 - 10994 - 26353 - 51067 - 98659 - 48615
2025-07-04,MB,Hà Nội,4,06900 - 08781 - 00901 - 65472 - 09180 - 79628
2025-07-04,MB,Hà Nội,5,49273 - 22349 - 21985
2025-07-04,MB,Hà Nội,6,63451 - 97869 - 47729
2025-07-04,MB,Hà Nội,7,59551 - 28081 - 27311 - 92385
2025-07-04,MT,Đà Nẵng,ĐB,32662
2025-07-04,MT,Đà Nẵng,1,88312
2025-07-04,MT,Đà Nẵng,2,61326
2025-07-04,MT,Đà Nẵng,3,45627 - 32217 - 79974 - 63701 - 03108 - 74242
2025-07-04,MT,Đà Nẵng,4,80268 - 25827 - 23163 - 53315 - 40995 - 48073
2025-07-04,MT,Đà Nẵng,5,83020 - 32878 - 25295
2025-07-04,MT,Đà Nẵng,6,43425 - 53076 - 02515
2025-07-04,MT,Đà Nẵng,7,87863 - 94804 - 48569 - 89752
2025-07-04,MT,Đà Nẵng,8,53956
2025-07-04,MT,Khánh Hòa,ĐB,96662
2025-07-04,MT,Khánh Hòa,1,01134
2025-07-04,MT,Khánh Hòa,2,21435
2025-07-04,MT,Khánh Hòa,3,98783 - 71606 - 14235 - 12445 - 96633 - 31152
2025-07-04,MT,Khánh Hòa,4,47892 - 72364 - 26000 - 10349 - 83452 - 65097
2025-07-04,MT,Khánh Hòa,5,38194 - 19727 - 16424
2025-07-04,MT,Khánh Hòa,6,20708 - 46114 - 53328
2025-07-04,MT,Khánh Hòa,7,54729 - 49848 - 80277 - 02491
2025-07-04,MT,Khánh Hòa,8,66160
2025-07-04,MN,TP. HCM,ĐB,78425
2025-07-04,MN,TP. HCM,1,49712
2025-07-04,MN,TP. HCM,2,69262
2025-07-04,MN,TP. HCM,3,45722 - 08570 - 07019 - 67088 - 09917 - 17184
2025-07-04,MN,TP. HCM,4,07273 - 77957 - 23770 - 16208 - 88321 - 81296
2025-07-04,MN,TP. HCM,5,79568 - 05545 - 85621
2025-07-04,MN,TP. HCM,6,34931 - 17381 - 90517
2025-07-04,MN,TP. HCM,7,45795 - 92117 - 51165 - 85505
2025-07-04,MN,TP. HCM,8,94886
2025-07-04,MN,Đồng Tháp,ĐB,33426
2025-07-04,MN,Đồng Tháp,1,32642
2025-07-04,MN,Đồng Tháp,2,63004
2025-07-04,MN,Đồng Tháp,3,06752 - 13303 - 47307 - 68087 - 10664 - 72987
2025-07-04,MN,Đồng Tháp,4,55258 - 72430 - 00694 - 25510 - 43622 - 96997
2025-07-04,MN,Đồng Tháp,5,61198 - 94397 - 23556
2025-07-04,MN,Đồng Tháp,6,26039 - 72952 - 24344
2025-07-04,MN,Đồng Tháp,7,78350 - 71330 - 03433 - 19781
2025-07-04,MN,Đồng Tháp,8,22284
2025-07-04,MN,Cà Mau,ĐB,08708
2025-07-04,MN,Cà Mau,1,03987
2025-07-04,MN,Cà Mau,2,75237
2025-07-04,MN,Cà Mau,3,98814 - 97945 - 62123 - 52250 - 21473 - 40144
2025-07-04,MN,Cà Mau,4,73885 - 52282 - 41245 - 32303 - 63831 - 97613
2025-07-04,MN,Cà Mau,5,82237 - 14144 - 65705
2025-07-04,MN,Cà Mau,6,97854 - 77707 - 81218
2025-07-04,MN,Cà Mau,7,06877 - 60825 - 00913 - 40254
2025-07-04,MN,Cà Mau,8,33916
2025-07-05,MB,Hà Nội,ĐB,01548
2025-07-05,MB,Hà Nội,1,00727
2025-07-05,MB,Hà Nội,2,52374
2025-07-05,MB,Hà Nội,3,07022 - 71651 - 84322 - 40429 - 85057 - 28349
2025-07-05,MB,Hà Nội,4,61947 - 09523 - 14691 - 19061 - 48635 - 77135
2025-07-05,MB,Hà Nội,5,13087 - 80386 - 37572
2025-07-05,MB,Hà Nội,6,72178 - 56095 - 78808
2025-07-05,MB,Hà Nội,7,68518 - 61573 - 69623 - 91932
2025-07-05,MT,Đà Nẵng,ĐB,70171
2025-07-05,MT,Đà Nẵng,1,79731
2025-07-05,MT,Đà Nẵng,2,02272
2025-07-05,MT,Đà Nẵng,3,74117 - 34419 - 18230 - 75170 - 70638 - 36097
2025-07-05,MT,Đà Nẵng,4,56617 - 04174 - 39346 - 22220 - 96165 - 87097
2025-07-05,MT,Đà Nẵng,5,29633 - 16087 - 55136
2025-07-05,MT,Đà Nẵng,6,01440 - 41038 - 07165
2025-07-05,MT,Đà Nẵng,7,66012 - 11379 - 62134 - 14112
2025-07-05,MT,Đà Nẵng,8,73042
2025-07-05,MT,Khánh Hòa,ĐB,89295
2025-07-05,MT,Khánh Hòa,1,37502
2025-07-05,MT,Khánh Hòa,2,55437
2025-07-05,MT,Khánh Hòa,3,37493 - 07921 - 16483 - 42723 - 33322 - 51647
2025-07-05,MT,Khánh Hòa,4,43774 - 12868 - 99920 - 12146 - 21332 - 43204
2025-07-05,MT,Khánh Hòa,5,52078 - 47926 - 01465
2025-07-05,MT,Khánh Hòa,6,59107 - 82170 - 25332
2025-07-05,MT,Khánh Hòa,7,50937 - 05735 - 10787 - 98617
2025-07-05,MT,Khánh Hòa,8,69331
2025-07-05,MN,TP. HCM,ĐB,13176
2025-07-05,MN,TP. HCM,1,82633
2025-07-05,MN,TP. HCM,2,91822
2025-07-05,MN,TP. HCM,3,59711 - 46252 - 25345 - 76936 - 08338 - 59030
2025-07-05,MN,TP. HCM,4,87608 - 37320 - 81042 - 61392 - 46754 - 14563
2025-07-05,MN,TP. HCM,5,49914 - 69555 - 63180
2025-07-05,MN,TP. HCM,6,13460 - 08463 - 40818
2025-07-05,MN,TP. HCM,7,18879 - 20336 - 86551 - 03115
2025-07-05,MN,TP. HCM,8,13119
2025-07-05,MN,Đồng Tháp,ĐB,58396
2025-07-05,MN,Đồng Tháp,1,73432
2025-07-05,MN,Đồng Tháp,2,41150
2025-07-05,MN,Đồng Tháp,3,96912 - 97803 - 27324 - 25943 - 79535 - 63072
2025-07-05,MN,Đồng Tháp,4,78030 - 04933 - 83130 - 34915 - 63615 - 16363
2025-07-05,MN,Đồng Tháp,5,77858 - 89790 - 23086
2025-07-05,MN,Đồng Tháp,6,51608 - 91080 - 62215
2025-07-05,MN,Đồng Tháp,7,88095 - 11238 - 18538 - 08839
2025-07-05,MN,Đồng Tháp,8,75812
2025-07-05,MN,Cà Mau,ĐB,99850
2025-07-05,MN,Cà Mau,1,01145
2025-07-05,MN,Cà Mau,2,33024
2025-07-05,MN,Cà Mau,3,43924 - 81755 - 07049 - 94568 - 60754 - 48483
2025-07-05,MN,Cà Mau,4,83666 - 68592 - 15162 - 76730 - 47596 - 35525
2025-07-05,MN,Cà Mau,5,69217 - 00423 - 47421
2025-07-05,MN,Cà Mau,6,35761 - 27870 - 90161
2025-07-05,MN,Cà Mau,7,60278 - 05196 - 49609 - 32844
2025-07-05,MN,Cà Mau,8,01306
2025-07-06,MB,Hà Nội,ĐB,81542
2025-07-06,MB,Hà Nội,1,97603
2025-07-06,MB,Hà Nội,2,05721
2025-07-06,MB,Hà Nội,3,00688 - 88888 - 15556 - 63849 - 23942 - 60815
2025-07-06,MB,Hà Nội,4,80530 - 91623 - 02920 - 75698 - 82848 - 86087
2025-07-06,MB,Hà Nội,5,60424 - 73459 - 22288
2025-07-06,MB,Hà Nội,6,00074 - 01767 - 74434
2025-07-06,MB,Hà Nội,7,56647 - 08047 - 20410 - 86897
2025-07-06,MT,Đà Nẵng,ĐB,10289
2025-07-06,MT,Đà Nẵng,1,03630
2025-07-06,MT,Đà Nẵng,2,79493
2025-07-06,MT,Đà Nẵng,3,14488 - 10703 - 11765 - 02098 - 30412 - 90802
2025-07-06,MT,Đà Nẵng,4,42154 - 47526 - 17049 - 83136 - 51100 - 18080
2025-07-06,MT,Đà Nẵng,5,01461 - 47581 - 57952
2025-07-06,MT,Đà Nẵng,6,54290 - 55229 - 48849
2025-07-06,MT,Đà Nẵng,7,78224 - 59065 - 13776 - 79938
2025-07-06,MT,Đà Nẵng,8,94955
2025-07-06,MT,Khánh Hòa,ĐB,02703
2025-07-06,MT,Khánh Hòa,1,92887
2025-07-06,MT,Khánh Hòa,2,12728
2025-07-06,MT,Khánh Hòa,3,70233 - 38206 - 04638 - 11906 - 30441 - 46984
2025-07-06,MT,Khánh Hòa,4,87453 - 85597 - 89866 - 57929 - 83414 - 37868
2025-07-06,MT,Khánh Hòa,5,55176 - 71651 - 15923
2025-07-06,MT,Khánh Hòa,6,72334 - 39707 - 72345
2025-07-06,MT,Khánh Hòa,7,56392 - 21071 - 87868 - 88854
2025-07-06,MT,Khánh Hòa,8,42718
2025-07-06,MN,TP. HCM,ĐB,60518
2025-07-06,MN,TP. HCM,1,67592
2025-07-06,MN,TP. HCM,2,31995
2025-07-06,MN,TP. HCM,3,60483 - 72754 - 46167 - 28334 - 36325 - 85041
2025-07-06,MN,TP. HCM,4,54565 - 38469 - 05187 - 66290 - 10040 - 62113
2025-07-06,MN,TP. HCM,5,69275 - 78471 - 61166
2025-07-06,MN,TP. HCM,6,39259 - 43649 - 95638
2025-07-06,MN,TP. HCM,7,15196 - 27397 - 87311 - 23825
2025-07-06,MN,TP. HCM,8,80175
2025-07-06,MN,Đồng Tháp,ĐB,56438
2025-07-06,MN,Đồng Tháp,1,75724
2025-07-06,MN,Đồng Tháp,2,94274
2025-07-06,MN,Đồng Tháp,3,21725 - 03587 - 23531 - 03625 - 79615 - 05675
2025-07-06,MN,Đồng Tháp,4,35993 - 21633 - 68080 - 93327 - 16328 - 98340
2025-07-06,MN,Đồng Tháp,5,24881 - 81791 - 24584
2025-07-06,MN,Đồng Tháp,6,91252 - 13133 - 39712
2025-07-06,MN,Đồng Tháp,7,27249 - 98053 - 22335 - 99098
2025-07-06,MN,Đồng Tháp,8,33064
2025-07-06,MN,Cà Mau,ĐB,89575
2025-07-06,MN,Cà Mau,1,55932
2025-07-06,MN,Cà Mau,2,70134
2025-07-06,MN,Cà Mau,3,42302 - 71778 - 51688 - 50438 - 19494 - 59636
2025-07-06,MN,Cà Mau,4,53684 - 19072 - 13675 - 48253 - 46692 - 20312
2025-07-06,MN,Cà Mau,5,99022 - 62844 - 88710
2025-07-06,MN,Cà Mau,6,33780 - 09839 - 73676
2025-07-06,MN,Cà Mau,7,13446 - 04262 - 01753 - 74919
2025-07-06,MN,Cà Mau,8,75741
2025-07-07,MB,Hà Nội,ĐB,29234
2025-07-07,MB,Hà Nội,1,72746
2025-07-07,MB,Hà Nội,2,21045
2025-07-07,MB,Hà Nội,3,92792 - 22842 - 80235 - 26873 - 02290 - 55722
2025-07-07,MB,Hà Nội,4,33565 - 90578 - 40863 - 16561 - 43240 - 92366
2025-07-07,MB,Hà Nội,5,21141 - 02114 - 26533
2025-07-07,MB,Hà Nội,6,32046 - 05994 - 93260
2025-07-07,MB,Hà Nội,7,36390 - 21871 - 86744 - 76045
2025-07-07,MT,Đà Nẵng,ĐB,27134
2025-07-07,MT,Đà Nẵng,1,73366
2025-07-07,MT,Đà Nẵng,2,17338
2025-07-07,MT,Đà Nẵng,3,31480 - 47987 - 94748 - 86526 - 65186 - 86182
2025-07-07,MT,Đà Nẵng,4,56012 - 61439 - 61346 - 82510 - 04914 - 64399
2025-07-07,MT,Đà Nẵng,5,43943 - 06407 - 28975
2025-07-07,MT,Đà Nẵng,6,76036 - 79333 - 53799
2025-07-07,MT,Đà Nẵng,7,39070 - 88899 - 49350 - 59158
2025-07-07,MT,Đà Nẵng,8,90523
2025-07-07,MT,Khánh Hòa,ĐB,23550
2025-07-07,MT,Khánh Hòa,1,06878
2025-07-07,MT,Khánh Hòa,2,51091
2025-07-07,MT,Khánh Hòa,3,25495 - 68242 - 73060 - 52938 - 76898 - 11926
2025-07-07,MT,Khánh Hòa,4,65591 - 22684 - 32011 - 14690 - 15567 - 43509
2025-07-07,MT,Khánh Hòa,5,39469 - 88161 - 87010
2025-07-07,MT,Khánh Hòa,6,57653 - 00271 - 56030
2025-07-07,MT,Khánh Hòa,7,91538 - 63441 - 36186 - 32968
2025-07-07,MT,Khánh Hòa,8,50198
2025-07-07,MN,TP. HCM,ĐB,89465
2025-07-07,MN,TP. HCM,1,37364
2025-07-07,MN,TP. HCM,2,64001
2025-07-07,MN,TP. HCM,3,27759 - 12723 - 68615 - 79539 - 62509 - 24468
2025-07-07,MN,TP. HCM,4,64917 - 87255 - 66055 - 33875 - 17320 - 88176
2025-07-07,MN,TP. HCM,5,47626 - 88310 - 72150
2025-07-07,MN,TP. HCM,6,82609 - 70056 - 14071
2025-07-07,MN,TP. HCM,7,04264 - 84897 - 77635 - 51376
2025-07-07,MN,TP. HCM,8,63717
2025-07-07,MN,Đồng Tháp,ĐB,02657
2025-07-07,MN,Đồng Tháp,1,46700
2025-07-07,MN,Đồng Tháp,2,17578
2025-07-07,MN,Đồng Tháp,3,01718 - 57603 - 14367 - 86900 - 85292 - 51198
2025-07-07,MN,Đồng Tháp,4,44121 - 88135 - 13525 - 44946 - 63013 - 64805
2025-07-07,MN,Đồng Tháp,5,76933 - 84947 - 28871
2025-07-07,MN,Đồng Tháp,6,89284 - 55075 - 62650
2025-07-07,MN,Đồng Tháp,7,54870 - 04863 - 96143 - 96077
2025-07-07,MN,Đồng Tháp,8,16763
2025-07-07,MN,Cà Mau,ĐB,89007
2025-07-07,MN,Cà Mau,1,68753
2025-07-07,MN,Cà Mau,2,74027
2025-07-07,MN,Cà Mau,3,57356 - 82209 - 40199 - 92536 - 71866 - 52872
2025-07-07,MN,Cà Mau,4,45055 - 82292 - 10149 - 35356 - 19278 - 43907
2025-07-07,MN,Cà Mau,5,14025 - 90735 - 69101
2025-07-07,MN,Cà Mau,6,67469 - 91356 - 28624
2025-07-07,MN,Cà Mau,7,25834 - 50314 - 24295 - 72525
2025-07-07,MN,Cà Mau,8,13720
2025-07-08,MB,Hà Nội,ĐB,12479
2025-07-08,MB,Hà Nội,1,75207
2025-07-08,MB,Hà Nội,2,19178
2025-07-08,MB,Hà Nội,3,66044 - 81431 - 38818 - 71306 - 85521 - 36936
2025-07-08,MB,Hà Nội,4,19462 - 69823 - 29190 - 52516 - 41224 - 88106
2025-07-08,MB,Hà Nội,5,65530 - 66598 - 33820
2025-07-08,MB,Hà Nội,6,15125 - 11805 - 95404
2025-07-08,MB,Hà Nội,7,88683 - 83094 - 73135 - 59637
2025-07-08,MT,Đà Nẵng,ĐB,41841
2025-07-08,MT,Đà Nẵng,1,24461
2025-07-08,MT,Đà Nẵng,2,68293
2025-07-08,MT,Đà Nẵng,3,24159 - 07466 - 46197 - 22918 - 75177 - 76303
2025-07-08,MT,Đà Nẵng,4,02719 - 79633 - 13670 - 23440 - 93000 - 15696
2025-07-08,MT,Đà Nẵng,5,20166 - 21247 - 35363
2025-07-08,MT,Đà Nẵng,6,87517 - 31480 - 77449
2025-07-08,MT,Đà Nẵng,7,02851 - 44723 - 07114 - 13829
2025-07-08,MT,Đà Nẵng,8,72969
2025-07-08,MT,Khánh Hòa,ĐB,26327
2025-07-08,MT,Khánh Hòa,1,43588
2025-07-08,MT,Khánh Hòa,2,94944
2025-07-08,MT,Khánh Hòa,3,85720 - 87827 - 56309 - 70993 - 24793 - 13199
2025-07-08,MT,Khánh Hòa,4,55071 - 24226 - 97570 - 14115 - 81721 - 59902
2025-07-08,MT,Khánh Hòa,5,53520 - 88760 - 69044
2025-07-08,MT,Khánh Hòa,6,08906 - 37248 - 18902
2025-07-08,MT,Khánh Hòa,7,00321 - 11759 - 73079 - 93111
2025-07-08,MT,Khánh Hòa,8,27159
2025-07-08,MN,TP. HCM,ĐB,25856
2025-07-08,MN,TP. HCM,1,67701
2025-07-08,MN,TP. HCM,2,27564
2025-07-08,MN,TP. HCM,3,15496 - 35927 - 32667 - 28320 - 12118 - 62162
2025-07-08,MN,TP. HCM,4,21854 - 13557 - 75745 - 95601 - 99859 - 06079
2025-07-08,MN,TP. HCM,5,01444 - 50057 - 87483
2025-07-08,MN,TP. HCM,6,35692 - 55071 - 94291
2025-07-08,MN,TP. HCM,7,16206 - 79215 - 69325 - 45420
2025-07-08,MN,TP. HCM,8,30040
2025-07-08,MN,Đồng Tháp,ĐB,44664
2025-07-08,MN,Đồng Tháp,1,87453
2025-07-08,MN,Đồng Tháp,2,43994
2025-07-08,MN,Đồng Tháp,3,22929 - 74278 - 09988 - 09651 - 97607 - 84205
2025-07-08,MN,Đồng Tháp,4,61988 - 34147 - 89611 - 01001 - 61270 - 60791
2025-07-08,MN,Đồng Tháp,5,96082 - 32940 - 03481
2025-07-08,MN,Đồng Tháp,6,56378 - 17429 - 90250
2025-07-08,MN,Đồng Tháp,7,07787 - 00861 - 06986 - 72900
2025-07-08,MN,Đồng Tháp,8,08382
2025-07-08,MN,Cà Mau,ĐB,48075
2025-07-08,MN,Cà Mau,1,51016
2025-07-08,MN,Cà Mau,2,60365
2025-07-08,MN,Cà Mau,3,51739 - 78045 - 11501 - 08290 - 54101 - 60646
2025-07-08,MN,Cà Mau,4,77828 - 25495 - 10619 - 29351 - 68429 - 05944
2025-07-08,MN,Cà Mau,5,03546 - 67443 - 29351
2025-07-08,MN,Cà Mau,6,59638 - 43336 - 38788
2025-07-08,MN,Cà Mau,7,89400 - 41852 - 23272 - 12523
2025-07-08,MN,Cà Mau,8,23421
2025-07-09,MB,Hà Nội,ĐB,13342
2025-07-09,MB,Hà Nội,1,24935
2025-07-09,MB,Hà Nội,2,41087
2025-07-09,MB,Hà Nội,3,59759 - 30014 - 73400 - 68464 - 05834 - 92085
2025-07-09,MB,Hà Nội,4,54643 - 04623 - 38622 - 50591 - 61769 - 79397
2025-07-09,MB,Hà Nội,5,25015 - 73495 - 37147
2025-07-09,MB,Hà Nội,6,52277 - 34011 - 04668
2025-07-09,MB,Hà Nội,7,93562 - 87969 - 76350 - 82779
2025-07-09,MT,Đà Nẵng,ĐB,14397
2025-07-09,MT,Đà Nẵng,1,95063
2025-07-09,MT,Đà Nẵng,2,60088
2025-07-09,MT,Đà Nẵng,3,13957 - 02212 - 03918 - 79356 - 65758 - 65836
2025-07-09,MT,Đà Nẵng,4,64380 - 36523 - 01108 - 24250 - 91156 - 83219
2025-07-09,MT,Đà Nẵng,5,43768 - 06376 - 00939
2025-07-09,MT,Đà Nẵng,6,59059 - 42442 - 90504
2025-07-09,MT,Đà Nẵng,7,64986 - 94049 - 94016 - 90726
2025-07-09,MT,Đà Nẵng,8,40468
2025-07-09,MT,Khánh Hòa,ĐB,81254
2025-07-09,MT,Khánh Hòa,1,27819
2025-07-09,MT,Khánh Hòa,2,86889
2025-07-09,MT,Khánh Hòa,3,41102 - 56833 - 32567 - 96137 - 84602 - 87091
2025-07-09,MT,Khánh Hòa,4,40764 - 20299 - 89943 - 96243 - 72503 - 02107
2025-07-09,MT,Khánh Hòa,5,41027 - 35282 - 17529
2025-07-09,MT,Khánh Hòa,6,09885 - 41668 - 46332
2025-07-09,MT,Khánh Hòa,7,43440 - 99709 - 20875 - 07273
2025-07-09,MT,Khánh Hòa,8,15821
2025-07-09,MN,TP. HCM,ĐB,27281
2025-07-09,MN,TP. HCM,1,68286
2025-07-09,MN,TP. HCM,2,12378
2025-07-09,MN,TP. HCM,3,05097 - 20455 - 73498 - 37640 - 26429 - 35273
2025-07-09,MN,TP. HCM,4,80159 - 73761 - 86700 - 69794 - 33081 - 83718
2025-07-09,MN,TP. HCM,5,17407 - 17225 - 32103
2025-07-09,MN,TP. HCM,6,51861 - 13678 - 06216
2025-07-09,MN,TP. HCM,7,10068 - 57150 - 91118 - 08524
2025-07-09,MN,TP. HCM,8,65896
2025-07-09,MN,Đồng Tháp,ĐB,12181
2025-07-09,MN,Đồng Tháp,1,09245
2025-07-09,MN,Đồng Tháp,2,30100
2025-07-09,MN,Đồng Tháp,3,52730 - 03769 - 86409 - 89533 - 16540 - 74823
2025-07-09,MN,Đồng Tháp,4,25077 - 25515 - 58051 - 56374 - 91001 - 97031
2025-07-09,MN,Đồng Tháp,5,09405 - 71125 - 93182
2025-07-09,MN,Đồng Tháp,6,16559 - 07439 - 65801
2025-07-09,MN,Đồng Tháp,7,76303 - 06008 - 72411 - 48983
2025-07-09,MN,Đồng Tháp,8,03467
2025-07-09,MN,Cà Mau,ĐB,40019
2025-07-09,MN,Cà Mau,1,61809
2025-07-09,MN,Cà Mau,2,58684
2025-07-09,MN,Cà Mau,3,28060 - 19608 - 79683 - 22819 - 96211 - 09089
2025-07-09,MN,Cà Mau,4,10858 - 01189 - 74109 - 37272 - 40487 - 57236
2025-07-09,MN,Cà Mau,5,71388 - 95317 - 96709
2025-07-09,MN,Cà Mau,6,15719 - 98490 - 22457
2025-07-09,MN,Cà Mau,7,54528 - 75857 - 89691 - 67907
2025-07-09,MN,Cà Mau,8,04200
2025-07-10,MB,Hà Nội,ĐB,63972
2025-07-10,MB,Hà Nội,1,71172
2025-07-10,MB,Hà Nội,2,93064
2025-07-10,MB,Hà Nội,3,60021 - 87533 - 39027 - 33206 - 95463 - 78549
2025-07-10,MB,Hà Nội,4,37449 - 66944 - 79348 - 03375 - 32128 - 52880
2025-07-10,MB,Hà Nội,5,38576 - 83862 - 08584
2025-07-10,MB,Hà Nội,6,77889 - 55929 - 63786
2025-07-10,MB,Hà Nội,7,90125 - 96832 - 51367 - 98055
2025-07-10,MT,Đà Nẵng,ĐB,75874
2025-07-10,MT,Đà Nẵng,1,95474
2025-07-10,MT,Đà Nẵng,2,36201
2025-07-10,MT,Đà Nẵng,3,21619 - 77235 - 33318 - 06395 - 04929 - 39409
2025-07-10,MT,Đà Nẵng,4,52214 - 81249 - 01544 - 11232 - 01321 - 85657
2025-07-10,MT,Đà Nẵng,5,46035 - 47852 - 41494
2025-07-10,MT,Đà Nẵng,6,75769 - 94646 - 07887
2025-07-10,MT,Đà Nẵng,7,95866 - 03027 - 88028 - 26624
2025-07-10,MT,Đà Nẵng,8,38524
2025-07-10,MT,Khánh Hòa,ĐB,31033
2025-07-10,MT,Khánh Hòa,1,22285
2025-07-10,MT,Khánh Hòa,2,88370
2025-07-10,MT,Khánh Hòa,3,47616 - 79066 - 01926 - 09496 - 10676 - 75265
2025-07-10,MT,Khánh Hòa,4,42498 - 97407 - 71966 - 90129 - 90656 - 90225
2025-07-10,MT,Khánh Hòa,5,94707 - 69745 - 10591
2025-07-10,MT,Khánh Hòa,6,56853 - 80352 - 62546
2025-07-10,MT,Khánh Hòa,7,26204 - 40824 - 98679 - 78351
2025-07-10,MT,Khánh Hòa,8,70120
2025-07-10,MN,TP. HCM,ĐB,17051
2025-07-10,MN,TP. HCM,1,65474
2025-07-10,MN,TP. HCM,2,91293
2025-07-10,MN,TP. HCM,3,88802 - 49769 - 22151 - 83243 - 07894 - 60223
2025-07-10,MN,TP. HCM,4,49870 - 82874 - 52544 - 16223 - 95270 - 90654
2025-07-10,MN,TP. HCM,5,43915 - 56820 - 98610
2025-07-10,MN,TP. HCM,6,21154 - 12690 - 96432
2025-07-10,MN,TP. HCM,7,11517 - 66455 - 16258 - 10457
2025-07-10,MN,TP. HCM,8,03085
2025-07-10,MN,Đồng Tháp,ĐB,02039
2025-07-10,MN,Đồng Tháp,1,25132
2025-07-10,MN,Đồng Tháp,2,84196
2025-07-10,MN,Đồng Tháp,3,35014 - 06996 - 17632 - 00189 - 06385 - 25053
2025-07-10,MN,Đồng Tháp,4,04806 - 40447 - 51612 - 82700 - 41509 - 70794
2025-07-10,MN,Đồng Tháp,5,64525 - 32669 - 96111
2025-07-10,MN,Đồng Tháp,6,24605 - 58472 - 58592
2025-07-10,MN,Đồng Tháp,7,71223 - 61644 - 95154 - 60127
2025-07-10,MN,Đồng Tháp,8,38576
2025-07-10,MN,Cà Mau,ĐB,40140
2025-07-10,MN,Cà Mau,1,15375
2025-07-10,MN,Cà Mau,2,33202
2025-07-10,MN,Cà Mau,3,71855 - 20815 - 32791 - 36510 - 18463 - 09459
2025-07-10,MN,Cà Mau,4,35169 - 95421 - 96599 - 87418 - 80152 - 98529
2025-07-10,MN,Cà Mau,5,38123 - 57027 - 56083
2025-07-10,MN,Cà Mau,6,99998 - 34295 - 08158
2025-07-10,MN,Cà Mau,7,12011 - 87360 - 06186 - 06097
2025-07-10,MN,Cà Mau,8,12841
2025-07-11,MB,Hà Nội,ĐB,68119
2025-07-11,MB,Hà Nội,1,37005
2025-07-11,MB,Hà Nội,2,35560
2025-07-11,MB,Hà Nội,3,52239 - 14780 - 23139 - 30363 - 21867 - 29673
2025-07-11,MB,Hà Nội,4,02819 - 32675 - 43880 - 00122 - 91880 - 17375
2025-07-11,MB,Hà Nội,5,91854 - 34312 - 99491
2025-07-11,MB,Hà Nội,6,27491 - 84247 - 19617
2025-07-11,MB,Hà Nội,7,08767 - 39997 - 33410 - 02984
2025-07-11,MT,Đà Nẵng,ĐB,28902
2025-07-11,MT,Đà Nẵng,1,23511
2025-07-11,MT,Đà Nẵng,2,03867
2025-07-11,MT,Đà Nẵng,3,96843 - 94629 - 54236 - 49653 - 84070 - 66806
2025-07-11,MT,Đà Nẵng,4,79060 - 89180 - 37996 - 75923 - 83634 - 35074
2025-07-11,MT,Đà Nẵng,5,23322 - 03050 - 42765
2025-07-11,MT,Đà Nẵng,6,81152 - 00365 - 77539
2025-07-11,MT,Đà Nẵng,7,29902 - 09675 - 39279 - 82779
2025-07-11,MT,Đà Nẵng,8,47169
2025-07-11,MT,Khánh Hòa,ĐB,96311
2025-07-11,MT,Khánh Hòa,1,94124
2025-07-11,MT,Khánh Hòa,2,90407
2025-07-11,MT,Khánh Hòa,3,41541 - 76641 - 13492 - 56747 - 79024 - 85793
2025-07-11,MT,Khánh Hòa,4,86815 - 21166 - 91486 - 50050 - 18212 - 66862
2025-07-11,MT,Khánh Hòa,5,52474 - 48980 - 54885
2025-07-11,MT,Khánh Hòa,6,97696 - 38096 - 14714
2025-07-11,MT,Khánh Hòa,7,80593 - 76341 - 19729 - 22891
2025-07-11,MT,Khánh Hòa,8,75035
2025-07-11,MN,TP. HCM,ĐB,13018
2025-07-11,MN,TP. HCM,1,29039
2025-07-11,MN,TP. HCM,2,43645
2025-07-11,MN,TP. HCM,3,15014 - 16370 - 23910 - 32971 - 75221 - 79319
2025-07-11,MN,TP. HCM,4,59021 - 55017 - 62262 - 76774 - 56574 - 65196
2025-07-11,MN,TP. HCM,5,66843 - 45568 - 46077
2025-07-11,MN,TP. HCM,6,08094 - 36785 - 68157
2025-07-11,MN,TP. HCM,7,44728 - 48441 - 57761 - 83919
2025-07-11,MN,TP. HCM,8,61488
2025-07-11,MN,Đồng Tháp,ĐB,31406
2025-07-11,MN,Đồng Tháp,1,73133
2025-07-11,MN,Đồng Tháp,2,52347
2025-07-11,MN,Đồng Tháp,3,66816 - 15610 - 92640 - 44284 - 67607 - 29144
2025-07-11,MN,Đồng Tháp,4,45965 - 33646 - 83425 - 03692 - 53595 - 40014
2025-07-11,MN,Đồng Tháp,5,64402 - 63240 - 28177
2025-07-11,MN,Đồng Tháp,6,99162 - 23769 - 89349
2025-07-11,MN,Đồng Tháp,7,20993 - 18505 - 95691 - 94695
2025-07-11,MN,Đồng Tháp,8,17290
2025-07-11,MN,Cà Mau,ĐB,65465
2025-07-11,MN,Cà Mau,1,52256
2025-07-11,MN,Cà Mau,2,68165
2025-07-11,MN,Cà Mau,3,54110 - 94934 - 63635 - 55627 - 47226 - 27160
2025-07-11,MN,Cà Mau,4,52538 - 77892 - 01776 - 90322 - 30937 - 69647
2025-07-11,MN,Cà Mau,5,79573 - 84293 - 28630
2025-07-11,MN,Cà Mau,6,52028 - 11021 - 23576
2025-07-11,MN,Cà Mau,7,27908 - 10327 - 61989 - 26575
2025-07-11,MN,Cà Mau,8,55005
2025-07-12,MB,Hà Nội,ĐB,50692
2025-07-12,MB,Hà Nội,1,47595
2025-07-12,MB,Hà Nội,2,47257
2025-07-12,MB,Hà Nội,3,29816 - 03601 - 96056 - 13654 - 94240 - 65895
2025-07-12,MB,Hà Nội,4,90740 - 73532 - 87965 - 60563 - 30710 - 01802
2025-07-12,MB,Hà Nội,5,74172 - 42890 - 01354
2025-07-12,MB,Hà Nội,6,96703 - 41853 - 15017
2025-07-12,MB,Hà Nội,7,75837 - 54073 - 52116 - 12364
2025-07-12,MT,Đà Nẵng,ĐB,33345
2025-07-12,MT,Đà Nẵng,1,34873
2025-07-12,MT,Đà Nẵng,2,65750
2025-07-12,MT,Đà Nẵng,3,98200 - 77173 - 70783 - 69860 - 41126 - 47170
2025-07-12,MT,Đà Nẵng,4,49493 - 32074 - 73046 - 73188 - 87018 - 30228
2025-07-12,MT,Đà Nẵng,5,00031 - 15942 - 03896
2025-07-12,MT,Đà Nẵng,6,57034 - 09705 - 51313
2025-07-12,MT,Đà Nẵng,7,91392 - 84360 - 02118 - 54674
2025-07-12,MT,Đà Nẵng,8,77444
2025-07-12,MT,Khánh Hòa,ĐB,06436
2025-07-12,MT,Khánh Hòa,1,94168
2025-07-12,MT,Khánh Hòa,2,78336
2025-07-12,MT,Khánh Hòa,3,92232 - 11465 - 30032 - 75215 - 34136 - 09936
2025-07-12,MT,Khánh Hòa,4,90919 - 53455 - 62429 - 11676 - 71608 - 11534
2025-07-12,MT,Khánh Hòa,5,23872 - 49780 - 07698
2025-07-12,MT,Khánh Hòa,6,52694 - 91653 - 39509
2025-07-12,MT,Khánh Hòa,7,04898 - 12719 - 17662 - 96448
2025-07-12,MT,Khánh Hòa,8,79671
2025-07-12,MN,TP. HCM,ĐB,78329
2025-07-12,MN,TP. HCM,1,32899
2025-07-12,MN,TP. HCM,2,35686
2025-07-12,MN,TP. HCM,3,81642 - 14976 - 08875 - 80872 - 20852 - 60150
2025-07-12,MN,TP. HCM,4,80289 - 12809 - 85299 - 49565 - 70642 - 60425
2025-07-12,MN,TP. HCM,5,64576 - 27805 - 02540
2025-07-12,MN,TP. HCM,6,58843 - 23461 - 14036
2025-07-12,MN,TP. HCM,7,53408 - 16220 - 27147 - 39773
2025-07-12,MN,TP. HCM,8,37784
2025-07-12,MN,Đồng Tháp,ĐB,16821
2025-07-12,MN,Đồng Tháp,1,30735
2025-07-12,MN,Đồng Tháp,2,54322
2025-07-12,MN,Đồng Tháp,3,40878 - 81565 - 05268 - 16310 - 22808 - 41680
2025-07-12,MN,Đồng Tháp,4,59522 - 14825 - 13234 - 20194 - 31738 - 24080
2025-07-12,MN,Đồng Tháp,5,26492 - 94554 - 12235
2025-07-12,MN,Đồng Tháp,6,11515 - 26418 - 52235
2025-07-12,MN,Đồng Tháp,7,27369 - 11681 - 11210 - 88642
2025-07-12,MN,Đồng Tháp,8,39122
2025-07-12,MN,Cà Mau,ĐB,03070
2025-07-12,MN,Cà Mau,1,50315
2025-07-12,MN,Cà Mau,2,90194
2025-07-12,MN,Cà Mau,3,13036 - 57036 - 37873 - 02740 - 75617 - 75346
2025-07-12,MN,Cà Mau,4,46398 - 90849 - 38110 - 21021 - 80997 - 66318
2025-07-12,MN,Cà Mau,5,52398 - 37029 - 51558
2025-07-12,MN,Cà Mau,6,88268 - 57050 - 32955
2025-07-12,MN,Cà Mau,7,93668 - 67578 - 21455 - 91110
2025-07-12,MN,Cà Mau,8,39467
2025-07-13,MB,Hà Nội,ĐB,19856
2025-07-13,MB,Hà Nội,1,84256
2025-07-13,MB,Hà Nội,2,09613
2025-07-13,MB,Hà Nội,3,22841 - 56900 - 89681 - 92088 - 53228 - 19979
2025-07-13,MB,Hà Nội,4,40018 - 75672 - 62476 - 12983 - 80295 - 57553
2025-07-13,MB,Hà Nội,5,03394 - 74690 - 13615
2025-07-13,MB,Hà Nội,6,92147 - 72300 - 44510
2025-07-13,MB,Hà Nội,7,17689 - 57886 - 71583 - 53224
2025-07-13,MT,Đà Nẵng,ĐB,81469
2025-07-13,MT,Đà Nẵng,1,18244
2025-07-13,MT,Đà Nẵng,2,54264
2025-07-13,MT,Đà Nẵng,3,92159 - 12427 - 44650 - 97151 - 23803 - 95055
2025-07-13,MT,Đà Nẵng,4,87635 - 78211 - 63002 - 13640 - 18949 - 71226
2025-07-13,MT,Đà Nẵng,5,46483 - 83592 - 63599
2025-07-13,MT,Đà Nẵng,6,74630 - 91939 - 69468
2025-07-13,MT,Đà Nẵng,7,56361 - 03679 - 36588 - 78092
2025-07-13,MT,Đà Nẵng,8,43949
2025-07-13,MT,Khánh Hòa,ĐB,89828
2025-07-13,MT,Khánh Hòa,1,85408
2025-07-13,MT,Khánh Hòa,2,96620
2025-07-13,MT,Khánh Hòa,3,70144 - 33123 - 03967 - 34407 - 96811 - 62359
2025-07-13,MT,Khánh Hòa,4,77000 - 00161 - 06368 - 27905 - 16809 - 20339
2025-07-13,MT,Khánh Hòa,5,22117 - 88773 - 27547
2025-07-13,MT,Khánh Hòa,6,02648 - 65110 - 03220
2025-07-13,MT,Khánh Hòa,7,63560 - 26832 - 28252 - 59012
2025-07-13,MT,Khánh Hòa,8,71245
2025-07-13,MN,TP. HCM,ĐB,74250
2025-07-13,MN,TP. HCM,1,85216
2025-07-13,MN,TP. HCM,2,05309
2025-07-13,MN,TP. HCM,3,42795 - 49866 - 34922 - 60398 - 15876 - 67908
2025-07-13,MN,TP. HCM,4,35536 - 32507 - 65036 - 11576 - 54488 - 45196
2025-07-13,MN,TP. HCM,5,49526 - 67194 - 66736
2025-07-13,MN,TP. HCM,6,44504 - 95127 - 23781
2025-07-13,MN,TP. HCM,7,65077 - 07660 - 61668 - 73703
2025-07-13,MN,TP. HCM,8,39401
2025-07-13,MN,Đồng Tháp,ĐB,58407
2025-07-13,MN,Đồng Tháp,1,66267
2025-07-13,MN,Đồng Tháp,2,98502
2025-07-13,MN,Đồng Tháp,3,03085 - 24680 - 31305 - 31869 - 62143 - 12483
2025-07-13,MN,Đồng Tháp,4,98342 - 87262 - 40742 - 89067 - 34590 - 14156
2025-07-13,MN,Đồng Tháp,5,01373 - 91533 - 95005
2025-07-13,MN,Đồng Tháp,6,69839 - 11907 - 20498
2025-07-13,MN,Đồng Tháp,7,67492 - 00621 - 99433 - 82143
2025-07-13,MN,Đồng Tháp,8,72293
2025-07-13,MN,Cà Mau,ĐB,37007
2025-07-13,MN,Cà Mau,1,53422
2025-07-13,MN,Cà Mau,2,57787
2025-07-13,MN,Cà Mau,3,87950 - 23885 - 76713 - 23470 - 33905 - 33179
2025-07-13,MN,Cà Mau,4,70594 - 38727 - 51190 - 68230 - 41685 - 98167
2025-07-13,MN,Cà Mau,5,11056 - 25355 - 78692
2025-07-13,MN,Cà Mau,6,36060 - 15731 - 33580
2025-07-13,MN,Cà Mau,7,66978 - 14174 - 22978 - 64986
2025-07-13,MN,Cà Mau,8,35807
2025-07-14,MB,Hà Nội,ĐB,25691
2025-07-14,MB,Hà Nội,1,01919
2025-07-14,MB,Hà Nội,2,51270
2025-07-14,MB,Hà Nội,3,74117 - 95197 - 95848 - 01301 - 67561 - 64049
2025-07-14,MB,Hà Nội,4,95130 - 73453 - 17224 - 77184 - 92262 - 02477
2025-07-14,MB,Hà Nội,5,09344 - 22803 - 66107
2025-07-14,MB,Hà Nội,6,10812 - 97632 - 72241
2025-07-14,MB,Hà Nội,7,52784 - 39542 - 70460 - 81464
2025-07-14,MT,Đà Nẵng,ĐB,10435
2025-07-14,MT,Đà Nẵng,1,78236
2025-07-14,MT,Đà Nẵng,2,53698
2025-07-14,MT,Đà Nẵng,3,38670 - 17044 - 34107 - 11921 - 02968 - 65490
2025-07-14,MT,Đà Nẵng,4,99762 - 77352 - 31060 - 05519 - 51178 - 67975
2025-07-14,MT,Đà Nẵng,5,78615 - 98629 - 64075
2025-07-14,MT,Đà Nẵng,6,11389 - 84981 - 37331
2025-07-14,MT,Đà Nẵng,7,19619 - 44903 - 61863 - 97955
2025-07-14,MT,Đà Nẵng,8,67624
2025-07-14,MT,Khánh Hòa,ĐB,58505
2025-07-14,MT,Khánh Hòa,1,45574
2025-07-14,MT,Khánh Hòa,2,14493
2025-07-14,MT,Khánh Hòa,3,83582 - 14305 - 63712 - 26478 - 71295 - 47999
2025-07-14,MT,Khánh Hòa,4,44241 - 31687 - 51254 - 96561 - 41038 - 53416
2025-07-14,MT,Khánh Hòa,5,48876 - 94802 - 97873
2025-07-14,MT,Khánh Hòa,6,41660 - 75786 - 01772
2025-07-14,MT,Khánh Hòa,7,39882 - 99963 - 88891 - 74385
2025-07-14,MT,Khánh Hòa,8,95053
2025-07-14,MN,TP. HCM,ĐB,23240
2025-07-14,MN,TP. HCM,1,05324
2025-07-14,MN,TP. HCM,2,00360
2025-07-14,MN,TP. HCM,3,52455 - 00749 - 59006 - 74461 - 19795 - 49423
2025-07-14,MN,TP. HCM,4,38791 - 12033 - 34504 - 06275 - 26756 - 18348
2025-07-14,MN,TP. HCM,5,53088 - 63412 - 15405
2025-07-14,MN,TP. HCM,6,52931 - 77301 - 84031
2025-07-14,MN,TP. HCM,7,27609 - 91478 - 14600 - 13981
2025-07-14,MN,TP. HCM,8,53250
2025-07-14,MN,Đồng Tháp,ĐB,99857
2025-07-14,MN,Đồng Tháp,1,39164
2025-07-14,MN,Đồng Tháp,2,66827
2025-07-14,MN,Đồng Tháp,3,02502 - 44756 - 32759 - 45952 - 68684 - 27326
2025-07-14,MN,Đồng Tháp,4,32311 - 25613 - 74559 - 65715 - 19380 - 14026
2025-07-14,MN,Đồng Tháp,5,29475 - 06901 - 84186
2025-07-14,MN,Đồng Tháp,6,36701 - 73810 - 22525
2025-07-14,MN,Đồng Tháp,7,05684 - 41970 - 33522 - 78069
2025-07-14,MN,Đồng Tháp,8,26335
2025-07-14,MN,Cà Mau,ĐB,28984
2025-07-14,MN,Cà Mau,1,48477
2025-07-14,MN,Cà Mau,2,67968
2025-07-14,MN,Cà Mau,3,31693 - 27064 - 72472 - 31042 - 64654 - 15793
2025-07-14,MN,Cà Mau,4,44326 - 52611 - 10341 - 45486 - 18727 - 67829
2025-07-14,MN,Cà Mau,5,23888 - 90865 - 29031
2025-07-14,MN,Cà Mau,6,81064 - 96914 - 88228
2025-07-14,MN,Cà Mau,7,84683 - 21933 - 47985 - 35663
2025-07-14,MN,Cà Mau,8,44101
2025-07-15,MB,Hà Nội,ĐB,79645
2025-07-15,MB,Hà Nội,1,39017
2025-07-15,MB,Hà Nội,2,82038
2025-07-15,MB,Hà Nội,3,32852 - 27473 - 68770 - 43225 - 43751 - 41541
2025-07-15,MB,Hà Nội,4,95288 - 61854 - 05576 - 85864 - 30575 - 53334
2025-07-15,MB,Hà Nội,5,81870 - 82342 - 50596
2025-07-15,MB,Hà Nội,6,49484 - 83868 - 00341
2025-07-15,MB,Hà Nội,7,64137 - 58212 - 49228 - 90984
2025-07-15,MT,Đà Nẵng,ĐB,64370
2025-07-15,MT,Đà Nẵng,1,40354
2025-07-15,MT,Đà Nẵng,2,52257
2025-07-15,MT,Đà Nẵng,3,12122 - 00327 - 81104 - 90844 - 33695 - 82531
2025-07-15,MT,Đà Nẵng,4,04877 - 28455 - 08391 - 72910 - 91016 - 43938
2025-07-15,MT,Đà Nẵng,5,23002 - 39586 - 99796
2025-07-15,MT,Đà Nẵng,6,79674 - 70284 - 24838
2025-07-15,MT,Đà Nẵng,7,97911 - 35336 - 93181 - 39333
2025-07-15,MT,Đà Nẵng,8,21702
2025-07-15,MT,Khánh Hòa,ĐB,98583
2025-07-15,MT,Khánh Hòa,1,03994
2025-07-15,MT,Khánh Hòa,2,29359
2025-07-15,MT,Khánh Hòa,3,33821 - 96348 - 10054 - 71760 - 82172 - 58664
2025-07-15,MT,Khánh Hòa,4,80036 - 38155 - 87570 - 31255 - 41014 - 02896
2025-07-15,MT,Khánh Hòa,5,69252 - 10696 - 30978
2025-07-15,MT,Khánh Hòa,6,94161 - 24074 - 10424
2025-07-15,MT,Khánh Hòa,7,44443 - 72705 - 88767 - 89384
2025-07-15,MT,Khánh Hòa,8,38416
2025-07-15,MN,TP. HCM,ĐB,99662
2025-07-15,MN,TP. HCM,1,12914
2025-07-15,MN,TP. HCM,2,39437
2025-07-15,MN,TP. HCM,3,17168 - 11006 - 84475 - 88387 - 33613 - 69419
2025-07-15,MN,TP. HCM,4,90797 - 45341 - 95368 - 04470 - 29261 - 90795
2025-07-15,MN,TP. HCM,5,66892 - 00573 - 63167
2025-07-15,MN,TP. HCM,6,98388 - 60904 - 66548
2025-07-15,MN,TP. HCM,7,72726 - 71869 - 80094 - 85681
2025-07-15,MN,TP. HCM,8,28388
2025-07-15,MN,Đồng Tháp,ĐB,37429
2025-07-15,MN,Đồng Tháp,1,34364
2025-07-15,MN,Đồng Tháp,2,20084
2025-07-15,MN,Đồng Tháp,3,15833 - 98043 - 09620 - 67498 - 75272 - 01933
2025-07-15,MN,Đồng Tháp,4,36680 - 30124 - 91256 - 63970 - 89309 - 81013
2025-07-15,MN,Đồng Tháp,5,40542 - 87514 - 24576
2025-07-15,MN,Đồng Tháp,6,78873 - 41840 - 94996
2025-07-15,MN,Đồng Tháp,7,62844 - 89304 - 73051 - 27862
2025-07-15,MN,Đồng Tháp,8,56231
2025-07-15,MN,Cà Mau,ĐB,13997
2025-07-15,MN,Cà Mau,1,73019
2025-07-15,MN,Cà Mau,2,83143
2025-07-15,MN,Cà Mau,3,67697 - 14737 - 34467 - 29096 - 69626 - 69378
2025-07-15,MN,Cà Mau,4,88338 - 22663 - 58834 - 00197 - 63287 - 38164
2025-07-15,MN,Cà Mau,5,04649 - 97164 - 89761
2025-07-15,MN,Cà Mau,6,33946 - 56302 - 43375
2025-07-15,MN,Cà Mau,7,19274 - 75641 - 57799 - 38018
2025-07-15,MN,Cà Mau,8,28915
2025-07-16,MB,Hà Nội,ĐB,80973
2025-07-16,MB,Hà Nội,1,03848
2025-07-16,MB,Hà Nội,2,48281
2025-07-16,MB,Hà Nội,3,81089 - 60088 - 83607 - 63561 - 10325 - 79137
2025-07-16,MB,Hà Nội,4,80892 - 19405 - 82102 - 79895 - 34861 - 05907
2025-07-16,MB,Hà Nội,5,28109 - 73631 - 84091
2025-07-16,MB,Hà Nội,6,79558 - 46191 - 43399
2025-07-16,MB,Hà Nội,7,14271 - 34132 - 01309 - 40301
2025-07-16,MT,Đà Nẵng,ĐB,05350
2025-07-16,MT,Đà Nẵng,1,16887
2025-07-16,MT,Đà Nẵng,2,05627
2025-07-16,MT,Đà Nẵng,3,35535 - 51503 - 81245 - 59263 - 29009 - 41300
2025-07-16,MT,Đà Nẵng,4,61214 - 78299 - 49455 - 17032 - 68900 - 13997
2025-07-16,MT,Đà Nẵng,5,29335 - 00971 - 27478
2025-07-16,MT,Đà Nẵng,6,17571 - 01461 - 03695
2025-07-16,MT,Đà Nẵng,7,92775 - 39940 - 57395 - 92353
2025-07-16,MT,Đà Nẵng,8,84812
2025-07-16,MT,Khánh Hòa,ĐB,24165
2025-07-16,MT,Khánh Hòa,1,45248
2025-07-16,MT,Khánh Hòa,2,27993
2025-07-16,MT,Khánh Hòa,3,22725 - 00797 - 99154 - 61406 - 94942 - 01928
2025-07-16,MT,Khánh Hòa,4,60992 - 73129 - 52590 - 76886 - 34597 - 58293
2025-07-16,MT,Khánh Hòa,5,66407 - 03351 - 87586
2025-07-16,MT,Khánh Hòa,6,29225 - 83240 - 72264
2025-07-16,MT,Khánh Hòa,7,87634 - 17615 - 41488 - 72503
2025-07-16,MT,Khánh Hòa,8,81332
2025-07-16,MN,TP. HCM,ĐB,37205
2025-07-16,MN,TP. HCM,1,59116
2025-07-16,MN,TP. HCM,2,72589
2025-07-16,MN,TP. HCM,3,03208 - 21759 - 31378 - 96264 - 84662 - 02656
2025-07-16,MN,TP. HCM,4,94758 - 11031 - 81861 - 53036 - 62348 - 56436
2025-07-16,MN,TP. HCM,5,62117 - 92110 - 00974
2025-07-16,MN,TP. HCM,6,53675 - 90629 - 93004
2025-07-16,MN,TP. HCM,7,43032 - 81824 - 89991 - 21083
2025-07-16,MN,TP. HCM,8,09108
2025-07-16,MN,Đồng Tháp,ĐB,13006
2025-07-16,MN,Đồng Tháp,1,94683
2025-07-16,MN,Đồng Tháp,2,64980
2025-07-16,MN,Đồng Tháp,3,43267 - 52492 - 67692 - 11600 - 00840 - 54670
2025-07-16,MN,Đồng Tháp,4,50173 - 88506 - 28392 - 71406 - 28102 - 82664
2025-07-16,MN,Đồng Tháp,5,47683 - 90438 - 45337
2025-07-16,MN,Đồng Tháp,6,63120 - 29601 - 42126
2025-07-16,MN,Đồng Tháp,7,96439 - 61390 - 06920 - 72454
2025-07-16,MN,Đồng Tháp,8,97436
2025-07-16,MN,Cà Mau,ĐB,99901
2025-07-16,MN,Cà Mau,1,32486
2025-07-16,MN,Cà Mau,2,72423
2025-07-16,MN,Cà Mau,3,99559 - 75757 - 06562 - 07267 - 28627 - 81724
2025-07-16,MN,Cà Mau,4,20862 - 11846 - 34046 - 91262 - 67467 - 79148
2025-07-16,MN,Cà Mau,5,67903 - 39400 - 06505
2025-07-16,MN,Cà Mau,6,94717 - 93234 - 08504
2025-07-16,MN,Cà Mau,7,70972 - 55470 - 51301 - 89108
2025-07-16,MN,Cà Mau,8,70744
2025-07-17,MB,Hà Nội,ĐB,75622
2025-07-17,MB,Hà Nội,1,43890
2025-07-17,MB,Hà Nội,2,84692
2025-07-17,MB,Hà Nội,3,09768 - 99152 - 01074 - 26151 - 41880 - 67961
2025-07-17,MB,Hà Nội,4,46017 - 55340 - 92572 - 80947 - 33818 - 55595
2025-07-17,MB,Hà Nội,5,57450 - 50649 - 14611
2025-07-17,MB,Hà Nội,6,64060 - 96764 - 81792
2025-07-17,MB,Hà Nội,7,48532 - 75871 - 78334 - 65765
2025-07-17,MT,Đà Nẵng,ĐB,49491
2025-07-17,MT,Đà Nẵng,1,28813
2025-07-17,MT,Đà Nẵng,2,60802
2025-07-17,MT,Đà Nẵng,3,45023 - 47645 - 01055 - 09861 - 71274 - 18190
2025-07-17,MT,Đà Nẵng,4,82833 - 29648 - 98878 - 64339 - 35886 - 06740
2025-07-17,MT,Đà Nẵng,5,98733 - 66236 - 15810
2025-07-17,MT,Đà Nẵng,6,37518 - 89299 - 44082
2025-07-17,MT,Đà Nẵng,7,31314 - 81219 - 47503 - 01858
2025-07-17,MT,Đà Nẵng,8,88788
2025-07-17,MT,Khánh Hòa,ĐB,10206
2025-07-17,MT,Khánh Hòa,1,27652
2025-07-17,MT,Khánh Hòa,2,52687
2025-07-17,MT,Khánh Hòa,3,89467 - 77069 - 59807 - 46112 - 44827 - 55442
2025-07-17,MT,Khánh Hòa,4,96175 - 38537 - 66142 - 89600 - 24953 - 07125
2025-07-17,MT,Khánh Hòa,5,87963 - 40856 - 97304
2025-07-17,MT,Khánh Hòa,6,89403 - 84140 - 79654
2025-07-17,MT,Khánh Hòa,7,66062 - 14227 - 97194 - 59291
2025-07-17,MT,Khánh Hòa,8,84261
2025-07-17,MN,TP. HCM,ĐB,90372
2025-07-17,MN,TP. HCM,1,04836
2025-07-17,MN,TP. HCM,2,38474
2025-07-17,MN,TP. HCM,3,60503 - 14525 - 71553 - 16982 - 90597 - 88805
2025-07-17,MN,TP. HCM,4,13426 - 01295 - 98062 - 59167 - 19063 - 02459
2025-07-17,MN,TP. HCM,5,58407 - 61537 - 75908
2025-07-17,MN,TP. HCM,6,49032 - 80323 - 71532
2025-07-17,MN,TP. HCM,7,82585 - 27390 - 41426 - 45066
2025-07-17,MN,TP. HCM,8,10780
2025-07-17,MN,Đồng Tháp,ĐB,83532
2025-07-17,MN,Đồng Tháp,1,99883
2025-07-17,MN,Đồng Tháp,2,73122
2025-07-17,MN,Đồng Tháp,3,10863 - 08583 - 85709 - 19073 - 98807 - 45401
2025-07-17,MN,Đồng Tháp,4,23104 - 29297 - 41543 - 34119 - 29386 - 89702
2025-07-17,MN,Đồng Tháp,5,68938 - 24123 - 80224
2025-07-17,MN,Đồng Tháp,6,37826 - 74746 - 36464
2025-07-17,MN,Đồng Tháp,7,62642 - 51394 - 28577 - 84228
2025-07-17,MN,Đồng Tháp,8,79655
2025-07-17,MN,Cà Mau,ĐB,30579
2025-07-17,MN,Cà Mau,1,50826
2025-07-17,MN,Cà Mau,2,01630
2025-07-17,MN,Cà Mau,3,71596 - 32655 - 85762 - 44753 - 36509 - 51723
2025-07-17,MN,Cà Mau,4,34492 - 77171 - 07911 - 75634 - 33720 - 43299
2025-07-17,MN,Cà Mau,5,14501 - 38498 - 42166
2025-07-17,MN,Cà Mau,6,52817 - 22382 - 86267
2025-07-17,MN,Cà Mau,7,15140 - 34820 - 18286 - 62453
2025-07-17,MN,Cà Mau,8,11924
2025-07-18,MB,Hà Nội,ĐB,15129
2025-07-18,MB,Hà Nội,1,55575
2025-07-18,MB,Hà Nội,2,57683
2025-07-18,MB,Hà Nội,3,74641 - 97310 - 06633 - 57203 - 52825 - 32021
2025-07-18,MB,Hà Nội,4,53886 - 52105 - 72346 - 92431 - 74226 - 79901
2025-07-18,MB,Hà Nội,5,30676 - 32807 - 48475
2025-07-18,MB,Hà Nội,6,79762 - 81600 - 66250
2025-07-18,MB,Hà Nội,7,29458 - 71198 - 31845 - 01754
2025-07-18,MT,Đà Nẵng,ĐB,70298
2025-07-18,MT,Đà Nẵng,1,74505
2025-07-18,MT,Đà Nẵng,2,67727
2025-07-18,MT,Đà Nẵng,3,85385 - 05980 - 98758 - 81243 - 79220 - 23882
2025-07-18,MT,Đà Nẵng,4,22054 - 15360 - 77926 - 93109 - 75518 - 34972
2025-07-18,MT,Đà Nẵng,5,36131 - 80404 - 30951
2025-07-18,MT,Đà Nẵng,6,61556 - 61961 - 56160
2025-07-18,MT,Đà Nẵng,7,48180 - 70158 - 21674 - 11946
2025-07-18,MT,Đà Nẵng,8,14051
2025-07-18,MT,Khánh Hòa,ĐB,31651
2025-07-18,MT,Khánh Hòa,1,47921
2025-07-18,MT,Khánh Hòa,2,30027
2025-07-18,MT,Khánh Hòa,3,19055 - 35331 - 34975 - 43007 - 45372 - 30723
2025-07-18,MT,Khánh Hòa,4,34896 - 68051 - 16294 - 07224 - 94695 - 71166
2025-07-18,MT,Khánh Hòa,5,75837 - 51243 - 41997
2025-07-18,MT,Khánh Hòa,6,40580 - 27552 - 66133
2025-07-18,MT,Khánh Hòa,7,79217 - 32024 - 28207 - 97558
2025-07-18,MT,Khánh Hòa,8,60793
2025-07-18,MN,TP. HCM,ĐB,85791
2025-07-18,MN,TP. HCM,1,02964
2025-07-18,MN,TP. HCM,2,71476
2025-07-18,MN,TP. HCM,3,35064 - 58048 - 00601 - 17488 - 37239 - 07463
2025-07-18,MN,TP. HCM,4,50557 - 80595 - 17677 - 06447 - 46841 - 32843
2025-07-18,MN,TP. HCM,5,45257 - 22642 - 36787
2025-07-18,MN,TP. HCM,6,87816 - 54591 - 09201
2025-07-18,MN,TP. HCM,7,82081 - 74257 - 57326 - 15444
2025-07-18,MN,TP. HCM,8,20463
2025-07-18,MN,Đồng Tháp,ĐB,84419
2025-07-18,MN,Đồng Tháp,1,52100
2025-07-18,MN,Đồng Tháp,2,27949
2025-07-18,MN,Đồng Tháp,3,31484 - 48086 - 38277 - 86855 - 93025 - 36333
2025-07-18,MN,Đồng Tháp,4,74976 - 54027 - 33787 - 33127 - 77872 - 80806
2025-07-18,MN,Đồng Tháp,5,87999 - 71730 - 17697
2025-07-18,MN,Đồng Tháp,6,80700 - 86247 - 25520
2025-07-18,MN,Đồng Tháp,7,88218 - 01358 - 39702 - 00211
2025-07-18,MN,Đồng Tháp,8,63489
2025-07-18,MN,Cà Mau,ĐB,65972
2025-07-18,MN,Cà Mau,1,74359
2025-07-18,MN,Cà Mau,2,10592
2025-07-18,MN,Cà Mau,3,03187 - 98950 - 22236 - 17841 - 10951 - 10688
2025-07-18,MN,Cà Mau,4,92707 - 84327 - 36097 - 10129 - 75514 - 17877
2025-07-18,MN,Cà Mau,5,22134 - 03022 - 63271
2025-07-18,MN,Cà Mau,6,83003 - 32970 - 04816
2025-07-18,MN,Cà Mau,7,79182 - 45611 - 79876 - 23416
2025-07-18,MN,Cà Mau,8,75985
2025-07-19,MB,Hà Nội,ĐB,40866
2025-07-19,MB,Hà Nội,1,14368
2025-07-19,MB,Hà Nội,2,65628
2025-07-19,MB,Hà Nội,3,63628 - 59083 - 47677 - 01925 - 60722 - 97760
2025-07-19,MB,Hà Nội,4,69024 - 07471 - 01422 - 40829 - 76865 - 51190
2025-07-19,MB,Hà Nội,5,26882 - 45474 - 67966
2025-07-19,MB,Hà Nội,6,51586 - 91160 - 32729
2025-07-19,MB,Hà Nội,7,26138 - 12443 - 57419 - 33501
2025-07-19,MT,Đà Nẵng,ĐB,05430
2025-07-19,MT,Đà Nẵng,1,49200
2025-07-19,MT,Đà Nẵng,2,65696
2025-07-19,MT,Đà Nẵng,3,74949 - 23157 - 93901 - 43127 - 09414 - 89381
2025-07-19,MT,Đà Nẵng,4,54150 - 51868 - 95303 - 47271 - 57767 - 02997
2025-07-19,MT,Đà Nẵng,5,56628 - 46949 - 98288
2025-07-19,MT,Đà Nẵng,6,00501 - 28495 - 19510
2025-07-19,MT,Đà Nẵng,7,01644 - 56524 - 25177 - 80588
2025-07-19,MT,Đà Nẵng,8,03989
2025-07-19,MT,Khánh Hòa,ĐB,28385
2025-07-19,MT,Khánh Hòa,1,53024
2025-07-19,MT,Khánh Hòa,2,65508
2025-07-19,MT,Khánh Hòa,3,91904 - 86416 - 77439 - 07276 - 03838 - 58131
2025-07-19,MT,Khánh Hòa,4,03418 - 77629 - 10041 - 80752 - 34605 - 74926
2025-07-19,MT,Khánh Hòa,5,97876 - 07489 - 97869
2025-07-19,MT,Khánh Hòa,6,72130 - 51963 - 19271
2025-07-19,MT,Khánh Hòa,7,63177 - 50106 - 72163 - 48494
2025-07-19,MT,Khánh Hòa,8,83224
2025-07-19,MN,TP. HCM,ĐB,48417
2025-07-19,MN,TP. HCM,1,12110
2025-07-19,MN,TP. HCM,2,99629
2025-07-19,MN,TP. HCM,3,31552 - 75019 - 96673 - 20229 - 40160 - 97020
2025-07-19,MN,TP. HCM,4,65219 - 64437 - 22607 - 15843 - 85005 - 32749
2025-07-19,MN,TP. HCM,5,71960 - 24239 - 15131
2025-07-19,MN,TP. HCM,6,44064 - 51910 - 24883
2025-07-19,MN,TP. HCM,7,74536 - 97955 - 63236 - 34384
2025-07-19,MN,TP. HCM,8,68416
2025-07-19,MN,Đồng Tháp,ĐB,45976
2025-07-19,MN,Đồng Tháp,1,79303
2025-07-19,MN,Đồng Tháp,2,72381
2025-07-19,MN,Đồng Tháp,3,06787 - 64027 - 56935 - 30364 - 74261 - 99950
2025-07-19,MN,Đồng Tháp,4,30656 - 32744 - 96104 - 42833 - 67204 - 78448
2025-07-19,MN,Đồng Tháp,5,47896 - 84939 - 78580
2025-07-19,MN,Đồng Tháp,6,12126 - 01958 - 40905
2025-07-19,MN,Đồng Tháp,7,84934 - 67001 - 87563 - 75066
2025-07-19,MN,Đồng Tháp,8,69514
2025-07-19,MN,Cà Mau,ĐB,44969
2025-07-19,MN,Cà Mau,1,55701
2025-07-19,MN,Cà Mau,2,74369
2025-07-19,MN,Cà Mau,3,79754 - 26529 - 59559 - 48341 - 89034 - 92948
2025-07-19,MN,Cà Mau,4,71708 - 86707 - 98313 - 70143 - 17891 - 51308
2025-07-19,MN,Cà Mau,5,94867 - 65689 - 47704
2025-07-19,MN,Cà Mau,6,62996 - 96268 - 55540
2025-07-19,MN,Cà Mau,7,25625 - 74616 - 47712 - 38172
2025-07-19,MN,Cà Mau,8,72884
2025-07-20,MB,Hà Nội,ĐB,70121
2025-07-20,MB,Hà Nội,1,54677
2025-07-20,MB,Hà Nội,2,88782
2025-07-20,MB,Hà Nội,3,29784 - 67019 - 31047 - 60366 - 41732 - 60533
2025-07-20,MB,Hà Nội,4,27976 - 54395 - 54985 - 32413 - 33305 - 16209
2025-07-20,MB,Hà Nội,5,85526 - 70526 - 32260
2025-07-20,MB,Hà Nội,6,62778 - 57877 - 31451
2025-07-20,MB,Hà Nội,7,58705 - 64976 - 25659 - 86526
2025-07-20,MT,Đà Nẵng,ĐB,65744
2025-07-20,MT,Đà Nẵng,1,82982
2025-07-20,MT,Đà Nẵng,2,80203
2025-07-20,MT,Đà Nẵng,3,80016 - 66354 - 92090 - 74728 - 19145 - 10748
2025-07-20,MT,Đà Nẵng,4,91922 - 60864 - 89610 - 94950 - 99388 - 85359
2025-07-20,MT,Đà Nẵng,5,80817 - 24194 - 02684
2025-07-20,MT,Đà Nẵng,6,91202 - 44478 - 01022
2025-07-20,MT,Đà Nẵng,7,34460 - 68052 - 80096 - 05285
2025-07-20,MT,Đà Nẵng,8,94194
2025-07-20,MT,Khánh Hòa,ĐB,87062
2025-07-20,MT,Khánh Hòa,1,95230
2025-07-20,MT,Khánh Hòa,2,29745
2025-07-20,MT,Khánh Hòa,3,81209 - 01982 - 80494 - 15465 - 67104 - 91209
2025-07-20,MT,Khánh Hòa,4,36932 - 57994 - 55793 - 48018 - 89038 - 16100
2025-07-20,MT,Khánh Hòa,5,06712 - 71264 - 54250
2025-07-20,MT,Khánh Hòa,6,06564 - 56789 - 87766
2025-07-20,MT,Khánh Hòa,7,27557 - 16016 - 42170 - 05643
2025-07-20,MT,Khánh Hòa,8,47889
2025-07-20,MN,TP. HCM,ĐB,47328
2025-07-20,MN,TP. HCM,1,61960
2025-07-20,MN,TP. HCM,2,04681
2025-07-20,MN,TP. HCM,3,57209 - 74286 - 88021 - 85267 - 30211 - 58220
2025-07-20,MN,TP. HCM,4,87237 - 89652 - 50235 - 51701 - 59909 - 86552
2025-07-20,MN,TP. HCM,5,65404 - 81812 - 25981
2025-07-20,MN,TP. HCM,6,55609 - 60139 - 17246
2025-07-20,MN,TP. HCM,7,48834 - 73155 - 55915 - 90564
2025-07-20,MN,TP. HCM,8,39305
2025-07-20,MN,Đồng Tháp,ĐB,35326
2025-07-20,MN,Đồng Tháp,1,69039
2025-07-20,MN,Đồng Tháp,2,43813
2025-07-20,MN,Đồng Tháp,3,29104 - 79380 - 33370 - 63379 - 83945 - 58223
2025-07-20,MN,Đồng Tháp,4,12906 - 87725 - 64363 - 58871 - 68281 - 17737
2025-07-20,MN,Đồng Tháp,5,58286 - 51193 - 30839
2025-07-20,MN,Đồng Tháp,6,65335 - 68339 - 34860
2025-07-20,MN,Đồng Tháp,7,79794 - 57594 - 76663 - 06206
2025-07-20,MN,Đồng Tháp,8,35034
2025-07-20,MN,Cà Mau,ĐB,45692
2025-07-20,MN,Cà Mau,1,53302
2025-07-20,MN,Cà Mau,2,08571
2025-07-20,MN,Cà Mau,3,02582 - 12021 - 60377 - 20043 - 28025 - 39843
2025-07-20,MN,Cà Mau,4,29162 - 73467 - 99482 - 73041 - 57936 - 42973
2025-07-20,MN,Cà Mau,5,39681 - 18115 - 79084
2025-07-20,MN,Cà Mau,6,21231 - 51188 - 58227
2025-07-20,MN,Cà Mau,7,59628 - 50476 - 78728 - 37239
2025-07-20,MN,Cà Mau,8,58828
2025-07-21,MB,Hà Nội,ĐB,25785
2025-07-21,MB,Hà Nội,1,84384
2025-07-21,MB,Hà Nội,2,27340
2025-07-21,MB,Hà Nội,3,88438 - 80649 - 05107 - 78400 - 67775 - 02284
2025-07-21,MB,Hà Nội,4,46053 - 61519 - 60091 - 94594 - 50828 - 29237
2025-07-21,MB,Hà Nội,5,32929 - 89627 - 43492
2025-07-21,MB,Hà Nội,6,98611 - 52146 - 92448
2025-07-21,MB,Hà Nội,7,74851 - 06296 - 18405 - 04111
2025-07-21,MT,Đà Nẵng,ĐB,65792
2025-07-21,MT,Đà Nẵng,1,65975
2025-07-21,MT,Đà Nẵng,2,62428
2025-07-21,MT,Đà Nẵng,3,31795 - 76298 - 39565 - 06257 - 45367 - 36436
2025-07-21,MT,Đà Nẵng,4,92731 - 84674 - 67642 - 52167 - 99993 - 44957
2025-07-21,MT,Đà Nẵng,5,62042 - 00733 - 46524
2025-07-21,MT,Đà Nẵng,6,60004 - 23514 - 49542
2025-07-21,MT,Đà Nẵng,7,70004 - 08001 - 67083 - 54296
2025-07-21,MT,Đà Nẵng,8,11153
2025-07-21,MT,Khánh Hòa,ĐB,66388
2025-07-21,MT,Khánh Hòa,1,42962
2025-07-21,MT,Khánh Hòa,2,98295
2025-07-21,MT,Khánh Hòa,3,68304 - 87992 - 66175 - 54158 - 99803 - 27928
2025-07-21,MT,Khánh Hòa,4,62634 - 37476 - 56501 - 30152 - 64410 - 11874
2025-07-21,MT,Khánh Hòa,5,28603 - 04993 - 16633
2025-07-21,MT,Khánh Hòa,6,58600 - 82044 - 29827
2025-07-21,MT,Khánh Hòa,7,39096 - 79776 - 75581 - 01576
2025-07-21,MT,Khánh Hòa,8,46387
2025-07-21,MN,TP. HCM,ĐB,85203
2025-07-21,MN,TP. HCM,1,68447
2025-07-21,MN,TP. HCM,2,59110
2025-07-21,MN,TP. HCM,3,24227 - 05332 - 48014 - 30336 - 97954 - 83771
2025-07-21,MN,TP. HCM,4,71741 - 07316 - 36689 - 65758 - 14011 - 02636
2025-07-21,MN,TP. HCM,5,98556 - 45723 - 13098
2025-07-21,MN,TP. HCM,6,14042 - 77680 - 05760
2025-07-21,MN,TP. HCM,7,03741 - 02759 - 14503 - 80852
2025-07-21,MN,TP. HCM,8,24704
2025-07-21,MN,Đồng Tháp,ĐB,71735
2025-07-21,MN,Đồng Tháp,1,34316
2025-07-21,MN,Đồng Tháp,2,25840
2025-07-21,MN,Đồng Tháp,3,41735 - 34269 - 34944 - 26700 - 05480 - 74095
2025-07-21,MN,Đồng Tháp,4,52213 - 80850 - 39695 - 36388 - 44881 - 17541
2025-07-21,MN,Đồng Tháp,5,18573 - 39573 - 50020
2025-07-21,MN,Đồng Tháp,6,14938 - 69069 - 70927
2025-07-21,MN,Đồng Tháp,7,42385 - 94353 - 71225 - 17003
2025-07-21,MN,Đồng Tháp,8,50948
2025-07-21,MN,Cà Mau,ĐB,89002
2025-07-21,MN,Cà Mau,1,75717
2025-07-21,MN,Cà Mau,2,42228
2025-07-21,MN,Cà Mau,3,73878 - 38067 - 92158 - 30036 - 41028 - 50655
2025-07-21,MN,Cà Mau,4,62234 - 09985 - 97281 - 28032 - 32608 - 51609
2025-07-21,MN,Cà Mau,5,54057 - 42164 - 53892
2025-07-21,MN,Cà Mau,6,23005 - 24417 - 84124
2025-07-21,MN,Cà Mau,7,94368 - 38709 - 03722 - 41755
2025-07-21,MN,Cà Mau,8,56207
2025-07-22,MB,Hà Nội,ĐB,21926
2025-07-22,MB,Hà Nội,1,14916
2025-07-22,MB,Hà Nội,2,63431
2025-07-22,MB,Hà Nội,3,16933 - 04491 - 87135 - 88655 - 27793 - 31539
2025-07-22,MB,Hà Nội,4,38523 - 05070 - 50395 - 95284 - 60844 - 53365
2025-07-22,MB,Hà Nội,5,13414 - 10900 - 73654
2025-07-22,MB,Hà Nội,6,57899 - 86405 - 47166
2025-07-22,MB,Hà Nội,7,63118 - 46322 - 50550 - 15007
2025-07-22,MT,Đà Nẵng,ĐB,96335
2025-07-22,MT,Đà Nẵng,1,64441
2025-07-22,MT,Đà Nẵng,2,90888
2025-07-22,MT,Đà Nẵng,3,21528 - 70408 - 56607 - 91864 - 01492 - 06122
2025-07-22,MT,Đà Nẵng,4,81166 - 04202 - 51905 - 81379 - 14476 - 42617
2025-07-22,MT,Đà Nẵng,5,87820 - 10890 - 09932
2025-07-22,MT,Đà Nẵng,6,82727 - 84250 - 37166
2025-07-22,MT,Đà Nẵng,7,26950 - 75224 - 81948 - 59059
2025-07-22,MT,Đà Nẵng,8,28179
2025-07-22,MT,Khánh Hòa,ĐB,58955
2025-07-22,MT,Khánh Hòa,1,74177
2025-07-22,MT,Khánh Hòa,2,15195
2025-07-22,MT,Khánh Hòa,3,14156 - 56161 - 67604 - 97817 - 53727 - 98597
2025-07-22,MT,Khánh Hòa,4,93798 - 68835 - 39588 - 52508 - 05459 - 49198
2025-07-22,MT,Khánh Hòa,5,34055 - 96824 - 55890
2025-07-22,MT,Khánh Hòa,6,20644 - 56764 - 87460
2025-07-22,MT,Khánh Hòa,7,57284 - 72479 - 89824 - 36820
2025-07-22,MT,Khánh Hòa,8,82128
2025-07-22,MN,TP. HCM,ĐB,51524
2025-07-22,MN,TP. HCM,1,84128
2025-07-22,MN,TP. HCM,2,36119
2025-07-22,MN,TP. HCM,3,23866 - 20707 - 85506 - 66809 - 93007 - 74154
2025-07-22,MN,TP. HCM,4,51975 - 90605 - 41333 - 75672 - 43766 - 38750
2025-07-22,MN,TP. HCM,5,35968 - 62179 - 10794
2025-07-22,MN,TP. HCM,6,02596 - 81585 - 15382
2025-07-22,MN,TP. HCM,7,83927 - 85283 - 11542 - 71218
2025-07-22,MN,TP. HCM,8,02679
2025-07-22,MN,Đồng Tháp,ĐB,58430
2025-07-22,MN,Đồng Tháp,1,37763
2025-07-22,MN,Đồng Tháp,2,76525
2025-07-22,MN,Đồng Tháp,3,86175 - 85570 - 99812 - 49842 - 80836 - 23426
2025-07-22,MN,Đồng Tháp,4,34444 - 99158 - 33416 - 69955 - 69688 - 52459
2025-07-22,MN,Đồng Tháp,5,41436 - 06721 - 33132
2025-07-22,MN,Đồng Tháp,6,83553 - 94821 - 68655
2025-07-22,MN,Đồng Tháp,7,12219 - 61033 - 19198 - 89777
2025-07-22,MN,Đồng Tháp,8,82860
2025-07-22,MN,Cà Mau,ĐB,39717
2025-07-22,MN,Cà Mau,1,22289
2025-07-22,MN,Cà Mau,2,23523
2025-07-22,MN,Cà Mau,3,14744 - 80417 - 36367 - 66051 - 21920 - 26085
2025-07-22,MN,Cà Mau,4,54331 - 62493 - 74467 - 83065 - 97015 - 86865
2025-07-22,MN,Cà Mau,5,29938 - 45826 - 58468
2025-07-22,MN,Cà Mau,6,07843 - 55435 - 15786
2025-07-22,MN,Cà Mau,7,40444 - 94598 - 61197 - 91862
2025-07-22,MN,Cà Mau,8,23334
2025-07-23,MB,Hà Nội,ĐB,01593
2025-07-23,MB,Hà Nội,1,32434
2025-07-23,MB,Hà Nội,2,64033
2025-07-23,MB,Hà Nội,3,93877 - 06331 - 18548 - 81655 - 23952 - 29353
2025-07-23,MB,Hà Nội,4,13587 - 78857 - 33559 - 46347 - 43391 - 57637
2025-07-23,MB,Hà Nội,5,55777 - 17308 - 90153
2025-07-23,MB,Hà Nội,6,75539 - 06082 - 94770
2025-07-23,MB,Hà Nội,7,29600 - 60193 - 22728 - 58073
2025-07-23,MT,Đà Nẵng,ĐB,40071
2025-07-23,MT,Đà Nẵng,1,80668
2025-07-23,MT,Đà Nẵng,2,18998
2025-07-23,MT,Đà Nẵng,3,81318 - 39882 - 60518 - 06529 - 40257 - 84610
2025-07-23,MT,Đà Nẵng,4,86471 - 91540 - 09315 - 93037 - 61781 - 09463
2025-07-23,MT,Đà Nẵng,5,89383 - 88321 - 97892
2025-07-23,MT,Đà Nẵng,6,76210 - 81625 - 15731
2025-07-23,MT,Đà Nẵng,7,75668 - 39772 - 34445 - 61371
2025-07-23,MT,Đà Nẵng,8,82915
2025-07-23,MT,Khánh Hòa,ĐB,71622
2025-07-23,MT,Khánh Hòa,1,23352
2025-07-23,MT,Khánh Hòa,2,77625
2025-07-23,MT,Khánh Hòa,3,01215 - 29090 - 67181 - 52917 - 09326 - 75311
2025-07-23,MT,Khánh Hòa,4,09894 - 72314 - 38707 - 45365 - 42273 - 42850
2025-07-23,MT,Khánh Hòa,5,63499 - 07386 - 03267
2025-07-23,MT,Khánh Hòa,6,51013 - 29955 - 13812
2025-07-23,MT,Khánh Hòa,7,14509 - 66078 - 44138 - 73638
2025-07-23,MT,Khánh Hòa,8,83987
2025-07-23,MN,TP. HCM,ĐB,27791
2025-07-23,MN,TP. HCM,1,64644
2025-07-23,MN,TP. HCM,2,29022
2025-07-23,MN,TP. HCM,3,04625 - 95775 - 29691 - 80729 - 87816 - 01880
2025-07-23,MN,TP. HCM,4,23511 - 00341 - 16366 - 93476 - 43351 - 99531
2025-07-23,MN,TP. HCM,5,52055 - 88033 - 42869
2025-07-23,MN,TP. HCM,6,16274 - 01355 - 53468
2025-07-23,MN,TP. HCM,7,95674 - 23048 - 66789 - 66752
2025-07-23,MN,TP. HCM,8,49416
2025-07-23,MN,Đồng Tháp,ĐB,40819
2025-07-23,MN,Đồng Tháp,1,57627
2025-07-23,MN,Đồng Tháp,2,48878
2025-07-23,MN,Đồng Tháp,3,60002 - 93469 - 01500 - 36746 - 33458 - 80393
2025-07-23,MN,Đồng Tháp,4,91233 - 98414 - 64368 - 11354 - 83822 - 58698
2025-07-23,MN,Đồng Tháp,5,90152 - 28313 - 02869
2025-07-23,MN,Đồng Tháp,6,17378 - 03331 - 58205
2025-07-23,MN,Đồng Tháp,7,93841 - 93018 - 48938 - 65620
2025-07-23,MN,Đồng Tháp,8,67488
2025-07-23,MN,Cà Mau,ĐB,62705
2025-07-23,MN,Cà Mau,1,88119
2025-07-23,MN,Cà Mau,2,33720
2025-07-23,MN,Cà Mau,3,65333 - 90543 - 00950 - 33611 - 37600 - 55020
2025-07-23,MN,Cà Mau,4,51147 - 07106 - 75744 - 72478 - 60964 - 51089
2025-07-23,MN,Cà Mau,5,80239 - 63628 - 80143
2025-07-23,MN,Cà Mau,6,53683 - 41863 - 51365
2025-07-23,MN,Cà Mau,7,27713 - 27266 - 57285 - 23630
2025-07-23,MN,Cà Mau,8,47415
2025-07-24,MB,Hà Nội,ĐB,77756
2025-07-24,MB,Hà Nội,1,24262
2025-07-24,MB,Hà Nội,2,10163
2025-07-24,MB,Hà Nội,3,77354 - 21465 - 00092 - 03686 - 57434 - 77277
2025-07-24,MB,Hà Nội,4,45120 - 63674 - 61521 - 43346 - 49844 - 29629
2025-07-24,MB,Hà Nội,5,06836 - 36820 - 71835
2025-07-24,MB,Hà Nội,6,60116 - 24946 - 90717
2025-07-24,MB,Hà Nội,7,45640 - 86934 - 36851 - 23758
2025-07-24,MT,Đà Nẵng,ĐB,89530
2025-07-24,MT,Đà Nẵng,1,41584
2025-07-24,MT,Đà Nẵng,2,36417
2025-07-24,MT,Đà Nẵng,3,64710 - 22196 - 73612 - 62425 - 90543 - 82257
2025-07-24,MT,Đà Nẵng,4,64040 - 31964 - 47453 - 96013 - 13619 - 31542
2025-07-24,MT,Đà Nẵng,5,83789 - 97921 - 96275
2025-07-24,MT,Đà Nẵng,6,04087 - 29985 - 29281
2025-07-24,MT,Đà Nẵng,7,74192 - 15566 - 81080 - 18051
2025-07-24,MT,Đà Nẵng,8,45728
2025-07-24,MT,Khánh Hòa,ĐB,71298
2025-07-24,MT,Khánh Hòa,1,31155
2025-07-24,MT,Khánh Hòa,2,03868
2025-07-24,MT,Khánh Hòa,3,98667 - 61301 - 93395 - 58494 - 66124 - 23458
2025-07-24,MT,Khánh Hòa,4,38603 - 60428 - 28702 - 10013 - 57449 - 97880
2025-07-24,MT,Khánh Hòa,5,68585 - 70934 - 90035
2025-07-24,MT,Khánh Hòa,6,18399 - 34614 - 00619
2025-07-24,MT,Khánh Hòa,7,11741 - 20651 - 04368 - 62873
2025-07-24,MT,Khánh Hòa,8,47032
2025-07-24,MN,TP. HCM,ĐB,60470
2025-07-24,MN,TP. HCM,1,54315
2025-07-24,MN,TP. HCM,2,80553
2025-07-24,MN,TP. HCM,3,07030 - 61945 - 53984 - 72557 - 63943 - 10459
2025-07-24,MN,TP. HCM,4,37145 - 21568 - 03617 - 60508 - 55699 - 10468
2025-07-24,MN,TP. HCM,5,99568 - 25919 - 16967
2025-07-24,MN,TP. HCM,6,41318 - 55928 - 18549
2025-07-24,MN,TP. HCM,7,57153 - 10119 - 39969 - 15974
2025-07-24,MN,TP. HCM,8,45617
2025-07-24,MN,Đồng Tháp,ĐB,85851
2025-07-24,MN,Đồng Tháp,1,99772
2025-07-24,MN,Đồng Tháp,2,08275
2025-07-24,MN,Đồng Tháp,3,35001 - 26202 - 38332 - 63302 - 20124 - 96540
2025-07-24,MN,Đồng Tháp,4,74816 - 36571 - 09363 - 90144 - 94789 - 98582
2025-07-24,MN,Đồng Tháp,5,34102 - 17501 - 18478
2025-07-24,MN,Đồng Tháp,6,46519 - 82366 - 20061
2025-07-24,MN,Đồng Tháp,7,56971 - 14277 - 71071 - 06151
2025-07-24,MN,Đồng Tháp,8,76878
2025-07-24,MN,Cà Mau,ĐB,87788
2025-07-24,MN,Cà Mau,1,31060
2025-07-24,MN,Cà Mau,2,48226
2025-07-24,MN,Cà Mau,3,65484 - 40671 - 62229 - 94929 - 26611 - 20668
2025-07-24,MN,Cà Mau,4,62802 - 09804 - 26989 - 20272 - 12523 - 44897
2025-07-24,MN,Cà Mau,5,32473 - 04379 - 98562
2025-07-24,MN,Cà Mau,6,16853 - 85418 - 07257
2025-07-24,MN,Cà Mau,7,79489 - 21847 - 13344 - 46106
2025-07-24,MN,Cà Mau,8,74778
2025-07-25,MB,Hà Nội,ĐB,89787
2025-07-25,MB,Hà Nội,1,30625
2025-07-25,MB,Hà Nội,2,67091
2025-07-25,MB,Hà Nội,3,01116 - 59159 - 93731 - 91569 - 35439 - 31412
2025-07-25,MB,Hà Nội,4,02195 - 99382 - 57942 - 26770 - 47122 - 10303
2025-07-25,MB,Hà Nội,5,93829 - 01434 - 85754
2025-07-25,MB,Hà Nội,6,94647 - 53892 - 19993
2025-07-25,MB,Hà Nội,7,65514 - 02777 - 87947 - 61422
2025-07-25,MT,Đà Nẵng,ĐB,87540
2025-07-25,MT,Đà Nẵng,1,49411
2025-07-25,MT,Đà Nẵng,2,51760
2025-07-25,MT,Đà Nẵng,3,33863 - 89358 - 20410 - 46939 - 85316 - 96148
2025-07-25,MT,Đà Nẵng,4,06335 - 35670 - 32478 - 86994 - 01538 - 44866
2025-07-25,MT,Đà Nẵng,5,74976 - 61403 - 84637
2025-07-25,MT,Đà Nẵng,6,74685 - 18993 - 44071
2025-07-25,MT,Đà Nẵng,7,25026 - 32473 - 88468 - 34488
2025-07-25,MT,Đà Nẵng,8,82159
2025-07-25,MT,Khánh Hòa,ĐB,59590
2025-07-25,MT,Khánh Hòa,1,34755
2025-07-25,MT,Khánh Hòa,2,07563
2025-07-25,MT,Khánh Hòa,3,83164 - 63888 - 25510 - 68348 - 29064 - 36694
2025-07-25,MT,Khánh Hòa,4,83199 - 51340 - 05347 - 75249 - 50676 - 50264
2025-07-25,MT,Khánh Hòa,5,45698 - 91173 - 42063
2025-07-25,MT,Khánh Hòa,6,50867 - 57693 - 63681
2025-07-25,MT,Khánh Hòa,7,19806 - 69323 - 58659 - 44133
2025-07-25,MT,Khánh Hòa,8,89497
2025-07-25,MN,TP. HCM,ĐB,66972
2025-07-25,MN,TP. HCM,1,51345
2025-07-25,MN,TP. HCM,2,07026
2025-07-25,MN,TP. HCM,3,77924 - 25604 - 17115 - 60232 - 58940 - 16433
2025-07-25,MN,TP. HCM,4,09928 - 44688 - 07679 - 50786 - 80103 - 95758
2025-07-25,MN,TP. HCM,5,89199 - 84100 - 24693
2025-07-25,MN,TP. HCM,6,87102 - 89907 - 03070
2025-07-25,MN,TP. HCM,7,36784 - 29715 - 68498 - 10941
2025-07-25,MN,TP. HCM,8,33688
2025-07-25,MN,Đồng Tháp,ĐB,76465
2025-07-25,MN,Đồng Tháp,1,29447
2025-07-25,MN,Đồng Tháp,2,55086
2025-07-25,MN,Đồng Tháp,3,12325 - 12155 - 72455 - 65464 - 62094 - 26320
2025-07-25,MN,Đồng Tháp,4,88999 - 12895 - 43884 - 33141 - 80909 - 36840
2025-07-25,MN,Đồng Tháp,5,07381 - 77339 - 49495
2025-07-25,MN,Đồng Tháp,6,97028 - 76544 - 23729
2025-07-25,MN,Đồng Tháp,7,21859 - 56930 - 42538 - 39333
2025-07-25,MN,Đồng Tháp,8,25070
2025-07-25,MN,Cà Mau,ĐB,20978
2025-07-25,MN,Cà Mau,1,89977
2025-07-25,MN,Cà Mau,2,95588
2025-07-25,MN,Cà Mau,3,12395 - 84840 - 94692 - 74748 - 98825 - 41178
2025-07-25,MN,Cà Mau,4,00320 - 42775 - 94758 - 35192 - 47976 - 66200
2025-07-25,MN,Cà Mau,5,87202 - 23271 - 37997
2025-07-25,MN,Cà Mau,6,07895 - 69773 - 69402
2025-07-25,MN,Cà Mau,7,38225 - 18492 - 31599 - 23153
2025-07-25,MN,Cà Mau,8,87691
2025-07-26,MB,Hà Nội,ĐB,57634
2025-07-26,MB,Hà Nội,1,84265
2025-07-26,MB,Hà Nội,2,08360
2025-07-26,MB,Hà Nội,3,73163 - 56697 - 51118 - 93647 - 10308 - 64051
2025-07-26,MB,Hà Nội,4,48206 - 74351 - 39211 - 01182 - 96652 - 48940
2025-07-26,MB,Hà Nội,5,03134 - 03719 - 90719
2025-07-26,MB,Hà Nội,6,55299 - 04536 - 88493
2025-07-26,MB,Hà Nội,7,46971 - 58493 - 41362 - 67637
2025-07-26,MT,Đà Nẵng,ĐB,50277
2025-07-26,MT,Đà Nẵng,1,44475
2025-07-26,MT,Đà Nẵng,2,72970
2025-07-26,MT,Đà Nẵng,3,77487 - 92141 - 05757 - 76250 - 63658 - 04560
2025-07-26,MT,Đà Nẵng,4,12200 - 74738 - 04759 - 33687 - 58511 - 30897
2025-07-26,MT,Đà Nẵng,5,56842 - 87387 - 07109
2025-07-26,MT,Đà Nẵng,6,79645 - 64097 - 27034
2025-07-26,MT,Đà Nẵng,7,83173 - 90513 - 62144 - 80723
2025-07-26,MT,Đà Nẵng,8,84754
2025-07-26,MT,Khánh Hòa,ĐB,21295
2025-07-26,MT,Khánh Hòa,1,56791
2025-07-26,MT,Khánh Hòa,2,20629
2025-07-26,MT,Khánh Hòa,3,59947 - 46974 - 81889 - 34360 - 17547 - 24538
2025-07-26,MT,Khánh Hòa,4,64933 - 61001 - 23285 - 95273 - 59419 - 80410
2025-07-26,MT,Khánh Hòa,5,87173 - 69438 - 93397
2025-07-26,MT,Khánh Hòa,6,31542 - 97892 - 25647
2025-07-26,MT,Khánh Hòa,7,40487 - 68281 - 12238 - 14208
2025-07-26,MT,Khánh Hòa,8,23337
2025-07-26,MN,TP. HCM,ĐB,20912
2025-07-26,MN,TP. HCM,1,31287
2025-07-26,MN,TP. HCM,2,94867
2025-07-26,MN,TP. HCM,3,19615 - 59333 - 64432 - 88844 - 52341 - 57507
2025-07-26,MN,TP. HCM,4,26469 - 83747 - 46197 - 93014 - 14850 - 77565
2025-07-26,MN,TP. HCM,5,22663 - 67534 - 65249
2025-07-26,MN,TP. HCM,6,27382 - 15181 - 26778
2025-07-26,MN,TP. HCM,7,08642 - 10126 - 73598 - 17601
2025-07-26,MN,TP. HCM,8,91965
2025-07-26,MN,Đồng Tháp,ĐB,63266
2025-07-26,MN,Đồng Tháp,1,26110
2025-07-26,MN,Đồng Tháp,2,21681
2025-07-26,MN,Đồng Tháp,3,53823 - 41327 - 75277 - 71504 - 57086 - 89296
2025-07-26,MN,Đồng Tháp,4,09756 - 70693 - 66692 - 87961 - 08925 - 25150
2025-07-26,MN,Đồng Tháp,5,92887 - 80157 - 40184
2025-07-26,MN,Đồng Tháp,6,14262 - 19438 - 62939
2025-07-26,MN,Đồng Tháp,7,69414 - 02015 - 36440 - 89404
2025-07-26,MN,Đồng Tháp,8,60804
2025-07-26,MN,Cà Mau,ĐB,24264
2025-07-26,MN,Cà Mau,1,87537
2025-07-26,MN,Cà Mau,2,05895
2025-07-26,MN,Cà Mau,3,48794 - 51657 - 55416 - 56044 - 32898 - 09936
2025-07-26,MN,Cà Mau,4,20555 - 89546 - 88821 - 16608 - 35176 - 11577
2025-07-26,MN,Cà Mau,5,80094 - 30294 - 23799
2025-07-26,MN,Cà Mau,6,21890 - 14077 - 57377
2025-07-26,MN,Cà Mau,7,61932 - 26034 - 65568 - 39283
2025-07-26,MN,Cà Mau,8,78837
2025-07-27,MB,Hà Nội,ĐB,52443
2025-07-27,MB,Hà Nội,1,90508
2025-07-27,MB,Hà Nội,2,43961
2025-07-27,MB,Hà Nội,3,98290 - 04919 - 17931 - 05413 - 83901 - 04694
2025-07-27,MB,Hà Nội,4,99937 - 57189 - 32347 - 03078 - 72825 - 62531
2025-07-27,MB,Hà Nội,5,42226 - 87725 - 36159
2025-07-27,MB,Hà Nội,6,25278 - 67159 - 88680
2025-07-27,MB,Hà Nội,7,32925 - 51047 - 72627 - 93276
2025-07-27,MT,Đà Nẵng,ĐB,55788
2025-07-27,MT,Đà Nẵng,1,74972
2025-07-27,MT,Đà Nẵng,2,11658
2025-07-27,MT,Đà Nẵng,3,82356 - 14665 - 88767 - 02836 - 41818 - 97360
2025-07-27,MT,Đà Nẵng,4,17355 - 55162 - 04517 - 66626 - 67492 - 13045
2025-07-27,MT,Đà Nẵng,5,09616 - 73880 - 75549
2025-07-27,MT,Đà Nẵng,6,40353 - 43166 - 08056
2025-07-27,MT,Đà Nẵng,7,71786 - 20783 - 04553 - 83996
2025-07-27,MT,Đà Nẵng,8,54832
2025-07-27,MT,Khánh Hòa,ĐB,90441
2025-07-27,MT,Khánh Hòa,1,87020
2025-07-27,MT,Khánh Hòa,2,46994
2025-07-27,MT,Khánh Hòa,3,52137 - 97278 - 12593 - 68158 - 24852 - 38831
2025-07-27,MT,Khánh Hòa,4,17251 - 69406 - 54563 - 06703 - 24214 - 05571
2025-07-27,MT,Khánh Hòa,5,35987 - 71673 - 29249
2025-07-27,MT,Khánh Hòa,6,00889 - 84553 - 71829
2025-07-27,MT,Khánh Hòa,7,17274 - 81354 - 50888 - 73433
2025-07-27,MT,Khánh Hòa,8,19352
2025-07-27,MN,TP. HCM,ĐB,38403
2025-07-27,MN,TP. HCM,1,93866
2025-07-27,MN,TP. HCM,2,86075
2025-07-27,MN,TP. HCM,3,19370 - 30137 - 86395 - 79333 - 79540 - 11774
2025-07-27,MN,TP. HCM,4,81776 - 84793 - 08164 - 78956 - 71841 - 16626
2025-07-27,MN,TP. HCM,5,19720 - 23345 - 83240
2025-07-27,MN,TP. HCM,6,71784 - 93414 - 31009
2025-07-27,MN,TP. HCM,7,44244 - 85700 - 45020 - 87954
2025-07-27,MN,TP. HCM,8,87755
2025-07-27,MN,Đồng Tháp,ĐB,75405
2025-07-27,MN,Đồng Tháp,1,38418
2025-07-27,MN,Đồng Tháp,2,30945
2025-07-27,MN,Đồng Tháp,3,13194 - 66594 - 16866 - 66857 - 45124 - 31044
2025-07-27,MN,Đồng Tháp,4,58915 - 79338 - 09651 - 85997 - 68669 - 60143
2025-07-27,MN,Đồng Tháp,5,12130 - 70464 - 85693
2025-07-27,MN,Đồng Tháp,6,18471 - 99803 - 00875
2025-07-27,MN,Đồng Tháp,7,56269 - 88191 - 00664 - 70945
2025-07-27,MN,Đồng Tháp,8,50942
2025-07-27,MN,Cà Mau,ĐB,96748
2025-07-27,MN,Cà Mau,1,94744
2025-07-27,MN,Cà Mau,2,49542
2025-07-27,MN,Cà Mau,3,07451 - 42338 - 43393 - 42767 - 17323 - 78366
2025-07-27,MN,Cà Mau,4,28089 - 96984 - 74793 - 40392 - 27649 - 17726
2025-07-27,MN,Cà Mau,5,22749 - 28100 - 74833
2025-07-27,MN,Cà Mau,6,63211 - 60592 - 71420
2025-07-27,MN,Cà Mau,7,59758 - 27909 - 93257 - 00089
2025-07-27,MN,Cà Mau,8,09075
2025-07-28,MB,Hà Nội,ĐB,59472
2025-07-28,MB,Hà Nội,1,16437
2025-07-28,MB,Hà Nội,2,66447
2025-07-28,MB,Hà Nội,3,90054 - 36801 - 45447 - 04083 - 21367 - 08228
2025-07-28,MB,Hà Nội,4,93467 - 64594 - 47314 - 63316 - 92740 - 25208
2025-07-28,MB,Hà Nội,5,04942 - 21573 - 77795
2025-07-28,MB,Hà Nội,6,76258 - 80172 - 75422
2025-07-28,MB,Hà Nội,7,18840 - 43120 - 66822 - 78059
2025-07-28,MT,Đà Nẵng,ĐB,31686
2025-07-28,MT,Đà Nẵng,1,88378
2025-07-28,MT,Đà Nẵng,2,97225
2025-07-28,MT,Đà Nẵng,3,90193 - 44053 - 49744 - 64560 - 52087 - 02284
2025-07-28,MT,Đà Nẵng,4,22613 - 86606 - 75496 - 02889 - 21773 - 66586
2025-07-28,MT,Đà Nẵng,5,01019 - 93411 - 76744
2025-07-28,MT,Đà Nẵng,6,46664 - 84782 - 87797
2025-07-28,MT,Đà Nẵng,7,73464 - 96124 - 13132 - 59204
2025-07-28,MT,Đà Nẵng,8,82014
2025-07-28,MT,Khánh Hòa,ĐB,69973
2025-07-28,MT,Khánh Hòa,1,30807
2025-07-28,MT,Khánh Hòa,2,09232
2025-07-28,MT,Khánh Hòa,3,05502 - 83315 - 39666 - 87057 - 12785 - 14897
2025-07-28,MT,Khánh Hòa,4,14205 - 36165 - 94932 - 21040 - 45158 - 46685
2025-07-28,MT,Khánh Hòa,5,20301 - 15934 - 51682
2025-07-28,MT,Khánh Hòa,6,61505 - 41595 - 69981
2025-07-28,MT,Khánh Hòa,7,63106 - 45769 - 87928 - 77125
2025-07-28,MT,Khánh Hòa,8,94101
2025-07-28,MN,TP. HCM,ĐB,57620
2025-07-28,MN,TP. HCM,1,60353
2025-07-28,MN,TP. HCM,2,85813
2025-07-28,MN,TP. HCM,3,14613 - 64168 - 48261 - 58343 - 17036 - 04824
2025-07-28,MN,TP. HCM,4,71033 - 62276 - 30272 - 36642 - 76865 - 70545
2025-07-28,MN,TP. HCM,5,84701 - 09011 - 05014
2025-07-28,MN,TP. HCM,6,86986 - 82934 - 30537
2025-07-28,MN,TP. HCM,7,80738 - 35445 - 34382 - 07694
2025-07-28,MN,TP. HCM,8,59148
2025-07-28,MN,Đồng Tháp,ĐB,64444
2025-07-28,MN,Đồng Tháp,1,50601
2025-07-28,MN,Đồng Tháp,2,23510
2025-07-28,MN,Đồng Tháp,3,75096 - 43519 - 49332 - 64491 - 00659 - 66628
2025-07-28,MN,Đồng Tháp,4,06729 - 28868 - 55750 - 58314 - 67627 - 94127
2025-07-28,MN,Đồng Tháp,5,28298 - 70611 - 37939
2025-07-28,MN,Đồng Tháp,6,28170 - 84629 - 65058
2025-07-28,MN,Đồng Tháp,7,61365 - 49616 - 45168 - 62815
2025-07-28,MN,Đồng Tháp,8,16154
2025-07-28,MN,Cà Mau,ĐB,54677
2025-07-28,MN,Cà Mau,1,57436
2025-07-28,MN,Cà Mau,2,70229
2025-07-28,MN,Cà Mau,3,42021 - 89038 - 55792 - 39826 - 16655 - 42640
2025-07-28,MN,Cà Mau,4,94514 - 12106 - 36152 - 12392 - 61164 - 37351
2025-07-28,MN,Cà Mau,5,04024 - 33698 - 42801
2025-07-28,MN,Cà Mau,6,74206 - 69120 - 21466
2025-07-28,MN,Cà Mau,7,45610 - 50157 - 05531 - 90424
2025-07-28,MN,Cà Mau,8,31091
2025-07-29,MB,Hà Nội,ĐB,59810
2025-07-29,MB,Hà Nội,1,11286
2025-07-29,MB,Hà Nội,2,97127
2025-07-29,MB,Hà Nội,3,61301 - 65383 - 73006 - 77740 - 76042 - 94194
2025-07-29,MB,Hà Nội,4,55349 - 07618 - 54993 - 01068 - 78712 - 35464
2025-07-29,MB,Hà Nội,5,96254 - 06468 - 08722
2025-07-29,MB,Hà Nội,6,42805 - 54109 - 84341
2025-07-29,MB,Hà Nội,7,56519 - 40844 - 47641 - 42973
2025-07-29,MT,Đà Nẵng,ĐB,03284
2025-07-29,MT,Đà Nẵng,1,12713
2025-07-29,MT,Đà Nẵng,2,50926
2025-07-29,MT,Đà Nẵng,3,30996 - 96542 - 14678 - 00802 - 02485 - 61584
2025-07-29,MT,Đà Nẵng,4,03314 - 02388 - 82836 - 10969 - 82470 - 15831
2025-07-29,MT,Đà Nẵng,5,08869 - 14813 - 13070
2025-07-29,MT,Đà Nẵng,6,43378 - 89916 - 75279
2025-07-29,MT,Đà Nẵng,7,87772 - 83629 - 18969 - 09021
2025-07-29,MT,Đà Nẵng,8,19807
2025-07-29,MT,Khánh Hòa,ĐB,51430
2025-07-29,MT,Khánh Hòa,1,14048
2025-07-29,MT,Khánh Hòa,2,36684
2025-07-29,MT,Khánh Hòa,3,88385 - 37218 - 62984 - 60043 - 88130 - 15890
2025-07-29,MT,Khánh Hòa,4,47058 - 07164 - 39339 - 44055 - 93658 - 10938
2025-07-29,MT,Khánh Hòa,5,15352 - 91902 - 58933
2025-07-29,MT,Khánh Hòa,6,62266 - 04783 - 10236
2025-07-29,MT,Khánh Hòa,7,35867 - 36443 - 37502 - 52095
2025-07-29,MT,Khánh Hòa,8,80702
2025-07-29,MN,TP. HCM,ĐB,69847
2025-07-29,MN,TP. HCM,1,18845
2025-07-29,MN,TP. HCM,2,41134
2025-07-29,MN,TP. HCM,3,41045 - 34628 - 89909 - 53839 - 96571 - 31865
2025-07-29,MN,TP. HCM,4,67886 - 45357 - 18890 - 93615 - 97582 - 76398
2025-07-29,MN,TP. HCM,5,59285 - 02923 - 51288
2025-07-29,MN,TP. HCM,6,42422 - 88968 - 59247
2025-07-29,MN,TP. HCM,7,18870 - 44463 - 55720 - 92256
2025-07-29,MN,TP. HCM,8,99630
2025-07-29,MN,Đồng Tháp,ĐB,90092
2025-07-29,MN,Đồng Tháp,1,99526
2025-07-29,MN,Đồng Tháp,2,07620
2025-07-29,MN,Đồng Tháp,3,70803 - 36471 - 58380 - 65120 - 72834 - 95415
2025-07-29,MN,Đồng Tháp,4,15469 - 07724 - 70921 - 88767 - 92402 - 38721
2025-07-29,MN,Đồng Tháp,5,99852 - 67659 - 00977
2025-07-29,MN,Đồng Tháp,6,19418 - 79328 - 50018
2025-07-29,MN,Đồng Tháp,7,70837 - 12558 - 33762 - 18728
2025-07-29,MN,Đồng Tháp,8,58200
2025-07-29,MN,Cà Mau,ĐB,29853
2025-07-29,MN,Cà Mau,1,20472
2025-07-29,MN,Cà Mau,2,28870
2025-07-29,MN,Cà Mau,3,07704 - 43590 - 38657 - 72570 - 95573 - 92061
2025-07-29,MN,Cà Mau,4,13038 - 82541 - 47760 - 00851 - 90231 - 76441
2025-07-29,MN,Cà Mau,5,38272 - 81621 - 83790
2025-07-29,MN,Cà Mau,6,43923 - 39315 - 85943
2025-07-29,MN,Cà Mau,7,15517 - 91003 - 75202 - 33620
2025-07-29,MN,Cà Mau,8,34073
2025-07-30,MB,Hà Nội,ĐB,45103
2025-07-30,MB,Hà Nội,1,43580
2025-07-30,MB,Hà Nội,2,77921
2025-07-30,MB,Hà Nội,3,09492 - 79511 - 69193 - 31686 - 90238 - 60366
2025-07-30,MB,Hà Nội,4,45399 - 43724 - 58298 - 09526 - 89553 - 50449
2025-07-30,MB,Hà Nội,5,17068 - 22746 - 74822
2025-07-30,MB,Hà Nội,6,87832 - 96796 - 11938
2025-07-30,MB,Hà Nội,7,10991 - 50056 - 55975 - 83836
2025-07-30,MT,Đà Nẵng,ĐB,06664
2025-07-30,MT,Đà Nẵng,1,13591
2025-07-30,MT,Đà Nẵng,2,59521
2025-07-30,MT,Đà Nẵng,3,88924 - 51308 - 85512 - 85380 - 21549 - 62510
2025-07-30,MT,Đà Nẵng,4,76128 - 84626 - 25018 - 73363 - 97562 - 13668
2025-07-30,MT,Đà Nẵng,5,16589 - 87016 - 18369
2025-07-30,MT,Đà Nẵng,6,59733 - 86514 - 12624
2025-07-30,MT,Đà Nẵng,7,47615 - 24342 - 55960 - 07696
2025-07-30,MT,Đà Nẵng,8,13740
2025-07-30,MT,Khánh Hòa,ĐB,73469
2025-07-30,MT,Khánh Hòa,1,43535
2025-07-30,MT,Khánh Hòa,2,55991
2025-07-30,MT,Khánh Hòa,3,88263 - 01366 - 91912 - 40656 - 01250 - 45293
2025-07-30,MT,Khánh Hòa,4,19521 - 27470 - 55381 - 77852 - 96363 - 59454
2025-07-30,MT,Khánh Hòa,5,31985 - 91404 - 10190
2025-07-30,MT,Khánh Hòa,6,66942 - 85038 - 38316
2025-07-30,MT,Khánh Hòa,7,90316 - 70947 - 96579 - 99032
2025-07-30,MT,Khánh Hòa,8,00632
2025-07-30,MN,TP. HCM,ĐB,82583
2025-07-30,MN,TP. HCM,1,93542
2025-07-30,MN,TP. HCM,2,51621
2025-07-30,MN,TP. HCM,3,68099 - 62296 - 59695 - 35947 - 85208 - 63924
2025-07-30,MN,TP. HCM,4,17173 - 58827 - 31026 - 59402 - 46567 - 54482
2025-07-30,MN,TP. HCM,5,84429 - 93694 - 38309
2025-07-30,MN,TP. HCM,6,41789 - 12554 - 77833
2025-07-30,MN,TP. HCM,7,68537 - 42127 - 23938 - 96066
2025-07-30,MN,TP. HCM,8,70076
2025-07-30,MN,Đồng Tháp,ĐB,74256
2025-07-30,MN,Đồng Tháp,1,40527
2025-07-30,MN,Đồng Tháp,2,70240
2025-07-30,MN,Đồng Tháp,3,46911 - 66685 - 84740 - 36872 - 29004 - 85549
2025-07-30,MN,Đồng Tháp,4,27537 - 29883 - 44156 - 13514 - 58432 - 90742
2025-07-30,MN,Đồng Tháp,5,11340 - 03534 - 75042
2025-07-30,MN,Đồng Tháp,6,77716 - 22976 - 73250
2025-07-30,MN,Đồng Tháp,7,65472 - 52029 - 01832 - 80868
2025-07-30,MN,Đồng Tháp,8,56231
2025-07-30,MN,Cà Mau,ĐB,13176
2025-07-30,MN,Cà Mau,1,39786
2025-07-30,MN,Cà Mau,2,54257
2025-07-30,MN,Cà Mau,3,61802 - 71002 - 34979 - 73506 - 54042 - 81582
2025-07-30,MN,Cà Mau,4,61197 - 19986 - 78757 - 34726 - 24372 - 27104
2025-07-30,MN,Cà Mau,5,85214 - 38502 - 06671
2025-07-30,MN,Cà Mau,6,51244 - 51165 - 21486
2025-07-30,MN,Cà Mau,7,41790 - 55187 - 58944 - 99072
2025-07-30,MN,Cà Mau,8,49455
2025-07-31,MB,Hà Nội,ĐB,97517
2025-07-31,MB,Hà Nội,1,28593
2025-07-31,MB,Hà Nội,2,91627
2025-07-31,MB,Hà Nội,3,38711 - 24740 - 08610 - 13585 - 68696 - 20516
2025-07-31,MB,Hà Nội,4,85950 - 44321 - 16462 - 89937 - 64867 - 41220
2025-07-31,MB,Hà Nội,5,00838 - 03434 - 69309
2025-07-31,MB,Hà Nội,6,89134 - 07076 - 30807
2025-07-31,MB,Hà Nội,7,87146 - 21300 - 05052 - 42896
2025-07-31,MT,Đà Nẵng,ĐB,76866
2025-07-31,MT,Đà Nẵng,1,06866
2025-07-31,MT,Đà Nẵng,2,52362
2025-07-31,MT,Đà Nẵng,3,07854 - 91381 - 63074 - 08277 - 67845 - 82580
2025-07-31,MT,Đà Nẵng,4,99390 - 70684 - 60333 - 51179 - 53182 - 21023
2025-07-31,MT,Đà Nẵng,5,81274 - 94793 - 87132
2025-07-31,MT,Đà Nẵng,6,96456 - 42256 - 91355
2025-07-31,MT,Đà Nẵng,7,33117 - 81065 - 93154 - 39831
2025-07-31,MT,Đà Nẵng,8,59225
2025-07-31,MT,Khánh Hòa,ĐB,00821
2025-07-31,MT,Khánh Hòa,1,73087
2025-07-31,MT,Khánh Hòa,2,28736
2025-07-31,MT,Khánh Hòa,3,63836 - 07860 - 14746 - 29828 - 53307 - 02344
2025-07-31,MT,Khánh Hòa,4,14610 - 49783 - 03602 - 69170 - 59071 - 57839
2025-07-31,MT,Khánh Hòa,5,79380 - 20101 - 93850
2025-07-31,MT,Khánh Hòa,6,62116 - 71623 - 53621
2025-07-31,MT,Khánh Hòa,7,47972 - 86078 - 21144 - 41299
2025-07-31,MT,Khánh Hòa,8,17485
2025-07-31,MN,TP. HCM,ĐB,56048
2025-07-31,MN,TP. HCM,1,19304
2025-07-31,MN,TP. HCM,2,44717
2025-07-31,MN,TP. HCM,3,93258 - 24086 - 16635 - 28778 - 53899 - 62019
2025-07-31,MN,TP. HCM,4,37187 - 45683 - 38825 - 49456 - 89332 - 26942
2025-07-31,MN,TP. HCM,5,38861 - 09831 - 22570
2025-07-31,MN,TP. HCM,6,75057 - 60550 - 41358
2025-07-31,MN,TP. HCM,7,85081 - 94950 - 85064 - 47653
2025-07-31,MN,TP. HCM,8,33515
2025-07-31,MN,Đồng Tháp,ĐB,54957
2025-07-31,MN,Đồng Tháp,1,88264
2025-07-31,MN,Đồng Tháp,2,08043
2025-07-31,MN,Đồng Tháp,3,87498 - 43363 - 23740 - 23631 - 63598 - 96704
2025-07-31,MN,Đồng Tháp,4,82477 - 05168 - 93737 - 55864 - 05462 - 26839
2025-07-31,MN,Đồng Tháp,5,87087 - 21127 - 62231
2025-07-31,MN,Đồng Tháp,6,06740 - 35799 - 22319
2025-07-31,MN,Đồng Tháp,7,15033 - 85919 - 88956 - 03575
2025-07-31,MN,Đồng Tháp,8,85265
2025-07-31,MN,Cà Mau,ĐB,39957
2025-07-31,MN,Cà Mau,1,02034
2025-07-31,MN,Cà Mau,2,32116
2025-07-31,MN,Cà Mau,3,91754 - 69952 - 35802 - 76274 - 47626 - 89845
2025-07-31,MN,Cà Mau,4,58177 - 27498 - 81080 - 39920 - 52529 - 67457
2025-07-31,MN,Cà Mau,5,48843 - 96751 - 03295
2025-07-31,MN,Cà Mau,6,20386 - 06896 - 69225
2025-07-31,MN,Cà Mau,7,09648 - 70512 - 73051 - 21142
2025-07-31,MN,Cà Mau,8,63440
2025-08-01,MB,Hà Nội,ĐB,87275
2025-08-01,MB,Hà Nội,1,90888
2025-08-01,MB,Hà Nội,2,77947
2025-08-01,MB,Hà Nội,3,86977 - 79534 - 18007 - 27857 - 48919 - 92413
2025-08-01,MB,Hà Nội,4,80603 - 22682 - 32330 - 02637 - 27959 - 88123
2025-08-01,MB,Hà Nội,5,04945 - 50355 - 27275
2025-08-01,MB,Hà Nội,6,59596 - 51046 - 70235
2025-08-01,MB,Hà Nội,7,52195 - 86238 - 51676 - 21159
2025-08-01,MT,Đà Nẵng,ĐB,86881
2025-08-01,MT,Đà Nẵng,1,51557
2025-08-01,MT,Đà Nẵng,2,25327
2025-08-01,MT,Đà Nẵng,3,06784 - 54973 - 79671 - 75011 - 86025 - 69626
2025-08-01,MT,Đà Nẵng,4,17859 - 61146 - 01003 - 48703 - 89994 - 24003
2025-08-01,MT,Đà Nẵng,5,12964 - 43814 - 09057
2025-08-01,MT,Đà Nẵng,6,28181 - 43790 - 10579
2025-08-01,MT,Đà Nẵng,7,38023 - 34060 - 43855 - 87535
2025-08-01,MT,Đà Nẵng,8,19873
2025-08-01,MT,Khánh Hòa,ĐB,84202
2025-08-01,MT,Khánh Hòa,1,81915
2025-08-01,MT,Khánh Hòa,2,15130
2025-08-01,MT,Khánh Hòa,3,30850 - 51840 - 35894 - 65091 - 37055 - 71039
2025-08-01,MT,Khánh Hòa,4,03319 - 58920 - 37346 - 27118 - 33130 - 81891
2025-08-01,MT,Khánh Hòa,5,63147 - 37621 - 63676
2025-08-01,MT,Khánh Hòa,6,92347 - 37639 - 14762
2025-08-01,MT,Khánh Hòa,7,98677 - 10137 - 82780 - 89550
2025-08-01,MT,Khánh Hòa,8,67942
2025-08-01,MN,TP. HCM,ĐB,74973
2025-08-01,MN,TP. HCM,1,38646
2025-08-01,MN,TP. HCM,2,23182
2025-08-01,MN,TP. HCM,3,99064 - 07923 - 04045 - 45852 - 94212 - 44893
2025-08-01,MN,TP. HCM,4,44312 - 75279 - 60749 - 93858 - 37943 - 55763
2025-08-01,MN,TP. HCM,5,92481 - 20140 - 72523
2025-08-01,MN,TP. HCM,6,35958 - 19321 - 13108
2025-08-01,MN,TP. HCM,7,79892 - 66418 - 84675 - 23850
2025-08-01,MN,TP. HCM,8,30487
2025-08-01,MN,Đồng Tháp,ĐB,54332
2025-08-01,MN,Đồng Tháp,1,10580
2025-08-01,MN,Đồng Tháp,2,50875
2025-08-01,MN,Đồng Tháp,3,32888 - 97156 - 98234 - 98852 - 04514 - 42052
2025-08-01,MN,Đồng Tháp,4,63493 - 62773 - 73329 - 90260 - 65033 - 00981
2025-08-01,MN,Đồng Tháp,5,93157 - 87480 - 60735
2025-08-01,MN,Đồng Tháp,6,59194 - 77462 - 19580
2025-08-01,MN,Đồng Tháp,7,60191 - 02636 - 87134 - 99791
2025-08-01,MN,Đồng Tháp,8,62471
2025-08-01,MN,Cà Mau,ĐB,17342
2025-08-01,MN,Cà Mau,1,25371
2025-08-01,MN,Cà Mau,2,77208
2025-08-01,MN,Cà Mau,3,04123 - 32941 - 33643 - 36108 - 30902 - 09975
2025-08-01,MN,Cà Mau,4,76773 - 44189 - 87946 - 91074 - 32319 - 43069
2025-08-01,MN,Cà Mau,5,87657 - 29729 - 81430
2025-08-01,MN,Cà Mau,6,69064 - 36199 - 04563
2025-08-01,MN,Cà Mau,7,62016 - 41667 - 58439 - 90533
2025-08-01,MN,Cà Mau,8,00330
2025-08-02,MB,Hà Nội,ĐB,83912
2025-08-02,MB,Hà Nội,1,89642
2025-08-02,MB,Hà Nội,2,24321
2025-08-02,MB,Hà Nội,3,66947 - 78818 - 16172 - 28898 - 89629 - 78283
2025-08-02,MB,Hà Nội,4,74062 - 92902 - 20771 - 06124 - 06023 - 67710
2025-08-02,MB,Hà Nội,5,03369 - 91979 - 92010
2025-08-02,MB,Hà Nội,6,54998 - 38496 - 83445
2025-08-02,MB,Hà Nội,7,58959 - 42973 - 37523 - 32728
2025-08-02,MT,Đà Nẵng,ĐB,82934
2025-08-02,MT,Đà Nẵng,1,31837
2025-08-02,MT,Đà Nẵng,2,78950
2025-08-02,MT,Đà Nẵng,3,86150 - 24843 - 66249 - 98001 - 53030 - 89190
2025-08-02,MT,Đà Nẵng,4,31787 - 68065 - 25951 - 41542 - 83297 - 60643
2025-08-02,MT,Đà Nẵng,5,87243 - 87091 - 12273
2025-08-02,MT,Đà Nẵng,6,75504 - 01067 - 54718
2025-08-02,MT,Đà Nẵng,7,78008 - 22456 - 42028 - 59909
2025-08-02,MT,Đà Nẵng,8,80687
2025-08-02,MT,Khánh Hòa,ĐB,73806
2025-08-02,MT,Khánh Hòa,1,39150
2025-08-02,MT,Khánh Hòa,2,22568
2025-08-02,MT,Khánh Hòa,3,06773 - 80794 - 03444 - 76411 - 95797 - 24096
2025-08-02,MT,Khánh Hòa,4,86613 - 87990 - 11556 - 77910 - 58050 - 34654
2025-08-02,MT,Khánh Hòa,5,43018 - 11674 - 35951
2025-08-02,MT,Khánh Hòa,6,66866 - 31522 - 34997
2025-08-02,MT,Khánh Hòa,7,68429 - 23403 - 36675 - 76945
2025-08-02,MT,Khánh Hòa,8,94410
2025-08-02,MN,TP. HCM,ĐB,82130
2025-08-02,MN,TP. HCM,1,64128
2025-08-02,MN,TP. HCM,2,19190
2025-08-02,MN,TP. HCM,3,26798 - 24652 - 00586 - 51348 - 58481 - 33772
2025-08-02,MN,TP. HCM,4,93181 - 46753 - 16536 - 25446 - 05064 - 35763
2025-08-02,MN,TP. HCM,5,99836 - 50478 - 74780
2025-08-02,MN,TP. HCM,6,05096 - 85561 - 00013
2025-08-02,MN,TP. HCM,7,90812 - 59557 - 31757 - 49175
2025-08-02,MN,TP. HCM,8,30704
2025-08-02,MN,Đồng Tháp,ĐB,09570
2025-08-02,MN,Đồng Tháp,1,80201
2025-08-02,MN,Đồng Tháp,2,46018
2025-08-02,MN,Đồng Tháp,3,82293 - 88247 - 36704 - 98537 - 70591 - 57807
2025-08-02,MN,Đồng Tháp,4,57478 - 93546 - 95414 - 34226 - 05297 - 48133
2025-08-02,MN,Đồng Tháp,5,30434 - 61040 - 53053
2025-08-02,MN,Đồng Tháp,6,14334 - 45565 - 84669
2025-08-02,MN,Đồng Tháp,7,41085 - 58316 - 97934 - 27378
2025-08-02,MN,Đồng Tháp,8,55330
2025-08-02,MN,Cà Mau,ĐB,00076
2025-08-02,MN,Cà Mau,1,80967
2025-08-02,MN,Cà Mau,2,91403
2025-08-02,MN,Cà Mau,3,48042 - 79948 - 73462 - 28629 - 76347 - 78490
2025-08-02,MN,Cà Mau,4,28546 - 65996 - 69298 - 78100 - 53010 - 27452
2025-08-02,MN,Cà Mau,5,14278 - 18345 - 39026
2025-08-02,MN,Cà Mau,6,92636 - 50849 - 36757
2025-08-02,MN,Cà Mau,7,86373 - 30754 - 32528 - 39435
2025-08-02,MN,Cà Mau,8,14708
2025-08-03,MB,Hà Nội,ĐB,25638
2025-08-03,MB,Hà Nội,1,93501
2025-08-03,MB,Hà Nội,2,48207
2025-08-03,MB,Hà Nội,3,42140 - 67912 - 58772 - 40474 - 73805 - 32040
2025-08-03,MB,Hà Nội,4,32008 - 37027 - 56976 - 36657 - 84627 - 29844
2025-08-03,MB,Hà Nội,5,52641 - 40725 - 85252
2025-08-03,MB,Hà Nội,6,69480 - 81539 - 19137
2025-08-03,MB,Hà Nội,7,99158 - 71012 - 17983 - 49493
2025-08-03,MT,Đà Nẵng,ĐB,52995
2025-08-03,MT,Đà Nẵng,1,29101
2025-08-03,MT,Đà Nẵng,2,30171
2025-08-03,MT,Đà Nẵng,3,70338 - 51413 - 42745 - 35446 - 27541 - 41866
2025-08-03,MT,Đà Nẵng,4,95364 - 38045 - 31258 - 44684 - 20129 - 44569
2025-08-03,MT,Đà Nẵng,5,86504 - 25928 - 57375
2025-08-03,MT,Đà Nẵng,6,71204 - 68838 - 32485
2025-08-03,MT,Đà Nẵng,7,34180 - 84131 - 64744 - 47477
2025-08-03,MT,Đà Nẵng,8,55564
2025-08-03,MT,Khánh Hòa,ĐB,10664
2025-08-03,MT,Khánh Hòa,1,26479
2025-08-03,MT,Khánh Hòa,2,54221
2025-08-03,MT,Khánh Hòa,3,44121 - 96754 - 54179 - 45028 - 78993 - 87146
2025-08-03,MT,Khánh Hòa,4,70269 - 16389 - 96576 - 55898 - 03809 - 88923
2025-08-03,MT,Khánh Hòa,5,72336 - 31680 - 91265
2025-08-03,MT,Khánh Hòa,6,87101 - 45859 - 32696
2025-08-03,MT,Khánh Hòa,7,79102 - 91099 - 48040 - 71109
2025-08-03,MT,Khánh Hòa,8,59011
2025-08-03,MN,TP. HCM,ĐB,44789
2025-08-03,MN,TP. HCM,1,73363
2025-08-03,MN,TP. HCM,2,00843
2025-08-03,MN,TP. HCM,3,08587 - 19189 - 47682 - 62111 - 44537 - 42703
2025-08-03,MN,TP. HCM,4,97259 - 56760 - 91797 - 57953 - 17007 - 46284
2025-08-03,MN,TP. HCM,5,66276 - 19802 - 45604
2025-08-03,MN,TP. HCM,6,70718 - 25527 - 28406
2025-08-03,MN,TP. HCM,7,43117 - 48977 - 33449 - 53888
2025-08-03,MN,TP. HCM,8,68496
2025-08-03,MN,Đồng Tháp,ĐB,61513
2025-08-03,MN,Đồng Tháp,1,21387
2025-08-03,MN,Đồng Tháp,2,12233
2025-08-03,MN,Đồng Tháp,3,02016 - 93949 - 30925 - 03262 - 12483 - 64844
2025-08-03,MN,Đồng Tháp,4,84430 - 67404 - 88781 - 22513 - 15611 - 84147
2025-08-03,MN,Đồng Tháp,5,83945 - 28791 - 27900
2025-08-03,MN,Đồng Tháp,6,58149 - 92441 - 19463
2025-08-03,MN,Đồng Tháp,7,53485 - 98163 - 06680 - 94677
2025-08-03,MN,Đồng Tháp,8,90149
2025-08-03,MN,Cà Mau,ĐB,56549
2025-08-03,MN,Cà Mau,1,36424
2025-08-03,MN,Cà Mau,2,38562
2025-08-03,MN,Cà Mau,3,73928 - 66402 - 47369 - 15259 - 58062 - 63725
2025-08-03,MN,Cà Mau,4,91111 - 80360 - 00096 - 97693 - 63502 - 15511
2025-08-03,MN,Cà Mau,5,55511 - 43669 - 57898
2025-08-03,MN,Cà Mau,6,42706 - 53617 - 88914
2025-08-03,MN,Cà Mau,7,58742 - 91843 - 92518 - 15411
2025-08-03,MN,Cà Mau,8,65959
2025-08-04,MB,Hà Nội,ĐB,85820
2025-08-04,MB,Hà Nội,1,01335
2025-08-04,MB,Hà Nội,2,79437
2025-08-04,MB,Hà Nội,3,52011 - 64728 - 81503 - 19871 - 33537 - 36117
2025-08-04,MB,Hà Nội,4,88209 - 52891 - 29021 - 50598 - 46591 - 16988
2025-08-04,MB,Hà Nội,5,69015 - 77798 - 05343
2025-08-04,MB,Hà Nội,6,69515 - 72924 - 10822
2025-08-04,MB,Hà Nội,7,34011 - 65629 - 57230 - 11607
2025-08-04,MT,Đà Nẵng,ĐB,49705
2025-08-04,MT,Đà Nẵng,1,14162
2025-08-04,MT,Đà Nẵng,2,17319
2025-08-04,MT,Đà Nẵng,3,08242 - 27217 - 88450 - 46103 - 18983 - 63907
2025-08-04,MT,Đà Nẵng,4,71134 - 54096 - 64922 - 41661 - 55290 - 05253
2025-08-04,MT,Đà Nẵng,5,35757 - 31493 - 27014
2025-08-04,MT,Đà Nẵng,6,94201 - 98496 - 88574
2025-08-04,MT,Đà Nẵng,7,00715 - 62423 - 34531 - 44565
2025-08-04,MT,Đà Nẵng,8,98008
2025-08-04,MT,Khánh Hòa,ĐB,38565
2025-08-04,MT,Khánh Hòa,1,66696
2025-08-04,MT,Khánh Hòa,2,56969
2025-08-04,MT,Khánh Hòa,3,82648 - 71234 - 17021 - 89947 - 76991 - 17405
2025-08-04,MT,Khánh Hòa,4,89070 - 83489 - 22368 - 20436 - 61968 - 27144
2025-08-04,MT,Khánh Hòa,5,10385 - 84885 - 73594
2025-08-04,MT,Khánh Hòa,6,34576 - 31288 - 83812
2025-08-04,MT,Khánh Hòa,7,42047 - 18903 - 98028 - 54155
2025-08-04,MT,Khánh Hòa,8,47933
2025-08-04,MN,TP. HCM,ĐB,03997
2025-08-04,MN,TP. HCM,1,97299
2025-08-04,MN,TP. HCM,2,31129
2025-08-04,MN,TP. HCM,3,75944 - 93668 - 96479 - 31535 - 08459 - 82821
2025-08-04,MN,TP. HCM,4,45075 - 38057 - 97462 - 76117 - 23846 - 85824
2025-08-04,MN,TP. HCM,5,39605 - 69349 - 67888
2025-08-04,MN,TP. HCM,6,04782 - 30787 - 71001
2025-08-04,MN,TP. HCM,7,93838 - 47789 - 52609 - 63838
2025-08-04,MN,TP. HCM,8,28218
2025-08-04,MN,Đồng Tháp,ĐB,70397
2025-08-04,MN,Đồng Tháp,1,50342
2025-08-04,MN,Đồng Tháp,2,83665
2025-08-04,MN,Đồng Tháp,3,91144 - 52524 - 62930 - 16290 - 47927 - 33655
2025-08-04,MN,Đồng Tháp,4,89459 - 66267 - 41369 - 80479 - 83007 - 42891
2025-08-04,MN,Đồng Tháp,5,28605 - 47240 - 28266
2025-08-04,MN,Đồng Tháp,6,54934 - 18172 - 72206
2025-08-04,MN,Đồng Tháp,7,47886 - 20020 - 39356 - 11728
2025-08-04,MN,Đồng Tháp,8,92297
2025-08-04,MN,Cà Mau,ĐB,55288
2025-08-04,MN,Cà Mau,1,35919
2025-08-04,MN,Cà Mau,2,84083
2025-08-04,MN,Cà Mau,3,12599 - 47797 - 20353 - 41988 - 36231 - 87431
2025-08-04,MN,Cà Mau,4,85115 - 34436 - 66791 - 38888 - 12833 - 22805
2025-08-04,MN,Cà Mau,5,99820 - 86941 - 68839
2025-08-04,MN,Cà Mau,6,47946 - 67473 - 35029
2025-08-04,MN,Cà Mau,7,09165 - 29446 - 89579 - 67338
2025-08-04,MN,Cà Mau,8,51294
2025-08-05,MB,Hà Nội,ĐB,00017
2025-08-05,MB,Hà Nội,1,25049
2025-08-05,MB,Hà Nội,2,67762
2025-08-05,MB,Hà Nội,3,97665 - 61203 - 46744 - 13773 - 76077 - 27854
2025-08-05,MB,Hà Nội,4,28730 - 26578 - 61432 - 20003 - 14468 - 93741
2025-08-05,MB,Hà Nội,5,64492 - 02987 - 62051
2025-08-05,MB,Hà Nội,6,27035 - 87106 - 69929
2025-08-05,MB,Hà Nội,7,60893 - 90969 - 68498 - 61254
2025-08-05,MT,Đà Nẵng,ĐB,65715
2025-08-05,MT,Đà Nẵng,1,78684
2025-08-05,MT,Đà Nẵng,2,75901
2025-08-05,MT,Đà Nẵng,3,35949 - 36069 - 51579 - 85840 - 44999 - 23215
2025-08-05,MT,Đà Nẵng,4,24973 - 15775 - 08939 - 47089 - 89682 - 76405
2025-08-05,MT,Đà Nẵng,5,16194 - 45571 - 22701
2025-08-05,MT,Đà Nẵng,6,76374 - 88054 - 83803
2025-08-05,MT,Đà Nẵng,7,92273 - 80242 - 22938 - 63901
2025-08-05,MT,Đà Nẵng,8,44449
2025-08-05,MT,Khánh Hòa,ĐB,34340
2025-08-05,MT,Khánh Hòa,1,39216
2025-08-05,MT,Khánh Hòa,2,37224
2025-08-05,MT,Khánh Hòa,3,25182 - 98199 - 28368 - 59012 - 26127 - 00338
2025-08-05,MT,Khánh Hòa,4,22113 - 29108 - 97194 - 95839 - 56743 - 46742
2025-08-05,MT,Khánh Hòa,5,37083 - 44310 - 44279
2025-08-05,MT,Khánh Hòa,6,77993 - 30944 - 58691
2025-08-05,MT,Khánh Hòa,7,03352 - 40373 - 96085 - 10057
2025-08-05,MT,Khánh Hòa,8,49914
2025-08-05,MN,TP. HCM,ĐB,63052
2025-08-05,MN,TP. HCM,1,72943
2025-08-05,MN,TP. HCM,2,35339
2025-08-05,MN,TP. HCM,3,27640 - 04838 - 09566 - 31461 - 52407 - 00848
2025-08-05,MN,TP. HCM,4,38708 - 07308 - 03785 - 56478 - 35621 - 68433
2025-08-05,MN,TP. HCM,5,00888 - 64845 - 02716
2025-08-05,MN,TP. HCM,6,53158 - 41875 - 78429
2025-08-05,MN,TP. HCM,7,32821 - 82222 - 26185 - 54667
2025-08-05,MN,TP. HCM,8,79936
2025-08-05,MN,Đồng Tháp,ĐB,88981
2025-08-05,MN,Đồng Tháp,1,48927
2025-08-05,MN,Đồng Tháp,2,35995
2025-08-05,MN,Đồng Tháp,3,49754 - 55268 - 89846 - 40271 - 72313 - 83065
2025-08-05,MN,Đồng Tháp,4,26434 - 30027 - 90376 - 34573 - 92785 - 44512
2025-08-05,MN,Đồng Tháp,5,85966 - 54040 - 52705
2025-08-05,MN,Đồng Tháp,6,96113 - 88133 - 65791
2025-08-05,MN,Đồng Tháp,7,48806 - 43439 - 80682 - 55897
2025-08-05,MN,Đồng Tháp,8,83240
2025-08-05,MN,Cà Mau,ĐB,91461
2025-08-05,MN,Cà Mau,1,39070
2025-08-05,MN,Cà Mau,2,68310
2025-08-05,MN,Cà Mau,3,92368 - 21079 - 88642 - 44474 - 15415 - 55070
2025-08-05,MN,Cà Mau,4,97947 - 08025 - 21080 - 39209 - 25876 - 14255
2025-08-05,MN,Cà Mau,5,86434 - 48767 - 10285
2025-08-05,MN,Cà Mau,6,97968 - 88605 - 56468
2025-08-05,MN,Cà Mau,7,44758 - 93040 - 55029 - 89748
2025-08-05,MN,Cà Mau,8,85957
2025-08-06,MB,Hà Nội,ĐB,73792
2025-08-06,MB,Hà Nội,1,74394
2025-08-06,MB,Hà Nội,2,85109
2025-08-06,MB,Hà Nội,3,48764 - 26374 - 30276 - 34611 - 03355 - 75502
2025-08-06,MB,Hà Nội,4,43339 - 57546 - 95235 - 64993 - 43982 - 80436
2025-08-06,MB,Hà Nội,5,89202 - 40158 - 30882
2025-08-06,MB,Hà Nội,6,52548 - 89590 - 27775
2025-08-06,MB,Hà Nội,7,07609 - 87977 - 11150 - 40356
2025-08-06,MT,Đà Nẵng,ĐB,32548
2025-08-06,MT,Đà Nẵng,1,46451
2025-08-06,MT,Đà Nẵng,2,54909
2025-08-06,MT,Đà Nẵng,3,60288 - 93973 - 24795 - 26487 - 51789 - 71350
2025-08-06,MT,Đà Nẵng,4,70678 - 65504 - 51509 - 82458 - 65585 - 24274
2025-08-06,MT,Đà Nẵng,5,08750 - 12621 - 41288
2025-08-06,MT,Đà Nẵng,6,44088 - 49360 - 40193
2025-08-06,MT,Đà Nẵng,7,13586 - 73506 - 60828 - 64352
2025-08-06,MT,Đà Nẵng,8,96880
2025-08-06,MT,Khánh Hòa,ĐB,35849
2025-08-06,MT,Khánh Hòa,1,01234
2025-08-06,MT,Khánh Hòa,2,63996
2025-08-06,MT,Khánh Hòa,3,93521 - 16071 - 07338 - 05865 - 82727 - 18421
2025-08-06,MT,Khánh Hòa,4,69561 - 85349 - 76847 - 68540 - 32028 - 49196
2025-08-06,MT,Khánh Hòa,5,96237 - 50691 - 40127
2025-08-06,MT,Khánh Hòa,6,24600 - 09097 - 18179
2025-08-06,MT,Khánh Hòa,7,41694 - 85153 - 85903 - 48721
2025-08-06,MT,Khánh Hòa,8,83660
2025-08-06,MN,TP. HCM,ĐB,46501
2025-08-06,MN,TP. HCM,1,97998
2025-08-06,MN,TP. HCM,2,48865
2025-08-06,MN,TP. HCM,3,98991 - 95641 - 34590 - 78547 - 91150 - 11550
2025-08-06,MN,TP. HCM,4,05079 - 21366 - 68413 - 11545 - 00177 - 00647
2025-08-06,MN,TP. HCM,5,48194 - 08908 - 27905
2025-08-06,MN,TP. HCM,6,79312 - 08568 - 48308
2025-08-06,MN,TP. HCM,7,54698 - 65441 - 73719 - 03981
2025-08-06,MN,TP. HCM,8,92368
2025-08-06,MN,Đồng Tháp,ĐB,46451
2025-08-06,MN,Đồng Tháp,1,97552
2025-08-06,MN,Đồng Tháp,2,55101
2025-08-06,MN,Đồng Tháp,3,38880 - 04716 - 63989 - 67376 - 35970 - 58954
2025-08-06,MN,Đồng Tháp,4,53560 - 72041 - 27955 - 73454 - 62048 - 16958
2025-08-06,MN,Đồng Tháp,5,68944 - 35004 - 54801
2025-08-06,MN,Đồng Tháp,6,95431 - 90817 - 68220
2025-08-06,MN,Đồng Tháp,7,79802 - 50519 - 14500 - 23565
2025-08-06,MN,Đồng Tháp,8,54965
2025-08-06,MN,Cà Mau,ĐB,48448
2025-08-06,MN,Cà Mau,1,70125
2025-08-06,MN,Cà Mau,2,10714
2025-08-06,MN,Cà Mau,3,34242 - 11303 - 45633 - 23794 - 06060 - 31405
2025-08-06,MN,Cà Mau,4,48758 - 40109 - 74875 - 05809 - 77709 - 56379
2025-08-06,MN,Cà Mau,5,46906 - 95337 - 47832
2025-08-06,MN,Cà Mau,6,45264 - 29511 - 09216
2025-08-06,MN,Cà Mau,7,75974 - 86135 - 49224 - 36556
2025-08-06,MN,Cà Mau,8,11461
2025-08-07,MB,Hà Nội,ĐB,29367
2025-08-07,MB,Hà Nội,1,79258
2025-08-07,MB,Hà Nội,2,27609
2025-08-07,MB,Hà Nội,3,24732 - 02433 - 92177 - 29368 - 72651 - 07321
2025-08-07,MB,Hà Nội,4,00194 - 64455 - 17782 - 52359 - 78682 - 55082
2025-08-07,MB,Hà Nội,5,83787 - 69746 - 08132
2025-08-07,MB,Hà Nội,6,64637 - 41307 - 41200
2025-08-07,MB,Hà Nội,7,78596 - 04318 - 85124 - 71246
2025-08-07,MT,Đà Nẵng,ĐB,65462
2025-08-07,MT,Đà Nẵng,1,23850
2025-08-07,MT,Đà Nẵng,2,28677
2025-08-07,MT,Đà Nẵng,3,23799 - 12563 - 39066 - 67263 - 52473 - 13994
2025-08-07,MT,Đà Nẵng,4,41018 - 66136 - 99787 - 04967 - 59885 - 25860
2025-08-07,MT,Đà Nẵng,5,00329 - 49175 - 63699
2025-08-07,MT,Đà Nẵng,6,77767 - 55980 - 99699
2025-08-07,MT,Đà Nẵng,7,84190 - 04585 - 57137 - 67840
2025-08-07,MT,Đà Nẵng,8,96949
2025-08-07,MT,Khánh Hòa,ĐB,49645
2025-08-07,MT,Khánh Hòa,1,07961
2025-08-07,MT,Khánh Hòa,2,98353
2025-08-07,MT,Khánh Hòa,3,11683 - 72843 - 28867 - 44436 - 64596 - 76311
2025-08-07,MT,Khánh Hòa,4,02416 - 99708 - 45558 - 64776 - 73185 - 66366
2025-08-07,MT,Khánh Hòa,5,99839 - 77884 - 36994
2025-08-07,MT,Khánh Hòa,6,61228 - 99044 - 90118
2025-08-07,MT,Khánh Hòa,7,29433 - 37139 - 62171 - 85065
2025-08-07,MT,Khánh Hòa,8,64026
2025-08-07,MN,TP. HCM,ĐB,29285
2025-08-07,MN,TP. HCM,1,27885
2025-08-07,MN,TP. HCM,2,52934
2025-08-07,MN,TP. HCM,3,76269 - 60570 - 85881 - 59854 - 91979 - 20242
2025-08-07,MN,TP. HCM,4,14186 - 45360 - 41207 - 18335 - 70165 - 55589
2025-08-07,MN,TP. HCM,5,32146 - 77054 - 85035
2025-08-07,MN,TP. HCM,6,19294 - 40882 - 16217
2025-08-07,MN,TP. HCM,7,62230 - 16961 - 92006 - 89138
2025-08-07,MN,TP. HCM,8,51103
2025-08-07,MN,Đồng Tháp,ĐB,12615
2025-08-07,MN,Đồng Tháp,1,35532
2025-08-07,MN,Đồng Tháp,2,50185
2025-08-07,MN,Đồng Tháp,3,62004 - 20543 - 23641 - 97934 - 37474 - 78681
2025-08-07,MN,Đồng Tháp,4,46910 - 33875 - 89443 - 65711 - 95402 - 58351
2025-08-07,MN,Đồng Tháp,5,86179 - 99084 - 49190
2025-08-07,MN,Đồng Tháp,6,98673 - 99614 - 02526
2025-08-07,MN,Đồng Tháp,7,44354 - 95196 - 20648 - 47250
2025-08-07,MN,Đồng Tháp,8,86907
2025-08-07,MN,Cà Mau,ĐB,47165
2025-08-07,MN,Cà Mau,1,19044
2025-08-07,MN,Cà Mau,2,50751
2025-08-07,MN,Cà Mau,3,75306 - 78856 - 21818 - 63571 - 48924 - 20797
2025-08-07,MN,Cà Mau,4,26945 - 96209 - 83264 - 68286 - 49593 - 41295
2025-08-07,MN,Cà Mau,5,79152 - 31105 - 39540
2025-08-07,MN,Cà Mau,6,13845 - 82138 - 35942
2025-08-07,MN,Cà Mau,7,63169 - 02949 - 33056 - 67389
2025-08-07,MN,Cà Mau,8,71344
2025-08-08,MB,Hà Nội,ĐB,28783
2025-08-08,MB,Hà Nội,1,39091
2025-08-08,MB,Hà Nội,2,73017
2025-08-08,MB,Hà Nội,3,92972 - 12768 - 45008 - 47087 - 74557 - 31769
2025-08-08,MB,Hà Nội,4,66227 - 96420 - 22875 - 43648 - 43112 - 79442
2025-08-08,MB,Hà Nội,5,75376 - 38755 - 84003
2025-08-08,MB,Hà Nội,6,90087 - 06489 - 77272
2025-08-08,MB,Hà Nội,7,82046 - 46003 - 13963 - 36786
2025-08-08,MT,Đà Nẵng,ĐB,72432
2025-08-08,MT,Đà Nẵng,1,02342
2025-08-08,MT,Đà Nẵng,2,53691
2025-08-08,MT,Đà Nẵng,3,35543 - 17578 - 46727 - 78980 - 91332 - 36837
2025-08-08,MT,Đà Nẵng,4,21531 - 88501 - 93470 - 13551 - 11589 - 66091
2025-08-08,MT,Đà Nẵng,5,47534 - 67538 - 27836
2025-08-08,MT,Đà Nẵng,6,31296 - 45830 - 58473
2025-08-08,MT,Đà Nẵng,7,35879 - 56037 - 32959 - 97684
2025-08-08,MT,Đà Nẵng,8,13985
2025-08-08,MT,Khánh Hòa,ĐB,49977
2025-08-08,MT,Khánh Hòa,1,60585
2025-08-08,MT,Khánh Hòa,2,57309
2025-08-08,MT,Khánh Hòa,3,95179 - 48252 - 20971 - 80377 - 37898 - 68064
2025-08-08,MT,Khánh Hòa,4,61393 - 13597 - 91774 - 79996 - 18099 - 15913
2025-08-08,MT,Khánh Hòa,5,20490 - 85289 - 95779
2025-08-08,MT,Khánh Hòa,6,15138 - 52948 - 85177
2025-08-08,MT,Khánh Hòa,7,50211 - 12688 - 11831 - 52599
2025-08-08,MT,Khánh Hòa,8,31728
2025-08-08,MN,TP. HCM,ĐB,33488
2025-08-08,MN,TP. HCM,1,11927
2025-08-08,MN,TP. HCM,2,21842
2025-08-08,MN,TP. HCM,3,24829 - 89837 - 10166 - 95789 - 29053 - 25088
2025-08-08,MN,TP. HCM,4,80135 - 53369 - 15528 - 58857 - 99400 - 37224
2025-08-08,MN,TP. HCM,5,93650 - 66010 - 94770
2025-08-08,MN,TP. HCM,6,63923 - 23290 - 50390
2025-08-08,MN,TP. HCM,7,60254 - 75068 - 58035 - 98353
2025-08-08,MN,TP. HCM,8,67430
2025-08-08,MN,Đồng Tháp,ĐB,19526
2025-08-08,MN,Đồng Tháp,1,72664
2025-08-08,MN,Đồng Tháp,2,75779
2025-08-08,MN,Đồng Tháp,3,24677 - 23322 - 49642 - 65325 - 40534 - 88202
2025-08-08,MN,Đồng Tháp,4,63740 - 09807 - 92109 - 71163 - 88755 - 93540
2025-08-08,MN,Đồng Tháp,5,61728 - 33843 - 73971
2025-08-08,MN,Đồng Tháp,6,94666 - 97580 - 60310
2025-08-08,MN,Đồng Tháp,7,24496 - 20683 - 31481 - 05556
2025-08-08,MN,Đồng Tháp,8,55302
2025-08-08,MN,Cà Mau,ĐB,87873
2025-08-08,MN,Cà Mau,1,65746
2025-08-08,MN,Cà Mau,2,46212
2025-08-08,MN,Cà Mau,3,52810 - 17846 - 57460 - 66853 - 21033 - 36426
2025-08-08,MN,Cà Mau,4,76920 - 41631 - 25769 - 75905 - 20380 - 98636
2025-08-08,MN,Cà Mau,5,04259 - 91902 - 68402
2025-08-08,MN,Cà Mau,6,19491 - 64505 - 09339
2025-08-08,MN,Cà Mau,7,73230 - 44541 - 75624 - 50780
2025-08-08,MN,Cà Mau,8,55322
2025-08-09,MB,Hà Nội,ĐB,27333
2025-08-09,MB,Hà Nội,1,12797
2025-08-09,MB,Hà Nội,2,95404
2025-08-09,MB,Hà Nội,3,08657 - 38063 - 50264 - 95160 - 99819 - 51756
2025-08-09,MB,Hà Nội,4,25274 - 99409 - 22474 - 06312 - 68116 - 05036
2025-08-09,MB,Hà Nội,5,61143 - 14128 - 71481
2025-08-09,MB,Hà Nội,6,74757 - 39219 - 18794
2025-08-09,MB,Hà Nội,7,59882 - 13926 - 86154 - 46449
2025-08-09,MT,Đà Nẵng,ĐB,03187
2025-08-09,MT,Đà Nẵng,1,79276
2025-08-09,MT,Đà Nẵng,2,81408
2025-08-09,MT,Đà Nẵng,3,05644 - 77386 - 05432 - 00913 - 77111 - 89485
2025-08-09,MT,Đà Nẵng,4,58938 - 25878 - 71821 - 03644 - 25625 - 65617
2025-08-09,MT,Đà Nẵng,5,00782 - 80793 - 62470
2025-08-09,MT,Đà Nẵng,6,89697 - 94248 - 07852
2025-08-09,MT,Đà Nẵng,7,46615 - 36576 - 46932 - 47571
2025-08-09,MT,Đà Nẵng,8,73188
2025-08-09,MT,Khánh Hòa,ĐB,39503
2025-08-09,MT,Khánh Hòa,1,76902
2025-08-09,MT,Khánh Hòa,2,62664
2025-08-09,MT,Khánh Hòa,3,02504 - 12007 - 53228 - 84357 - 89347 - 49434
2025-08-09,MT,Khánh Hòa,4,38016 - 89314 - 74356 - 43059 - 57861 - 62319
2025-08-09,MT,Khánh Hòa,5,04361 - 19992 - 40363
2025-08-09,MT,Khánh Hòa,6,62722 - 81437 - 14691
2025-08-09,MT,Khánh Hòa,7,22823 - 43873 - 50038 - 59314
2025-08-09,MT,Khánh Hòa,8,97550
2025-08-09,MN,TP. HCM,ĐB,44961
2025-08-09,MN,TP. HCM,1,53495
2025-08-09,MN,TP. HCM,2,87131
2025-08-09,MN,TP. HCM,3,43669 - 89712 - 92947 - 03139 - 02697 - 85524
2025-08-09,MN,TP. HCM,4,44694 - 45415 - 43664 - 40472 - 52653 - 44119
2025-08-09,MN,TP. HCM,5,43373 - 97122 - 67447
2025-08-09,MN,TP. HCM,6,85208 - 67600 - 28934
2025-08-09,MN,TP. HCM,7,71687 - 01271 - 90485 - 54817
2025-08-09,MN,TP. HCM,8,79107
2025-08-09,MN,Đồng Tháp,ĐB,59480
2025-08-09,MN,Đồng Tháp,1,61980
2025-08-09,MN,Đồng Tháp,2,25082
2025-08-09,MN,Đồng Tháp,3,94327 - 37690 - 68167 - 93255 - 58576 - 31864
2025-08-09,MN,Đồng Tháp,4,41550 - 27414 - 81144 - 44514 - 96027 - 72770
2025-08-09,MN,Đồng Tháp,5,68950 - 32051 - 14742
2025-08-09,MN,Đồng Tháp,6,70867 - 24099 - 60067
2025-08-09,MN,Đồng Tháp,7,45809 - 82241 - 94935 - 58996
2025-08-09,MN,Đồng Tháp,8,18611
2025-08-09,MN,Cà Mau,ĐB,59609
2025-08-09,MN,Cà Mau,1,92974
2025-08-09,MN,Cà Mau,2,83886
2025-08-09,MN,Cà Mau,3,16429 - 80734 - 85714 - 77394 - 85696 - 86200
2025-08-09,MN,Cà Mau,4,03935 - 10068 - 24340 - 03222 - 79533 - 27584
2025-08-09,MN,Cà Mau,5,19533 - 30892 - 94324
2025-08-09,MN,Cà Mau,6,52695 - 02661 - 51186
2025-08-09,MN,Cà Mau,7,58643 - 94450 - 95792 - 86110
2025-08-09,MN,Cà Mau,8,33339
2025-08-10,MB,Hà Nội,ĐB,52631
2025-08-10,MB,Hà Nội,1,80186
2025-08-10,MB,Hà Nội,2,16959
2025-08-10,MB,Hà Nội,3,29249 - 10022 - 10898 - 39996 - 09556 - 88867
2025-08-10,MB,Hà Nội,4,81222 - 05667 - 24152 - 85083 - 42774 - 48136
2025-08-10,MB,Hà Nội,5,61124 - 31929 - 77397
2025-08-10,MB,Hà Nội,6,55172 - 69349 - 27928
2025-08-10,MB,Hà Nội,7,87166 - 62689 - 82368 - 30695
2025-08-10,MT,Đà Nẵng,ĐB,05989
2025-08-10,MT,Đà Nẵng,1,84261
2025-08-10,MT,Đà Nẵng,2,12883
2025-08-10,MT,Đà Nẵng,3,27770 - 15651 - 25358 - 06253 - 54498 - 36260
2025-08-10,MT,Đà Nẵng,4,77082 - 12435 - 46319 - 97723 - 79610 - 74966
2025-08-10,MT,Đà Nẵng,5,55674 - 36185 - 79005
2025-08-10,MT,Đà Nẵng,6,94443 - 43421 - 74370
2025-08-10,MT,Đà Nẵng,7,48706 - 56918 - 81313 - 34894
2025-08-10,MT,Đà Nẵng,8,91414
2025-08-10,MT,Khánh Hòa,ĐB,71691
2025-08-10,MT,Khánh Hòa,1,14068
2025-08-10,MT,Khánh Hòa,2,85158
2025-08-10,MT,Khánh Hòa,3,19285 - 87353 - 44819 - 91418 - 70455 - 13164
2025-08-10,MT,Khánh Hòa,4,42224 - 30240 - 44940 - 00565 - 95703 - 27577
2025-08-10,MT,Khánh Hòa,5,72447 - 55653 - 54701
2025-08-10,MT,Khánh Hòa,6,27884 - 93220 - 26729
2025-08-10,MT,Khánh Hòa,7,16015 - 85359 - 59101 - 48043
2025-08-10,MT,Khánh Hòa,8,45373
2025-08-10,MN,TP. HCM,ĐB,68249
2025-08-10,MN,TP. HCM,1,14443
2025-08-10,MN,TP. HCM,2,96163
2025-08-10,MN,TP. HCM,3,41916 - 29128 - 42304 - 19283 - 18095 - 19383
2025-08-10,MN,TP. HCM,4,32686 - 01891 - 93971 - 95877 - 65202 - 64127
2025-08-10,MN,TP. HCM,5,79730 - 65652 - 44958
2025-08-10,MN,TP. HCM,6,72272 - 55481 - 01345
2025-08-10,MN,TP. HCM,7,26283 - 70100 - 18200 - 69393
2025-08-10,MN,TP. HCM,8,60915
2025-08-10,MN,Đồng Tháp,ĐB,05934
2025-08-10,MN,Đồng Tháp,1,76697
2025-08-10,MN,Đồng Tháp,2,71000
2025-08-10,MN,Đồng Tháp,3,48997 - 81657 - 01491 - 72916 - 46133 - 03368
2025-08-10,MN,Đồng Tháp,4,70122 - 72362 - 14484 - 00073 - 59912 - 67096
2025-08-10,MN,Đồng Tháp,5,84319 - 67968 - 10549
2025-08-10,MN,Đồng Tháp,6,15994 - 06403 - 92650
2025-08-10,MN,Đồng Tháp,7,40610 - 67350 - 94377 - 41532
2025-08-10,MN,Đồng Tháp,8,98954
2025-08-10,MN,Cà Mau,ĐB,25451
2025-08-10,MN,Cà Mau,1,10742
2025-08-10,MN,Cà Mau,2,48037
2025-08-10,MN,Cà Mau,3,85178 - 45945 - 72060 - 41297 - 43413 - 06045
2025-08-10,MN,Cà Mau,4,29652 - 80571 - 16899 - 36198 - 76443 - 46869
2025-08-10,MN,Cà Mau,5,76911 - 97436 - 80518
2025-08-10,MN,Cà Mau,6,02060 - 75366 - 31655
2025-08-10,MN,Cà Mau,7,73622 - 61685 - 61300 - 94085
2025-08-10,MN,Cà Mau,8,50418
2025-08-11,MB,Hà Nội,ĐB,17677
2025-08-11,MB,Hà Nội,1,00122
2025-08-11,MB,Hà Nội,2,24128
2025-08-11,MB,Hà Nội,3,08275 - 92976 - 63441 - 48620 - 03975 - 14360
2025-08-11,MB,Hà Nội,4,53429 - 47916 - 40242 - 06449 - 20344 - 13899
2025-08-11,MB,Hà Nội,5,18949 - 40948 - 19880
2025-08-11,MB,Hà Nội,6,01814 - 23534 - 90522
2025-08-11,MB,Hà Nội,7,69402 - 89723 - 40183 - 31345
2025-08-11,MT,Đà Nẵng,ĐB,94199
2025-08-11,MT,Đà Nẵng,1,82287
2025-08-11,MT,Đà Nẵng,2,53570
2025-08-11,MT,Đà Nẵng,3,26863 - 25357 - 88126 - 42660 - 68674 - 30310
2025-08-11,MT,Đà Nẵng,4,41683 - 96529 - 08096 - 20201 - 81758 - 96873
2025-08-11,MT,Đà Nẵng,5,11346 - 28837 - 61373
2025-08-11,MT,Đà Nẵng,6,83019 - 12554 - 11345
2025-08-11,MT,Đà Nẵng,7,96795 - 12677 - 60923 - 00017
2025-08-11,MT,Đà Nẵng,8,37284
2025-08-11,MT,Khánh Hòa,ĐB,54641
2025-08-11,MT,Khánh Hòa,1,76232
2025-08-11,MT,Khánh Hòa,2,86781
2025-08-11,MT,Khánh Hòa,3,20960 - 51761 - 26060 - 74727 - 15065 - 42620
2025-08-11,MT,Khánh Hòa,4,53411 - 14205 - 09173 - 93357 - 13067 - 34046
2025-08-11,MT,Khánh Hòa,5,48846 - 04866 - 56924
2025-08-11,MT,Khánh Hòa,6,42621 - 19257 - 45537
2025-08-11,MT,Khánh Hòa,7,13847 - 30152 - 63392 - 11439
2025-08-11,MT,Khánh Hòa,8,49545
2025-08-11,MN,TP. HCM,ĐB,50423
2025-08-11,MN,TP. HCM,1,84576
2025-08-11,MN,TP. HCM,2,09768
2025-08-11,MN,TP. HCM,3,40149 - 51321 - 54618 - 47027 - 71464 - 14787
2025-08-11,MN,TP. HCM,4,09124 - 20516 - 55688 - 38110 - 12146 - 48676
2025-08-11,MN,TP. HCM,5,03046 - 34272 - 32581
2025-08-11,MN,TP. HCM,6,00703 - 79269 - 96821
2025-08-11,MN,TP. HCM,7,45463 - 72776 - 67010 - 60528
2025-08-11,MN,TP. HCM,8,82220
2025-08-11,MN,Đồng Tháp,ĐB,46830
2025-08-11,MN,Đồng Tháp,1,05266
2025-08-11,MN,Đồng Tháp,2,24342
2025-08-11,MN,Đồng Tháp,3,17857 - 03788 - 57354 - 98053 - 32686 - 91778
2025-08-11,MN,Đồng Tháp,4,67560 - 45364 - 58528 - 66767 - 31797 - 00106
2025-08-11,MN,Đồng Tháp,5,01621 - 78953 - 24582
2025-08-11,MN,Đồng Tháp,6,42204 - 96466 - 68618
2025-08-11,MN,Đồng Tháp,7,67766 - 94190 - 97584 - 65560
2025-08-11,MN,Đồng Tháp,8,64681
2025-08-11,MN,Cà Mau,ĐB,68784
2025-08-11,MN,Cà Mau,1,55373
2025-08-11,MN,Cà Mau,2,65932
2025-08-11,MN,Cà Mau,3,64952 - 11905 - 74992 - 28876 - 02528 - 14915
2025-08-11,MN,Cà Mau,4,84885 - 24805 - 50356 - 04663 - 03681 - 90764
2025-08-11,MN,Cà Mau,5,97271 - 06108 - 22569
2025-08-11,MN,Cà Mau,6,55792 - 78983 - 78164
2025-08-11,MN,Cà Mau,7,47323 - 28044 - 04747 - 74018
2025-08-11,MN,Cà Mau,8,25187
2025-08-12,MB,Hà Nội,ĐB,01810
2025-08-12,MB,Hà Nội,1,83285
2025-08-12,MB,Hà Nội,2,58195
2025-08-12,MB,Hà Nội,3,02596 - 75165 - 21157 - 51320 - 06051 - 65027
2025-08-12,MB,Hà Nội,4,00522 - 45923 - 79954 - 39496 - 73110 - 09853
2025-08-12,MB,Hà Nội,5,20907 - 06565 - 90452
2025-08-12,MB,Hà Nội,6,42235 - 67988 - 72586
2025-08-12,MB,Hà Nội,7,95619 - 43083 - 07334 - 25338
2025-08-12,MT,Đà Nẵng,ĐB,64866
2025-08-12,MT,Đà Nẵng,1,86318
2025-08-12,MT,Đà Nẵng,2,66199
2025-08-12,MT,Đà Nẵng,3,32317 - 98707 - 11394 - 88958 - 58200 - 91872
2025-08-12,MT,Đà Nẵng,4,76824 - 07976 - 24394 - 68649 - 85305 - 37686
2025-08-12,MT,Đà Nẵng,5,01308 - 38697 - 40741
2025-08-12,MT,Đà Nẵng,6,59336 - 07011 - 17404
2025-08-12,MT,Đà Nẵng,7,23892 - 46729 - 32256 - 39428
2025-08-12,MT,Đà Nẵng,8,98275
2025-08-12,MT,Khánh Hòa,ĐB,75638
2025-08-12,MT,Khánh Hòa,1,92767
2025-08-12,MT,Khánh Hòa,2,34686
2025-08-12,MT,Khánh Hòa,3,42462 - 35990 - 86321 - 88955 - 29726 - 61091
2025-08-12,MT,Khánh Hòa,4,56966 - 72762 - 94829 - 07487 - 71933 - 68841
2025-08-12,MT,Khánh Hòa,5,34935 - 15983 - 18723
2025-08-12,MT,Khánh Hòa,6,01159 - 16581 - 17874
2025-08-12,MT,Khánh Hòa,7,02437 - 86714 - 00812 - 42405
2025-08-12,MT,Khánh Hòa,8,52744
2025-08-12,MN,TP. HCM,ĐB,21369
2025-08-12,MN,TP. HCM,1,68167
2025-08-12,MN,TP. HCM,2,47787
2025-08-12,MN,TP. HCM,3,79318 - 55267 - 25190 - 94735 - 95823 - 94733
2025-08-12,MN,TP. HCM,4,42210 - 14350 - 95975 - 73424 - 52645 - 45496
2025-08-12,MN,TP. HCM,5,06933 - 10725 - 05568
2025-08-12,MN,TP. HCM,6,90899 - 79013 - 70383
2025-08-12,MN,TP. HCM,7,16179 - 83168 - 71463 - 90747
2025-08-12,MN,TP. HCM,8,13513
2025-08-12,MN,Đồng Tháp,ĐB,01666
2025-08-12,MN,Đồng Tháp,1,25726
2025-08-12,MN,Đồng Tháp,2,72086
2025-08-12,MN,Đồng Tháp,3,29284 - 88792 - 07362 - 94871 - 10955 - 21288
2025-08-12,MN,Đồng Tháp,4,68201 - 65344 - 62138 - 22348 - 29147 - 61057
2025-08-12,MN,Đồng Tháp,5,10021 - 35346 - 41718
2025-08-12,MN,Đồng Tháp,6,84787 - 20908 - 03473
2025-08-12,MN,Đồng Tháp,7,46423 - 05595 - 85542 - 81857
2025-08-12,MN,Đồng Tháp,8,16803
2025-08-12,MN,Cà Mau,ĐB,92494
2025-08-12,MN,Cà Mau,1,61202
2025-08-12,MN,Cà Mau,2,16122
2025-08-12,MN,Cà Mau,3,95486 - 36109 - 00710 - 57709 - 96554 - 33629
2025-08-12,MN,Cà Mau,4,02974 - 64596 - 05550 - 82777 - 73875 - 12113
2025-08-12,MN,Cà Mau,5,59910 - 84619 - 60308
2025-08-12,MN,Cà Mau,6,02859 - 58602 - 52498
2025-08-12,MN,Cà Mau,7,97833 - 87468 - 00645 - 57543
2025-08-12,MN,Cà Mau,8,04560
2025-08-13,MB,Hà Nội,ĐB,35424
2025-08-13,MB,Hà Nội,1,38567
2025-08-13,MB,Hà Nội,2,14533
2025-08-13,MB,Hà Nội,3,87320 - 80663 - 69449 - 67372 - 34041 - 02422
2025-08-13,MB,Hà Nội,4,31683 - 85015 - 09448 - 19552 - 37158 - 05893
2025-08-13,MB,Hà Nội,5,36963 - 97582 - 86057
2025-08-13,MB,Hà Nội,6,51061 - 42555 - 92386
2025-08-13,MB,Hà Nội,7,98513 - 32908 - 19299 - 60413
2025-08-13,MT,Đà Nẵng,ĐB,46007
2025-08-13,MT,Đà Nẵng,1,84842
2025-08-13,MT,Đà Nẵng,2,24999
2025-08-13,MT,Đà Nẵng,3,88122 - 50409 - 69107 - 08995 - 27392 - 36227
2025-08-13,MT,Đà Nẵng,4,14921 - 69531 - 21069 - 99102 - 78456 - 79767
2025-08-13,MT,Đà Nẵng,5,64743 - 23009 - 22060
2025-08-13,MT,Đà Nẵng,6,79563 - 91698 - 73526
2025-08-13,MT,Đà Nẵng,7,53927 - 12796 - 81650 - 46400
2025-08-13,MT,Đà Nẵng,8,45840
2025-08-13,MT,Khánh Hòa,ĐB,13216
2025-08-13,MT,Khánh Hòa,1,57817
2025-08-13,MT,Khánh Hòa,2,26232
2025-08-13,MT,Khánh Hòa,3,76146 - 67423 - 93564 - 87393 - 81238 - 55781
2025-08-13,MT,Khánh Hòa,4,40106 - 96626 - 81915 - 63008 - 30220 - 52223
2025-08-13,MT,Khánh Hòa,5,57033 - 05442 - 53933
2025-08-13,MT,Khánh Hòa,6,70801 - 41328 - 02259
2025-08-13,MT,Khánh Hòa,7,10104 - 54547 - 74919 - 31969
2025-08-13,MT,Khánh Hòa,8,16766
2025-08-13,MN,TP. HCM,ĐB,34686
2025-08-13,MN,TP. HCM,1,51809
2025-08-13,MN,TP. HCM,2,49105
2025-08-13,MN,TP. HCM,3,08904 - 01067 - 34286 - 23108 - 88171 - 96041
2025-08-13,MN,TP. HCM,4,70601 - 41081 - 94159 - 21271 - 33785 - 85782
2025-08-13,MN,TP. HCM,5,54975 - 50879 - 93979
2025-08-13,MN,TP. HCM,6,41636 - 54500 - 72545
2025-08-13,MN,TP. HCM,7,97207 - 91050 - 47925 - 22667
2025-08-13,MN,TP. HCM,8,49467
2025-08-13,MN,Đồng Tháp,ĐB,53954
2025-08-13,MN,Đồng Tháp,1,94725
2025-08-13,MN,Đồng Tháp,2,29054
2025-08-13,MN,Đồng Tháp,3,99929 - 26700 - 08030 - 99698 - 22477 - 22302
2025-08-13,MN,Đồng Tháp,4,26782 - 83338 - 13676 - 94817 - 41767 - 48934
2025-08-13,MN,Đồng Tháp,5,28073 - 23374 - 81317
2025-08-13,MN,Đồng Tháp,6,20985 - 84368 - 50989
2025-08-13,MN,Đồng Tháp,7,33653 - 71409 - 74146 - 01274
2025-08-13,MN,Đồng Tháp,8,03858
2025-08-13,MN,Cà Mau,ĐB,68076
2025-08-13,MN,Cà Mau,1,01559
2025-08-13,MN,Cà Mau,2,90960
2025-08-13,MN,Cà Mau,3,22102 - 70068 - 28036 - 07260 - 51132 - 76600
2025-08-13,MN,Cà Mau,4,70466 - 15387 - 13848 - 96304 - 03232 - 19157
2025-08-13,MN,Cà Mau,5,28661 - 49110 - 73049
2025-08-13,MN,Cà Mau,6,95392 - 43790 - 68347
2025-08-13,MN,Cà Mau,7,79822 - 60975 - 59454 - 27244
2025-08-13,MN,Cà Mau,8,91457
2025-08-14,MB,Hà Nội,ĐB,78767
2025-08-14,MB,Hà Nội,1,32806
2025-08-14,MB,Hà Nội,2,23451
2025-08-14,MB,Hà Nội,3,31540 - 30745 - 46090 - 28531 - 66872 - 83930
2025-08-14,MB,Hà Nội,4,02566 - 18787 - 12982 - 60151 - 52551 - 65171
2025-08-14,MB,Hà Nội,5,12415 - 87782 - 04615
2025-08-14,MB,Hà Nội,6,02559 - 93589 - 03819
2025-08-14,MB,Hà Nội,7,42190 - 29994 - 78400 - 60041
2025-08-14,MT,Đà Nẵng,ĐB,24255
2025-08-14,MT,Đà Nẵng,1,14813
2025-08-14,MT,Đà Nẵng,2,83441
2025-08-14,MT,Đà Nẵng,3,78939 - 21941 - 67360 - 94266 - 21139 - 64684
2025-08-14,MT,Đà Nẵng,4,80810 - 90371 - 20519 - 57115 - 11779 - 03100
2025-08-14,MT,Đà Nẵng,5,15618 - 79475 - 46425
2025-08-14,MT,Đà Nẵng,6,29255 - 74854 - 92116
2025-08-14,MT,Đà Nẵng,7,29434 - 80096 - 72194 - 24609
2025-08-14,MT,Đà Nẵng,8,31927
2025-08-14,MT,Khánh Hòa,ĐB,31097
2025-08-14,MT,Khánh Hòa,1,38736
2025-08-14,MT,Khánh Hòa,2,35959
2025-08-14,MT,Khánh Hòa,3,71934 - 10788 - 34628 - 43357 - 26408 - 24659
2025-08-14,MT,Khánh Hòa,4,57571 - 88439 - 26206 - 62777 - 97592 - 58012
2025-08-14,MT,Khánh Hòa,5,32414 - 09659 - 31998
2025-08-14,MT,Khánh Hòa,6,02022 - 43046 - 59223
2025-08-14,MT,Khánh Hòa,7,96920 - 43621 - 02384 - 57648
2025-08-14,MT,Khánh Hòa,8,33599
2025-08-14,MN,TP. HCM,ĐB,35402
2025-08-14,MN,TP. HCM,1,44644
2025-08-14,MN,TP. HCM,2,94180
2025-08-14,MN,TP. HCM,3,39450 - 92681 - 16550 - 97196 - 54806 - 02394
2025-08-14,MN,TP. HCM,4,10307 - 06160 - 99811 - 17453 - 97365 - 99533
2025-08-14,MN,TP. HCM,5,87979 - 60145 - 55589
2025-08-14,MN,TP. HCM,6,10361 - 53234 - 79888
2025-08-14,MN,TP. HCM,7,87490 - 15246 - 88872 - 31436
2025-08-14,MN,TP. HCM,8,36721
2025-08-14,MN,Đồng Tháp,ĐB,36474
2025-08-14,MN,Đồng Tháp,1,72533
2025-08-14,MN,Đồng Tháp,2,92299
2025-08-14,MN,Đồng Tháp,3,04106 - 02867 - 63779 - 89578 - 85621 - 34389
2025-08-14,MN,Đồng Tháp,4,51408 - 26377 - 27394 - 84128 - 71074 - 76380
2025-08-14,MN,Đồng Tháp,5,50964 - 68246 - 17823
2025-08-14,MN,Đồng Tháp,6,52781 - 66124 - 47370
2025-08-14,MN,Đồng Tháp,7,59381 - 97858 - 45076 - 91446
2025-08-14,MN,Đồng Tháp,8,89072
2025-08-14,MN,Cà Mau,ĐB,02258
2025-08-14,MN,Cà Mau,1,50488
2025-08-14,MN,Cà Mau,2,55534
2025-08-14,MN,Cà Mau,3,77337 - 09108 - 27321 - 50346 - 83691 - 55115
2025-08-14,MN,Cà Mau,4,37672 - 38056 - 90940 - 32324 - 77315 - 80606
2025-08-14,MN,Cà Mau,5,97462 - 58547 - 42280
2025-08-14,MN,Cà Mau,6,37857 - 89389 - 52819
2025-08-14,MN,Cà Mau,7,30023 - 66366 - 27954 - 44981
2025-08-14,MN,Cà Mau,8,34061
2025-08-15,MB,Hà Nội,ĐB,27618
2025-08-15,MB,Hà Nội,1,01146
2025-08-15,MB,Hà Nội,2,43332
2025-08-15,MB,Hà Nội,3,30915 - 86681 - 16377 - 10726 - 84293 - 19764
2025-08-15,MB,Hà Nội,4,73458 - 12369 - 36932 - 85584 - 79076 - 63388
2025-08-15,MB,Hà Nội,5,65364 - 69332 - 08149
2025-08-15,MB,Hà Nội,6,11419 - 54577 - 53436
2025-08-15,MB,Hà Nội,7,05498 - 69006 - 70570 - 93858
2025-08-15,MT,Đà Nẵng,ĐB,22375
2025-08-15,MT,Đà Nẵng,1,37675
2025-08-15,MT,Đà Nẵng,2,59647
2025-08-15,MT,Đà Nẵng,3,72721 - 78711 - 77964 - 02955 - 20238 - 10595
2025-08-15,MT,Đà Nẵng,4,26030 - 27859 - 35318 - 72070 - 20837 - 19435
2025-08-15,MT,Đà Nẵng,5,32109 - 03827 - 67992
2025-08-15,MT,Đà Nẵng,6,75306 - 75262 - 73580
2025-08-15,MT,Đà Nẵng,7,09432 - 11438 - 66092 - 83943
2025-08-15,MT,Đà Nẵng,8,82645
2025-08-15,MT,Khánh Hòa,ĐB,65770
2025-08-15,MT,Khánh Hòa,1,65743
2025-08-15,MT,Khánh Hòa,2,08422
2025-08-15,MT,Khánh Hòa,3,99617 - 20048 - 99303 - 46055 - 16794 - 77154
2025-08-15,MT,Khánh Hòa,4,49207 - 08054 - 20764 - 67478 - 19530 - 33212
2025-08-15,MT,Khánh Hòa,5,44840 - 80435 - 20514
2025-08-15,MT,Khánh Hòa,6,77477 - 88413 - 95517
2025-08-15,MT,Khánh Hòa,7,01572 - 40381 - 94462 - 94831
2025-08-15,MT,Khánh Hòa,8,34648
2025-08-15,MN,TP. HCM,ĐB,29499
2025-08-15,MN,TP. HCM,1,38971
2025-08-15,MN,TP. HCM,2,19962
2025-08-15,MN,TP. HCM,3,60743 - 35489 - 48318 - 04376 - 07640 - 24440
2025-08-15,MN,TP. HCM,4,28522 - 50696 - 63608 - 91778 - 50224 - 34230
2025-08-15,MN,TP. HCM,5,10283 - 18880 - 11476
2025-08-15,MN,TP. HCM,6,18504 - 50862 - 12300
2025-08-15,MN,TP. HCM,7,71850 - 76394 - 71065 - 23676
2025-08-15,MN,TP. HCM,8,47613
2025-08-15,MN,Đồng Tháp,ĐB,06131
2025-08-15,MN,Đồng Tháp,1,28893
2025-08-15,MN,Đồng Tháp,2,12876
2025-08-15,MN,Đồng Tháp,3,66681 - 41969 - 12407 - 45608 - 55891 - 03840
2025-08-15,MN,Đồng Tháp,4,00752 - 09392 - 91163 - 72873 - 63332 - 74114
2025-08-15,MN,Đồng Tháp,5,13216 - 81105 - 89299
2025-08-15,MN,Đồng Tháp,6,86413 - 52279 - 12309
2025-08-15,MN,Đồng Tháp,7,58049 - 99053 - 14213 - 45299
2025-08-15,MN,Đồng Tháp,8,07151
2025-08-15,MN,Cà Mau,ĐB,01423
2025-08-15,MN,Cà Mau,1,61622
2025-08-15,MN,Cà Mau,2,19535
2025-08-15,MN,Cà Mau,3,28981 - 76998 - 73136 - 66005 - 40444 - 40766
2025-08-15,MN,Cà Mau,4,31876 - 06332 - 54681 - 76950 - 56072 - 78222
2025-08-15,MN,Cà Mau,5,13288 - 96028 - 97070
2025-08-15,MN,Cà Mau,6,41641 - 79502 - 26314
2025-08-15,MN,Cà Mau,7,34364 - 59534 - 95573 - 14360
2025-08-15,MN,Cà Mau,8,00710
2025-08-16,MB,Hà Nội,ĐB,23181
2025-08-16,MB,Hà Nội,1,28841
2025-08-16,MB,Hà Nội,2,37497
2025-08-16,MB,Hà Nội,3,46214 - 83893 - 46850 - 40085 - 39839 - 43494
2025-08-16,MB,Hà Nội,4,96096 - 64410 - 04126 - 96271 - 95191 - 26865
2025-08-16,MB,Hà Nội,5,81452 - 74535 - 57588
2025-08-16,MB,Hà Nội,6,00717 - 80954 - 86211
2025-08-16,MB,Hà Nội,7,45389 - 12909 - 12729 - 03104
2025-08-16,MT,Đà Nẵng,ĐB,39066
2025-08-16,MT,Đà Nẵng,1,95213
2025-08-16,MT,Đà Nẵng,2,08884
2025-08-16,MT,Đà Nẵng,3,52735 - 41198 - 94058 - 46549 - 13964 - 56131
2025-08-16,MT,Đà Nẵng,4,60399 - 79205 - 65848 - 43298 - 36867 - 66798
2025-08-16,MT,Đà Nẵng,5,96239 - 56806 - 84321
2025-08-16,MT,Đà Nẵng,6,38071 - 07137 - 08167
2025-08-16,MT,Đà Nẵng,7,89685 - 35194 - 67318 - 51531
2025-08-16,MT,Đà Nẵng,8,74714
2025-08-16,MT,Khánh Hòa,ĐB,42959
2025-08-16,MT,Khánh Hòa,1,47420
2025-08-16,MT,Khánh Hòa,2,65378
2025-08-16,MT,Khánh Hòa,3,52468 - 77757 - 39330 - 11423 - 89340 - 64169
2025-08-16,MT,Khánh Hòa,4,40549 - 94255 - 12894 - 23409 - 74297 - 95485
2025-08-16,MT,Khánh Hòa,5,60395 - 49837 - 71354
2025-08-16,MT,Khánh Hòa,6,31205 - 41801 - 86542
2025-08-16,MT,Khánh Hòa,7,45443 - 98334 - 87251 - 68934
2025-08-16,MT,Khánh Hòa,8,41339
2025-08-16,MN,TP. HCM,ĐB,13519
2025-08-16,MN,TP. HCM,1,70591
2025-08-16,MN,TP. HCM,2,67827
2025-08-16,MN,TP. HCM,3,35684 - 40194 - 62835 - 51199 - 96405 - 13028
2025-08-16,MN,TP. HCM,4,33863 - 24236 - 32069 - 67478 - 08556 - 52974
2025-08-16,MN,TP. HCM,5,95960 - 34911 - 76046
2025-08-16,MN,TP. HCM,6,50854 - 96971 - 52497
2025-08-16,MN,TP. HCM,7,29671 - 20375 - 78746 - 01032
2025-08-16,MN,TP. HCM,8,58561
2025-08-16,MN,Đồng Tháp,ĐB,09699
2025-08-16,MN,Đồng Tháp,1,78692
2025-08-16,MN,Đồng Tháp,2,36763
2025-08-16,MN,Đồng Tháp,3,98944 - 81480 - 93312 - 90884 - 17585 - 54422
2025-08-16,MN,Đồng Tháp,4,46574 - 04749 - 55806 - 06363 - 07653 - 49494
2025-08-16,MN,Đồng Tháp,5,64481 - 79882 - 84505
2025-08-16,MN,Đồng Tháp,6,06131 - 51755 - 29673
2025-08-16,MN,Đồng Tháp,7,61924 - 51404 - 72911 - 33875
2025-08-16,MN,Đồng Tháp,8,92809
2025-08-16,MN,Cà Mau,ĐB,92354
2025-08-16,MN,Cà Mau,1,70585
2025-08-16,MN,Cà Mau,2,65177
2025-08-16,MN,Cà Mau,3,96724 - 96007 - 00761 - 39093 - 92398 - 56721
2025-08-16,MN,Cà Mau,4,64416 - 33383 - 33919 - 53955 - 03004 - 72087
2025-08-16,MN,Cà Mau,5,53369 - 14815 - 62947
2025-08-16,MN,Cà Mau,6,84914 - 76489 - 58239
2025-08-16,MN,Cà Mau,7,46519 - 97572 - 62488 - 37601
2025-08-16,MN,Cà Mau,8,88489
2025-08-17,MB,Hà Nội,ĐB,95714
2025-08-17,MB,Hà Nội,1,35141
2025-08-17,MB,Hà Nội,2,77726
2025-08-17,MB,Hà Nội,3,20643 - 36947 - 90653 - 28535 - 52065 - 29507
2025-08-17,MB,Hà Nội,4,75747 - 68106 - 09309 - 71387 - 45860 - 48700
2025-08-17,MB,Hà Nội,5,77594 - 72626 - 64895
2025-08-17,MB,Hà Nội,6,11618 - 92026 - 85448
2025-08-17,MB,Hà Nội,7,16553 - 71861 - 98629 - 89299
2025-08-17,MT,Đà Nẵng,ĐB,32846
2025-08-17,MT,Đà Nẵng,1,12534
2025-08-17,MT,Đà Nẵng,2,60662
2025-08-17,MT,Đà Nẵng,3,31047 - 68269 - 68870 - 21461 - 98821 - 04093
2025-08-17,MT,Đà Nẵng,4,00606 - 54601 - 31321 - 02080 - 44515 - 94561
2025-08-17,MT,Đà Nẵng,5,01138 - 82694 - 30977
2025-08-17,MT,Đà Nẵng,6,36007 - 56961 - 10651
2025-08-17,MT,Đà Nẵng,7,43408 - 30768 - 11416 - 48111
2025-08-17,MT,Đà Nẵng,8,25898
2025-08-17,MT,Khánh Hòa,ĐB,55449
2025-08-17,MT,Khánh Hòa,1,06278
2025-08-17,MT,Khánh Hòa,2,69636
2025-08-17,MT,Khánh Hòa,3,80750 - 97048 - 73856 - 67645 - 79527 - 48740
2025-08-17,MT,Khánh Hòa,4,41813 - 81013 - 31809 - 33603 - 69336 - 44156
2025-08-17,MT,Khánh Hòa,5,71864 - 48390 - 04584
2025-08-17,MT,Khánh Hòa,6,57274 - 15696 - 65891
2025-08-17,MT,Khánh Hòa,7,03851 - 17338 - 89160 - 32492
2025-08-17,MT,Khánh Hòa,8,69867
2025-08-17,MN,TP. HCM,ĐB,60349
2025-08-17,MN,TP. HCM,1,41206
2025-08-17,MN,TP. HCM,2,96604
2025-08-17,MN,TP. HCM,3,43566 - 85158 - 32898 - 94086 - 28609 - 71194
2025-08-17,MN,TP. HCM,4,65914 - 19929 - 66588 - 42067 - 91660 - 16925
2025-08-17,MN,TP. HCM,5,19227 - 68558 - 60623
2025-08-17,MN,TP. HCM,6,14471 - 12086 - 16270
2025-08-17,MN,TP. HCM,7,58326 - 58118 - 15131 - 40442
2025-08-17,MN,TP. HCM,8,07213
2025-08-17,MN,Đồng Tháp,ĐB,16801
2025-08-17,MN,Đồng Tháp,1,52626
2025-08-17,MN,Đồng Tháp,2,72775
2025-08-17,MN,Đồng Tháp,3,25874 - 18521 - 20398 - 78679 - 17495 - 48107
2025-08-17,MN,Đồng Tháp,4,34822 - 25273 - 64673 - 52227 - 63145 - 46122
2025-08-17,MN,Đồng Tháp,5,34213 - 75532 - 07545
2025-08-17,MN,Đồng Tháp,6,69820 - 49283 - 68971
2025-08-17,MN,Đồng Tháp,7,45535 - 80480 - 26212 - 72461
2025-08-17,MN,Đồng Tháp,8,54113
2025-08-17,MN,Cà Mau,ĐB,02616
2025-08-17,MN,Cà Mau,1,03810
2025-08-17,MN,Cà Mau,2,04039
2025-08-17,MN,Cà Mau,3,87190 - 02178 - 52997 - 07199 - 64794 - 73268
2025-08-17,MN,Cà Mau,4,86480 - 02769 - 25813 - 29915 - 99438 - 64474
2025-08-17,MN,Cà Mau,5,07679 - 16374 - 85351
2025-08-17,MN,Cà Mau,6,91321 - 28253 - 80432
2025-08-17,MN,Cà Mau,7,10291 - 57870 - 46676 - 78558
2025-08-17,MN,Cà Mau,8,64623
2025-08-18,MB,Hà Nội,ĐB,36849
2025-08-18,MB,Hà Nội,1,83742
2025-08-18,MB,Hà Nội,2,32377
2025-08-18,MB,Hà Nội,3,01242 - 89498 - 18931 - 01294 - 63547 - 13037
2025-08-18,MB,Hà Nội,4,79556 - 45561 - 63821 - 48843 - 40170 - 93613
2025-08-18,MB,Hà Nội,5,43341 - 92772 - 30817
2025-08-18,MB,Hà Nội,6,97376 - 68564 - 82823
2025-08-18,MB,Hà Nội,7,59510 - 50712 - 33463 - 44703
2025-08-18,MT,Đà Nẵng,ĐB,54845
2025-08-18,MT,Đà Nẵng,1,07735
2025-08-18,MT,Đà Nẵng,2,97173
2025-08-18,MT,Đà Nẵng,3,21276 - 97554 - 31463 - 87366 - 62142 - 73534
2025-08-18,MT,Đà Nẵng,4,31874 - 40435 - 72286 - 63376 - 79703 - 23661
2025-08-18,MT,Đà Nẵng,5,82862 - 94526 - 31575
2025-08-18,MT,Đà Nẵng,6,30868 - 93633 - 77994
2025-08-18,MT,Đà Nẵng,7,17924 - 72807 - 10537 - 84980
2025-08-18,MT,Đà Nẵng,8,28562
2025-08-18,MT,Khánh Hòa,ĐB,63330
2025-08-18,MT,Khánh Hòa,1,55359
2025-08-18,MT,Khánh Hòa,2,37732
2025-08-18,MT,Khánh Hòa,3,45054 - 84406 - 51532 - 22612 - 42747 - 55279
2025-08-18,MT,Khánh Hòa,4,31303 - 25077 - 27905 - 72676 - 46682 - 98251
2025-08-18,MT,Khánh Hòa,5,85836 - 39592 - 86564
2025-08-18,MT,Khánh Hòa,6,51130 - 68594 - 55292
2025-08-18,MT,Khánh Hòa,7,10251 - 85620 - 51573 - 26274
2025-08-18,MT,Khánh Hòa,8,45479
2025-08-18,MN,TP. HCM,ĐB,25280
2025-08-18,MN,TP. HCM,1,43419
2025-08-18,MN,TP. HCM,2,28278
2025-08-18,MN,TP. HCM,3,74040 - 89682 - 99133 - 28817 - 69252 - 88904
2025-08-18,MN,TP. HCM,4,94388 - 02976 - 29176 - 81575 - 97704 - 72482
2025-08-18,MN,TP. HCM,5,02680 - 80400 - 85580
2025-08-18,MN,TP. HCM,6,24922 - 28057 - 50148
2025-08-18,MN,TP. HCM,7,92109 - 83577 - 45124 - 34764
2025-08-18,MN,TP. HCM,8,37497
2025-08-18,MN,Đồng Tháp,ĐB,59119
2025-08-18,MN,Đồng Tháp,1,59180
2025-08-18,MN,Đồng Tháp,2,90862
2025-08-18,MN,Đồng Tháp,3,33584 - 89112 - 97950 - 70272 - 71206 - 76573
2025-08-18,MN,Đồng Tháp,4,92303 - 19303 - 70371 - 13836 - 26504 - 59450
2025-08-18,MN,Đồng Tháp,5,94742 - 70223 - 53813
2025-08-18,MN,Đồng Tháp,6,89629 - 88132 - 23741
2025-08-18,MN,Đồng Tháp,7,47895 - 87380 - 93499 - 28121
2025-08-18,MN,Đồng Tháp,8,68266
2025-08-18,MN,Cà Mau,ĐB,43508
2025-08-18,MN,Cà Mau,1,52183
2025-08-18,MN,Cà Mau,2,08938
2025-08-18,MN,Cà Mau,3,60190 - 61202 - 22282 - 49146 - 58938 - 49009
2025-08-18,MN,Cà Mau,4,76543 - 77025 - 28154 - 23031 - 15339 - 19611
2025-08-18,MN,Cà Mau,5,31390 - 80016 - 36953
2025-08-18,MN,Cà Mau,6,12381 - 27150 - 95253
2025-08-18,MN,Cà Mau,7,05145 - 17878 - 41037 - 03699
2025-08-18,MN,Cà Mau,8,32294
2025-08-19,MB,Hà Nội,ĐB,35777
2025-08-19,MB,Hà Nội,1,95098
2025-08-19,MB,Hà Nội,2,86188
2025-08-19,MB,Hà Nội,3,84957 - 58422 - 61879 - 36575 - 77797 - 60019
2025-08-19,MB,Hà Nội,4,88919 - 30450 - 44795 - 70457 - 56478 - 31909
2025-08-19,MB,Hà Nội,5,67161 - 70106 - 07996
2025-08-19,MB,Hà Nội,6,39072 - 09027 - 61080
2025-08-19,MB,Hà Nội,7,58768 - 90001 - 20200 - 89546
2025-08-19,MT,Đà Nẵng,ĐB,23405
2025-08-19,MT,Đà Nẵng,1,86305
2025-08-19,MT,Đà Nẵng,2,10457
2025-08-19,MT,Đà Nẵng,3,10058 - 12023 - 94757 - 55114 - 30170 - 91260
2025-08-19,MT,Đà Nẵng,4,51295 - 13666 - 10218 - 37909 - 80090 - 66358
2025-08-19,MT,Đà Nẵng,5,76357 - 84927 - 83279
2025-08-19,MT,Đà Nẵng,6,50039 - 28838 - 81498
2025-08-19,MT,Đà Nẵng,7,30448 - 69044 - 14801 - 84993
2025-08-19,MT,Đà Nẵng,8,69216
2025-08-19,MT,Khánh Hòa,ĐB,59899
2025-08-19,MT,Khánh Hòa,1,55381
2025-08-19,MT,Khánh Hòa,2,35768
2025-08-19,MT,Khánh Hòa,3,32063 - 29696 - 38927 - 08192 - 49035 - 74115
2025-08-19,MT,Khánh Hòa,4,57185 - 65159 - 80731 - 79720 - 25604 - 10801
2025-08-19,MT,Khánh Hòa,5,20768 - 97776 - 95971
2025-08-19,MT,Khánh Hòa,6,82253 - 88576 - 34753
2025-08-19,MT,Khánh Hòa,7,13343 - 27953 - 28504 - 25145
2025-08-19,MT,Khánh Hòa,8,66609
2025-08-19,MN,TP. HCM,ĐB,25727
2025-08-19,MN,TP. HCM,1,10318
2025-08-19,MN,TP. HCM,2,44916
2025-08-19,MN,TP. HCM,3,86928 - 76209 - 13812 - 10813 - 94073 - 67760
2025-08-19,MN,TP. HCM,4,91438 - 27343 - 56565 - 33024 - 79164 - 78245
2025-08-19,MN,TP. HCM,5,82995 - 42714 - 65390
2025-08-19,MN,TP. HCM,6,55050 - 19011 - 95537
2025-08-19,MN,TP. HCM,7,85322 - 69596 - 12227 - 86481
2025-08-19,MN,TP. HCM,8,96920
2025-08-19,MN,Đồng Tháp,ĐB,18968
2025-08-19,MN,Đồng Tháp,1,88506
2025-08-19,MN,Đồng Tháp,2,46382
2025-08-19,MN,Đồng Tháp,3,42767 - 65017 - 05100 - 58243 - 86397 - 56597
2025-08-19,MN,Đồng Tháp,4,49302 - 07456 - 28952 - 26087 - 41320 - 97590
2025-08-19,MN,Đồng Tháp,5,11844 - 44785 - 40759
2025-08-19,MN,Đồng Tháp,6,54281 - 56067 - 45495
2025-08-19,MN,Đồng Tháp,7,41897 - 10238 - 40638 - 46000
2025-08-19,MN,Đồng Tháp,8,73206
2025-08-19,MN,Cà Mau,ĐB,14705
2025-08-19,MN,Cà Mau,1,20755
2025-08-19,MN,Cà Mau,2,10365
2025-08-19,MN,Cà Mau,3,10562 - 97779 - 75370 - 60442 - 31865 - 12190
2025-08-19,MN,Cà Mau,4,39269 - 96035 - 45569 - 35059 - 31111 - 42394
2025-08-19,MN,Cà Mau,5,00388 - 87816 - 02701
2025-08-19,MN,Cà Mau,6,90616 - 45552 - 65736
2025-08-19,MN,Cà Mau,7,63098 - 05067 - 18869 - 23176
2025-08-19,MN,Cà Mau,8,24771
2025-08-20,MB,Hà Nội,ĐB,42949
2025-08-20,MB,Hà Nội,1,10294
2025-08-20,MB,Hà Nội,2,96752
2025-08-20,MB,Hà Nội,3,70584 - 32697 - 09163 - 15777 - 89155 - 60302
2025-08-20,MB,Hà Nội,4,96828 - 47945 - 50765 - 86678 - 15977 - 72275
2025-08-20,MB,Hà Nội,5,23594 - 75441 - 90413
2025-08-20,MB,Hà Nội,6,30821 - 73863 - 81043
2025-08-20,MB,Hà Nội,7,92143 - 35906 - 94264 - 99357
2025-08-20,MT,Đà Nẵng,ĐB,16361
2025-08-20,MT,Đà Nẵng,1,29556
2025-08-20,MT,Đà Nẵng,2,25667
2025-08-20,MT,Đà Nẵng,3,68035 - 91689 - 25956 - 15797 - 14020 - 50382
2025-08-20,MT,Đà Nẵng,4,03325 - 38327 - 50429 - 48370 - 95471 - 20278
2025-08-20,MT,Đà Nẵng,5,30293 - 36184 - 35877
2025-08-20,MT,Đà Nẵng,6,57825 - 00703 - 89561
2025-08-20,MT,Đà Nẵng,7,06447 - 65165 - 19346 - 47970
2025-08-20,MT,Đà Nẵng,8,03522
2025-08-20,MT,Khánh Hòa,ĐB,73159
2025-08-20,MT,Khánh Hòa,1,94600
2025-08-20,MT,Khánh Hòa,2,84768
2025-08-20,MT,Khánh Hòa,3,35677 - 73588 - 88033 - 45405 - 67225 - 10553
2025-08-20,MT,Khánh Hòa,4,22943 - 11249 - 85479 - 73405 - 23324 - 07388
2025-08-20,MT,Khánh Hòa,5,62969 - 08050 - 75405
2025-08-20,MT,Khánh Hòa,6,89719 - 78493 - 06751
2025-08-20,MT,Khánh Hòa,7,04585 - 37023 - 39141 - 79478
2025-08-20,MT,Khánh Hòa,8,50492
2025-08-20,MN,TP. HCM,ĐB,20875
2025-08-20,MN,TP. HCM,1,66492
2025-08-20,MN,TP. HCM,2,58427
2025-08-20,MN,TP. HCM,3,46148 - 72913 - 63181 - 53391 - 91223 - 65806
2025-08-20,MN,TP. HCM,4,96097 - 95600 - 61565 - 24357 - 98465 - 97059
2025-08-20,MN,TP. HCM,5,48183 - 17141 - 84936
2025-08-20,MN,TP. HCM,6,72535 - 26262 - 42725
2025-08-20,MN,TP. HCM,7,72692 - 17441 - 54065 - 76998
2025-08-20,MN,TP. HCM,8,98408
2025-08-20,MN,Đồng Tháp,ĐB,13898
2025-08-20,MN,Đồng Tháp,1,34203
2025-08-20,MN,Đồng Tháp,2,37829
2025-08-20,MN,Đồng Tháp,3,47593 - 19997 - 19210 - 85158 - 05621 - 24993
2025-08-20,MN,Đồng Tháp,4,73949 - 10694 - 61601 - 76020 - 89874 - 55906
2025-08-20,MN,Đồng Tháp,5,84761 - 24792 - 12480
2025-08-20,MN,Đồng Tháp,6,75874 - 39607 - 15774
2025-08-20,MN,Đồng Tháp,7,45711 - 50181 - 83637 - 56759
2025-08-20,MN,Đồng Tháp,8,09829
2025-08-20,MN,Cà Mau,ĐB,91073
2025-08-20,MN,Cà Mau,1,21625
2025-08-20,MN,Cà Mau,2,23773
2025-08-20,MN,Cà Mau,3,79249 - 21641 - 19388 - 21818 - 30630 - 29145
2025-08-20,MN,Cà Mau,4,92161 - 01527 - 73509 - 66794 - 76993 - 23097
2025-08-20,MN,Cà Mau,5,81441 - 23736 - 29011
2025-08-20,MN,Cà Mau,6,88321 - 60417 - 50532
2025-08-20,MN,Cà Mau,7,17865 - 25120 - 63980 - 83946
2025-08-20,MN,Cà Mau,8,67019
2025-08-21,MB,Hà Nội,ĐB,48382
2025-08-21,MB,Hà Nội,1,67055
2025-08-21,MB,Hà Nội,2,65151
2025-08-21,MB,Hà Nội,3,23648 - 74218 - 19381 - 35627 - 46588 - 77120
2025-08-21,MB,Hà Nội,4,56154 - 70350 - 19860 - 61491 - 85474 - 96838
2025-08-21,MB,Hà Nội,5,55943 - 86574 - 06025
2025-08-21,MB,Hà Nội,6,87337 - 86143 - 66850
2025-08-21,MB,Hà Nội,7,35522 - 70323 - 43029 - 00110
2025-08-21,MT,Đà Nẵng,ĐB,97704
2025-08-21,MT,Đà Nẵng,1,37267
2025-08-21,MT,Đà Nẵng,2,86163
2025-08-21,MT,Đà Nẵng,3,60134 - 79061 - 74661 - 45695 - 10269 - 42328
2025-08-21,MT,Đà Nẵng,4,23457 - 62171 - 03233 - 22879 - 13087 - 36457
2025-08-21,MT,Đà Nẵng,5,10371 - 10709 - 13100
2025-08-21,MT,Đà Nẵng,6,03923 - 51646 - 46810
2025-08-21,MT,Đà Nẵng,7,24915 - 88499 - 06911 - 04162
2025-08-21,MT,Đà Nẵng,8,32973
2025-08-21,MT,Khánh Hòa,ĐB,82293
2025-08-21,MT,Khánh Hòa,1,39179
2025-08-21,MT,Khánh Hòa,2,90634
2025-08-21,MT,Khánh Hòa,3,68592 - 37718 - 98137 - 49604 - 07608 - 92751
2025-08-21,MT,Khánh Hòa,4,30419 - 39913 - 86603 - 73251 - 42816 - 13216
2025-08-21,MT,Khánh Hòa,5,44286 - 33269 - 10517
2025-08-21,MT,Khánh Hòa,6,38260 - 48635 - 13504
2025-08-21,MT,Khánh Hòa,7,53314 - 87928 - 62875 - 48184
2025-08-21,MT,Khánh Hòa,8,39728
2025-08-21,MN,TP. HCM,ĐB,08829
2025-08-21,MN,TP. HCM,1,63669
2025-08-21,MN,TP. HCM,2,63578
2025-08-21,MN,TP. HCM,3,79304 - 89505 - 39064 - 50050 - 19301 - 02368
2025-08-21,MN,TP. HCM,4,92545 - 97848 - 47563 - 61586 - 90817 - 60979
2025-08-21,MN,TP. HCM,5,66813 - 09709 - 33075
2025-08-21,MN,TP. HCM,6,21650 - 74997 - 09606
2025-08-21,MN,TP. HCM,7,84228 - 73298 - 66536 - 33493
2025-08-21,MN,TP. HCM,8,53510
2025-08-21,MN,Đồng Tháp,ĐB,23239
2025-08-21,MN,Đồng Tháp,1,84358
2025-08-21,MN,Đồng Tháp,2,70392
2025-08-21,MN,Đồng Tháp,3,94082 - 73763 - 95730 - 13566 - 89808 - 33097
2025-08-21,MN,Đồng Tháp,4,16595 - 22986 - 95184 - 99903 - 42755 - 61092
2025-08-21,MN,Đồng Tháp,5,07397 - 01358 - 43605
2025-08-21,MN,Đồng Tháp,6,99121 - 09234 - 84731
2025-08-21,MN,Đồng Tháp,7,54803 - 06640 - 48742 - 51306
2025-08-21,MN,Đồng Tháp,8,88620
2025-08-21,MN,Cà Mau,ĐB,96825
2025-08-21,MN,Cà Mau,1,17756
2025-08-21,MN,Cà Mau,2,50271
2025-08-21,MN,Cà Mau,3,01716 - 51337 - 43062 - 92967 - 25761 - 66485
2025-08-21,MN,Cà Mau,4,33720 - 58548 - 51038 - 53250 - 87865 - 64548
2025-08-21,MN,Cà Mau,5,30189 - 56960 - 26339
2025-08-21,MN,Cà Mau,6,05992 - 57795 - 73781
2025-08-21,MN,Cà Mau,7,44679 - 45068 - 92134 - 37880
2025-08-21,MN,Cà Mau,8,46966
2025-08-22,MB,Hà Nội,ĐB,55662
2025-08-22,MB,Hà Nội,1,80417
2025-08-22,MB,Hà Nội,2,91492
2025-08-22,MB,Hà Nội,3,95912 - 63916 - 67046 - 43718 - 96700 - 04959
2025-08-22,MB,Hà Nội,4,48600 - 16068 - 62770 - 43670 - 17859 - 96243
2025-08-22,MB,Hà Nội,5,78862 - 18788 - 20043
2025-08-22,MB,Hà Nội,6,42110 - 16400 - 68695
2025-08-22,MB,Hà Nội,7,81067 - 28596 - 62233 - 18916
2025-08-22,MT,Đà Nẵng,ĐB,06043
2025-08-22,MT,Đà Nẵng,1,93379
2025-08-22,MT,Đà Nẵng,2,43541
2025-08-22,MT,Đà Nẵng,3,20714 - 61768 - 14187 - 77846 - 86535 - 98221
2025-08-22,MT,Đà Nẵng,4,32738 - 82928 - 26245 - 35571 - 78196 - 95260
2025-08-22,MT,Đà Nẵng,5,18912 - 89312 - 77177
2025-08-22,MT,Đà Nẵng,6,74746 - 24740 - 55270
2025-08-22,MT,Đà Nẵng,7,97154 - 32354 - 13543 - 11869
2025-08-22,MT,Đà Nẵng,8,71732
2025-08-22,MT,Khánh Hòa,ĐB,15810
2025-08-22,MT,Khánh Hòa,1,43366
2025-08-22,MT,Khánh Hòa,2,82036
2025-08-22,MT,Khánh Hòa,3,69553 - 28253 - 06097 - 41894 - 18895 - 14041
2025-08-22,MT,Khánh Hòa,4,32407 - 04919 - 17296 - 63847 - 67374 - 40852
2025-08-22,MT,Khánh Hòa,5,13211 - 85284 - 21759
2025-08-22,MT,Khánh Hòa,6,36080 - 30990 - 07274
2025-08-22,MT,Khánh Hòa,7,75840 - 76387 - 24343 - 17390
2025-08-22,MT,Khánh Hòa,8,56517
2025-08-22,MN,TP. HCM,ĐB,95227
2025-08-22,MN,TP. HCM,1,68900
2025-08-22,MN,TP. HCM,2,84136
2025-08-22,MN,TP. HCM,3,56521 - 62213 - 17348 - 51821 - 17823 - 51436
2025-08-22,MN,TP. HCM,4,53546 - 99618 - 77544 - 80329 - 93950 - 57133
2025-08-22,MN,TP. HCM,5,36617 - 08996 - 73008
2025-08-22,MN,TP. HCM,6,27429 - 96223 - 51564
2025-08-22,MN,TP. HCM,7,90724 - 89380 - 33621 - 54750
2025-08-22,MN,TP. HCM,8,09611
2025-08-22,MN,Đồng Tháp,ĐB,21530
2025-08-22,MN,Đồng Tháp,1,64022
2025-08-22,MN,Đồng Tháp,2,16297
2025-08-22,MN,Đồng Tháp,3,19341 - 57074 - 41960 - 77096 - 50064 - 56256
2025-08-22,MN,Đồng Tháp,4,93088 - 99300 - 27748 - 30865 - 04067 - 73169
2025-08-22,MN,Đồng Tháp,5,07771 - 26451 - 23859
2025-08-22,MN,Đồng Tháp,6,84079 - 29460 - 93112
2025-08-22,MN,Đồng Tháp,7,29917 - 93908 - 66976 - 22859
2025-08-22,MN,Đồng Tháp,8,30782
2025-08-22,MN,Cà Mau,ĐB,50873
2025-08-22,MN,Cà Mau,1,42948
2025-08-22,MN,Cà Mau,2,43773
2025-08-22,MN,Cà Mau,3,63067 - 32911 - 62296 - 50337 - 24912 - 52452
2025-08-22,MN,Cà Mau,4,66994 - 82940 - 23410 - 46855 - 94075 - 58720
2025-08-22,MN,Cà Mau,5,82734 - 34217 - 27916
2025-08-22,MN,Cà Mau,6,25931 - 90567 - 09576
2025-08-22,MN,Cà Mau,7,95059 - 10404 - 29425 - 17837
2025-08-22,MN,Cà Mau,8,95699
2025-08-23,MB,Hà Nội,ĐB,09048
2025-08-23,MB,Hà Nội,1,86869
2025-08-23,MB,Hà Nội,2,63420
2025-08-23,MB,Hà Nội,3,38470 - 84143 - 20316 - 35119 - 55601 - 53322
2025-08-23,MB,Hà Nội,4,84366 - 61372 - 72926 - 54854 - 79796 - 66011
2025-08-23,MB,Hà Nội,5,53962 - 81504 - 66081
2025-08-23,MB,Hà Nội,6,28556 - 06082 - 11934
2025-08-23,MB,Hà Nội,7,47250 - 02591 - 99261 - 41543
2025-08-23,MT,Đà Nẵng,ĐB,33119
2025-08-23,MT,Đà Nẵng,1,74770
2025-08-23,MT,Đà Nẵng,2,21853
2025-08-23,MT,Đà Nẵng,3,75831 - 57423 - 06870 - 79886 - 48767 - 00450
2025-08-23,MT,Đà Nẵng,4,24563 - 23160 - 97087 - 55151 - 47558 - 45794
2025-08-23,MT,Đà Nẵng,5,74611 - 33972 - 37179
2025-08-23,MT,Đà Nẵng,6,95347 - 92171 - 92304
2025-08-23,MT,Đà Nẵng,7,03796 - 00174 - 91084 - 55436
2025-08-23,MT,Đà Nẵng,8,44001
2025-08-23,MT,Khánh Hòa,ĐB,16913
2025-08-23,MT,Khánh Hòa,1,67797
2025-08-23,MT,Khánh Hòa,2,21192
2025-08-23,MT,Khánh Hòa,3,50908 - 80506 - 79042 - 78375 - 56075 - 23687
2025-08-23,MT,Khánh Hòa,4,60617 - 23278 - 58874 - 80552 - 29711 - 03322
2025-08-23,MT,Khánh Hòa,5,51648 - 46828 - 13832
2025-08-23,MT,Khánh Hòa,6,11438 - 19334 - 64208
2025-08-23,MT,Khánh Hòa,7,10598 - 13408 - 52495 - 68561
2025-08-23,MT,Khánh Hòa,8,94739
2025-08-23,MN,TP. HCM,ĐB,20224
2025-08-23,MN,TP. HCM,1,98415
2025-08-23,MN,TP. HCM,2,20410
2025-08-23,MN,TP. HCM,3,22970 - 50677 - 80442 - 30467 - 43750 - 04076
2025-08-23,MN,TP. HCM,4,90852 - 56154 - 66898 - 08044 - 86295 - 20489
2025-08-23,MN,TP. HCM,5,46659 - 55705 - 12373
2025-08-23,MN,TP. HCM,6,68932 - 14249 - 85309
2025-08-23,MN,TP. HCM,7,02359 - 77238 - 82255 - 92201
2025-08-23,MN,TP. HCM,8,58392
2025-08-23,MN,Đồng Tháp,ĐB,46947
2025-08-23,MN,Đồng Tháp,1,21341
2025-08-23,MN,Đồng Tháp,2,38606
2025-08-23,MN,Đồng Tháp,3,37535 - 28879 - 21760 - 09998 - 15728 - 65614
2025-08-23,MN,Đồng Tháp,4,58146 - 49020 - 38484 - 89996 - 36659 - 27158
2025-08-23,MN,Đồng Tháp,5,83912 - 99799 - 37272
2025-08-23,MN,Đồng Tháp,6,80718 - 74721 - 13259
2025-08-23,MN,Đồng Tháp,7,43835 - 07379 - 65468 - 78244
2025-08-23,MN,Đồng Tháp,8,64095
2025-08-23,MN,Cà Mau,ĐB,25378
2025-08-23,MN,Cà Mau,1,60195
2025-08-23,MN,Cà Mau,2,79821
2025-08-23,MN,Cà Mau,3,16874 - 82829 - 53435 - 33754 - 25836 - 05962
2025-08-23,MN,Cà Mau,4,76290 - 35395 - 20118 - 59336 - 57005 - 42892
2025-08-23,MN,Cà Mau,5,91419 - 83372 - 20311
2025-08-23,MN,Cà Mau,6,60121 - 53851 - 97370
2025-08-23,MN,Cà Mau,7,12913 - 84024 - 03739 - 36777
2025-08-23,MN,Cà Mau,8,66298
2025-08-24,MB,Hà Nội,ĐB,08839
2025-08-24,MB,Hà Nội,1,75183
2025-08-24,MB,Hà Nội,2,61353
2025-08-24,MB,Hà Nội,3,40228 - 25834 - 23788 - 08815 - 02889 - 37684
2025-08-24,MB,Hà Nội,4,94278 - 98933 - 84948 - 28849 - 40527 - 05488
2025-08-24,MB,Hà Nội,5,80683 - 05313 - 71205
2025-08-24,MB,Hà Nội,6,94850 - 30685 - 74504
2025-08-24,MB,Hà Nội,7,29296 - 60877 - 38354 - 04807
2025-08-24,MT,Đà Nẵng,ĐB,17036
2025-08-24,MT,Đà Nẵng,1,72048
2025-08-24,MT,Đà Nẵng,2,42044
2025-08-24,MT,Đà Nẵng,3,22956 - 64886 - 48296 - 51029 - 50642 - 22748
2025-08-24,MT,Đà Nẵng,4,97852 - 31620 - 22692 - 98986 - 68880 - 50664
2025-08-24,MT,Đà Nẵng,5,91497 - 39735 - 88729
2025-08-24,MT,Đà Nẵng,6,21384 - 20874 - 98366
2025-08-24,MT,Đà Nẵng,7,99088 - 01997 - 66053 - 99297
2025-08-24,MT,Đà Nẵng,8,12549
2025-08-24,MT,Khánh Hòa,ĐB,21471
2025-08-24,MT,Khánh Hòa,1,46840
2025-08-24,MT,Khánh Hòa,2,16664
2025-08-24,MT,Khánh Hòa,3,09387 - 66147 - 33237 - 28137 - 34740 - 73468
2025-08-24,MT,Khánh Hòa,4,77459 - 91356 - 50666 - 90410 - 32249 - 64277
2025-08-24,MT,Khánh Hòa,5,15206 - 56783 - 26267
2025-08-24,MT,Khánh Hòa,6,75926 - 49161 - 40795
2025-08-24,MT,Khánh Hòa,7,38515 - 56696 - 82814 - 92014
2025-08-24,MT,Khánh Hòa,8,10744
2025-08-24,MN,TP. HCM,ĐB,84995
2025-08-24,MN,TP. HCM,1,04968
2025-08-24,MN,TP. HCM,2,82710
2025-08-24,MN,TP. HCM,3,26257 - 08196 - 03242 - 14023 - 46524 - 21564
2025-08-24,MN,TP. HCM,4,80790 - 40878 - 11999 - 20921 - 21112 - 86303
2025-08-24,MN,TP. HCM,5,70826 - 53489 - 50276
2025-08-24,MN,TP. HCM,6,50987 - 23046 - 60994
2025-08-24,MN,TP. HCM,7,49339 - 43592 - 16151 - 40140
2025-08-24,MN,TP. HCM,8,53215
2025-08-24,MN,Đồng Tháp,ĐB,49736
2025-08-24,MN,Đồng Tháp,1,22691
2025-08-24,MN,Đồng Tháp,2,91289
2025-08-24,MN,Đồng Tháp,3,55796 - 75193 - 68992 - 89405 - 66388 - 75017
2025-08-24,MN,Đồng Tháp,4,28550 - 52899 - 15422 - 02024 - 23471 - 21779
2025-08-24,MN,Đồng Tháp,5,30607 - 05727 - 23781
2025-08-24,MN,Đồng Tháp,6,19515 - 61969 - 66067
2025-08-24,MN,Đồng Tháp,7,76651 - 68497 - 44990 - 38617
2025-08-24,MN,Đồng Tháp,8,64455
2025-08-24,MN,Cà Mau,ĐB,03703
2025-08-24,MN,Cà Mau,1,44917
2025-08-24,MN,Cà Mau,2,49931
2025-08-24,MN,Cà Mau,3,25665 - 44784 - 14761 - 24337 - 88522 - 42064
2025-08-24,MN,Cà Mau,4,71983 - 48901 - 81833 - 82266 - 05220 - 96349
2025-08-24,MN,Cà Mau,5,63233 - 14330 - 60634
2025-08-24,MN,Cà Mau,6,21648 - 89558 - 85568
2025-08-24,MN,Cà Mau,7,35169 - 81766 - 45015 - 97404
2025-08-24,MN,Cà Mau,8,21463
2025-08-25,MB,Hà Nội,ĐB,27978
2025-08-25,MB,Hà Nội,1,83003
2025-08-25,MB,Hà Nội,2,23734
2025-08-25,MB,Hà Nội,3,76928 - 09832 - 80987 - 55769 - 68742 - 13472
2025-08-25,MB,Hà Nội,4,02488 - 29258 - 14776 - 08193 - 80711 - 29069
2025-08-25,MB,Hà Nội,5,11339 - 02062 - 18198
2025-08-25,MB,Hà Nội,6,19831 - 61637 - 98437
2025-08-25,MB,Hà Nội,7,89550 - 20199 - 71609 - 87920
2025-08-25,MT,Đà Nẵng,ĐB,23773
2025-08-25,MT,Đà Nẵng,1,04995
2025-08-25,MT,Đà Nẵng,2,88856
2025-08-25,MT,Đà Nẵng,3,03263 - 92060 - 22962 - 19751 - 68989 - 55202
2025-08-25,MT,Đà Nẵng,4,02350 - 14978 - 12825 - 86535 - 75661 - 57362
2025-08-25,MT,Đà Nẵng,5,15706 - 01612 - 29875
2025-08-25,MT,Đà Nẵng,6,53585 - 50454 - 65654
2025-08-25,MT,Đà Nẵng,7,29104 - 99698 - 43380 - 37250
2025-08-25,MT,Đà Nẵng,8,63764
2025-08-25,MT,Khánh Hòa,ĐB,80137
2025-08-25,MT,Khánh Hòa,1,92604
2025-08-25,MT,Khánh Hòa,2,93997
2025-08-25,MT,Khánh Hòa,3,95238 - 22521 - 31181 - 57859 - 77814 - 12484
2025-08-25,MT,Khánh Hòa,4,38375 - 57254 - 90455 - 02557 - 33132 - 54420
2025-08-25,MT,Khánh Hòa,5,18134 - 94706 - 32574
2025-08-25,MT,Khánh Hòa,6,32202 - 11192 - 34664
2025-08-25,MT,Khánh Hòa,7,13976 - 26634 - 10703 - 63506
2025-08-25,MT,Khánh Hòa,8,65976
2025-08-25,MN,TP. HCM,ĐB,27336
2025-08-25,MN,TP. HCM,1,36461
2025-08-25,MN,TP. HCM,2,34702
2025-08-25,MN,TP. HCM,3,20491 - 11767 - 26678 - 43527 - 55319 - 14577
2025-08-25,MN,TP. HCM,4,14034 - 15477 - 49913 - 31455 - 67420 - 88612
2025-08-25,MN,TP. HCM,5,49912 - 28357 - 03170
2025-08-25,MN,TP. HCM,6,85336 - 58069 - 85273
2025-08-25,MN,TP. HCM,7,92928 - 04680 - 40274 - 22238
2025-08-25,MN,TP. HCM,8,72787
2025-08-25,MN,Đồng Tháp,ĐB,14680
2025-08-25,MN,Đồng Tháp,1,86327
2025-08-25,MN,Đồng Tháp,2,20182
2025-08-25,MN,Đồng Tháp,3,89376 - 64180 - 48775 - 01326 - 96679 - 93748
2025-08-25,MN,Đồng Tháp,4,52491 - 14573 - 38311 - 46418 - 02106 - 37987
2025-08-25,MN,Đồng Tháp,5,55201 - 51125 - 46136
2025-08-25,MN,Đồng Tháp,6,37851 - 33379 - 55717
2025-08-25,MN,Đồng Tháp,7,43113 - 38921 - 81276 - 00106
2025-08-25,MN,Đồng Tháp,8,89992
2025-08-25,MN,Cà Mau,ĐB,29911
2025-08-25,MN,Cà Mau,1,44141
2025-08-25,MN,Cà Mau,2,63358
2025-08-25,MN,Cà Mau,3,65844 - 00123 - 75641 - 63704 - 01510 - 49127
2025-08-25,MN,Cà Mau,4,55686 - 20159 - 07025 - 42973 - 57055 - 29551
2025-08-25,MN,Cà Mau,5,21193 - 25732 - 28546
2025-08-25,MN,Cà Mau,6,52386 - 55110 - 90300
2025-08-25,MN,Cà Mau,7,83222 - 12438 - 73868 - 34041
2025-08-25,MN,Cà Mau,8,72667
2025-08-26,MB,Hà Nội,ĐB,24217
2025-08-26,MB,Hà Nội,1,16583
2025-08-26,MB,Hà Nội,2,48964
2025-08-26,MB,Hà Nội,3,70314 - 34854 - 18477 - 50483 - 38851 - 73528
2025-08-26,MB,Hà Nội,4,90416 - 76076 - 63504 - 33919 - 69923 - 22954
2025-08-26,MB,Hà Nội,5,73727 - 12816 - 77589
2025-08-26,MB,Hà Nội,6,83855 - 40650 - 00928
2025-08-26,MB,Hà Nội,7,52189 - 95178 - 75092 - 68323
2025-08-26,MT,Đà Nẵng,ĐB,70297
2025-08-26,MT,Đà Nẵng,1,61756
2025-08-26,MT,Đà Nẵng,2,00961
2025-08-26,MT,Đà Nẵng,3,09856 - 45443 - 98571 - 00070 - 81497 - 83304
2025-08-26,MT,Đà Nẵng,4,52807 - 57359 - 98188 - 58255 - 16586 - 04749
2025-08-26,MT,Đà Nẵng,5,99547 - 90433 - 31080
2025-08-26,MT,Đà Nẵng,6,50501 - 05828 - 04286
2025-08-26,MT,Đà Nẵng,7,78681 - 37136 - 82437 - 82590
2025-08-26,MT,Đà Nẵng,8,41037
2025-08-26,MT,Khánh Hòa,ĐB,95585
2025-08-26,MT,Khánh Hòa,1,12370
2025-08-26,MT,Khánh Hòa,2,40799
2025-08-26,MT,Khánh Hòa,3,66283 - 27544 - 53506 - 76179 - 21321 - 64653
2025-08-26,MT,Khánh Hòa,4,23408 - 48344 - 82632 - 82344 - 17778 - 67747
2025-08-26,MT,Khánh Hòa,5,39691 - 05962 - 54677
2025-08-26,MT,Khánh Hòa,6,39511 - 94241 - 87805
2025-08-26,MT,Khánh Hòa,7,02795 - 02562 - 41700 - 08206
2025-08-26,MT,Khánh Hòa,8,39657
2025-08-26,MN,TP. HCM,ĐB,08368
2025-08-26,MN,TP. HCM,1,70793
2025-08-26,MN,TP. HCM,2,70020
2025-08-26,MN,TP. HCM,3,44342 - 43312 - 76929 - 00286 - 70993 - 60996
2025-08-26,MN,TP. HCM,4,50363 - 33037 - 37859 - 92923 - 47752 - 65899
2025-08-26,MN,TP. HCM,5,76671 - 59429 - 47646
2025-08-26,MN,TP. HCM,6,30332 - 52472 - 86719
2025-08-26,MN,TP. HCM,7,76602 - 47816 - 24207 - 18734
2025-08-26,MN,TP. HCM,8,82513
2025-08-26,MN,Đồng Tháp,ĐB,21619
2025-08-26,MN,Đồng Tháp,1,72335
2025-08-26,MN,Đồng Tháp,2,34393
2025-08-26,MN,Đồng Tháp,3,79124 - 78106 - 24132 - 83605 - 24097 - 50624
2025-08-26,MN,Đồng Tháp,4,77040 - 72851 - 86092 - 79194 - 36015 - 09539
2025-08-26,MN,Đồng Tháp,5,09179 - 24598 - 95910
2025-08-26,MN,Đồng Tháp,6,60419 - 50760 - 83992
2025-08-26,MN,Đồng Tháp,7,38870 - 23596 - 45029 - 91391
2025-08-26,MN,Đồng Tháp,8,68318
2025-08-26,MN,Cà Mau,ĐB,13432
2025-08-26,MN,Cà Mau,1,45667
2025-08-26,MN,Cà Mau,2,80138
2025-08-26,MN,Cà Mau,3,36579 - 03344 - 05814 - 76308 - 55123 - 48684
2025-08-26,MN,Cà Mau,4,16008 - 23600 - 81741 - 05646 - 57598 - 25644
2025-08-26,MN,Cà Mau,5,10656 - 38840 - 15685
2025-08-26,MN,Cà Mau,6,22585 - 23325 - 05192
2025-08-26,MN,Cà Mau,7,17569 - 21807 - 46469 - 19940
2025-08-26,MN,Cà Mau,8,96916
2025-08-27,MB,Hà Nội,ĐB,72051
2025-08-27,MB,Hà Nội,1,33571
2025-08-27,MB,Hà Nội,2,54942
2025-08-27,MB,Hà Nội,3,13681 - 91083 - 64704 - 94737 - 50761 - 10329
2025-08-27,MB,Hà Nội,4,74907 - 68188 - 85811 - 85344 - 02193 - 06510
2025-08-27,MB,Hà Nội,5,83609 - 57721 - 89545
2025-08-27,MB,Hà Nội,6,50740 - 19312 - 52147
2025-08-27,MB,Hà Nội,7,98714 - 82240 - 23679 - 17802
2025-08-27,MT,Đà Nẵng,ĐB,64339
2025-08-27,MT,Đà Nẵng,1,43596
2025-08-27,MT,Đà Nẵng,2,14090
2025-08-27,MT,Đà Nẵng,3,35643 - 43984 - 13230 - 53463 - 80650 - 09486
2025-08-27,MT,Đà Nẵng,4,25499 - 83636 - 06231 - 56313 - 70925 - 31662
2025-08-27,MT,Đà Nẵng,5,63383 - 50781 - 84560
2025-08-27,MT,Đà Nẵng,6,76004 - 98313 - 24670
2025-08-27,MT,Đà Nẵng,7,28221 - 20593 - 36613 - 09806
2025-08-27,MT,Đà Nẵng,8,45814
2025-08-27,MT,Khánh Hòa,ĐB,78099
2025-08-27,MT,Khánh Hòa,1,36796
2025-08-27,MT,Khánh Hòa,2,12063
2025-08-27,MT,Khánh Hòa,3,97796 - 07178 - 67225 - 39429 - 28160 - 59044
2025-08-27,MT,Khánh Hòa,4,23778 - 01312 - 93839 - 55665 - 30416 - 59288
2025-08-27,MT,Khánh Hòa,5,22132 - 42213 - 14465
2025-08-27,MT,Khánh Hòa,6,57612 - 21391 - 23704
2025-08-27,MT,Khánh Hòa,7,81759 - 29881 - 55047 - 04643
2025-08-27,MT,Khánh Hòa,8,58550
2025-08-27,MN,TP. HCM,ĐB,04000
2025-08-27,MN,TP. HCM,1,90759
2025-08-27,MN,TP. HCM,2,97692
2025-08-27,MN,TP. HCM,3,65362 - 05743 - 64398 - 20980 - 78778 - 85218
2025-08-27,MN,TP. HCM,4,57136 - 96992 - 19991 - 62314 - 53080 - 16380
2025-08-27,MN,TP. HCM,5,65484 - 50082 - 39500
2025-08-27,MN,TP. HCM,6,33185 - 50843 - 19002
2025-08-27,MN,TP. HCM,7,42275 - 56214 - 91623 - 65295
2025-08-27,MN,TP. HCM,8,38798
2025-08-27,MN,Đồng Tháp,ĐB,79630
2025-08-27,MN,Đồng Tháp,1,14613
2025-08-27,MN,Đồng Tháp,2,09121
2025-08-27,MN,Đồng Tháp,3,21582 - 95260 - 59511 - 33738 - 40804 - 46637
2025-08-27,MN,Đồng Tháp,4,61755 - 23469 - 99723 - 39128 - 28492 - 28734
2025-08-27,MN,Đồng Tháp,5,13908 - 27177 - 32710
2025-08-27,MN,Đồng Tháp,6,16904 - 89994 - 08134
2025-08-27,MN,Đồng Tháp,7,81889 - 88169 - 28469 - 17194
2025-08-27,MN,Đồng Tháp,8,82815
2025-08-27,MN,Cà Mau,ĐB,87261
2025-08-27,MN,Cà Mau,1,10339
2025-08-27,MN,Cà Mau,2,54531
2025-08-27,MN,Cà Mau,3,07573 - 34389 - 51845 - 96893 - 49974 - 23763
2025-08-27,MN,Cà Mau,4,98699 - 50687 - 95357 - 72762 - 92397 - 49915
2025-08-27,MN,Cà Mau,5,72079 - 87871 - 07384
2025-08-27,MN,Cà Mau,6,32081 - 37807 - 30672
2025-08-27,MN,Cà Mau,7,51656 - 70366 - 87140 - 84965
2025-08-27,MN,Cà Mau,8,10145
2025-08-28,MB,Hà Nội,ĐB,90688
2025-08-28,MB,Hà Nội,1,07931
2025-08-28,MB,Hà Nội,2,44965
2025-08-28,MB,Hà Nội,3,23695 - 58799 - 20140 - 19502 - 18123 - 21918
2025-08-28,MB,Hà Nội,4,43951 - 03856 - 36267 - 69819 - 94717 - 23019
2025-08-28,MB,Hà Nội,5,89812 - 58503 - 30306
2025-08-28,MB,Hà Nội,6,47126 - 71985 - 24998
2025-08-28,MB,Hà Nội,7,01819 - 37731 - 47097 - 79268
2025-08-28,MT,Đà Nẵng,ĐB,71279
2025-08-28,MT,Đà Nẵng,1,12889
2025-08-28,MT,Đà Nẵng,2,36134
2025-08-28,MT,Đà Nẵng,3,87099 - 50396 - 80169 - 89640 - 61026 - 35019
2025-08-28,MT,Đà Nẵng,4,41530 - 76829 - 57572 - 42507 - 86697 - 06423
2025-08-28,MT,Đà Nẵng,5,01010 - 79847 - 51429
2025-08-28,MT,Đà Nẵng,6,70521 - 23182 - 98046
2025-08-28,MT,Đà Nẵng,7,10662 - 90832 - 61718 - 74176
2025-08-28,MT,Đà Nẵng,8,50958
2025-08-28,MT,Khánh Hòa,ĐB,55009
2025-08-28,MT,Khánh Hòa,1,41169
2025-08-28,MT,Khánh Hòa,2,56919
2025-08-28,MT,Khánh Hòa,3,05780 - 82315 - 52446 - 96962 - 05358 - 41593
2025-08-28,MT,Khánh Hòa,4,63568 - 22899 - 51078 - 14833 - 16313 - 68082
2025-08-28,MT,Khánh Hòa,5,43321 - 11057 - 87663
2025-08-28,MT,Khánh Hòa,6,45458 - 57919 - 00817
2025-08-28,MT,Khánh Hòa,7,10776 - 36205 - 52688 - 76638
2025-08-28,MT,Khánh Hòa,8,41469
2025-08-28,MN,TP. HCM,ĐB,59501
2025-08-28,MN,TP. HCM,1,07623
2025-08-28,MN,TP. HCM,2,84424
2025-08-28,MN,TP. HCM,3,50727 - 72590 - 96404 - 77237 - 42670 - 80319
2025-08-28,MN,TP. HCM,4,09159 - 26130 - 40199 - 36877 - 91965 - 96210
2025-08-28,MN,TP. HCM,5,55517 - 68346 - 98131
2025-08-28,MN,TP. HCM,6,29390 - 78991 - 42483
2025-08-28,MN,TP. HCM,7,42864 - 37379 - 27110 - 26847
2025-08-28,MN,TP. HCM,8,03724
2025-08-28,MN,Đồng Tháp,ĐB,78077
2025-08-28,MN,Đồng Tháp,1,28608
2025-08-28,MN,Đồng Tháp,2,28733
2025-08-28,MN,Đồng Tháp,3,91300 - 85974 - 87078 - 98205 - 26393 - 46440
2025-08-28,MN,Đồng Tháp,4,39352 - 38896 - 56168 - 03314 - 86708 - 06262
2025-08-28,MN,Đồng Tháp,5,50324 - 48054 - 64376
2025-08-28,MN,Đồng Tháp,6,49104 - 06625 - 36642
2025-08-28,MN,Đồng Tháp,7,69340 - 85894 - 25167 - 82014
2025-08-28,MN,Đồng Tháp,8,67871
2025-08-28,MN,Cà Mau,ĐB,83618
2025-08-28,MN,Cà Mau,1,49067
2025-08-28,MN,Cà Mau,2,46308
2025-08-28,MN,Cà Mau,3,80377 - 78768 - 97003 - 71425 - 20413 - 25273
2025-08-28,MN,Cà Mau,4,23541 - 63219 - 36449 - 84474 - 82916 - 35640
2025-08-28,MN,Cà Mau,5,26192 - 34151 - 18824
2025-08-28,MN,Cà Mau,6,35939 - 16188 - 31306
2025-08-28,MN,Cà Mau,7,53119 - 86055 - 73820 - 31260
2025-08-28,MN,Cà Mau,8,79788
2025-08-29,MB,Hà Nội,ĐB,06388
2025-08-29,MB,Hà Nội,1,53719
2025-08-29,MB,Hà Nội,2,82743
2025-08-29,MB,Hà Nội,3,83941 - 05403 - 67207 - 16724 - 58407 - 82132
2025-08-29,MB,Hà Nội,4,39071 - 86108 - 18822 - 64695 - 78242 - 32548
2025-08-29,MB,Hà Nội,5,35239 - 80152 - 81934
2025-08-29,MB,Hà Nội,6,09570 - 91205 - 43283
2025-08-29,MB,Hà Nội,7,18468 - 82490 - 96534 - 16056
2025-08-29,MT,Đà Nẵng,ĐB,26795
2025-08-29,MT,Đà Nẵng,1,70463
2025-08-29,MT,Đà Nẵng,2,17183
2025-08-29,MT,Đà Nẵng,3,03377 - 36725 - 26276 - 23811 - 15210 - 95987
2025-08-29,MT,Đà Nẵng,4,14761 - 20343 - 86113 - 30930 - 71041 - 16027
2025-08-29,MT,Đà Nẵng,5,43823 - 51094 - 70544
2025-08-29,MT,Đà Nẵng,6,72931 - 61503 - 76903
2025-08-29,MT,Đà Nẵng,7,25378 - 71853 - 08926 - 51041
2025-08-29,MT,Đà Nẵng,8,51259
2025-08-29,MT,Khánh Hòa,ĐB,02523
2025-08-29,MT,Khánh Hòa,1,79952
2025-08-29,MT,Khánh Hòa,2,10310
2025-08-29,MT,Khánh Hòa,3,02385 - 84818 - 05742 - 90738 - 15824 - 58422
2025-08-29,MT,Khánh Hòa,4,60153 - 98645 - 21635 - 41010 - 61137 - 71562
2025-08-29,MT,Khánh Hòa,5,01566 - 16986 - 88619
2025-08-29,MT,Khánh Hòa,6,52355 - 93582 - 99234
2025-08-29,MT,Khánh Hòa,7,04498 - 91528 - 74254 - 39153
2025-08-29,MT,Khánh Hòa,8,50335
2025-08-29,MN,TP. HCM,ĐB,92244
2025-08-29,MN,TP. HCM,1,56652
2025-08-29,MN,TP. HCM,2,72770
2025-08-29,MN,TP. HCM,3,66067 - 74929 - 17585 - 26312 - 78632 - 69938
2025-08-29,MN,TP. HCM,4,73316 - 50357 - 46921 - 55774 - 94745 - 58793
2025-08-29,MN,TP. HCM,5,89668 - 48576 - 41518
2025-08-29,MN,TP. HCM,6,06155 - 10844 - 18034
2025-08-29,MN,TP. HCM,7,49188 - 94225 - 44557 - 19693
2025-08-29,MN,TP. HCM,8,16132
2025-08-29,MN,Đồng Tháp,ĐB,84643
2025-08-29,MN,Đồng Tháp,1,78761
2025-08-29,MN,Đồng Tháp,2,03504
2025-08-29,MN,Đồng Tháp,3,63024 - 82423 - 58807 - 42516 - 59244 - 10360
2025-08-29,MN,Đồng Tháp,4,42152 - 96962 - 12247 - 50176 - 56044 - 18219
2025-08-29,MN,Đồng Tháp,5,13528 - 54774 - 21918
2025-08-29,MN,Đồng Tháp,6,00194 - 02535 - 61972
2025-08-29,MN,Đồng Tháp,7,19347 - 58582 - 80265 - 29432
2025-08-29,MN,Đồng Tháp,8,03533
2025-08-29,MN,Cà Mau,ĐB,18469
2025-08-29,MN,Cà Mau,1,61136
2025-08-29,MN,Cà Mau,2,17075
2025-08-29,MN,Cà Mau,3,22627 - 30851 - 25006 - 45996 - 06403 - 26511
2025-08-29,MN,Cà Mau,4,19645 - 35323 - 61336 - 85181 - 72799 - 95691
2025-08-29,MN,Cà Mau,5,86608 - 07637 - 95223
2025-08-29,MN,Cà Mau,6,45330 - 09611 - 77287
2025-08-29,MN,Cà Mau,7,83923 - 78760 - 45136 - 52526
2025-08-29,MN,Cà Mau,8,11307
2025-08-30,MB,Hà Nội,ĐB,77765
2025-08-30,MB,Hà Nội,1,98702
2025-08-30,MB,Hà Nội,2,11821
2025-08-30,MB,Hà Nội,3,19113 - 61041 - 30077 - 04350 - 37203 - 59404
2025-08-30,MB,Hà Nội,4,36985 - 24450 - 71494 - 05973 - 93599 - 13381
2025-08-30,MB,Hà Nội,5,53096 - 14439 - 80425
2025-08-30,MB,Hà Nội,6,12010 - 83251 - 15152
2025-08-30,MB,Hà Nội,7,52848 - 41916 - 57002 - 81158
2025-08-30,MT,Đà Nẵng,ĐB,50260
2025-08-30,MT,Đà Nẵng,1,14380
2025-08-30,MT,Đà Nẵng,2,57232
2025-08-30,MT,Đà Nẵng,3,75707 - 91206 - 68357 - 36837 - 33086 - 29900
2025-08-30,MT,Đà Nẵng,4,10173 - 28335 - 12247 - 84444 - 22179 - 67748
2025-08-30,MT,Đà Nẵng,5,40371 - 46357 - 28923
2025-08-30,MT,Đà Nẵng,6,01241 - 80054 - 37297
2025-08-30,MT,Đà Nẵng,7,68962 - 47986 - 53822 - 64513
2025-08-30,MT,Đà Nẵng,8,20697
2025-08-30,MT,Khánh Hòa,ĐB,95914
2025-08-30,MT,Khánh Hòa,1,45253
2025-08-30,MT,Khánh Hòa,2,56342
2025-08-30,MT,Khánh Hòa,3,40208 - 23548 - 77209 - 62138 - 36926 - 19425
2025-08-30,MT,Khánh Hòa,4,97882 - 94651 - 67411 - 50635 - 83763 - 06745
2025-08-30,MT,Khánh Hòa,5,04704 - 73475 - 79590
2025-08-30,MT,Khánh Hòa,6,63920 - 13069 - 31823
2025-08-30,MT,Khánh Hòa,7,04763 - 64522 - 27150 - 46867
2025-08-30,MT,Khánh Hòa,8,71338
2025-08-30,MN,TP. HCM,ĐB,99306
2025-08-30,MN,TP. HCM,1,61627
2025-08-30,MN,TP. HCM,2,82973
2025-08-30,MN,TP. HCM,3,10647 - 66393 - 88383 - 63350 - 92740 - 72372
2025-08-30,MN,TP. HCM,4,71222 - 68628 - 13346 - 26459 - 17631 - 32000
2025-08-30,MN,TP. HCM,5,48326 - 11035 - 01822
2025-08-30,MN,TP. HCM,6,43038 - 44331 - 13915
2025-08-30,MN,TP. HCM,7,93841 - 23351 - 24399 - 31820
2025-08-30,MN,TP. HCM,8,24920
2025-08-30,MN,Đồng Tháp,ĐB,40411
2025-08-30,MN,Đồng Tháp,1,68308
2025-08-30,MN,Đồng Tháp,2,22975
2025-08-30,MN,Đồng Tháp,3,61523 - 12798 - 08354 - 55946 - 31536 - 53412
2025-08-30,MN,Đồng Tháp,4,12930 - 72032 - 14397 - 91995 - 46001 - 37786
2025-08-30,MN,Đồng Tháp,5,96832 - 44327 - 71989
2025-08-30,MN,Đồng Tháp,6,19610 - 39965 - 44106
2025-08-30,MN,Đồng Tháp,7,26001 - 02538 - 94266 - 02710
2025-08-30,MN,Đồng Tháp,8,70412
2025-08-30,MN,Cà Mau,ĐB,16709
2025-08-30,MN,Cà Mau,1,59437
2025-08-30,MN,Cà Mau,2,73034
2025-08-30,MN,Cà Mau,3,41102 - 44013 - 86618 - 05764 - 75147 - 47527
2025-08-30,MN,Cà Mau,4,72462 - 13417 - 80337 - 02941 - 13128 - 21731
2025-08-30,MN,Cà Mau,5,22452 - 26647 - 69410
2025-08-30,MN,Cà Mau,6,46997 - 41196 - 26797
2025-08-30,MN,Cà Mau,7,93960 - 45941 - 83267 - 98134
2025-08-30,MN,Cà Mau,8,48097
2025-08-31,MB,Hà Nội,ĐB,81092
2025-08-31,MB,Hà Nội,1,07144
2025-08-31,MB,Hà Nội,2,97989
2025-08-31,MB,Hà Nội,3,01876 - 82329 - 22292 - 86995 - 56623 - 04724
2025-08-31,MB,Hà Nội,4,87627 - 25496 - 33402 - 68090 - 58005 - 43179
2025-08-31,MB,Hà Nội,5,01953 - 51369 - 62435
2025-08-31,MB,Hà Nội,6,96638 - 43680 - 67125
2025-08-31,MB,Hà Nội,7,76379 - 25839 - 86368 - 02944
2025-08-31,MT,Đà Nẵng,ĐB,72448
2025-08-31,MT,Đà Nẵng,1,55521
2025-08-31,MT,Đà Nẵng,2,37512
2025-08-31,MT,Đà Nẵng,3,83983 - 75725 - 88567 - 37774 - 76472 - 52114
2025-08-31,MT,Đà Nẵng,4,23592 - 54701 - 62074 - 84807 - 28202 - 21665
2025-08-31,MT,Đà Nẵng,5,89870 - 26599 - 20821
2025-08-31,MT,Đà Nẵng,6,75832 - 95233 - 54045
2025-08-31,MT,Đà Nẵng,7,47231 - 23170 - 07436 - 39876
2025-08-31,MT,Đà Nẵng,8,71749
2025-08-31,MT,Khánh Hòa,ĐB,98816
2025-08-31,MT,Khánh Hòa,1,04221
2025-08-31,MT,Khánh Hòa,2,35410
2025-08-31,MT,Khánh Hòa,3,46044 - 52269 - 76127 - 58779 - 01855 - 81757
2025-08-31,MT,Khánh Hòa,4,67496 - 56929 - 54412 - 06307 - 20335 - 09381
2025-08-31,MT,Khánh Hòa,5,15304 - 91319 - 69204
2025-08-31,MT,Khánh Hòa,6,05069 - 88427 - 47120
2025-08-31,MT,Khánh Hòa,7,96931 - 63601 - 53948 - 86797
2025-08-31,MT,Khánh Hòa,8,73558
2025-08-31,MN,TP. HCM,ĐB,10645
2025-08-31,MN,TP. HCM,1,35705
2025-08-31,MN,TP. HCM,2,51585
2025-08-31,MN,TP. HCM,3,91221 - 60311 - 92258 - 90736 - 92389 - 03802
2025-08-31,MN,TP. HCM,4,14054 - 36882 - 24122 - 77115 - 29447 - 48180
2025-08-31,MN,TP. HCM,5,34235 - 65762 - 33430
2025-08-31,MN,TP. HCM,6,94117 - 10475 - 61301
2025-08-31,MN,TP. HCM,7,20042 - 78458 - 29391 - 61145
2025-08-31,MN,TP. HCM,8,36684
2025-08-31,MN,Đồng Tháp,ĐB,69690
2025-08-31,MN,Đồng Tháp,1,58885
2025-08-31,MN,Đồng Tháp,2,86216
2025-08-31,MN,Đồng Tháp,3,68845 - 46490 - 43903 - 86534 - 39822 - 62048
2025-08-31,MN,Đồng Tháp,4,96380 - 14045 - 73547 - 11247 - 21655 - 76498
2025-08-31,MN,Đồng Tháp,5,47819 - 86883 - 58584
2025-08-31,MN,Đồng Tháp,6,81596 - 98188 - 24601
2025-08-31,MN,Đồng Tháp,7,85756 - 75628 - 50725 - 37941
2025-08-31,MN,Đồng Tháp,8,10553
2025-08-31,MN,Cà Mau,ĐB,43496
2025-08-31,MN,Cà Mau,1,95339
2025-08-31,MN,Cà Mau,2,12161
2025-08-31,MN,Cà Mau,3,42186 - 58464 - 69806 - 00793 - 32206 - 76596
2025-08-31,MN,Cà Mau,4,90808 - 66271 - 32274 - 43576 - 75592 - 30426
2025-08-31,MN,Cà Mau,5,48001 - 05531 - 97806
2025-08-31,MN,Cà Mau,6,78841 - 09967 - 18300
2025-08-31,MN,Cà Mau,7,96617 - 68271 - 26963 - 25133
2025-08-31,MN,Cà Mau,8,01914
2025-09-01,MB,Hà Nội,ĐB,72539
2025-09-01,MB,Hà Nội,1,96416
2025-09-01,MB,Hà Nội,2,95978
2025-09-01,MB,Hà Nội,3,65810 - 65597 - 77871 - 73752 - 27242 - 31639
2025-09-01,MB,Hà Nội,4,03971 - 31405 - 79021 - 69002 - 49634 - 75591
2025-09-01,MB,Hà Nội,5,73828 - 21682 - 67361
2025-09-01,MB,Hà Nội,6,82267 - 83441 - 98924
2025-09-01,MB,Hà Nội,7,76319 - 13008 - 38096 - 80592
2025-09-01,MT,Đà Nẵng,ĐB,80844
2025-09-01,MT,Đà Nẵng,1,20339
2025-09-01,MT,Đà Nẵng,2,57388
2025-09-01,MT,Đà Nẵng,3,78215 - 46876 - 55551 - 22287 - 91150 - 72019
2025-09-01,MT,Đà Nẵng,4,92472 - 55355 - 85164 - 76010 - 37667 - 87007
2025-09-01,MT,Đà Nẵng,5,21022 - 02729 - 19364
2025-09-01,MT,Đà Nẵng,6,67487 - 60978 - 68395
2025-09-01,MT,Đà Nẵng,7,80513 - 92183 - 85780 - 70829
2025-09-01,MT,Đà Nẵng,8,22193
2025-09-01,MT,Khánh Hòa,ĐB,89047
2025-09-01,MT,Khánh Hòa,1,05615
2025-09-01,MT,Khánh Hòa,2,39202
2025-09-01,MT,Khánh Hòa,3,87712 - 74170 - 99306 - 80774 - 31022 - 09943
2025-09-01,MT,Khánh Hòa,4,52064 - 36299 - 54421 - 66070 - 94209 - 86920
2025-09-01,MT,Khánh Hòa,5,14514 - 45273 - 48580
2025-09-01,MT,Khánh Hòa,6,61729 - 61346 - 98968
2025-09-01,MT,Khánh Hòa,7,24280 - 87167 - 06802 - 61228
2025-09-01,MT,Khánh Hòa,8,41012
2025-09-01,MN,TP. HCM,ĐB,94329
2025-09-01,MN,TP. HCM,1,34160
2025-09-01,MN,TP. HCM,2,14087
2025-09-01,MN,TP. HCM,3,37348 - 83560 - 39304 - 83220 - 60121 - 93398
2025-09-01,MN,TP. HCM,4,13220 - 77040 - 77159 - 87238 - 15577 - 30075
2025-09-01,MN,TP. HCM,5,85222 - 70333 - 83282
2025-09-01,MN,TP. HCM,6,05062 - 58616 - 11975
2025-09-01,MN,TP. HCM,7,62502 - 13674 - 59156 - 76555
2025-09-01,MN,TP. HCM,8,39667
2025-09-01,MN,Đồng Tháp,ĐB,37604
2025-09-01,MN,Đồng Tháp,1,57109
2025-09-01,MN,Đồng Tháp,2,58636
2025-09-01,MN,Đồng Tháp,3,53748 - 44556 - 93706 - 40603 - 71580 - 79528
2025-09-01,MN,Đồng Tháp,4,53916 - 72486 - 80545 - 36057 - 70616 - 22739
2025-09-01,MN,Đồng Tháp,5,18470 - 51929 - 20273
2025-09-01,MN,Đồng Tháp,6,88815 - 30230 - 04005
2025-09-01,MN,Đồng Tháp,7,76074 - 23717 - 95987 - 08511
2025-09-01,MN,Đồng Tháp,8,92646
2025-09-01,MN,Cà Mau,ĐB,87730
2025-09-01,MN,Cà Mau,1,31149
2025-09-01,MN,Cà Mau,2,85308
2025-09-01,MN,Cà Mau,3,98906 - 96287 - 64402 - 59022 - 70660 - 25939
2025-09-01,MN,Cà Mau,4,21173 - 03424 - 44343 - 41974 - 13772 - 40349
2025-09-01,MN,Cà Mau,5,24911 - 23046 - 56575
2025-09-01,MN,Cà Mau,6,75351 - 16551 - 52258
2025-09-01,MN,Cà Mau,7,61190 - 68433 - 12238 - 92159
2025-09-01,MN,Cà Mau,8,40667
2025-09-02,MB,Hà Nội,ĐB,02346
2025-09-02,MB,Hà Nội,1,33437
2025-09-02,MB,Hà Nội,2,27473
2025-09-02,MB,Hà Nội,3,67443 - 70343 - 13900 - 58078 - 20767 - 02931
2025-09-02,MB,Hà Nội,4,63927 - 11699 - 08801 - 48024 - 00425 - 16952
2025-09-02,MB,Hà Nội,5,12785 - 48892 - 50549
2025-09-02,MB,Hà Nội,6,27908 - 69275 - 80086
2025-09-02,MB,Hà Nội,7,02414 - 57932 - 76541 - 53544
2025-09-02,MT,Đà Nẵng,ĐB,60448
2025-09-02,MT,Đà Nẵng,1,75955
2025-09-02,MT,Đà Nẵng,2,46106
2025-09-02,MT,Đà Nẵng,3,41897 - 49184 - 51766 - 07072 - 93334 - 49912
2025-09-02,MT,Đà Nẵng,4,33309 - 13812 - 53146 - 40742 - 40314 - 32045
2025-09-02,MT,Đà Nẵng,5,32035 - 68971 - 12671
2025-09-02,MT,Đà Nẵng,6,47965 - 59582 - 19279
2025-09-02,MT,Đà Nẵng,7,55371 - 66981 - 75391 - 57432
2025-09-02,MT,Đà Nẵng,8,25946
2025-09-02,MT,Khánh Hòa,ĐB,09006
2025-09-02,MT,Khánh Hòa,1,57461
2025-09-02,MT,Khánh Hòa,2,88041
2025-09-02,MT,Khánh Hòa,3,37277 - 42563 - 73242 - 53578 - 55744 - 58841
2025-09-02,MT,Khánh Hòa,4,89185 - 98757 - 32252 - 94999 - 72468 - 91963
2025-09-02,MT,Khánh Hòa,5,47557 - 22797 - 02863
2025-09-02,MT,Khánh Hòa,6,05248 - 46439 - 38277
2025-09-02,MT,Khánh Hòa,7,82306 - 13964 - 62096 - 36266
2025-09-02,MT,Khánh Hòa,8,18448
2025-09-02,MN,TP. HCM,ĐB,07861
2025-09-02,MN,TP. HCM,1,96831
2025-09-02,MN,TP. HCM,2,26406
2025-09-02,MN,TP. HCM,3,27816 - 55903 - 60575 - 64984 - 72001 - 26645
2025-09-02,MN,TP. HCM,4,62189 - 03798 - 82936 - 90085 - 22166 - 81500
2025-09-02,MN,TP. HCM,5,19183 - 78890 - 48255
2025-09-02,MN,TP. HCM,6,00995 - 40492 - 87590
2025-09-02,MN,TP. HCM,7,90658 - 87876 - 75652 - 91387
2025-09-02,MN,TP. HCM,8,32253
2025-09-02,MN,Đồng Tháp,ĐB,86808
2025-09-02,MN,Đồng Tháp,1,51014
2025-09-02,MN,Đồng Tháp,2,51021
2025-09-02,MN,Đồng Tháp,3,27279 - 35624 - 01804 - 65685 - 76551 - 86884
2025-09-02,MN,Đồng Tháp,4,86535 - 15795 - 43809 - 31265 - 71534 - 80064
2025-09-02,MN,Đồng Tháp,5,95000 - 87626 - 57264
2025-09-02,MN,Đồng Tháp,6,00179 - 13717 - 69272
2025-09-02,MN,Đồng Tháp,7,69769 - 38470 - 13235 - 95897
2025-09-02,MN,Đồng Tháp,8,57577
2025-09-02,MN,Cà Mau,ĐB,55381
2025-09-02,MN,Cà Mau,1,45296
2025-09-02,MN,Cà Mau,2,04476
2025-09-02,MN,Cà Mau,3,26524 - 67115 - 13770 - 19593 - 93131 - 14936
2025-09-02,MN,Cà Mau,4,44568 - 30498 - 96091 - 29724 - 76335 - 71832
2025-09-02,MN,Cà Mau,5,01082 - 82139 - 89417
2025-09-02,MN,Cà Mau,6,84887 - 08788 - 95520
2025-09-02,MN,Cà Mau,7,83904 - 64255 - 53662 - 05290
2025-09-02,MN,Cà Mau,8,96868
2025-09-03,MB,Hà Nội,ĐB,60268
2025-09-03,MB,Hà Nội,1,48381
2025-09-03,MB,Hà Nội,2,69143
2025-09-03,MB,Hà Nội,3,93865 - 87144 - 91011 - 91284 - 56072 - 04639
2025-09-03,MB,Hà Nội,4,64268 - 63575 - 11361 - 88875 - 92116 - 09981
2025-09-03,MB,Hà Nội,5,79213 - 05502 - 54533
2025-09-03,MB,Hà Nội,6,10520 - 56184 - 22664
2025-09-03,MB,Hà Nội,7,95598 - 37292 - 79395 - 43976
2025-09-03,MT,Đà Nẵng,ĐB,30427
2025-09-03,MT,Đà Nẵng,1,89754
2025-09-03,MT,Đà Nẵng,2,84705
2025-09-03,MT,Đà Nẵng,3,22293 - 25972 - 42112 - 17077 - 01608 - 14085
2025-09-03,MT,Đà Nẵng,4,40506 - 49783 - 74948 - 87472 - 88279 - 92320
2025-09-03,MT,Đà Nẵng,5,52134 - 41220 - 68495
2025-09-03,MT,Đà Nẵng,6,83877 - 32680 - 62875
2025-09-03,MT,Đà Nẵng,7,96092 - 96434 - 17410 - 65531
2025-09-03,MT,Đà Nẵng,8,41211
2025-09-03,MT,Khánh Hòa,ĐB,55826
2025-09-03,MT,Khánh Hòa,1,68643
2025-09-03,MT,Khánh Hòa,2,82408
2025-09-03,MT,Khánh Hòa,3,13582 - 82615 - 67168 - 78268 - 68437 - 06327
2025-09-03,MT,Khánh Hòa,4,38226 - 44919 - 41061 - 88141 - 84794 - 10198
2025-09-03,MT,Khánh Hòa,5,18902 - 75387 - 05833
2025-09-03,MT,Khánh Hòa,6,05177 - 08184 - 57374
2025-09-03,MT,Khánh Hòa,7,86844 - 63753 - 02110 - 35198
2025-09-03,MT,Khánh Hòa,8,75029
2025-09-03,MN,TP. HCM,ĐB,10182
2025-09-03,MN,TP. HCM,1,99051
2025-09-03,MN,TP. HCM,2,43974
2025-09-03,MN,TP. HCM,3,91565 - 18567 - 06479 - 30985 - 12440 - 69908
2025-09-03,MN,TP. HCM,4,14129 - 19872 - 44522 - 22182 - 22674 - 40248
2025-09-03,MN,TP. HCM,5,92089 - 37357 - 93997
2025-09-03,MN,TP. HCM,6,70131 - 07521 - 44586
2025-09-03,MN,TP. HCM,7,52758 - 40712 - 94387 - 07163
2025-09-03,MN,TP. HCM,8,91624
2025-09-03,MN,Đồng Tháp,ĐB,58070
2025-09-03,MN,Đồng Tháp,1,27721
2025-09-03,MN,Đồng Tháp,2,48055
2025-09-03,MN,Đồng Tháp,3,90014 - 05220 - 95245 - 13019 - 11267 - 56342
2025-09-03,MN,Đồng Tháp,4,56611 - 70312 - 84585 - 08550 - 77185 - 88185
2025-09-03,MN,Đồng Tháp,5,53209 - 40484 - 46471
2025-09-03,MN,Đồng Tháp,6,64764 - 41283 - 35498
2025-09-03,MN,Đồng Tháp,7,02685 - 24545 - 00746 - 00119
2025-09-03,MN,Đồng Tháp,8,26069
2025-09-03,MN,Cà Mau,ĐB,41183
2025-09-03,MN,Cà Mau,1,97856
2025-09-03,MN,Cà Mau,2,07477
2025-09-03,MN,Cà Mau,3,49914 - 57742 - 32171 - 13757 - 57905 - 69604
2025-09-03,MN,Cà Mau,4,75892 - 92811 - 21268 - 11105 - 87121 - 24975
2025-09-03,MN,Cà Mau,5,68835 - 03557 - 13281
2025-09-03,MN,Cà Mau,6,60164 - 16874 - 88194
2025-09-03,MN,Cà Mau,7,15960 - 00707 - 48326 - 26603
2025-09-03,MN,Cà Mau,8,10842
2025-09-04,MB,Hà Nội,ĐB,37608
2025-09-04,MB,Hà Nội,1,01378
2025-09-04,MB,Hà Nội,2,81824
2025-09-04,MB,Hà Nội,3,53157 - 65693 - 66050 - 09948 - 28658 - 59877
2025-09-04,MB,Hà Nội,4,86757 - 38347 - 86147 - 47882 - 46225 - 60983
2025-09-04,MB,Hà Nội,5,13615 - 62894 - 86564
2025-09-04,MB,Hà Nội,6,05525 - 58868 - 30652
2025-09-04,MB,Hà Nội,7,21115 - 03392 - 84663 - 83855
2025-09-04,MT,Đà Nẵng,ĐB,48773
2025-09-04,MT,Đà Nẵng,1,91415
2025-09-04,MT,Đà Nẵng,2,51730
2025-09-04,MT,Đà Nẵng,3,54787 - 19794 - 36177 - 76072 - 55163 - 65058
2025-09-04,MT,Đà Nẵng,4,73962 - 91880 - 78094 - 02898 - 86220 - 39893
2025-09-04,MT,Đà Nẵng,5,74137 - 44000 - 97135
2025-09-04,MT,Đà Nẵng,6,08844 - 27523 - 24699
2025-09-04,MT,Đà Nẵng,7,69380 - 71530 - 87032 - 60151
2025-09-04,MT,Đà Nẵng,8,85120
2025-09-04,MT,Khánh Hòa,ĐB,29810
2025-09-04,MT,Khánh Hòa,1,36251
2025-09-04,MT,Khánh Hòa,2,02206
2025-09-04,MT,Khánh Hòa,3,55668 - 44073 - 94805 - 59934 - 99928 - 34468
2025-09-04,MT,Khánh Hòa,4,52473 - 42859 - 63700 - 42499 - 30292 - 09534
2025-09-04,MT,Khánh Hòa,5,85693 - 09095 - 38131
2025-09-04,MT,Khánh Hòa,6,56903 - 24695 - 02721
2025-09-04,MT,Khánh Hòa,7,90819 - 08678 - 81562 - 20646
2025-09-04,MT,Khánh Hòa,8,02668
2025-09-04,MN,TP. HCM,ĐB,31992
2025-09-04,MN,TP. HCM,1,23850
2025-09-04,MN,TP. HCM,2,42145
2025-09-04,MN,TP. HCM,3,59182 - 15002 - 59614 - 00797 - 03773 - 56351
2025-09-04,MN,TP. HCM,4,76391 - 03842 - 43674 - 04446 - 43709 - 64567
2025-09-04,MN,TP. HCM,5,79320 - 66324 - 01363
2025-09-04,MN,TP. HCM,6,72633 - 21539 - 47733
2025-09-04,MN,TP. HCM,7,20085 - 84015 - 01357 - 22278
2025-09-04,MN,TP. HCM,8,20495
2025-09-04,MN,Đồng Tháp,ĐB,17336
2025-09-04,MN,Đồng Tháp,1,68262
2025-09-04,MN,Đồng Tháp,2,63325
2025-09-04,MN,Đồng Tháp,3,05125 - 17314 - 57544 - 68760 - 01056 - 92498
2025-09-04,MN,Đồng Tháp,4,43251 - 90416 - 79753 - 23946 - 21317 - 43556
2025-09-04,MN,Đồng Tháp,5,76045 - 88045 - 55161
2025-09-04,MN,Đồng Tháp,6,08716 - 81433 - 62906
2025-09-04,MN,Đồng Tháp,7,94123 - 25639 - 01614 - 33809
2025-09-04,MN,Đồng Tháp,8,80369
2025-09-04,MN,Cà Mau,ĐB,36801
2025-09-04,MN,Cà Mau,1,72216
2025-09-04,MN,Cà Mau,2,81931
2025-09-04,MN,Cà Mau,3,12615 - 30110 - 99170 - 57816 - 43330 - 13911
2025-09-04,MN,Cà Mau,4,10008 - 79783 - 99577 - 32282 - 41865 - 37480
2025-09-04,MN,Cà Mau,5,08870 - 91826 - 52364
2025-09-04,MN,Cà Mau,6,55209 - 09521 - 97989
2025-09-04,MN,Cà Mau,7,07657 - 32715 - 70344 - 38179
2025-09-04,MN,Cà Mau,8,25843
2025-09-05,MB,Hà Nội,ĐB,39126
2025-09-05,MB,Hà Nội,1,95472
2025-09-05,MB,Hà Nội,2,28085
2025-09-05,MB,Hà Nội,3,04865 - 27181 - 46248 - 03532 - 41343 - 79401
2025-09-05,MB,Hà Nội,4,80021 - 70426 - 95295 - 22101 - 40252 - 40681
2025-09-05,MB,Hà Nội,5,89127 - 03805 - 24068
2025-09-05,MB,Hà Nội,6,12522 - 16671 - 74904
2025-09-05,MB,Hà Nội,7,25841 - 14617 - 39981 - 57399
2025-09-05,MT,Đà Nẵng,ĐB,85148
2025-09-05,MT,Đà Nẵng,1,66563
2025-09-05,MT,Đà Nẵng,2,45598
2025-09-05,MT,Đà Nẵng,3,17309 - 04015 - 27790 - 37950 - 57155 - 90410
2025-09-05,MT,Đà Nẵng,4,38578 - 94518 - 39021 - 00747 - 19044 - 01139
2025-09-05,MT,Đà Nẵng,5,15737 - 84789 - 24164
2025-09-05,MT,Đà Nẵng,6,00734 - 25349 - 19285
2025-09-05,MT,Đà Nẵng,7,95579 - 68323 - 88758 - 58419
2025-09-05,MT,Đà Nẵng,8,40850
2025-09-05,MT,Khánh Hòa,ĐB,89175
2025-09-05,MT,Khánh Hòa,1,80954
2025-09-05,MT,Khánh Hòa,2,29831
2025-09-05,MT,Khánh Hòa,3,24486 - 46749 - 88656 - 95484 - 02551 - 27068
2025-09-05,MT,Khánh Hòa,4,95879 - 43896 - 92289 - 13481 - 79797 - 38759
2025-09-05,MT,Khánh Hòa,5,16201 - 08962 - 95209
2025-09-05,MT,Khánh Hòa,6,12285 - 95783 - 11172
2025-09-05,MT,Khánh Hòa,7,17569 - 26095 - 95012 - 03593
2025-09-05,MT,Khánh Hòa,8,15861
2025-09-05,MN,TP. HCM,ĐB,49718
2025-09-05,MN,TP. HCM,1,77313
2025-09-05,MN,TP. HCM,2,69339
2025-09-05,MN,TP. HCM,3,11494 - 66558 - 06722 - 45659 - 06650 - 14638
2025-09-05,MN,TP. HCM,4,14095 - 06662 - 43282 - 34872 - 10380 - 95635
2025-09-05,MN,TP. HCM,5,74343 - 29777 - 70950
2025-09-05,MN,TP. HCM,6,76334 - 77409 - 78217
2025-09-05,MN,TP. HCM,7,84200 - 65129 - 03153 - 11535
2025-09-05,MN,TP. HCM,8,61304
2025-09-05,MN,Đồng Tháp,ĐB,46215
2025-09-05,MN,Đồng Tháp,1,19993
2025-09-05,MN,Đồng Tháp,2,11045
2025-09-05,MN,Đồng Tháp,3,26418 - 15282 - 84750 - 77710 - 36037 - 26073
2025-09-05,MN,Đồng Tháp,4,89255 - 65369 - 48250 - 87559 - 33212 - 93861
2025-09-05,MN,Đồng Tháp,5,01943 - 05173 - 36433
2025-09-05,MN,Đồng Tháp,6,60099 - 47651 - 25418
2025-09-05,MN,Đồng Tháp,7,36336 - 84540 - 11615 - 85309
2025-09-05,MN,Đồng Tháp,8,83464
2025-09-05,MN,Cà Mau,ĐB,92192
2025-09-05,MN,Cà Mau,1,22407
2025-09-05,MN,Cà Mau,2,83542
2025-09-05,MN,Cà Mau,3,40332 - 35174 - 07294 - 38487 - 61228 - 92212
2025-09-05,MN,Cà Mau,4,15558 - 96898 - 55908 - 84216 - 91312 - 77160
2025-09-05,MN,Cà Mau,5,35175 - 04830 - 94952
2025-09-05,MN,Cà Mau,6,00682 - 91547 - 50073
2025-09-05,MN,Cà Mau,7,00897 - 59825 - 97420 - 37639
2025-09-05,MN,Cà Mau,8,47155
2025-09-06,MB,Hà Nội,ĐB,72941
2025-09-06,MB,Hà Nội,1,59630
2025-09-06,MB,Hà Nội,2,22594
2025-09-06,MB,Hà Nội,3,40012 - 21759 - 12465 - 37200 - 89454 - 36867
2025-09-06,MB,Hà Nội,4,61356 - 85777 - 21528 - 46000 - 22862 - 71831
2025-09-06,MB,Hà Nội,5,59776 - 44308 - 17097
2025-09-06,MB,Hà Nội,6,34009 - 58779 - 57098
2025-09-06,MB,Hà Nội,7,24424 - 57124 - 79089 - 15053
2025-09-06,MT,Đà Nẵng,ĐB,29045
2025-09-06,MT,Đà Nẵng,1,63714
2025-09-06,MT,Đà Nẵng,2,33720
2025-09-06,MT,Đà Nẵng,3,82620 - 38970 - 09031 - 27738 - 08737 - 23723
2025-09-06,MT,Đà Nẵng,4,31650 - 34386 - 73721 - 16061 - 31094 - 17950
2025-09-06,MT,Đà Nẵng,5,15349 - 57193 - 60378
2025-09-06,MT,Đà Nẵng,6,13256 - 10592 - 91058
2025-09-06,MT,Đà Nẵng,7,24137 - 14308 - 78153 - 41020
2025-09-06,MT,Đà Nẵng,8,96940
2025-09-06,MT,Khánh Hòa,ĐB,02616
2025-09-06,MT,Khánh Hòa,1,15698
2025-09-06,MT,Khánh Hòa,2,91359
2025-09-06,MT,Khánh Hòa,3,52239 - 88389 - 16482 - 03020 - 69297 - 01160
2025-09-06,MT,Khánh Hòa,4,93011 - 50263 - 80158 - 81846 - 15672 - 28122
2025-09-06,MT,Khánh Hòa,5,96283 - 42804 - 11348
2025-09-06,MT,Khánh Hòa,6,65863 - 43005 - 50455
2025-09-06,MT,Khánh Hòa,7,32598 - 69609 - 18412 - 36437
2025-09-06,MT,Khánh Hòa,8,01560
2025-09-06,MN,TP. HCM,ĐB,56862
2025-09-06,MN,TP. HCM,1,84068
2025-09-06,MN,TP. HCM,2,92414
2025-09-06,MN,TP. HCM,3,62982 - 91003 - 72829 - 27725 - 75631 - 43806
2025-09-06,MN,TP. HCM,4,24174 - 05182 - 90638 - 69582 - 67598 - 30928
2025-09-06,MN,TP. HCM,5,11073 - 27189 - 83121
2025-09-06,MN,TP. HCM,6,38297 - 48829 - 20323
2025-09-06,MN,TP. HCM,7,04529 - 09659 - 83563 - 65111
2025-09-06,MN,TP. HCM,8,44330
2025-09-06,MN,Đồng Tháp,ĐB,96744
2025-09-06,MN,Đồng Tháp,1,60909
2025-09-06,MN,Đồng Tháp,2,20102
2025-09-06,MN,Đồng Tháp,3,07494 - 17834 - 69730 - 88696 - 19705 - 69437
2025-09-06,MN,Đồng Tháp,4,80035 - 03072 - 45847 - 59834 - 61589 - 05813
2025-09-06,MN,Đồng Tháp,5,50540 - 04276 - 51843
2025-09-06,MN,Đồng Tháp,6,37624 - 23104 - 10692
2025-09-06,MN,Đồng Tháp,7,87835 - 81461 - 36290 - 95707
2025-09-06,MN,Đồng Tháp,8,99999
2025-09-06,MN,Cà Mau,ĐB,97405
2025-09-06,MN,Cà Mau,1,06390
2025-09-06,MN,Cà Mau,2,29468
2025-09-06,MN,Cà Mau,3,57310 - 29894 - 38860 - 18699 - 29546 - 40240
2025-09-06,MN,Cà Mau,4,92737 - 29937 - 72293 - 60045 - 27666 - 40840
2025-09-06,MN,Cà Mau,5,85837 - 04194 - 35434
2025-09-06,MN,Cà Mau,6,83771 - 95580 - 47506
2025-09-06,MN,Cà Mau,7,77206 - 19711 - 71482 - 91702
2025-09-06,MN,Cà Mau,8,47143
2025-09-07,MB,Hà Nội,ĐB,51952
2025-09-07,MB,Hà Nội,1,34021
2025-09-07,MB,Hà Nội,2,88333
2025-09-07,MB,Hà Nội,3,79893 - 22340 - 47586 - 08413 - 84677 - 06340
2025-09-07,MB,Hà Nội,4,57901 - 61360 - 87667 - 16810 - 36181 - 00820
2025-09-07,MB,Hà Nội,5,04211 - 14703 - 73779
2025-09-07,MB,Hà Nội,6,87237 - 07595 - 54344
2025-09-07,MB,Hà Nội,7,49631 - 24936 - 24695 - 76571
2025-09-07,MT,Đà Nẵng,ĐB,93470
2025-09-07,MT,Đà Nẵng,1,54290
2025-09-07,MT,Đà Nẵng,2,79081
2025-09-07,MT,Đà Nẵng,3,50017 - 09208 - 92357 - 31157 - 43716 - 95709
2025-09-07,MT,Đà Nẵng,4,46778 - 38754 - 67099 - 03364 - 18530 - 01607
2025-09-07,MT,Đà Nẵng,5,66510 - 85618 - 16623
2025-09-07,MT,Đà Nẵng,6,32706 - 38520 - 48077
2025-09-07,MT,Đà Nẵng,7,30301 - 18451 - 68714 - 31634
2025-09-07,MT,Đà Nẵng,8,11561
2025-09-07,MT,Khánh Hòa,ĐB,46366
2025-09-07,MT,Khánh Hòa,1,89077
2025-09-07,MT,Khánh Hòa,2,92381
2025-09-07,MT,Khánh Hòa,3,60004 - 99477 - 87316 - 39728 - 92027 - 06062
2025-09-07,MT,Khánh Hòa,4,99433 - 64250 - 17922 - 35441 - 93446 - 45281
2025-09-07,MT,Khánh Hòa,5,83704 - 28950 - 27123
2025-09-07,MT,Khánh Hòa,6,46808 - 77411 - 91787
2025-09-07,MT,Khánh Hòa,7,04787 - 46070 - 51942 - 93129
2025-09-07,MT,Khánh Hòa,8,44957
2025-09-07,MN,TP. HCM,ĐB,95828
2025-09-07,MN,TP. HCM,1,76947
2025-09-07,MN,TP. HCM,2,00015
2025-09-07,MN,TP. HCM,3,92061 - 54860 - 78955 - 93662 - 05488 - 23615
2025-09-07,MN,TP. HCM,4,64157 - 79582 - 86437 - 05628 - 07684 - 52690
2025-09-07,MN,TP. HCM,5,03073 - 72900 - 23273
2025-09-07,MN,TP. HCM,6,36402 - 69462 - 21519
2025-09-07,MN,TP. HCM,7,02128 - 39285 - 00505 - 46872
2025-09-07,MN,TP. HCM,8,07750
2025-09-07,MN,Đồng Tháp,ĐB,42310
2025-09-07,MN,Đồng Tháp,1,19302
2025-09-07,MN,Đồng Tháp,2,17207
2025-09-07,MN,Đồng Tháp,3,53613 - 18940 - 51954 - 56224 - 10543 - 89025
2025-09-07,MN,Đồng Tháp,4,38710 - 29854 - 92807 - 52050 - 30930 - 00532
2025-09-07,MN,Đồng Tháp,5,39929 - 50889 - 77295
2025-09-07,MN,Đồng Tháp,6,51747 - 11840 - 77421
2025-09-07,MN,Đồng Tháp,7,96793 - 47790 - 65079 - 97870
2025-09-07,MN,Đồng Tháp,8,58291
2025-09-07,MN,Cà Mau,ĐB,27078
2025-09-07,MN,Cà Mau,1,22076
2025-09-07,MN,Cà Mau,2,57884
2025-09-07,MN,Cà Mau,3,22650 - 64148 - 58189 - 64150 - 60669 - 00157
2025-09-07,MN,Cà Mau,4,20720 - 79673 - 72957 - 25221 - 75174 - 04013
2025-09-07,MN,Cà Mau,5,87555 - 57166 - 52673
2025-09-07,MN,Cà Mau,6,26559 - 99686 - 59865
2025-09-07,MN,Cà Mau,7,73392 - 69780 - 69543 - 52655
2025-09-07,MN,Cà Mau,8,69307
2025-09-08,MB,Hà Nội,ĐB,13439
2025-09-08,MB,Hà Nội,1,01230
2025-09-08,MB,Hà Nội,2,56171
2025-09-08,MB,Hà Nội,3,40390 - 26614 - 25775 - 60090 - 36880 - 44620
2025-09-08,MB,Hà Nội,4,38127 - 07795 - 63213 - 18568 - 83181 - 27615
2025-09-08,MB,Hà Nội,5,64625 - 89853 - 59416
2025-09-08,MB,Hà Nội,6,44933 - 99476 - 58130
2025-09-08,MB,Hà Nội,7,20391 - 21243 - 04981 - 52297
2025-09-08,MT,Đà Nẵng,ĐB,76761
2025-09-08,MT,Đà Nẵng,1,28192
2025-09-08,MT,Đà Nẵng,2,24517
2025-09-08,MT,Đà Nẵng,3,39677 - 39052 - 99215 - 93439 - 01933 - 72749
2025-09-08,MT,Đà Nẵng,4,37828 - 96372 - 77382 - 94103 - 94269 - 84882
2025-09-08,MT,Đà Nẵng,5,88117 - 97491 - 03200
2025-09-08,MT,Đà Nẵng,6,92399 - 52818 - 54351
2025-09-08,MT,Đà Nẵng,7,69894 - 67794 - 90180 - 78635
2025-09-08,MT,Đà Nẵng,8,34924
2025-09-08,MT,Khánh Hòa,ĐB,78877
2025-09-08,MT,Khánh Hòa,1,29774
2025-09-08,MT,Khánh Hòa,2,68350
2025-09-08,MT,Khánh Hòa,3,53200 - 54709 - 13888 - 06921 - 09004 - 52313
2025-09-08,MT,Khánh Hòa,4,15017 - 75937 - 24760 - 78449 - 89579 - 62416
2025-09-08,MT,Khánh Hòa,5,40882 - 13555 - 84433
2025-09-08,MT,Khánh Hòa,6,31788 - 15287 - 00804
2025-09-08,MT,Khánh Hòa,7,78498 - 93721 - 12719 - 88870
2025-09-08,MT,Khánh Hòa,8,60353
2025-09-08,MN,TP. HCM,ĐB,33512
2025-09-08,MN,TP. HCM,1,00775
2025-09-08,MN,TP. HCM,2,48452
2025-09-08,MN,TP. HCM,3,53553 - 27191 - 34566 - 29078 - 20829 - 72891
2025-09-08,MN,TP. HCM,4,29037 - 98110 - 53310 - 93952 - 67389 - 23936
2025-09-08,MN,TP. HCM,5,22802 - 19858 - 64222
2025-09-08,MN,TP. HCM,6,85100 - 72421 - 98770
2025-09-08,MN,TP. HCM,7,04955 - 99022 - 99042 - 93496
2025-09-08,MN,TP. HCM,8,82792
2025-09-08,MN,Đồng Tháp,ĐB,74979
2025-09-08,MN,Đồng Tháp,1,20997
2025-09-08,MN,Đồng Tháp,2,14787
2025-09-08,MN,Đồng Tháp,3,18356 - 98336 - 25315 - 82037 - 17559 - 77146
2025-09-08,MN,Đồng Tháp,4,25085 - 90076 - 78244 - 23209 - 08435 - 70426
2025-09-08,MN,Đồng Tháp,5,81888 - 44951 - 86285
2025-09-08,MN,Đồng Tháp,6,95107 - 73301 - 15991
2025-09-08,MN,Đồng Tháp,7,72544 - 75186 - 35397 - 89802
2025-09-08,MN,Đồng Tháp,8,68443
2025-09-08,MN,Cà Mau,ĐB,50764
2025-09-08,MN,Cà Mau,1,88748
2025-09-08,MN,Cà Mau,2,03577
2025-09-08,MN,Cà Mau,3,44644 - 45330 - 30414 - 50880 - 19989 - 87780
2025-09-08,MN,Cà Mau,4,58254 - 31066 - 95085 - 01512 - 24491 - 73675
2025-09-08,MN,Cà Mau,5,46191 - 71781 - 53532
2025-09-08,MN,Cà Mau,6,00166 - 61134 - 03433
2025-09-08,MN,Cà Mau,7,72452 - 39086 - 27184 - 60971
2025-09-08,MN,Cà Mau,8,27416
2025-09-09,MB,Hà Nội,ĐB,72907
2025-09-09,MB,Hà Nội,1,51120
2025-09-09,MB,Hà Nội,2,63953
2025-09-09,MB,Hà Nội,3,44389 - 89846 - 52312 - 61073 - 45554 - 55369
2025-09-09,MB,Hà Nội,4,13732 - 28574 - 20778 - 63834 - 05794 - 39550
2025-09-09,MB,Hà Nội,5,67533 - 72969 - 01046
2025-09-09,MB,Hà Nội,6,79023 - 89948 - 46366
2025-09-09,MB,Hà Nội,7,02829 - 63989 - 31515 - 69291
2025-09-09,MT,Đà Nẵng,ĐB,54659
2025-09-09,MT,Đà Nẵng,1,48145
2025-09-09,MT,Đà Nẵng,2,98594
2025-09-09,MT,Đà Nẵng,3,48605 - 72374 - 94666 - 50667 - 12333 - 43175
2025-09-09,MT,Đà Nẵng,4,19381 - 61226 - 61397 - 31569 - 90802 - 47829
2025-09-09,MT,Đà Nẵng,5,06655 - 64279 - 67345
2025-09-09,MT,Đà Nẵng,6,99907 - 36116 - 86737
2025-09-09,MT,Đà Nẵng,7,78304 - 69929 - 33520 - 98080
2025-09-09,MT,Đà Nẵng,8,55868
2025-09-09,MT,Khánh Hòa,ĐB,98044
2025-09-09,MT,Khánh Hòa,1,11610
2025-09-09,MT,Khánh Hòa,2,89722
2025-09-09,MT,Khánh Hòa,3,72695 - 98353 - 72176 - 54971 - 76299 - 44900
2025-09-09,MT,Khánh Hòa,4,10182 - 46241 - 73624 - 45124 - 36095 - 29814
2025-09-09,MT,Khánh Hòa,5,04350 - 37085 - 05087
2025-09-09,MT,Khánh Hòa,6,79406 - 85296 - 86323
2025-09-09,MT,Khánh Hòa,7,72283 - 00717 - 23421 - 89977
2025-09-09,MT,Khánh Hòa,8,66856
2025-09-09,MN,TP. HCM,ĐB,31345
2025-09-09,MN,TP. HCM,1,27860
2025-09-09,MN,TP. HCM,2,50150
2025-09-09,MN,TP. HCM,3,59167 - 43889 - 08664 - 88061 - 27718 - 09377
2025-09-09,MN,TP. HCM,4,73247 - 43407 - 52841 - 97623 - 67068 - 01682
2025-09-09,MN,TP. HCM,5,37870 - 00023 - 70494
2025-09-09,MN,TP. HCM,6,65971 - 28270 - 67220
2025-09-09,MN,TP. HCM,7,11536 - 07487 - 88420 - 06528
2025-09-09,MN,TP. HCM,8,06086
2025-09-09,MN,Đồng Tháp,ĐB,87585
2025-09-09,MN,Đồng Tháp,1,91569
2025-09-09,MN,Đồng Tháp,2,82830
2025-09-09,MN,Đồng Tháp,3,25814 - 35010 - 40369 - 73677 - 17238 - 22872
2025-09-09,MN,Đồng Tháp,4,11977 - 47751 - 95679 - 37270 - 91790 - 84530
2025-09-09,MN,Đồng Tháp,5,31877 - 98838 - 01776
2025-09-09,MN,Đồng Tháp,6,90992 - 24846 - 25173
2025-09-09,MN,Đồng Tháp,7,24237 - 96787 - 52997 - 53407
2025-09-09,MN,Đồng Tháp,8,06540
2025-09-09,MN,Cà Mau,ĐB,90378
2025-09-09,MN,Cà Mau,1,24848
2025-09-09,MN,Cà Mau,2,58889
2025-09-09,MN,Cà Mau,3,79315 - 55064 - 57141 - 44945 - 46553 - 15951
2025-09-09,MN,Cà Mau,4,57752 - 16206 - 09574 - 80171 - 37984 - 07862
2025-09-09,MN,Cà Mau,5,75428 - 90087 - 27117
2025-09-09,MN,Cà Mau,6,97145 - 57518 - 97711
2025-09-09,MN,Cà Mau,7,94612 - 98614 - 49035 - 67783
2025-09-09,MN,Cà Mau,8,30395
2025-09-10,MB,Hà Nội,ĐB,14726
2025-09-10,MB,Hà Nội,1,18176
2025-09-10,MB,Hà Nội,2,08477
2025-09-10,MB,Hà Nội,3,12990 - 02642 - 21257 - 58773 - 21630 - 29455
2025-09-10,MB,Hà Nội,4,98321 - 09065 - 03446 - 06159 - 40841 - 05243
2025-09-10,MB,Hà Nội,5,20534 - 10205 - 03280
2025-09-10,MB,Hà Nội,6,88717 - 39543 - 52613
2025-09-10,MB,Hà Nội,7,14801 - 23319 - 26142 - 00266
2025-09-10,MT,Đà Nẵng,ĐB,07085
2025-09-10,MT,Đà Nẵng,1,15393
2025-09-10,MT,Đà Nẵng,2,30680
2025-09-10,MT,Đà Nẵng,3,30103 - 57022 - 27883 - 23878 - 99434 - 14175
2025-09-10,MT,Đà Nẵng,4,03712 - 90201 - 20592 - 66746 - 97908 - 46433
2025-09-10,MT,Đà Nẵng,5,57136 - 05417 - 99042
2025-09-10,MT,Đà Nẵng,6,72980 - 85734 - 29483
2025-09-10,MT,Đà Nẵng,7,80749 - 19087 - 01898 - 57492
2025-09-10,MT,Đà Nẵng,8,26169
2025-09-10,MT,Khánh Hòa,ĐB,38974
2025-09-10,MT,Khánh Hòa,1,96460
2025-09-10,MT,Khánh Hòa,2,82972
2025-09-10,MT,Khánh Hòa,3,53799 - 92183 - 34274 - 59647 - 87484 - 15981
2025-09-10,MT,Khánh Hòa,4,24023 - 84604 - 23694 - 22287 - 79687 - 59490
2025-09-10,MT,Khánh Hòa,5,54671 - 74410 - 15210
2025-09-10,MT,Khánh Hòa,6,10506 - 78953 - 08795
2025-09-10,MT,Khánh Hòa,7,53252 - 23568 - 51431 - 69537
2025-09-10,MT,Khánh Hòa,8,40161
2025-09-10,MN,TP. HCM,ĐB,82679
2025-09-10,MN,TP. HCM,1,29844
2025-09-10,MN,TP. HCM,2,10931
2025-09-10,MN,TP. HCM,3,00199 - 56660 - 72801 - 58613 - 26502 - 52748
2025-09-10,MN,TP. HCM,4,24004 - 40607 - 60877 - 38318 - 40238 - 81380
2025-09-10,MN,TP. HCM,5,62405 - 02767 - 28107
2025-09-10,MN,TP. HCM,6,33832 - 64776 - 94002
2025-09-10,MN,TP. HCM,7,19113 - 48376 - 64994 - 71162
2025-09-10,MN,TP. HCM,8,70331
2025-09-10,MN,Đồng Tháp,ĐB,08014
2025-09-10,MN,Đồng Tháp,1,52498
2025-09-10,MN,Đồng Tháp,2,91283
2025-09-10,MN,Đồng Tháp,3,28505 - 75060 - 91527 - 80660 - 63134 - 08966
2025-09-10,MN,Đồng Tháp,4,29575 - 23303 - 53187 - 47063 - 37598 - 60389
2025-09-10,MN,Đồng Tháp,5,38621 - 96798 - 95046
2025-09-10,MN,Đồng Tháp,6,07879 - 29223 - 83070
2025-09-10,MN,Đồng Tháp,7,33877 - 13391 - 52644 - 33682
2025-09-10,MN,Đồng Tháp,8,30966
2025-09-10,MN,Cà Mau,ĐB,39222
2025-09-10,MN,Cà Mau,1,01462
2025-09-10,MN,Cà Mau,2,18355
2025-09-10,MN,Cà Mau,3,82071 - 80611 - 38574 - 95297 - 91995 - 08752
2025-09-10,MN,Cà Mau,4,58208 - 78606 - 74109 - 52808 - 29201 - 71279
2025-09-10,MN,Cà Mau,5,07124 - 11756 - 84837
2025-09-10,MN,Cà Mau,6,83794 - 00596 - 35524
2025-09-10,MN,Cà Mau,7,71343 - 24296 - 20289 - 12827
2025-09-10,MN,Cà Mau,8,47716
2025-09-11,MB,Hà Nội,ĐB,74215
2025-09-11,MB,Hà Nội,1,22101
2025-09-11,MB,Hà Nội,2,00199
2025-09-11,MB,Hà Nội,3,81444 - 66780 - 17425 - 20912 - 42917 - 19687
2025-09-11,MB,Hà Nội,4,76731 - 39096 - 52124 - 27648 - 96641 - 13604
2025-09-11,MB,Hà Nội,5,17312 - 09273 - 99527
2025-09-11,MB,Hà Nội,6,97273 - 33511 - 89713
2025-09-11,MB,Hà Nội,7,40400 - 71336 - 56091 - 45064
2025-09-11,MT,Đà Nẵng,ĐB,07776
2025-09-11,MT,Đà Nẵng,1,15362
2025-09-11,MT,Đà Nẵng,2,61037
2025-09-11,MT,Đà Nẵng,3,08009 - 63892 - 21563 - 41777 - 29504 - 02451
2025-09-11,MT,Đà Nẵng,4,86657 - 71836 - 35996 - 95442 - 68963 - 97247
2025-09-11,MT,Đà Nẵng,5,43164 - 66430 - 45638
2025-09-11,MT,Đà Nẵng,6,99611 - 05045 - 52916
2025-09-11,MT,Đà Nẵng,7,25091 - 25663 - 36931 - 80431
2025-09-11,MT,Đà Nẵng,8,59359
2025-09-11,MT,Khánh Hòa,ĐB,82326
2025-09-11,MT,Khánh Hòa,1,01607
2025-09-11,MT,Khánh Hòa,2,03511
2025-09-11,MT,Khánh Hòa,3,21304 - 14401 - 77804 - 71361 - 68836 - 46754
2025-09-11,MT,Khánh Hòa,4,81222 - 66386 - 41346 - 66733 - 24655 - 81843
2025-09-11,MT,Khánh Hòa,5,91208 - 55956 - 54318
2025-09-11,MT,Khánh Hòa,6,41432 - 83005 - 14527
2025-09-11,MT,Khánh Hòa,7,80995 - 51966 - 90093 - 41679
2025-09-11,MT,Khánh Hòa,8,21592
2025-09-11,MN,TP. HCM,ĐB,72016
2025-09-11,MN,TP. HCM,1,10478
2025-09-11,MN,TP. HCM,2,58379
2025-09-11,MN,TP. HCM,3,07427 - 02760 - 52030 - 81172 - 61128 - 17100
2025-09-11,MN,TP. HCM,4,22355 - 61013 - 04472 - 66646 - 42330 - 45508
2025-09-11,MN,TP. HCM,5,06244 - 97483 - 52859
2025-09-11,MN,TP. HCM,6,74932 - 57317 - 62022
2025-09-11,MN,TP. HCM,7,97529 - 26703 - 01920 - 51367
2025-09-11,MN,TP. HCM,8,35747
2025-09-11,MN,Đồng Tháp,ĐB,95515
2025-09-11,MN,Đồng Tháp,1,23252
2025-09-11,MN,Đồng Tháp,2,24977
2025-09-11,MN,Đồng Tháp,3,07292 - 34244 - 22517 - 50269 - 52494 - 28524
2025-09-11,MN,Đồng Tháp,4,74764 - 39812 - 61901 - 41888 - 63309 - 78821
2025-09-11,MN,Đồng Tháp,5,22624 - 55389 - 07281
2025-09-11,MN,Đồng Tháp,6,96727 - 70824 - 47255
2025-09-11,MN,Đồng Tháp,7,25775 - 14427 - 49663 - 94403
2025-09-11,MN,Đồng Tháp,8,91246
2025-09-11,MN,Cà Mau,ĐB,41586
2025-09-11,MN,Cà Mau,1,16774
2025-09-11,MN,Cà Mau,2,28994
2025-09-11,MN,Cà Mau,3,81934 - 19302 - 46582 - 98367 - 50959 - 24527
2025-09-11,MN,Cà Mau,4,30814 - 31759 - 35030 - 44908 - 82571 - 79792
2025-09-11,MN,Cà Mau,5,78955 - 02649 - 46169
2025-09-11,MN,Cà Mau,6,25222 - 15917 - 64594
2025-09-11,MN,Cà Mau,7,69336 - 55953 - 58190 - 16875
2025-09-11,MN,Cà Mau,8,40873
2025-09-12,MB,Hà Nội,ĐB,25593
2025-09-12,MB,Hà Nội,1,43706
2025-09-12,MB,Hà Nội,2,82649
2025-09-12,MB,Hà Nội,3,69739 - 94861 - 71798 - 18508 - 13282 - 45494
2025-09-12,MB,Hà Nội,4,47969 - 78172 - 74661 - 00252 - 62525 - 17207
2025-09-12,MB,Hà Nội,5,23964 - 41344 - 09899
2025-09-12,MB,Hà Nội,6,85375 - 60185 - 06875
2025-09-12,MB,Hà Nội,7,11509 - 14779 - 58359 - 60512
2025-09-12,MT,Đà Nẵng,ĐB,25831
2025-09-12,MT,Đà Nẵng,1,20803
2025-09-12,MT,Đà Nẵng,2,22781
2025-09-12,MT,Đà Nẵng,3,01728 - 04943 - 03556 - 84519 - 31872 - 72556
2025-09-12,MT,Đà Nẵng,4,30617 - 23718 - 84867 - 18284 - 06961 - 93426
2025-09-12,MT,Đà Nẵng,5,19535 - 69699 - 34371
2025-09-12,MT,Đà Nẵng,6,56866 - 53742 - 33982
2025-09-12,MT,Đà Nẵng,7,48353 - 89882 - 93586 - 36467
2025-09-12,MT,Đà Nẵng,8,98332
2025-09-12,MT,Khánh Hòa,ĐB,83026
2025-09-12,MT,Khánh Hòa,1,48649
2025-09-12,MT,Khánh Hòa,2,39397
2025-09-12,MT,Khánh Hòa,3,61132 - 72320 - 90404 - 58739 - 27918 - 51221
2025-09-12,MT,Khánh Hòa,4,05259 - 85278 - 70108 - 45499 - 63495 - 12039
2025-09-12,MT,Khánh Hòa,5,78615 - 87622 - 52835
2025-09-12,MT,Khánh Hòa,6,08552 - 96470 - 57549
2025-09-12,MT,Khánh Hòa,7,02081 - 78227 - 28779 - 11082
2025-09-12,MT,Khánh Hòa,8,32404
2025-09-12,MN,TP. HCM,ĐB,87975
2025-09-12,MN,TP. HCM,1,07879
2025-09-12,MN,TP. HCM,2,49483
2025-09-12,MN,TP. HCM,3,13179 - 98128 - 39032 - 51434 - 98868 - 77891
2025-09-12,MN,TP. HCM,4,16152 - 54019 - 21237 - 18371 - 75184 - 73526
2025-09-12,MN,TP. HCM,5,12458 - 82243 - 57145
2025-09-12,MN,TP. HCM,6,29641 - 42692 - 54285
2025-09-12,MN,TP. HCM,7,49681 - 16365 - 96426 - 64343
2025-09-12,MN,TP. HCM,8,68825
2025-09-12,MN,Đồng Tháp,ĐB,17960
2025-09-12,MN,Đồng Tháp,1,07697
2025-09-12,MN,Đồng Tháp,2,20374
2025-09-12,MN,Đồng Tháp,3,74892 - 15128 - 95810 - 08423 - 34915 - 56325
2025-09-12,MN,Đồng Tháp,4,94584 - 60493 - 28482 - 84076 - 69101 - 43079
2025-09-12,MN,Đồng Tháp,5,58768 - 40967 - 78577
2025-09-12,MN,Đồng Tháp,6,06321 - 51460 - 85722
2025-09-12,MN,Đồng Tháp,7,15316 - 90004 - 32718 - 20674
2025-09-12,MN,Đồng Tháp,8,26776
2025-09-12,MN,Cà Mau,ĐB,20693
2025-09-12,MN,Cà Mau,1,02286
2025-09-12,MN,Cà Mau,2,99648
2025-09-12,MN,Cà Mau,3,81126 - 48962 - 78318 - 70535 - 00955 - 62490
2025-09-12,MN,Cà Mau,4,41456 - 96304 - 74002 - 55617 - 53998 - 95365
2025-09-12,MN,Cà Mau,5,26850 - 72050 - 79480
2025-09-12,MN,Cà Mau,6,92774 - 86463 - 27363
2025-09-12,MN,Cà Mau,7,11241 - 61601 - 91171 - 17114
2025-09-12,MN,Cà Mau,8,77949
2025-09-13,MB,Hà Nội,ĐB,95017
2025-09-13,MB,Hà Nội,1,64575
2025-09-13,MB,Hà Nội,2,26875
2025-09-13,MB,Hà Nội,3,79078 - 63157 - 10222 - 19211 - 90047 - 22232
2025-09-13,MB,Hà Nội,4,69930 - 15005 - 82516 - 44293 - 07610 - 24238
2025-09-13,MB,Hà Nội,5,32838 - 52066 - 04280
2025-09-13,MB,Hà Nội,6,53394 - 27200 - 45925
2025-09-13,MB,Hà Nội,7,57489 - 40605 - 15970 - 48401
2025-09-13,MT,Đà Nẵng,ĐB,47957
2025-09-13,MT,Đà Nẵng,1,92031
2025-09-13,MT,Đà Nẵng,2,96878
2025-09-13,MT,Đà Nẵng,3,40060 - 63625 - 22044 - 69872 - 25331 - 83356
2025-09-13,MT,Đà Nẵng,4,65668 - 67688 - 81677 - 12975 - 93115 - 24969
2025-09-13,MT,Đà Nẵng,5,91603 - 23466 - 45442
2025-09-13,MT,Đà Nẵng,6,45495 - 86032 - 72788
2025-09-13,MT,Đà Nẵng,7,06074 - 06691 - 11773 - 78265
2025-09-13,MT,Đà Nẵng,8,10062
2025-09-13,MT,Khánh Hòa,ĐB,76472
2025-09-13,MT,Khánh Hòa,1,34470
2025-09-13,MT,Khánh Hòa,2,40525
2025-09-13,MT,Khánh Hòa,3,66294 - 53896 - 77826 - 37974 - 32608 - 76467
2025-09-13,MT,Khánh Hòa,4,95721 - 99471 - 69103 - 64422 - 63047 - 44483
2025-09-13,MT,Khánh Hòa,5,57097 - 66070 - 01234
2025-09-13,MT,Khánh Hòa,6,04997 - 19654 - 96826
2025-09-13,MT,Khánh Hòa,7,99767 - 30602 - 49671 - 47777
2025-09-13,MT,Khánh Hòa,8,42385
2025-09-13,MN,TP. HCM,ĐB,93874
2025-09-13,MN,TP. HCM,1,54697
2025-09-13,MN,TP. HCM,2,79259
2025-09-13,MN,TP. HCM,3,72486 - 34437 - 77607 - 47819 - 84655 - 97223
2025-09-13,MN,TP. HCM,4,83985 - 20220 - 22179 - 70602 - 72216 - 38139
2025-09-13,MN,TP. HCM,5,77042 - 85949 - 24795
2025-09-13,MN,TP. HCM,6,94355 - 65247 - 35609
2025-09-13,MN,TP. HCM,7,96919 - 99192 - 64348 - 92478
2025-09-13,MN,TP. HCM,8,91631
2025-09-13,MN,Đồng Tháp,ĐB,76001
2025-09-13,MN,Đồng Tháp,1,84358
2025-09-13,MN,Đồng Tháp,2,98504
2025-09-13,MN,Đồng Tháp,3,66578 - 04320 - 01624 - 48011 - 21545 - 11061
2025-09-13,MN,Đồng Tháp,4,43616 - 88613 - 30533 - 10477 - 01350 - 30954
2025-09-13,MN,Đồng Tháp,5,57604 - 60966 - 15690
2025-09-13,MN,Đồng Tháp,6,93589 - 79915 - 67879
2025-09-13,MN,Đồng Tháp,7,70232 - 90909 - 81508 - 14657
2025-09-13,MN,Đồng Tháp,8,55227
2025-09-13,MN,Cà Mau,ĐB,83807
2025-09-13,MN,Cà Mau,1,46251
2025-09-13,MN,Cà Mau,2,79559
2025-09-13,MN,Cà Mau,3,78742 - 21548 - 82371 - 62692 - 85835 - 65210
2025-09-13,MN,Cà Mau,4,94234 - 13387 - 28142 - 75217 - 45052 - 21504
2025-09-13,MN,Cà Mau,5,87080 - 74734 - 49582
2025-09-13,MN,Cà Mau,6,26506 - 31917 - 72285
2025-09-13,MN,Cà Mau,7,29109 - 18164 - 50520 - 27980
2025-09-13,MN,Cà Mau,8,16510
2025-09-14,MB,Hà Nội,ĐB,64762
2025-09-14,MB,Hà Nội,1,42055
2025-09-14,MB,Hà Nội,2,65548
2025-09-14,MB,Hà Nội,3,26506 - 66044 - 57853 - 03049 - 80702 - 62737
2025-09-14,MB,Hà Nội,4,83105 - 20309 - 54236 - 17273 - 90330 - 32502
2025-09-14,MB,Hà Nội,5,90858 - 74073 - 01342
2025-09-14,MB,Hà Nội,6,88327 - 08899 - 81019
2025-09-14,MB,Hà Nội,7,67101 - 06312 - 14390 - 59042
2025-09-14,MT,Đà Nẵng,ĐB,97693
2025-09-14,MT,Đà Nẵng,1,98698
2025-09-14,MT,Đà Nẵng,2,02064
2025-09-14,MT,Đà Nẵng,3,09232 - 48190 - 64158 - 35347 - 56761 - 11049
2025-09-14,MT,Đà Nẵng,4,64866 - 64936 - 30675 - 99471 - 98987 - 41272
2025-09-14,MT,Đà Nẵng,5,38767 - 58498 - 90781
2025-09-14,MT,Đà Nẵng,6,93764 - 88489 - 13469
2025-09-14,MT,Đà Nẵng,7,09778 - 65092 - 70311 - 35291
2025-09-14,MT,Đà Nẵng,8,55184
2025-09-14,MT,Khánh Hòa,ĐB,13458
2025-09-14,MT,Khánh Hòa,1,46245
2025-09-14,MT,Khánh Hòa,2,84686
2025-09-14,MT,Khánh Hòa,3,37558 - 51894 - 69595 - 84719 - 09066 - 11926
2025-09-14,MT,Khánh Hòa,4,81329 - 61755 - 62403 - 99463 - 83244 - 89488
2025-09-14,MT,Khánh Hòa,5,62854 - 98770 - 82091
2025-09-14,MT,Khánh Hòa,6,70005 - 71859 - 69673
2025-09-14,MT,Khánh Hòa,7,07405 - 81026 - 83874 - 69751
2025-09-14,MT,Khánh Hòa,8,18399
2025-09-14,MN,TP. HCM,ĐB,45137
2025-09-14,MN,TP. HCM,1,71762
2025-09-14,MN,TP. HCM,2,97366
2025-09-14,MN,TP. HCM,3,27631 - 46527 - 01911 - 45359 - 77627 - 12809
2025-09-14,MN,TP. HCM,4,49599 - 50788 - 86061 - 89466 - 69188 - 04853
2025-09-14,MN,TP. HCM,5,54772 - 38338 - 99054
2025-09-14,MN,TP. HCM,6,71912 - 56414 - 32016
2025-09-14,MN,TP. HCM,7,69735 - 86183 - 23397 - 38687
2025-09-14,MN,TP. HCM,8,11853
2025-09-14,MN,Đồng Tháp,ĐB,58624
2025-09-14,MN,Đồng Tháp,1,08911
2025-09-14,MN,Đồng Tháp,2,64913
2025-09-14,MN,Đồng Tháp,3,84160 - 19373 - 77667 - 42126 - 05359 - 60343
2025-09-14,MN,Đồng Tháp,4,41486 - 67117 - 26155 - 01683 - 94398 - 02340
2025-09-14,MN,Đồng Tháp,5,48794 - 70602 - 25741
2025-09-14,MN,Đồng Tháp,6,79834 - 67900 - 26300
2025-09-14,MN,Đồng Tháp,7,88274 - 86044 - 06891 - 25697
2025-09-14,MN,Đồng Tháp,8,68171
2025-09-14,MN,Cà Mau,ĐB,22174
2025-09-14,MN,Cà Mau,1,88772
2025-09-14,MN,Cà Mau,2,35822
2025-09-14,MN,Cà Mau,3,68092 - 04164 - 09510 - 26048 - 28064 - 03843
2025-09-14,MN,Cà Mau,4,59492 - 51921 - 76054 - 19066 - 84807 - 23496
2025-09-14,MN,Cà Mau,5,90463 - 09863 - 54693
2025-09-14,MN,Cà Mau,6,69477 - 26089 - 52604
2025-09-14,MN,Cà Mau,7,34088 - 83346 - 74981 - 91376
2025-09-14,MN,Cà Mau,8,81629
2025-09-15,MB,Hà Nội,ĐB,00848
2025-09-15,MB,Hà Nội,1,18999
2025-09-15,MB,Hà Nội,2,84086
2025-09-15,MB,Hà Nội,3,33541 - 90958 - 12319 - 59291 - 34285 - 82318
2025-09-15,MB,Hà Nội,4,40449 - 17820 - 51546 - 09797 - 01817 - 45198
2025-09-15,MB,Hà Nội,5,37653 - 33657 - 82962
2025-09-15,MB,Hà Nội,6,76075 - 38624 - 68494
2025-09-15,MB,Hà Nội,7,33163 - 28990 - 44991 - 06639
2025-09-15,MT,Đà Nẵng,ĐB,20052
2025-09-15,MT,Đà Nẵng,1,68851
2025-09-15,MT,Đà Nẵng,2,16162
2025-09-15,MT,Đà Nẵng,3,80756 - 65951 - 35771 - 32600 - 01793 - 81486
2025-09-15,MT,Đà Nẵng,4,53511 - 52454 - 50414 - 86971 - 55691 - 06961
2025-09-15,MT,Đà Nẵng,5,35576 - 47935 - 98571
2025-09-15,MT,Đà Nẵng,6,53750 - 65147 - 36419
2025-09-15,MT,Đà Nẵng,7,61542 - 79833 - 63167 - 98451
2025-09-15,MT,Đà Nẵng,8,23649
2025-09-15,MT,Khánh Hòa,ĐB,66348
2025-09-15,MT,Khánh Hòa,1,97204
2025-09-15,MT,Khánh Hòa,2,03621
2025-09-15,MT,Khánh Hòa,3,13195 - 75391 - 63427 - 44694 - 81434 - 09629
2025-09-15,MT,Khánh Hòa,4,23604 - 89496 - 23398 - 48245 - 26914 - 97496
2025-09-15,MT,Khánh Hòa,5,96577 - 11113 - 74671
2025-09-15,MT,Khánh Hòa,6,70758 - 60789 - 02171
2025-09-15,MT,Khánh Hòa,7,72276 - 78696 - 35738 - 01454
2025-09-15,MT,Khánh Hòa,8,33399
2025-09-15,MN,TP. HCM,ĐB,97339
2025-09-15,MN,TP. HCM,1,90414
2025-09-15,MN,TP. HCM,2,32007
2025-09-15,MN,TP. HCM,3,43808 - 99016 - 47987 - 37115 - 37272 - 71828
2025-09-15,MN,TP. HCM,4,95400 - 57110 - 41682 - 89421 - 14161 - 73344
2025-09-15,MN,TP. HCM,5,53651 - 97084 - 59754
2025-09-15,MN,TP. HCM,6,45118 - 30872 - 95148
2025-09-15,MN,TP. HCM,7,66217 - 88625 - 04747 - 24639
2025-09-15,MN,TP. HCM,8,14355
2025-09-15,MN,Đồng Tháp,ĐB,11207
2025-09-15,MN,Đồng Tháp,1,38016
2025-09-15,MN,Đồng Tháp,2,99387
2025-09-15,MN,Đồng Tháp,3,93882 - 78182 - 66903 - 95960 - 15037 - 36794
2025-09-15,MN,Đồng Tháp,4,11718 - 22621 - 38794 - 00768 - 57799 - 21019
2025-09-15,MN,Đồng Tháp,5,72006 - 11147 - 66252
2025-09-15,MN,Đồng Tháp,6,62575 - 20066 - 68821
2025-09-15,MN,Đồng Tháp,7,16580 - 39021 - 21814 - 04055
2025-09-15,MN,Đồng Tháp,8,53579
2025-09-15,MN,Cà Mau,ĐB,82860
2025-09-15,MN,Cà Mau,1,27250
2025-09-15,MN,Cà Mau,2,10503
2025-09-15,MN,Cà Mau,3,36046 - 78584 - 55471 - 78662 - 29274 - 50680
2025-09-15,MN,Cà Mau,4,04449 - 11606 - 08006 - 29243 - 32699 - 75090
2025-09-15,MN,Cà Mau,5,09792 - 03899 - 07912
2025-09-15,MN,Cà Mau,6,19455 - 30874 - 44611
2025-09-15,MN,Cà Mau,7,96240 - 81330 - 54876 - 62536
2025-09-15,MN,Cà Mau,8,49850
2025-09-16,MB,Hà Nội,ĐB,35369
2025-09-16,MB,Hà Nội,1,43986
2025-09-16,MB,Hà Nội,2,94615
2025-09-16,MB,Hà Nội,3,92404 - 91599 - 17213 - 58624 - 02530 - 14391
2025-09-16,MB,Hà Nội,4,75593 - 95703 - 23620 - 97548 - 39217 - 12044
2025-09-16,MB,Hà Nội,5,88535 - 74696 - 76429
2025-09-16,MB,Hà Nội,6,24843 - 11541 - 15528
2025-09-16,MB,Hà Nội,7,26189 - 82896 - 55683 - 80713
2025-09-16,MT,Đà Nẵng,ĐB,88699
2025-09-16,MT,Đà Nẵng,1,50381
2025-09-16,MT,Đà Nẵng,2,55867
2025-09-16,MT,Đà Nẵng,3,35360 - 46079 - 80607 - 86306 - 93787 - 74213
2025-09-16,MT,Đà Nẵng,4,74511 - 27317 - 98389 - 43270 - 41430 - 18219
2025-09-16,MT,Đà Nẵng,5,89937 - 47973 - 83632
2025-09-16,MT,Đà Nẵng,6,89442 - 00588 - 54843
2025-09-16,MT,Đà Nẵng,7,27141 - 44506 - 86646 - 89691
2025-09-16,MT,Đà Nẵng,8,85358
2025-09-16,MT,Khánh Hòa,ĐB,80813
2025-09-16,MT,Khánh Hòa,1,58378
2025-09-16,MT,Khánh Hòa,2,83859
2025-09-16,MT,Khánh Hòa,3,13306 - 76672 - 93021 - 44503 - 10061 - 88493
2025-09-16,MT,Khánh Hòa,4,40385 - 53081 - 68881 - 66260 - 38829 - 45303
2025-09-16,MT,Khánh Hòa,5,03317 - 30892 - 66050
2025-09-16,MT,Khánh Hòa,6,98892 - 93327 - 82952
2025-09-16,MT,Khánh Hòa,7,38088 - 35219 - 73122 - 59948
2025-09-16,MT,Khánh Hòa,8,65775
2025-09-16,MN,TP. HCM,ĐB,25156
2025-09-16,MN,TP. HCM,1,07471
2025-09-16,MN,TP. HCM,2,39194
2025-09-16,MN,TP. HCM,3,94884 - 36775 - 69972 - 52260 - 69550 - 36661
2025-09-16,MN,TP. HCM,4,65644 - 89883 - 18018 - 94934 - 22010 - 73309
2025-09-16,MN,TP. HCM,5,91979 - 03697 - 11133
2025-09-16,MN,TP. HCM,6,27868 - 55283 - 60440
2025-09-16,MN,TP. HCM,7,35290 - 59263 - 21326 - 24362
2025-09-16,MN,TP. HCM,8,84239
2025-09-16,MN,Đồng Tháp,ĐB,37515
2025-09-16,MN,Đồng Tháp,1,12075
2025-09-16,MN,Đồng Tháp,2,23004
2025-09-16,MN,Đồng Tháp,3,43087 - 83997 - 45575 - 96091 - 54430 - 71396
2025-09-16,MN,Đồng Tháp,4,11907 - 03248 - 25539 - 89167 - 64883 - 63953
2025-09-16,MN,Đồng Tháp,5,92459 - 57241 - 01247
2025-09-16,MN,Đồng Tháp,6,43913 - 13791 - 08572
2025-09-16,MN,Đồng Tháp,7,37167 - 19639 - 47634 - 56956
2025-09-16,MN,Đồng Tháp,8,23294
2025-09-16,MN,Cà Mau,ĐB,97999
2025-09-16,MN,Cà Mau,1,57178
2025-09-16,MN,Cà Mau,2,82569
2025-09-16,MN,Cà Mau,3,23013 - 70173 - 17391 - 64407 - 49807 - 38859
2025-09-16,MN,Cà Mau,4,57112 - 60187 - 92341 - 45587 - 71251 - 57440
2025-09-16,MN,Cà Mau,5,88312 - 13686 - 33313
2025-09-16,MN,Cà Mau,6,15804 - 62483 - 07504
2025-09-16,MN,Cà Mau,7,54303 - 51053 - 61027 - 33394
2025-09-16,MN,Cà Mau,8,07131
2025-09-17,MB,Hà Nội,ĐB,79729
2025-09-17,MB,Hà Nội,1,89773
2025-09-17,MB,Hà Nội,2,21580
2025-09-17,MB,Hà Nội,3,28278 - 84902 - 82304 - 63403 - 48814 - 09617
2025-09-17,MB,Hà Nội,4,09882 - 49154 - 93915 - 87636 - 75127 - 52588
2025-09-17,MB,Hà Nội,5,27561 - 34304 - 36223
2025-09-17,MB,Hà Nội,6,53397 - 02519 - 88463
2025-09-17,MB,Hà Nội,7,97048 - 78780 - 63003 - 78719
2025-09-17,MT,Đà Nẵng,ĐB,99546
2025-09-17,MT,Đà Nẵng,1,44607
2025-09-17,MT,Đà Nẵng,2,80672
2025-09-17,MT,Đà Nẵng,3,39513 - 98614 - 48263 - 49305 - 66026 - 51669
2025-09-17,MT,Đà Nẵng,4,14257 - 74649 - 37408 - 79488 - 89571 - 85899
2025-09-17,MT,Đà Nẵng,5,97809 - 43881 - 82670
2025-09-17,MT,Đà Nẵng,6,59502 - 23957 - 30464
2025-09-17,MT,Đà Nẵng,7,59679 - 63382 - 80836 - 42267
2025-09-17,MT,Đà Nẵng,8,07022
2025-09-17,MT,Khánh Hòa,ĐB,83325
2025-09-17,MT,Khánh Hòa,1,44899
2025-09-17,MT,Khánh Hòa,2,60556
2025-09-17,MT,Khánh Hòa,3,99094 - 29132 - 06956 - 50148 - 77632 - 99503
2025-09-17,MT,Khánh Hòa,4,73905 - 09007 - 38455 - 38957 - 22344 - 77143
2025-09-17,MT,Khánh Hòa,5,04812 - 01536 - 53020
2025-09-17,MT,Khánh Hòa,6,76389 - 06130 - 80382
2025-09-17,MT,Khánh Hòa,7,11542 - 06167 - 50397 - 26166
2025-09-17,MT,Khánh Hòa,8,39169
2025-09-17,MN,TP. HCM,ĐB,12372
2025-09-17,MN,TP. HCM,1,59107
2025-09-17,MN,TP. HCM,2,72759
2025-09-17,MN,TP. HCM,3,44044 - 43110 - 63753 - 61787 - 40215 - 11297
2025-09-17,MN,TP. HCM,4,70679 - 92814 - 09140 - 95329 - 22485 - 93094
2025-09-17,MN,TP. HCM,5,20012 - 58321 - 03971
2025-09-17,MN,TP. HCM,6,84784 - 98588 - 32469
2025-09-17,MN,TP. HCM,7,00154 - 76712 - 38610 - 11342
2025-09-17,MN,TP. HCM,8,68081
2025-09-17,MN,Đồng Tháp,ĐB,06661
2025-09-17,MN,Đồng Tháp,1,78098
2025-09-17,MN,Đồng Tháp,2,56375
2025-09-17,MN,Đồng Tháp,3,92035 - 32119 - 60912 - 55000 - 42146 - 72880
2025-09-17,MN,Đồng Tháp,4,41893 - 50323 - 93304 - 04797 - 58674 - 79538
2025-09-17,MN,Đồng Tháp,5,33677 - 04118 - 85745
2025-09-17,MN,Đồng Tháp,6,21128 - 20938 - 66204
2025-09-17,MN,Đồng Tháp,7,26228 - 10066 - 96063 - 06070
2025-09-17,MN,Đồng Tháp,8,88869
2025-09-17,MN,Cà Mau,ĐB,66304
2025-09-17,MN,Cà Mau,1,31488
2025-09-17,MN,Cà Mau,2,11538
2025-09-17,MN,Cà Mau,3,44964 - 20461 - 68538 - 55954 - 41343 - 01511
2025-09-17,MN,Cà Mau,4,88095 - 85577 - 77389 - 31029 - 75917 - 70043
2025-09-17,MN,Cà Mau,5,64917 - 64736 - 10757
2025-09-17,MN,Cà Mau,6,60208 - 16554 - 95271
2025-09-17,MN,Cà Mau,7,24802 - 06120 - 59520 - 00660
2025-09-17,MN,Cà Mau,8,20379
2025-09-18,MB,Hà Nội,ĐB,94949
2025-09-18,MB,Hà Nội,1,84098
2025-09-18,MB,Hà Nội,2,48652
2025-09-18,MB,Hà Nội,3,76050 - 40412 - 98260 - 29397 - 78606 - 04062
2025-09-18,MB,Hà Nội,4,98549 - 07267 - 02360 - 32562 - 89805 - 16981
2025-09-18,MB,Hà Nội,5,24459 - 45553 - 85098
2025-09-18,MB,Hà Nội,6,02321 - 94000 - 99621
2025-09-18,MB,Hà Nội,7,86084 - 39202 - 90604 - 70608
2025-09-18,MT,Đà Nẵng,ĐB,73621
2025-09-18,MT,Đà Nẵng,1,09571
2025-09-18,MT,Đà Nẵng,2,81612
2025-09-18,MT,Đà Nẵng,3,14113 - 94758 - 86399 - 12609 - 90459 - 66539
2025-09-18,MT,Đà Nẵng,4,57388 - 50843 - 16513 - 37110 - 45850 - 44223
2025-09-18,MT,Đà Nẵng,5,89529 - 15694 - 24116
2025-09-18,MT,Đà Nẵng,6,40054 - 05444 - 11386
2025-09-18,MT,Đà Nẵng,7,99211 - 80734 - 40915 - 06833
2025-09-18,MT,Đà Nẵng,8,94588
2025-09-18,MT,Khánh Hòa,ĐB,75035
2025-09-18,MT,Khánh Hòa,1,58290
2025-09-18,MT,Khánh Hòa,2,95825
2025-09-18,MT,Khánh Hòa,3,92439 - 78611 - 07730 - 97190 - 82881 - 72463
2025-09-18,MT,Khánh Hòa,4,62751 - 91512 - 28234 - 46692 - 82683 - 25854
2025-09-18,MT,Khánh Hòa,5,06659 - 42172 - 96221
2025-09-18,MT,Khánh Hòa,6,98985 - 50342 - 79467
2025-09-18,MT,Khánh Hòa,7,98322 - 98206 - 40830 - 79019
2025-09-18,MT,Khánh Hòa,8,74193
2025-09-18,MN,TP. HCM,ĐB,21186
2025-09-18,MN,TP. HCM,1,74159
2025-09-18,MN,TP. HCM,2,40929
2025-09-18,MN,TP. HCM,3,32134 - 19769 - 98121 - 54049 - 59652 - 88702
2025-09-18,MN,TP. HCM,4,40036 - 55888 - 52494 - 57286 - 85313 - 96737
2025-09-18,MN,TP. HCM,5,02892 - 98916 - 13692
2025-09-18,MN,TP. HCM,6,79624 - 85162 - 01606
2025-09-18,MN,TP. HCM,7,79088 - 16581 - 08368 - 28622
2025-09-18,MN,TP. HCM,8,86538
2025-09-18,MN,Đồng Tháp,ĐB,77818
2025-09-18,MN,Đồng Tháp,1,80947
2025-09-18,MN,Đồng Tháp,2,77729
2025-09-18,MN,Đồng Tháp,3,34114 - 37108 - 60174 - 42543 - 77283 - 49398
2025-09-18,MN,Đồng Tháp,4,06187 - 20801 - 49399 - 40571 - 36178 - 85780
2025-09-18,MN,Đồng Tháp,5,17197 - 45476 - 92562
2025-09-18,MN,Đồng Tháp,6,96408 - 34837 - 65240
2025-09-18,MN,Đồng Tháp,7,41926 - 49827 - 38804 - 44552
2025-09-18,MN,Đồng Tháp,8,80960
2025-09-18,MN,Cà Mau,ĐB,30539
2025-09-18,MN,Cà Mau,1,33118
2025-09-18,MN,Cà Mau,2,73461
2025-09-18,MN,Cà Mau,3,48513 - 46311 - 27827 - 76097 - 84570 - 85237
2025-09-18,MN,Cà Mau,4,44182 - 44139 - 05359 - 37199 - 90861 - 75605
2025-09-18,MN,Cà Mau,5,59314 - 32871 - 64112
2025-09-18,MN,Cà Mau,6,39844 - 44870 - 02124
2025-09-18,MN,Cà Mau,7,43271 - 23473 - 43047 - 94175
2025-09-18,MN,Cà Mau,8,37195
2025-09-19,MB,Hà Nội,ĐB,97278
2025-09-19,MB,Hà Nội,1,67750
2025-09-19,MB,Hà Nội,2,19759
2025-09-19,MB,Hà Nội,3,09877 - 10121 - 12204 - 95725 - 02433 - 13927
2025-09-19,MB,Hà Nội,4,46333 - 32356 - 23469 - 34532 - 95112 - 24500
2025-09-19,MB,Hà Nội,5,67463 - 12869 - 52889
2025-09-19,MB,Hà Nội,6,51463 - 29898 - 89889
2025-09-19,MB,Hà Nội,7,87329 - 95559 - 76580 - 16698
2025-09-19,MT,Đà Nẵng,ĐB,08252
2025-09-19,MT,Đà Nẵng,1,95566
2025-09-19,MT,Đà Nẵng,2,30809
2025-09-19,MT,Đà Nẵng,3,11719 - 53936 - 33501 - 95531 - 40805 - 76151
2025-09-19,MT,Đà Nẵng,4,78953 - 13252 - 25808 - 11931 - 66544 - 84869
2025-09-19,MT,Đà Nẵng,5,00542 - 00794 - 06677
2025-09-19,MT,Đà Nẵng,6,48934 - 64421 - 04369
2025-09-19,MT,Đà Nẵng,7,75528 - 32344 - 51070 - 03222
2025-09-19,MT,Đà Nẵng,8,34859
2025-09-19,MT,Khánh Hòa,ĐB,53627
2025-09-19,MT,Khánh Hòa,1,91093
2025-09-19,MT,Khánh Hòa,2,10187
2025-09-19,MT,Khánh Hòa,3,26593 - 63699 - 91484 - 13148 - 58059 - 42579
2025-09-19,MT,Khánh Hòa,4,01280 - 80901 - 12062 - 59476 - 46979 - 77082
2025-09-19,MT,Khánh Hòa,5,78379 - 29462 - 19875
2025-09-19,MT,Khánh Hòa,6,70629 - 20745 - 13454
2025-09-19,MT,Khánh Hòa,7,66110 - 14535 - 28616 - 21208
2025-09-19,MT,Khánh Hòa,8,07232
2025-09-19,MN,TP. HCM,ĐB,08307
2025-09-19,MN,TP. HCM,1,09175
2025-09-19,MN,TP. HCM,2,14490
2025-09-19,MN,TP. HCM,3,47977 - 11392 - 00451 - 94600 - 39815 - 09847
2025-09-19,MN,TP. HCM,4,88476 - 15475 - 18739 - 80688 - 84999 - 43785
2025-09-19,MN,TP. HCM,5,08556 - 03229 - 56147
2025-09-19,MN,TP. HCM,6,82312 - 47849 - 47083
2025-09-19,MN,TP. HCM,7,82377 - 36357 - 12595 - 64100
2025-09-19,MN,TP. HCM,8,86266
2025-09-19,MN,Đồng Tháp,ĐB,87346
2025-09-19,MN,Đồng Tháp,1,95929
2025-09-19,MN,Đồng Tháp,2,07011
2025-09-19,MN,Đồng Tháp,3,52170 - 36982 - 25162 - 51886 - 78061 - 20801
2025-09-19,MN,Đồng Tháp,4,83991 - 13410 - 02593 - 66746 - 16229 - 58947
2025-09-19,MN,Đồng Tháp,5,28182 - 74812 - 09008
2025-09-19,MN,Đồng Tháp,6,05235 - 64890 - 95823
2025-09-19,MN,Đồng Tháp,7,36827 - 02258 - 26486 - 31400
2025-09-19,MN,Đồng Tháp,8,82375
2025-09-19,MN,Cà Mau,ĐB,54879
2025-09-19,MN,Cà Mau,1,92739
2025-09-19,MN,Cà Mau,2,01561
2025-09-19,MN,Cà Mau,3,48526 - 07450 - 84697 - 81875 - 76108 - 37484
2025-09-19,MN,Cà Mau,4,93260 - 99794 - 53735 - 81100 - 67375 - 03190
2025-09-19,MN,Cà Mau,5,23701 - 17253 - 58538
2025-09-19,MN,Cà Mau,6,65315 - 05945 - 80409
2025-09-19,MN,Cà Mau,7,98611 - 97621 - 99472 - 07058
2025-09-19,MN,Cà Mau,8,62451
2025-09-20,MB,Hà Nội,ĐB,27878
2025-09-20,MB,Hà Nội,1,87974
2025-09-20,MB,Hà Nội,2,68116
2025-09-20,MB,Hà Nội,3,73645 - 65358 - 20674 - 05703 - 08616 - 10499
2025-09-20,MB,Hà Nội,4,28985 - 27517 - 26891 - 05477 - 38292 - 64307
2025-09-20,MB,Hà Nội,5,08373 - 75988 - 20381
2025-09-20,MB,Hà Nội,6,16356 - 41991 - 33457
2025-09-20,MB,Hà Nội,7,45470 - 22942 - 36168 - 65008
2025-09-20,MT,Đà Nẵng,ĐB,71660
2025-09-20,MT,Đà Nẵng,1,56909
2025-09-20,MT,Đà Nẵng,2,26331
2025-09-20,MT,Đà Nẵng,3,37749 - 59282 - 43904 - 64670 - 40858 - 52643
2025-09-20,MT,Đà Nẵng,4,46733 - 17489 - 66479 - 29451 - 38998 - 52315
2025-09-20,MT,Đà Nẵng,5,98098 - 28415 - 74317
2025-09-20,MT,Đà Nẵng,6,53685 - 18128 - 69489
2025-09-20,MT,Đà Nẵng,7,04099 - 21772 - 72783 - 92316
2025-09-20,MT,Đà Nẵng,8,95515
2025-09-20,MT,Khánh Hòa,ĐB,36773
2025-09-20,MT,Khánh Hòa,1,94776
2025-09-20,MT,Khánh Hòa,2,29157
2025-09-20,MT,Khánh Hòa,3,19298 - 41883 - 95641 - 64131 - 99834 - 92101
2025-09-20,MT,Khánh Hòa,4,48420 - 28291 - 06131 - 50950 - 41076 - 21279
2025-09-20,MT,Khánh Hòa,5,33047 - 00118 - 35773
2025-09-20,MT,Khánh Hòa,6,90385 - 24843 - 25218
2025-09-20,MT,Khánh Hòa,7,56097 - 99664 - 51761 - 15647
2025-09-20,MT,Khánh Hòa,8,24089
2025-09-20,MN,TP. HCM,ĐB,91892
2025-09-20,MN,TP. HCM,1,86498
2025-09-20,MN,TP. HCM,2,92537
2025-09-20,MN,TP. HCM,3,98136 - 96171 - 98221 - 52784 - 76224 - 83255
2025-09-20,MN,TP. HCM,4,47895 - 57333 - 92406 - 14391 - 47098 - 40732
2025-09-20,MN,TP. HCM,5,37589 - 65768 - 42132
2025-09-20,MN,TP. HCM,6,96221 - 50914 - 30047
2025-09-20,MN,TP. HCM,7,89797 - 82382 - 80916 - 33505
2025-09-20,MN,TP. HCM,8,10488
2025-09-20,MN,Đồng Tháp,ĐB,76094
2025-09-20,MN,Đồng Tháp,1,32608
2025-09-20,MN,Đồng Tháp,2,63000
2025-09-20,MN,Đồng Tháp,3,84499 - 54447 - 13863 - 59335 - 59629 - 90763
2025-09-20,MN,Đồng Tháp,4,45897 - 74812 - 24439 - 79857 - 52390 - 10357
2025-09-20,MN,Đồng Tháp,5,39134 - 70615 - 17634
2025-09-20,MN,Đồng Tháp,6,51782 - 63863 - 44818
2025-09-20,MN,Đồng Tháp,7,11273 - 10635 - 16907 - 20089
2025-09-20,MN,Đồng Tháp,8,76900
2025-09-20,MN,Cà Mau,ĐB,18257
2025-09-20,MN,Cà Mau,1,40296
2025-09-20,MN,Cà Mau,2,39549
2025-09-20,MN,Cà Mau,3,69930 - 43340 - 17263 - 60204 - 62436 - 17304
2025-09-20,MN,Cà Mau,4,12446 - 64022 - 77422 - 71928 - 31333 - 35496
2025-09-20,MN,Cà Mau,5,77911 - 96927 - 03073
2025-09-20,MN,Cà Mau,6,01162 - 34367 - 81812
2025-09-20,MN,Cà Mau,7,40858 - 13038 - 91807 - 98618
2025-09-20,MN,Cà Mau,8,38465
2025-09-21,MB,Hà Nội,ĐB,52845
2025-09-21,MB,Hà Nội,1,03618
2025-09-21,MB,Hà Nội,2,68239
2025-09-21,MB,Hà Nội,3,90558 - 77962 - 19256 - 04744 - 65889 - 56569
2025-09-21,MB,Hà Nội,4,17156 - 33535 - 03342 - 61767 - 75167 - 76416
2025-09-21,MB,Hà Nội,5,88883 - 13853 - 95602
2025-09-21,MB,Hà Nội,6,96947 - 18531 - 97185
2025-09-21,MB,Hà Nội,7,27431 - 43440 - 02079 - 92500
2025-09-21,MT,Đà Nẵng,ĐB,95434
2025-09-21,MT,Đà Nẵng,1,65921
2025-09-21,MT,Đà Nẵng,2,68211
2025-09-21,MT,Đà Nẵng,3,60794 - 02927 - 13602 - 28188 - 66435 - 27679
2025-09-21,MT,Đà Nẵng,4,48124 - 88186 - 60767 - 77633 - 05977 - 41178
2025-09-21,MT,Đà Nẵng,5,89825 - 55131 - 38010
2025-09-21,MT,Đà Nẵng,6,22544 - 41920 - 56096
2025-09-21,MT,Đà Nẵng,7,50165 - 60156 - 19167 - 36538
2025-09-21,MT,Đà Nẵng,8,20789
2025-09-21,MT,Khánh Hòa,ĐB,75246
2025-09-21,MT,Khánh Hòa,1,97291
2025-09-21,MT,Khánh Hòa,2,73688
2025-09-21,MT,Khánh Hòa,3,62291 - 24499 - 82306 - 43686 - 07515 - 64858
2025-09-21,MT,Khánh Hòa,4,48728 - 91397 - 54451 - 97881 - 75933 - 98490
2025-09-21,MT,Khánh Hòa,5,36261 - 37622 - 66944
2025-09-21,MT,Khánh Hòa,6,98811 - 61306 - 43016
2025-09-21,MT,Khánh Hòa,7,72225 - 84404 - 40633 - 89056
2025-09-21,MT,Khánh Hòa,8,97124
2025-09-21,MN,TP. HCM,ĐB,15053
2025-09-21,MN,TP. HCM,1,94482
2025-09-21,MN,TP. HCM,2,79367
2025-09-21,MN,TP. HCM,3,93331 - 16143 - 90756 - 29513 - 09322 - 99028
2025-09-21,MN,TP. HCM,4,87919 - 88712 - 01823 - 10665 - 70700 - 68969
2025-09-21,MN,TP. HCM,5,10807 - 13082 - 90673
2025-09-21,MN,TP. HCM,6,04525 - 75338 - 87306
2025-09-21,MN,TP. HCM,7,87368 - 62594 - 57635 - 28682
2025-09-21,MN,TP. HCM,8,13289
2025-09-21,MN,Đồng Tháp,ĐB,91273
2025-09-21,MN,Đồng Tháp,1,91369
2025-09-21,MN,Đồng Tháp,2,58135
2025-09-21,MN,Đồng Tháp,3,83135 - 61824 - 63078 - 42819 - 65806 - 90059
2025-09-21,MN,Đồng Tháp,4,93799 - 22803 - 41217 - 15157 - 34043 - 02273
2025-09-21,MN,Đồng Tháp,5,52651 - 64462 - 03390
2025-09-21,MN,Đồng Tháp,6,80314 - 51674 - 90931
2025-09-21,MN,Đồng Tháp,7,47211 - 04354 - 24101 - 55736
2025-09-21,MN,Đồng Tháp,8,17137
2025-09-21,MN,Cà Mau,ĐB,58558
2025-09-21,MN,Cà Mau,1,45634
2025-09-21,MN,Cà Mau,2,95553
2025-09-21,MN,Cà Mau,3,53244 - 04948 - 18939 - 80902 - 27553 - 43305
2025-09-21,MN,Cà Mau,4,14303 - 41224 - 38647 - 69566 - 59897 - 64882
2025-09-21,MN,Cà Mau,5,20195 - 72986 - 94970
2025-09-21,MN,Cà Mau,6,63212 - 03332 - 88782
2025-09-21,MN,Cà Mau,7,31704 - 43027 - 29971 - 96852
2025-09-21,MN,Cà Mau,8,63144
2025-09-22,MB,Hà Nội,ĐB,61161
2025-09-22,MB,Hà Nội,1,60221
2025-09-22,MB,Hà Nội,2,12053
2025-09-22,MB,Hà Nội,3,87181 - 89125 - 68855 - 60281 - 82991 - 53208
2025-09-22,MB,Hà Nội,4,54806 - 46110 - 59747 - 76744 - 33266 - 05037
2025-09-22,MB,Hà Nội,5,69727 - 68945 - 00980
2025-09-22,MB,Hà Nội,6,49976 - 74296 - 30300
2025-09-22,MB,Hà Nội,7,60792 - 68303 - 27533 - 32684
2025-09-22,MT,Đà Nẵng,ĐB,81348
2025-09-22,MT,Đà Nẵng,1,21313
2025-09-22,MT,Đà Nẵng,2,56154
2025-09-22,MT,Đà Nẵng,3,13127 - 61432 - 17408 - 31055 - 04746 - 94491
2025-09-22,MT,Đà Nẵng,4,48059 - 26308 - 53534 - 22657 - 99066 - 43804
2025-09-22,MT,Đà Nẵng,5,14939 - 56077 - 90266
2025-09-22,MT,Đà Nẵng,6,76634 - 90425 - 94145
2025-09-22,MT,Đà Nẵng,7,61306 - 33182 - 40790 - 75839
2025-09-22,MT,Đà Nẵng,8,40065
2025-09-22,MT,Khánh Hòa,ĐB,32336
2025-09-22,MT,Khánh Hòa,1,73939
2025-09-22,MT,Khánh Hòa,2,04875
2025-09-22,MT,Khánh Hòa,3,72504 - 48677 - 14393 - 14717 - 73106 - 77445
2025-09-22,MT,Khánh Hòa,4,58057 - 91600 - 18608 - 97975 - 24607 - 30251
2025-09-22,MT,Khánh Hòa,5,34587 - 85053 - 48147
2025-09-22,MT,Khánh Hòa,6,74597 - 30338 - 10288
2025-09-22,MT,Khánh Hòa,7,65065 - 68948 - 59201 - 30132
2025-09-22,MT,Khánh Hòa,8,18969
2025-09-22,MN,TP. HCM,ĐB,06192
2025-09-22,MN,TP. HCM,1,92281
2025-09-22,MN,TP. HCM,2,45121
2025-09-22,MN,TP. HCM,3,07580 - 32591 - 77268 - 02996 - 95773 - 41685
2025-09-22,MN,TP. HCM,4,23364 - 17745 - 34751 - 84771 - 71118 - 35895
2025-09-22,MN,TP. HCM,5,52625 - 82429 - 15986
2025-09-22,MN,TP. HCM,6,47390 - 49640 - 06114
2025-09-22,MN,TP. HCM,7,54903 - 30135 - 64523 - 12628
2025-09-22,MN,TP. HCM,8,46086
2025-09-22,MN,Đồng Tháp,ĐB,26703
2025-09-22,MN,Đồng Tháp,1,39383
2025-09-22,MN,Đồng Tháp,2,02872
2025-09-22,MN,Đồng Tháp,3,83551 - 04975 - 55577 - 84482 - 14457 - 46529
2025-09-22,MN,Đồng Tháp,4,34459 - 32708 - 57160 - 43111 - 93256 - 97270
2025-09-22,MN,Đồng Tháp,5,91714 - 01674 - 12567
2025-09-22,MN,Đồng Tháp,6,01485 - 96823 - 93926
2025-09-22,MN,Đồng Tháp,7,35084 - 93442 - 27968 - 12420
2025-09-22,MN,Đồng Tháp,8,23280
2025-09-22,MN,Cà Mau,ĐB,28581
2025-09-22,MN,Cà Mau,1,62672
2025-09-22,MN,Cà Mau,2,93889
2025-09-22,MN,Cà Mau,3,29173 - 38704 - 66553 - 78980 - 08983 - 96683
2025-09-22,MN,Cà Mau,4,41939 - 89490 - 00562 - 06420 - 77608 - 98757
2025-09-22,MN,Cà Mau,5,59856 - 87866 - 91751
2025-09-22,MN,Cà Mau,6,69662 - 64039 - 81720
2025-09-22,MN,Cà Mau,7,57122 - 39730 - 31708 - 53146
2025-09-22,MN,Cà Mau,8,86165
2025-09-23,MB,Hà Nội,ĐB,78237
2025-09-23,MB,Hà Nội,1,24303
2025-09-23,MB,Hà Nội,2,56180
2025-09-23,MB,Hà Nội,3,21652 - 84120 - 63348 - 05400 - 83387 - 36243
2025-09-23,MB,Hà Nội,4,30122 - 72469 - 58271 - 21795 - 13624 - 26870
2025-09-23,MB,Hà Nội,5,79902 - 53644 - 25382
2025-09-23,MB,Hà Nội,6,48471 - 36485 - 04070
2025-09-23,MB,Hà Nội,7,55569 - 20671 - 24576 - 23706
2025-09-23,MT,Đà Nẵng,ĐB,83916
2025-09-23,MT,Đà Nẵng,1,46593
2025-09-23,MT,Đà Nẵng,2,87444
2025-09-23,MT,Đà Nẵng,3,11799 - 78168 - 12335 - 78515 - 87633 - 82090
2025-09-23,MT,Đà Nẵng,4,69093 - 14361 - 05245 - 50392 - 59391 - 91437
2025-09-23,MT,Đà Nẵng,5,28817 - 92171 - 88201
2025-09-23,MT,Đà Nẵng,6,65191 - 21842 - 68183
2025-09-23,MT,Đà Nẵng,7,73055 - 04895 - 77891 - 76160
2025-09-23,MT,Đà Nẵng,8,79280
2025-09-23,MT,Khánh Hòa,ĐB,52786
2025-09-23,MT,Khánh Hòa,1,55665
2025-09-23,MT,Khánh Hòa,2,17602
2025-09-23,MT,Khánh Hòa,3,06504 - 94652 - 13657 - 85153 - 50678 - 10261
2025-09-23,MT,Khánh Hòa,4,64032 - 91828 - 93852 - 37546 - 38994 - 87107
2025-09-23,MT,Khánh Hòa,5,83021 - 36730 - 56468
2025-09-23,MT,Khánh Hòa,6,76433 - 77454 - 20045
2025-09-23,MT,Khánh Hòa,7,07272 - 91313 - 03530 - 15918
2025-09-23,MT,Khánh Hòa,8,10763
2025-09-23,MN,TP. HCM,ĐB,34463
2025-09-23,MN,TP. HCM,1,74509
2025-09-23,MN,TP. HCM,2,01146
2025-09-23,MN,TP. HCM,3,96641 - 00381 - 04368 - 86042 - 64632 - 38212
2025-09-23,MN,TP. HCM,4,28065 - 01607 - 32781 - 37435 - 39471 - 11155
2025-09-23,MN,TP. HCM,5,23984 - 24285 - 88465
2025-09-23,MN,TP. HCM,6,14838 - 25062 - 56311
2025-09-23,MN,TP. HCM,7,45961 - 86030 - 73295 - 02583
2025-09-23,MN,TP. HCM,8,11917
2025-09-23,MN,Đồng Tháp,ĐB,44085
2025-09-23,MN,Đồng Tháp,1,67907
2025-09-23,MN,Đồng Tháp,2,80630
2025-09-23,MN,Đồng Tháp,3,15295 - 13139 - 94008 - 14337 - 16655 - 38922
2025-09-23,MN,Đồng Tháp,4,79017 - 21695 - 84591 - 80718 - 34234 - 69005
2025-09-23,MN,Đồng Tháp,5,11572 - 14681 - 37582
2025-09-23,MN,Đồng Tháp,6,04685 - 85837 - 36026
2025-09-23,MN,Đồng Tháp,7,02995 - 00181 - 68850 - 84964
2025-09-23,MN,Đồng Tháp,8,22661
2025-09-23,MN,Cà Mau,ĐB,07556
2025-09-23,MN,Cà Mau,1,07372
2025-09-23,MN,Cà Mau,2,36823
2025-09-23,MN,Cà Mau,3,08887 - 26856 - 63737 - 02317 - 88739 - 84130
2025-09-23,MN,Cà Mau,4,71723 - 65454 - 50863 - 48629 - 25878 - 85545
2025-09-23,MN,Cà Mau,5,79761 - 75626 - 78772
2025-09-23,MN,Cà Mau,6,35652 - 19570 - 68055
2025-09-23,MN,Cà Mau,7,55928 - 79860 - 46896 - 53589
2025-09-23,MN,Cà Mau,8,31113
2025-09-24,MB,Hà Nội,ĐB,68586
2025-09-24,MB,Hà Nội,1,84771
2025-09-24,MB,Hà Nội,2,43537
2025-09-24,MB,Hà Nội,3,90534 - 52214 - 54970 - 72922 - 90286 - 29028
2025-09-24,MB,Hà Nội,4,11953 - 00206 - 20255 - 79110 - 69915 - 15524
2025-09-24,MB,Hà Nội,5,19021 - 92580 - 06389
2025-09-24,MB,Hà Nội,6,75366 - 60413 - 14566
2025-09-24,MB,Hà Nội,7,72398 - 90883 - 79753 - 39834
2025-09-24,MT,Đà Nẵng,ĐB,95260
2025-09-24,MT,Đà Nẵng,1,04737
2025-09-24,MT,Đà Nẵng,2,50736
2025-09-24,MT,Đà Nẵng,3,98679 - 69528 - 39325 - 51744 - 45863 - 82226
2025-09-24,MT,Đà Nẵng,4,28781 - 13957 - 28753 - 80425 - 20938 - 83870
2025-09-24,MT,Đà Nẵng,5,19362 - 47521 - 17989
2025-09-24,MT,Đà Nẵng,6,69029 - 21929 - 54749
2025-09-24,MT,Đà Nẵng,7,46887 - 12090 - 17042 - 46329
2025-09-24,MT,Đà Nẵng,8,74148
2025-09-24,MT,Khánh Hòa,ĐB,23186
2025-09-24,MT,Khánh Hòa,1,86767
2025-09-24,MT,Khánh Hòa,2,53257
2025-09-24,MT,Khánh Hòa,3,21050 - 76788 - 56416 - 17315 - 64560 - 00901
2025-09-24,MT,Khánh Hòa,4,75264 - 48181 - 41764 - 58346 - 79578 - 93233
2025-09-24,MT,Khánh Hòa,5,96727 - 38189 - 89082
2025-09-24,MT,Khánh Hòa,6,73274 - 52629 - 46288
2025-09-24,MT,Khánh Hòa,7,96929 - 06471 - 73077 - 14756
2025-09-24,MT,Khánh Hòa,8,88109
2025-09-24,MN,TP. HCM,ĐB,06283
2025-09-24,MN,TP. HCM,1,63127
2025-09-24,MN,TP. HCM,2,62471
2025-09-24,MN,TP. HCM,3,30501 - 05802 - 15630 - 70647 - 01837 - 12432
2025-09-24,MN,TP. HCM,4,59555 - 11905 - 69841 - 27505 - 92047 - 78449
2025-09-24,MN,TP. HCM,5,39027 - 27289 - 83205
2025-09-24,MN,TP. HCM,6,26116 - 12280 - 72213
2025-09-24,MN,TP. HCM,7,01886 - 73422 - 73160 - 88575
2025-09-24,MN,TP. HCM,8,51242
2025-09-24,MN,Đồng Tháp,ĐB,71998
2025-09-24,MN,Đồng Tháp,1,91306
2025-09-24,MN,Đồng Tháp,2,53059
2025-09-24,MN,Đồng Tháp,3,52202 - 99918 - 84878 - 82219 - 12545 - 90234
2025-09-24,MN,Đồng Tháp,4,76496 - 74314 - 79589 - 48918 - 96887 - 28120
2025-09-24,MN,Đồng Tháp,5,19728 - 72296 - 66890
2025-09-24,MN,Đồng Tháp,6,20452 - 22791 - 28231
2025-09-24,MN,Đồng Tháp,7,51174 - 34899 - 51118 - 60523
2025-09-24,MN,Đồng Tháp,8,67130
2025-09-24,MN,Cà Mau,ĐB,60476
2025-09-24,MN,Cà Mau,1,00347
2025-09-24,MN,Cà Mau,2,22286
2025-09-24,MN,Cà Mau,3,63838 - 22833 - 82003 - 97313 - 47367 - 64235
2025-09-24,MN,Cà Mau,4,97471 - 20370 - 92526 - 87960 - 15880 - 39297
2025-09-24,MN,Cà Mau,5,83751 - 12049 - 10234
2025-09-24,MN,Cà Mau,6,10720 - 35725 - 43240
2025-09-24,MN,Cà Mau,7,35272 - 35558 - 68216 - 30716
2025-09-24,MN,Cà Mau,8,86537
2025-09-25,MB,Hà Nội,ĐB,10046
2025-09-25,MB,Hà Nội,1,46441
2025-09-25,MB,Hà Nội,2,70178
2025-09-25,MB,Hà Nội,3,01394 - 03649 - 06049 - 14810 - 16344 - 97586
2025-09-25,MB,Hà Nội,4,32994 - 00703 - 43249 - 53394 - 30383 - 86290
2025-09-25,MB,Hà Nội,5,37863 - 90761 - 58808
2025-09-25,MB,Hà Nội,6,67261 - 30466 - 16321
2025-09-25,MB,Hà Nội,7,17090 - 49147 - 19062 - 45038
2025-09-25,MT,Đà Nẵng,ĐB,29023
2025-09-25,MT,Đà Nẵng,1,02081
2025-09-25,MT,Đà Nẵng,2,01634
2025-09-25,MT,Đà Nẵng,3,01767 - 45553 - 31138 - 48601 - 12826 - 61148
2025-09-25,MT,Đà Nẵng,4,89516 - 27246 - 41191 - 92813 - 35661 - 91937
2025-09-25,MT,Đà Nẵng,5,84133 - 20416 - 57584
2025-09-25,MT,Đà Nẵng,6,25925 - 59370 - 53516
2025-09-25,MT,Đà Nẵng,7,17176 - 17867 - 84372 - 61078
2025-09-25,MT,Đà Nẵng,8,38126
2025-09-25,MT,Khánh Hòa,ĐB,39439
2025-09-25,MT,Khánh Hòa,1,76617
2025-09-25,MT,Khánh Hòa,2,87717
2025-09-25,MT,Khánh Hòa,3,45439 - 48876 - 71904 - 66379 - 00123 - 07839
2025-09-25,MT,Khánh Hòa,4,28485 - 52248 - 75504 - 23360 - 53670 - 51468
2025-09-25,MT,Khánh Hòa,5,13863 - 89302 - 57428
2025-09-25,MT,Khánh Hòa,6,35368 - 13756 - 84941
2025-09-25,MT,Khánh Hòa,7,87106 - 01871 - 54088 - 13148
2025-09-25,MT,Khánh Hòa,8,04598
2025-09-25,MN,TP. HCM,ĐB,95069
2025-09-25,MN,TP. HCM,1,78256
2025-09-25,MN,TP. HCM,2,17390
2025-09-25,MN,TP. HCM,3,11825 - 24029 - 40281 - 20775 - 68600 - 75978
2025-09-25,MN,TP. HCM,4,33834 - 21080 - 83965 - 00047 - 55131 - 04860
2025-09-25,MN,TP. HCM,5,82116 - 09701 - 76916
2025-09-25,MN,TP. HCM,6,70657 - 75181 - 23796
2025-09-25,MN,TP. HCM,7,73839 - 44673 - 17546 - 08902
2025-09-25,MN,TP. HCM,8,28779
2025-09-25,MN,Đồng Tháp,ĐB,10938
2025-09-25,MN,Đồng Tháp,1,36573
2025-09-25,MN,Đồng Tháp,2,15173
2025-09-25,MN,Đồng Tháp,3,08354 - 51324 - 97521 - 13026 - 37899 - 21780
2025-09-25,MN,Đồng Tháp,4,78331 - 39917 - 74920 - 75010 - 35309 - 77645
2025-09-25,MN,Đồng Tháp,5,96347 - 45818 - 07596
2025-09-25,MN,Đồng Tháp,6,74104 - 53682 - 40339
2025-09-25,MN,Đồng Tháp,7,07828 - 70157 - 62046 - 62252
2025-09-25,MN,Đồng Tháp,8,59482
2025-09-25,MN,Cà Mau,ĐB,79913
2025-09-25,MN,Cà Mau,1,74434
2025-09-25,MN,Cà Mau,2,13761
2025-09-25,MN,Cà Mau,3,03072 - 76336 - 80389 - 45026 - 24519 - 11798
2025-09-25,MN,Cà Mau,4,22649 - 59886 - 36918 - 58460 - 74008 - 38472
2025-09-25,MN,Cà Mau,5,06422 - 39661 - 40302
2025-09-25,MN,Cà Mau,6,56789 - 35262 - 52602
2025-09-25,MN,Cà Mau,7,24578 - 80715 - 13969 - 76404
2025-09-25,MN,Cà Mau,8,95886
2025-09-26,MB,Hà Nội,ĐB,70602
2025-09-26,MB,Hà Nội,1,38285
2025-09-26,MB,Hà Nội,2,63316
2025-09-26,MB,Hà Nội,3,70680 - 98432 - 95179 - 01761 - 25155 - 17047
2025-09-26,MB,Hà Nội,4,64059 - 16483 - 69611 - 52908 - 45711 - 19142
2025-09-26,MB,Hà Nội,5,25091 - 40080 - 49201
2025-09-26,MB,Hà Nội,6,26460 - 30830 - 00792
2025-09-26,MB,Hà Nội,7,96991 - 77424 - 25272 - 61080
2025-09-26,MT,Đà Nẵng,ĐB,37126
2025-09-26,MT,Đà Nẵng,1,26717
2025-09-26,MT,Đà Nẵng,2,04287
2025-09-26,MT,Đà Nẵng,3,12637 - 11676 - 73610 - 13965 - 36385 - 05561
2025-09-26,MT,Đà Nẵng,4,76258 - 37274 - 08036 - 27997 - 43957 - 94622
2025-09-26,MT,Đà Nẵng,5,87499 - 00872 - 77824
2025-09-26,MT,Đà Nẵng,6,71999 - 80952 - 88483
2025-09-26,MT,Đà Nẵng,7,16026 - 43568 - 42518 - 05646
2025-09-26,MT,Đà Nẵng,8,35154
2025-09-26,MT,Khánh Hòa,ĐB,59791
2025-09-26,MT,Khánh Hòa,1,13571
2025-09-26,MT,Khánh Hòa,2,63400
2025-09-26,MT,Khánh Hòa,3,74645 - 56206 - 20452 - 19165 - 84609 - 75186
2025-09-26,MT,Khánh Hòa,4,07495 - 99970 - 58978 - 73456 - 53864 - 36413
2025-09-26,MT,Khánh Hòa,5,50586 - 43315 - 99798
2025-09-26,MT,Khánh Hòa,6,85402 - 79095 - 84237
2025-09-26,MT,Khánh Hòa,7,80273 - 32157 - 84955 - 02961
2025-09-26,MT,Khánh Hòa,8,87471
2025-09-26,MN,TP. HCM,ĐB,41876
2025-09-26,MN,TP. HCM,1,07929
2025-09-26,MN,TP. HCM,2,82248
2025-09-26,MN,TP. HCM,3,28420 - 29334 - 37151 - 39743 - 81748 - 74058
2025-09-26,MN,TP. HCM,4,23149 - 55146 - 06838 - 59933 - 33659 - 68733
2025-09-26,MN,TP. HCM,5,18414 - 68258 - 10835
2025-09-26,MN,TP. HCM,6,20288 - 90786 - 71587
2025-09-26,MN,TP. HCM,7,30568 - 45031 - 19278 - 04581
2025-09-26,MN,TP. HCM,8,30903
2025-09-26,MN,Đồng Tháp,ĐB,50669
2025-09-26,MN,Đồng Tháp,1,64294
2025-09-26,MN,Đồng Tháp,2,88882
2025-09-26,MN,Đồng Tháp,3,09052 - 41471 - 08630 - 07968 - 84137 - 16684
2025-09-26,MN,Đồng Tháp,4,86966 - 73740 - 47014 - 35751 - 33207 - 19427
2025-09-26,MN,Đồng Tháp,5,51013 - 96705 - 22122
2025-09-26,MN,Đồng Tháp,6,18056 - 31489 - 44180
2025-09-26,MN,Đồng Tháp,7,85816 - 58774 - 29216 - 27732
2025-09-26,MN,Đồng Tháp,8,49576
2025-09-26,MN,Cà Mau,ĐB,02861
2025-09-26,MN,Cà Mau,1,48542
2025-09-26,MN,Cà Mau,2,85853
2025-09-26,MN,Cà Mau,3,34294 - 91290 - 78856 - 47306 - 22746 - 70434
2025-09-26,MN,Cà Mau,4,68205 - 61188 - 03390 - 12552 - 25125 - 63533
2025-09-26,MN,Cà Mau,5,44335 - 17006 - 94143
2025-09-26,MN,Cà Mau,6,77213 - 11315 - 23421
2025-09-26,MN,Cà Mau,7,91757 - 61044 - 46306 - 48254
2025-09-26,MN,Cà Mau,8,01765
2025-09-27,MB,Hà Nội,ĐB,98388
2025-09-27,MB,Hà Nội,1,24939
2025-09-27,MB,Hà Nội,2,29435
2025-09-27,MB,Hà Nội,3,20690 - 63927 - 87390 - 03811 - 03846 - 92452
2025-09-27,MB,Hà Nội,4,78604 - 87170 - 87651 - 39865 - 10452 - 26186
2025-09-27,MB,Hà Nội,5,94508 - 20764 - 05908
2025-09-27,MB,Hà Nội,6,24111 - 88014 - 47993
2025-09-27,MB,Hà Nội,7,36860 - 58380 - 11435 - 20699
2025-09-27,MT,Đà Nẵng,ĐB,40735
2025-09-27,MT,Đà Nẵng,1,38837
2025-09-27,MT,Đà Nẵng,2,64012
2025-09-27,MT,Đà Nẵng,3,75221 - 49726 - 29931 - 18342 - 31325 - 26985
2025-09-27,MT,Đà Nẵng,4,11925 - 34605 - 92116 - 65122 - 73554 - 66805
2025-09-27,MT,Đà Nẵng,5,65525 - 85485 - 10982
2025-09-27,MT,Đà Nẵng,6,64072 - 93372 - 44244
2025-09-27,MT,Đà Nẵng,7,97216 - 13300 - 10277 - 54422
2025-09-27,MT,Đà Nẵng,8,08302
2025-09-27,MT,Khánh Hòa,ĐB,34996
2025-09-27,MT,Khánh Hòa,1,29065
2025-09-27,MT,Khánh Hòa,2,86428
2025-09-27,MT,Khánh Hòa,3,56273 - 98456 - 18607 - 91903 - 07667 - 17092
2025-09-27,MT,Khánh Hòa,4,22533 - 76185 - 75445 - 74462 - 64956 - 97382
2025-09-27,MT,Khánh Hòa,5,07843 - 91602 - 65153
2025-09-27,MT,Khánh Hòa,6,51894 - 89025 - 43256
2025-09-27,MT,Khánh Hòa,7,07437 - 94915 - 69667 - 07544
2025-09-27,MT,Khánh Hòa,8,28882
2025-09-27,MN,TP. HCM,ĐB,13514
2025-09-27,MN,TP. HCM,1,41117
2025-09-27,MN,TP. HCM,2,07867
2025-09-27,MN,TP. HCM,3,59959 - 04903 - 89239 - 32794 - 32502 - 35134
2025-09-27,MN,TP. HCM,4,81700 - 72078 - 48282 - 96077 - 31180 - 16651
2025-09-27,MN,TP. HCM,5,30318 - 04481 - 64378
2025-09-27,MN,TP. HCM,6,74763 - 83769 - 08519
2025-09-27,MN,TP. HCM,7,29004 - 72467 - 80368 - 14215
2025-09-27,MN,TP. HCM,8,02159
2025-09-27,MN,Đồng Tháp,ĐB,26482
2025-09-27,MN,Đồng Tháp,1,60746
2025-09-27,MN,Đồng Tháp,2,73591
2025-09-27,MN,Đồng Tháp,3,07878 - 64441 - 10618 - 59898 - 69381 - 01336
2025-09-27,MN,Đồng Tháp,4,99751 - 31589 - 40945 - 16745 - 73838 - 07251
2025-09-27,MN,Đồng Tháp,5,11923 - 89665 - 93738
2025-09-27,MN,Đồng Tháp,6,18910 - 54690 - 13946
2025-09-27,MN,Đồng Tháp,7,67944 - 52091 - 61269 - 76125
2025-09-27,MN,Đồng Tháp,8,07513
2025-09-27,MN,Cà Mau,ĐB,64338
2025-09-27,MN,Cà Mau,1,81838
2025-09-27,MN,Cà Mau,2,62450
2025-09-27,MN,Cà Mau,3,45971 - 81354 - 38988 - 66996 - 64333 - 90041
2025-09-27,MN,Cà Mau,4,77844 - 76912 - 00111 - 75981 - 70671 - 54286
2025-09-27,MN,Cà Mau,5,91005 - 18776 - 16254
2025-09-27,MN,Cà Mau,6,69352 - 58815 - 88783
2025-09-27,MN,Cà Mau,7,44648 - 68588 - 70954 - 97080
2025-09-27,MN,Cà Mau,8,40198
2025-09-28,MB,Hà Nội,ĐB,88892
2025-09-28,MB,Hà Nội,1,62135
2025-09-28,MB,Hà Nội,2,83352
2025-09-28,MB,Hà Nội,3,54326 - 73970 - 52842 - 17869 - 62345 - 83906
2025-09-28,MB,Hà Nội,4,57926 - 98942 - 82234 - 40488 - 35555 - 24459
2025-09-28,MB,Hà Nội,5,90387 - 44374 - 32208
2025-09-28,MB,Hà Nội,6,63477 - 55006 - 48022
2025-09-28,MB,Hà Nội,7,17759 - 06545 - 79017 - 96017
2025-09-28,MT,Đà Nẵng,ĐB,95771
2025-09-28,MT,Đà Nẵng,1,27596
2025-09-28,MT,Đà Nẵng,2,76174
2025-09-28,MT,Đà Nẵng,3,74162 - 53424 - 55318 - 35983 - 90038 - 60536
2025-09-28,MT,Đà Nẵng,4,24035 - 12098 - 92532 - 05037 - 74230 - 90603
2025-09-28,MT,Đà Nẵng,5,63096 - 13166 - 45398
2025-09-28,MT,Đà Nẵng,6,70364 - 41526 - 61017
2025-09-28,MT,Đà Nẵng,7,22922 - 86028 - 68443 - 32167
2025-09-28,MT,Đà Nẵng,8,16231
2025-09-28,MT,Khánh Hòa,ĐB,88515
2025-09-28,MT,Khánh Hòa,1,97244
2025-09-28,MT,Khánh Hòa,2,29251
2025-09-28,MT,Khánh Hòa,3,05493 - 83085 - 27039 - 37521 - 69281 - 93450
2025-09-28,MT,Khánh Hòa,4,09108 - 43135 - 22367 - 92929 - 38833 - 28888
2025-09-28,MT,Khánh Hòa,5,98527 - 45753 - 81175
2025-09-28,MT,Khánh Hòa,6,72593 - 54678 - 13395
2025-09-28,MT,Khánh Hòa,7,81754 - 75349 - 96070 - 71707
2025-09-28,MT,Khánh Hòa,8,55014
2025-09-28,MN,TP. HCM,ĐB,85560
2025-09-28,MN,TP. HCM,1,97897
2025-09-28,MN,TP. HCM,2,49344
2025-09-28,MN,TP. HCM,3,89746 - 71988 - 73630 - 97094 - 01837 - 53436
2025-09-28,MN,TP. HCM,4,79693 - 87229 - 59168 - 38506 - 50897 - 10669
2025-09-28,MN,TP. HCM,5,91795 - 90415 - 39220
2025-09-28,MN,TP. HCM,6,59126 - 69178 - 11672
2025-09-28,MN,TP. HCM,7,94025 - 65837 - 20454 - 32087
2025-09-28,MN,TP. HCM,8,99849
2025-09-28,MN,Đồng Tháp,ĐB,14698
2025-09-28,MN,Đồng Tháp,1,46736
2025-09-28,MN,Đồng Tháp,2,35272
2025-09-28,MN,Đồng Tháp,3,89564 - 56310 - 19563 - 02109 - 68295 - 97596
2025-09-28,MN,Đồng Tháp,4,45416 - 12052 - 34769 - 08887 - 26343 - 50401
2025-09-28,MN,Đồng Tháp,5,13577 - 80356 - 19254
2025-09-28,MN,Đồng Tháp,6,72813 - 21132 - 01659
2025-09-28,MN,Đồng Tháp,7,58200 - 60947 - 52288 - 44138
2025-09-28,MN,Đồng Tháp,8,72075
2025-09-28,MN,Cà Mau,ĐB,56808
2025-09-28,MN,Cà Mau,1,92829
2025-09-28,MN,Cà Mau,2,09471
2025-09-28,MN,Cà Mau,3,31334 - 56328 - 45840 - 93665 - 73493 - 54752
2025-09-28,MN,Cà Mau,4,50427 - 48389 - 94724 - 47913 - 07459 - 11589
2025-09-28,MN,Cà Mau,5,61223 - 27099 - 47264
2025-09-28,MN,Cà Mau,6,94419 - 95209 - 52216
2025-09-28,MN,Cà Mau,7,00320 - 91881 - 99395 - 59910
2025-09-28,MN,Cà Mau,8,75607
2025-09-29,MB,Hà Nội,ĐB,09870
2025-09-29,MB,Hà Nội,1,32441
2025-09-29,MB,Hà Nội,2,06807
2025-09-29,MB,Hà Nội,3,61464 - 64455 - 35188 - 80053 - 71227 - 44134
2025-09-29,MB,Hà Nội,4,03553 - 54699 - 01096 - 24744 - 03306 - 48432
2025-09-29,MB,Hà Nội,5,78517 - 92049 - 65783
2025-09-29,MB,Hà Nội,6,85328 - 02479 - 42060
2025-09-29,MB,Hà Nội,7,31642 - 16933 - 97071 - 99045
2025-09-29,MT,Đà Nẵng,ĐB,85141
2025-09-29,MT,Đà Nẵng,1,67967
2025-09-29,MT,Đà Nẵng,2,57880
2025-09-29,MT,Đà Nẵng,3,39170 - 80304 - 00518 - 33190 - 97485 - 18416
2025-09-29,MT,Đà Nẵng,4,00262 - 71234 - 26054 - 92554 - 41668 - 67946
2025-09-29,MT,Đà Nẵng,5,24338 - 00618 - 41354
2025-09-29,MT,Đà Nẵng,6,58901 - 48364 - 69766
2025-09-29,MT,Đà Nẵng,7,65133 - 48284 - 07567 - 16322
2025-09-29,MT,Đà Nẵng,8,81429
2025-09-29,MT,Khánh Hòa,ĐB,70639
2025-09-29,MT,Khánh Hòa,1,53112
2025-09-29,MT,Khánh Hòa,2,30908
2025-09-29,MT,Khánh Hòa,3,70462 - 34279 - 78270 - 83706 - 60576 - 60710
2025-09-29,MT,Khánh Hòa,4,44822 - 41119 - 52618 - 63632 - 61100 - 40205
2025-09-29,MT,Khánh Hòa,5,82632 - 03307 - 26447
2025-09-29,MT,Khánh Hòa,6,57876 - 34471 - 26242
2025-09-29,MT,Khánh Hòa,7,09491 - 01190 - 74023 - 01254
2025-09-29,MT,Khánh Hòa,8,73990
2025-09-29,MN,TP. HCM,ĐB,41502
2025-09-29,MN,TP. HCM,1,49876
2025-09-29,MN,TP. HCM,2,80178
2025-09-29,MN,TP. HCM,3,30483 - 48473 - 04011 - 55802 - 59097 - 44971
2025-09-29,MN,TP. HCM,4,75651 - 63682 - 46676 - 55949 - 76152 - 47064
2025-09-29,MN,TP. HCM,5,47186 - 40137 - 07007
2025-09-29,MN,TP. HCM,6,31242 - 95546 - 43269
2025-09-29,MN,TP. HCM,7,34006 - 06544 - 49857 - 53824
2025-09-29,MN,TP. HCM,8,23553
2025-09-29,MN,Đồng Tháp,ĐB,02357
2025-09-29,MN,Đồng Tháp,1,60863
2025-09-29,MN,Đồng Tháp,2,05634
2025-09-29,MN,Đồng Tháp,3,72335 - 62697 - 67133 - 22346 - 62512 - 91548
2025-09-29,MN,Đồng Tháp,4,62555 - 27322 - 10974 - 09316 - 73613 - 47535
2025-09-29,MN,Đồng Tháp,5,55463 - 39633 - 42214
2025-09-29,MN,Đồng Tháp,6,80070 - 89300 - 14021
2025-09-29,MN,Đồng Tháp,7,12388 - 14896 - 63046 - 13983
2025-09-29,MN,Đồng Tháp,8,01293
2025-09-29,MN,Cà Mau,ĐB,52869
2025-09-29,MN,Cà Mau,1,42363
2025-09-29,MN,Cà Mau,2,83559
2025-09-29,MN,Cà Mau,3,85644 - 66475 - 44871 - 54118 - 81254 - 79830
2025-09-29,MN,Cà Mau,4,71634 - 80951 - 19124 - 54476 - 72929 - 31538
2025-09-29,MN,Cà Mau,5,07504 - 48752 - 57929
2025-09-29,MN,Cà Mau,6,89044 - 07626 - 67890
2025-09-29,MN,Cà Mau,7,22681 - 61035 - 51596 - 31458
2025-09-29,MN,Cà Mau,8,69636
2025-09-30,MB,Hà Nội,ĐB,07882
2025-09-30,MB,Hà Nội,1,17112
2025-09-30,MB,Hà Nội,2,51214
2025-09-30,MB,Hà Nội,3,62804 - 69407 - 11274 - 03804 - 20026 - 33833
2025-09-30,MB,Hà Nội,4,35713 - 61602 - 59360 - 33872 - 41781 - 46910
2025-09-30,MB,Hà Nội,5,17820 - 13958 - 45388
2025-09-30,MB,Hà Nội,6,31399 - 55756 - 71435
2025-09-30,MB,Hà Nội,7,61272 - 74987 - 67671 - 75370
2025-09-30,MT,Đà Nẵng,ĐB,19380
2025-09-30,MT,Đà Nẵng,1,85460
2025-09-30,MT,Đà Nẵng,2,05638
2025-09-30,MT,Đà Nẵng,3,95892 - 44124 - 90028 - 59800 - 17255 - 28464
2025-09-30,MT,Đà Nẵng,4,95971 - 70993 - 69925 - 35727 - 29661 - 18291
2025-09-30,MT,Đà Nẵng,5,32805 - 44337 - 52714
2025-09-30,MT,Đà Nẵng,6,99188 - 25154 - 32882
2025-09-30,MT,Đà Nẵng,7,09086 - 12540 - 96574 - 11408
2025-09-30,MT,Đà Nẵng,8,15250
2025-09-30,MT,Khánh Hòa,ĐB,53213
2025-09-30,MT,Khánh Hòa,1,29256
2025-09-30,MT,Khánh Hòa,2,24712
2025-09-30,MT,Khánh Hòa,3,99228 - 29872 - 19312 - 05691 - 64032 - 93584
2025-09-30,MT,Khánh Hòa,4,63944 - 34501 - 82508 - 73155 - 97942 - 79982
2025-09-30,MT,Khánh Hòa,5,22176 - 30836 - 12286
2025-09-30,MT,Khánh Hòa,6,60670 - 97251 - 94242
2025-09-30,MT,Khánh Hòa,7,50771 - 67792 - 73384 - 80375
2025-09-30,MT,Khánh Hòa,8,34932
2025-09-30,MN,TP. HCM,ĐB,02521
2025-09-30,MN,TP. HCM,1,05817
2025-09-30,MN,TP. HCM,2,46645
2025-09-30,MN,TP. HCM,3,31346 - 78730 - 21315 - 57978 - 44938 - 55959
2025-09-30,MN,TP. HCM,4,25174 - 68597 - 85474 - 90895 - 30683 - 04850
2025-09-30,MN,TP. HCM,5,27734 - 60967 - 23506
2025-09-30,MN,TP. HCM,6,34406 - 27084 - 59452
2025-09-30,MN,TP. HCM,7,41733 - 99078 - 51219 - 33224
2025-09-30,MN,TP. HCM,8,82201
2025-09-30,MN,Đồng Tháp,ĐB,05694
2025-09-30,MN,Đồng Tháp,1,14106
2025-09-30,MN,Đồng Tháp,2,31976
2025-09-30,MN,Đồng Tháp,3,98655 - 92418 - 16061 - 70471 - 22329 - 46124
2025-09-30,MN,Đồng Tháp,4,05421 - 23423 - 87246 - 68785 - 39617 - 75258
2025-09-30,MN,Đồng Tháp,5,19980 - 81057 - 63230
2025-09-30,MN,Đồng Tháp,6,75888 - 14712 - 25755
2025-09-30,MN,Đồng Tháp,7,83342 - 32660 - 48172 - 08704
2025-09-30,MN,Đồng Tháp,8,46374
2025-09-30,MN,Cà Mau,ĐB,76443
2025-09-30,MN,Cà Mau,1,90011
2025-09-30,MN,Cà Mau,2,33597
2025-09-30,MN,Cà Mau,3,33897 - 18293 - 69437 - 82792 - 11748 - 55849
2025-09-30,MN,Cà Mau,4,68191 - 08097 - 10120 - 74392 - 13128 - 10024
2025-09-30,MN,Cà Mau,5,06502 - 86454 - 82855
2025-09-30,MN,Cà Mau,6,96991 - 31004 - 98572
2025-09-30,MN,Cà Mau,7,43733 - 09107 - 25518 - 30863
2025-09-30,MN,Cà Mau,8,26033
