Date,Region,Province,Prize,Numbers
2026-06-05,MB,Hà Nội,ĐB,46180
2026-06-05,MB,Hà Nội,1,31628
2026-06-05,MB,Hà Nội,2,82449
2026-06-05,MB,Hà Nội,3,55670 - 48238 - 10240 - 42306 - 04068 - 77188
2026-06-05,MB,Hà Nội,4,63268 - 59389 - 96973 - 72134 - 53939 - 09255
2026-06-05,MB,Hà Nội,5,93797 - 17990 - 26942
2026-06-05,MB,Hà Nội,6,76092 - 38095 - 64744
2026-06-05,MB,Hà Nội,7,85017 - 15217 - 58465 - 27670
2026-06-05,MT,Đà Nẵng,ĐB,86871
2026-06-05,MT,Đà Nẵng,1,28710
2026-06-05,MT,Đà Nẵng,2,23640
2026-06-05,MT,Đà Nẵng,3,26841 - 97860 - 45301 - 26621 - 69766 - 55727
2026-06-05,MT,Đà Nẵng,4,36171 - 53696 - 47454 - 88602 - 80877 - 10820
2026-06-05,MT,Đà Nẵng,5,33551 - 92835 - 13635
2026-06-05,MT,Đà Nẵng,6,91606 - 50424 - 01144
2026-06-05,MT,Đà Nẵng,7,67055 - 47940 - 18797 - 54475
2026-06-05,MT,Đà Nẵng,8,28583
2026-06-05,MT,Khánh Hòa,ĐB,27896
2026-06-05,MT,Khánh Hòa,1,20635
2026-06-05,MT,Khánh Hòa,2,22594
2026-06-05,MT,Khánh Hòa,3,04874 - 36586 - 65152 - 46947 - 73860 - 20009
2026-06-05,MT,Khánh Hòa,4,57042 - 86134 - 47590 - 22878 - 79141 - 34272
2026-06-05,MT,Khánh Hòa,5,47063 - 77147 - 43336
2026-06-05,MT,Khánh Hòa,6,76204 - 18039 - 28830
2026-06-05,MT,Khánh Hòa,7,21929 - 99401 - 90283 - 58884
2026-06-05,MT,Khánh Hòa,8,28902
2026-06-05,MN,TP. HCM,ĐB,42883
2026-06-05,MN,TP. HCM,1,39214
2026-06-05,MN,TP. HCM,2,92754
2026-06-05,MN,TP. HCM,3,48726 - 07906 - 02946 - 21803 - 77826 - 43668
2026-06-05,MN,TP. HCM,4,86649 - 36247 - 08884 - 12968 - 60752 - 30190
2026-06-05,MN,TP. HCM,5,69911 - 82162 - 08779
2026-06-05,MN,TP. HCM,6,83696 - 93986 - 57948
2026-06-05,MN,TP. HCM,7,99881 - 64594 - 82787 - 15979
2026-06-05,MN,TP. HCM,8,69299
2026-06-05,MN,Đồng Tháp,ĐB,17782
2026-06-05,MN,Đồng Tháp,1,88840
2026-06-05,MN,Đồng Tháp,2,98183
2026-06-05,MN,Đồng Tháp,3,48616 - 20982 - 27464 - 80618 - 54204 - 33177
2026-06-05,MN,Đồng Tháp,4,31723 - 51906 - 47858 - 98514 - 46896 - 13793
2026-06-05,MN,Đồng Tháp,5,26184 - 94143 - 51860
2026-06-05,MN,Đồng Tháp,6,65001 - 69586 - 28336
2026-06-05,MN,Đồng Tháp,7,21075 - 39595 - 16984 - 69156
2026-06-05,MN,Đồng Tháp,8,78206
2026-06-05,MN,Cà Mau,ĐB,26510
2026-06-05,MN,Cà Mau,1,58892
2026-06-05,MN,Cà Mau,2,54276
2026-06-05,MN,Cà Mau,3,51716 - 54719 - 31655 - 19544 - 73469 - 17768
2026-06-05,MN,Cà Mau,4,75186 - 66664 - 65304 - 19767 - 73912 - 73906
2026-06-05,MN,Cà Mau,5,62183 - 77329 - 16526
2026-06-05,MN,Cà Mau,6,47782 - 32029 - 80467
2026-06-05,MN,Cà Mau,7,05318 - 49281 - 66700 - 31333
2026-06-05,MN,Cà Mau,8,19832
2026-06-04,MB,Hà Nội,ĐB,92297
2026-06-04,MB,Hà Nội,1,46350
2026-06-04,MB,Hà Nội,2,38693
2026-06-04,MB,Hà Nội,3,87750 - 53223 - 32879 - 67237 - 90361 - 65478
2026-06-04,MB,Hà Nội,4,68660 - 13191 - 41612 - 27747 - 48176 - 55612
2026-06-04,MB,Hà Nội,5,94476 - 42094 - 94277
2026-06-04,MB,Hà Nội,6,43506 - 04432 - 75092
2026-06-04,MB,Hà Nội,7,55341 - 41988 - 91148 - 08617
2026-06-04,MT,Đà Nẵng,ĐB,86118
2026-06-04,MT,Đà Nẵng,1,94838
2026-06-04,MT,Đà Nẵng,2,01482
2026-06-04,MT,Đà Nẵng,3,89395 - 15435 - 93014 - 64301 - 12233 - 99369
2026-06-04,MT,Đà Nẵng,4,26481 - 14706 - 28961 - 91770 - 00192 - 17865
2026-06-04,MT,Đà Nẵng,5,43338 - 23443 - 14616
2026-06-04,MT,Đà Nẵng,6,13540 - 02458 - 22647
2026-06-04,MT,Đà Nẵng,7,38565 - 59618 - 32768 - 15768
2026-06-04,MT,Đà Nẵng,8,54423
2026-06-04,MT,Khánh Hòa,ĐB,02426
2026-06-04,MT,Khánh Hòa,1,58181
2026-06-04,MT,Khánh Hòa,2,84531
2026-06-04,MT,Khánh Hòa,3,46686 - 61107 - 98104 - 99822 - 46823 - 76500
2026-06-04,MT,Khánh Hòa,4,19602 - 72315 - 23646 - 67616 - 72690 - 26056
2026-06-04,MT,Khánh Hòa,5,30174 - 47129 - 80054
2026-06-04,MT,Khánh Hòa,6,42079 - 10092 - 58808
2026-06-04,MT,Khánh Hòa,7,71134 - 89065 - 31888 - 01194
2026-06-04,MT,Khánh Hòa,8,31378
2026-06-04,MN,TP. HCM,ĐB,30757
2026-06-04,MN,TP. HCM,1,45183
2026-06-04,MN,TP. HCM,2,07753
2026-06-04,MN,TP. HCM,3,66318 - 90292 - 19907 - 33690 - 67939 - 02776
2026-06-04,MN,TP. HCM,4,81430 - 99875 - 21210 - 20331 - 64607 - 94418
2026-06-04,MN,TP. HCM,5,15688 - 79770 - 36789
2026-06-04,MN,TP. HCM,6,80065 - 37438 - 55481
2026-06-04,MN,TP. HCM,7,21637 - 91059 - 37445 - 17037
2026-06-04,MN,TP. HCM,8,62741
2026-06-04,MN,Đồng Tháp,ĐB,20140
2026-06-04,MN,Đồng Tháp,1,27422
2026-06-04,MN,Đồng Tháp,2,46161
2026-06-04,MN,Đồng Tháp,3,23057 - 28097 - 25151 - 14583 - 73377 - 09532
2026-06-04,MN,Đồng Tháp,4,89168 - 70330 - 88029 - 21744 - 45159 - 25069
2026-06-04,MN,Đồng Tháp,5,20635 - 27178 - 47424
2026-06-04,MN,Đồng Tháp,6,87717 - 78535 - 62596
2026-06-04,MN,Đồng Tháp,7,57130 - 78537 - 76065 - 98121
2026-06-04,MN,Đồng Tháp,8,41132
2026-06-04,MN,Cà Mau,ĐB,32903
2026-06-04,MN,Cà Mau,1,54378
2026-06-04,MN,Cà Mau,2,17754
2026-06-04,MN,Cà Mau,3,66843 - 53166 - 41670 - 73163 - 62313 - 02222
2026-06-04,MN,Cà Mau,4,26561 - 82777 - 89616 - 20689 - 10087 - 40327
2026-06-04,MN,Cà Mau,5,01277 - 17425 - 74439
2026-06-04,MN,Cà Mau,6,19121 - 64942 - 96007
2026-06-04,MN,Cà Mau,7,82018 - 04596 - 47086 - 52748
2026-06-04,MN,Cà Mau,8,40253
2026-06-03,MB,Hà Nội,ĐB,04591
2026-06-03,MB,Hà Nội,1,31284
2026-06-03,MB,Hà Nội,2,09285
2026-06-03,MB,Hà Nội,3,13882 - 89245 - 02997 - 83271 - 07545 - 08499
2026-06-03,MB,Hà Nội,4,47518 - 36976 - 19018 - 51282 - 69772 - 46133
2026-06-03,MB,Hà Nội,5,66125 - 21408 - 31918
2026-06-03,MB,Hà Nội,6,31130 - 10678 - 42773
2026-06-03,MB,Hà Nội,7,14235 - 26840 - 42098 - 77819
2026-06-03,MT,Đà Nẵng,ĐB,92273
2026-06-03,MT,Đà Nẵng,1,55689
2026-06-03,MT,Đà Nẵng,2,84933
2026-06-03,MT,Đà Nẵng,3,66366 - 79778 - 90402 - 88077 - 49856 - 52718
2026-06-03,MT,Đà Nẵng,4,90460 - 53323 - 15907 - 09207 - 19340 - 68856
2026-06-03,MT,Đà Nẵng,5,71612 - 64783 - 14348
2026-06-03,MT,Đà Nẵng,6,51289 - 75961 - 60599
2026-06-03,MT,Đà Nẵng,7,25317 - 92776 - 14505 - 33011
2026-06-03,MT,Đà Nẵng,8,73552
2026-06-03,MT,Khánh Hòa,ĐB,15058
2026-06-03,MT,Khánh Hòa,1,06771
2026-06-03,MT,Khánh Hòa,2,31544
2026-06-03,MT,Khánh Hòa,3,05661 - 59777 - 49673 - 80080 - 40297 - 54733
2026-06-03,MT,Khánh Hòa,4,49856 - 21228 - 39325 - 80124 - 05663 - 83502
2026-06-03,MT,Khánh Hòa,5,60877 - 35914 - 44400
2026-06-03,MT,Khánh Hòa,6,46600 - 66988 - 09889
2026-06-03,MT,Khánh Hòa,7,12831 - 53926 - 38181 - 67598
2026-06-03,MT,Khánh Hòa,8,66893
2026-06-03,MN,TP. HCM,ĐB,85123
2026-06-03,MN,TP. HCM,1,51937
2026-06-03,MN,TP. HCM,2,55832
2026-06-03,MN,TP. HCM,3,24764 - 25192 - 46348 - 37505 - 55609 - 71317
2026-06-03,MN,TP. HCM,4,81305 - 06815 - 55545 - 83834 - 39408 - 40147
2026-06-03,MN,TP. HCM,5,10369 - 98095 - 00084
2026-06-03,MN,TP. HCM,6,96441 - 90922 - 07767
2026-06-03,MN,TP. HCM,7,74541 - 63887 - 63769 - 02189
2026-06-03,MN,TP. HCM,8,96601
2026-06-03,MN,Đồng Tháp,ĐB,81206
2026-06-03,MN,Đồng Tháp,1,29536
2026-06-03,MN,Đồng Tháp,2,38346
2026-06-03,MN,Đồng Tháp,3,33019 - 86272 - 02674 - 08410 - 39853 - 41521
2026-06-03,MN,Đồng Tháp,4,85737 - 96742 - 73718 - 24977 - 02180 - 62794
2026-06-03,MN,Đồng Tháp,5,54535 - 47061 - 41863
2026-06-03,MN,Đồng Tháp,6,52943 - 09595 - 73257
2026-06-03,MN,Đồng Tháp,7,65921 - 48740 - 69296 - 50048
2026-06-03,MN,Đồng Tháp,8,56846
2026-06-03,MN,Cà Mau,ĐB,73492
2026-06-03,MN,Cà Mau,1,72413
2026-06-03,MN,Cà Mau,2,39641
2026-06-03,MN,Cà Mau,3,48430 - 81951 - 26585 - 85405 - 84923 - 79434
2026-06-03,MN,Cà Mau,4,42516 - 35100 - 72248 - 03428 - 25041 - 53908
2026-06-03,MN,Cà Mau,5,64493 - 94711 - 58910
2026-06-03,MN,Cà Mau,6,67465 - 52069 - 15336
2026-06-03,MN,Cà Mau,7,88319 - 52721 - 98317 - 77274
2026-06-03,MN,Cà Mau,8,95445
2026-04-01,MB,Hà Nội,ĐB,50604
2026-04-01,MB,Hà Nội,1,73591
2026-04-01,MB,Hà Nội,2,06678
2026-04-01,MB,Hà Nội,3,17009 - 30472 - 44686 - 37738 - 98235 - 93467
2026-04-01,MB,Hà Nội,4,75957 - 73804 - 21343 - 14000 - 72103 - 61551
2026-04-01,MB,Hà Nội,5,24522 - 18091 - 00135
2026-04-01,MB,Hà Nội,6,05240 - 08371 - 26647
2026-04-01,MB,Hà Nội,7,61080 - 89533 - 20727 - 95678
2026-04-01,MT,Đà Nẵng,ĐB,38026
2026-04-01,MT,Đà Nẵng,1,13142
2026-04-01,MT,Đà Nẵng,2,24799
2026-04-01,MT,Đà Nẵng,3,06750 - 37306 - 12246 - 93103 - 31065 - 49629
2026-04-01,MT,Đà Nẵng,4,73535 - 49520 - 82012 - 59971 - 13241 - 97475
2026-04-01,MT,Đà Nẵng,5,77411 - 16527 - 73099
2026-04-01,MT,Đà Nẵng,6,44856 - 97504 - 41680
2026-04-01,MT,Đà Nẵng,7,34513 - 56878 - 29760 - 83047
2026-04-01,MT,Đà Nẵng,8,30079
2026-04-01,MT,Khánh Hòa,ĐB,02007
2026-04-01,MT,Khánh Hòa,1,45880
2026-04-01,MT,Khánh Hòa,2,57141
2026-04-01,MT,Khánh Hòa,3,24427 - 46218 - 16816 - 13137 - 40406 - 91523
2026-04-01,MT,Khánh Hòa,4,45257 - 97003 - 50974 - 56747 - 60775 - 27478
2026-04-01,MT,Khánh Hòa,5,89329 - 29645 - 36998
2026-04-01,MT,Khánh Hòa,6,78736 - 84395 - 82145
2026-04-01,MT,Khánh Hòa,7,81084 - 64664 - 79953 - 20343
2026-04-01,MT,Khánh Hòa,8,55621
2026-04-01,MN,TP. HCM,ĐB,69386
2026-04-01,MN,TP. HCM,1,92813
2026-04-01,MN,TP. HCM,2,09763
2026-04-01,MN,TP. HCM,3,47299 - 55463 - 81489 - 64610 - 59575 - 28770
2026-04-01,MN,TP. HCM,4,56766 - 20657 - 61467 - 52185 - 36495 - 33006
2026-04-01,MN,TP. HCM,5,90012 - 84331 - 52715
2026-04-01,MN,TP. HCM,6,73986 - 68106 - 89865
2026-04-01,MN,TP. HCM,7,31005 - 46195 - 94795 - 07104
2026-04-01,MN,TP. HCM,8,30915
2026-04-01,MN,Đồng Tháp,ĐB,41398
2026-04-01,MN,Đồng Tháp,1,88338
2026-04-01,MN,Đồng Tháp,2,07467
2026-04-01,MN,Đồng Tháp,3,02521 - 54182 - 64853 - 93820 - 92184 - 14997
2026-04-01,MN,Đồng Tháp,4,56280 - 29458 - 92081 - 48357 - 83403 - 37277
2026-04-01,MN,Đồng Tháp,5,76253 - 67157 - 35959
2026-04-01,MN,Đồng Tháp,6,49502 - 83854 - 04837
2026-04-01,MN,Đồng Tháp,7,07945 - 94289 - 87163 - 86147
2026-04-01,MN,Đồng Tháp,8,33767
2026-04-01,MN,Cà Mau,ĐB,80666
2026-04-01,MN,Cà Mau,1,07712
2026-04-01,MN,Cà Mau,2,28233
2026-04-01,MN,Cà Mau,3,41269 - 02214 - 26567 - 95615 - 71755 - 61735
2026-04-01,MN,Cà Mau,4,33877 - 25589 - 80728 - 12703 - 71753 - 10067
2026-04-01,MN,Cà Mau,5,41380 - 81786 - 05070
2026-04-01,MN,Cà Mau,6,00767 - 63464 - 32885
2026-04-01,MN,Cà Mau,7,10205 - 81651 - 02704 - 63935
2026-04-01,MN,Cà Mau,8,91161
2026-04-02,MB,Hà Nội,ĐB,89300
2026-04-02,MB,Hà Nội,1,61385
2026-04-02,MB,Hà Nội,2,97354
2026-04-02,MB,Hà Nội,3,09735 - 81596 - 84607 - 24411 - 39103 - 98111
2026-04-02,MB,Hà Nội,4,42560 - 80990 - 05277 - 30652 - 53928 - 83682
2026-04-02,MB,Hà Nội,5,88605 - 41559 - 03668
2026-04-02,MB,Hà Nội,6,02478 - 38813 - 92561
2026-04-02,MB,Hà Nội,7,65851 - 50991 - 00631 - 95593
2026-04-02,MT,Đà Nẵng,ĐB,73401
2026-04-02,MT,Đà Nẵng,1,50666
2026-04-02,MT,Đà Nẵng,2,25544
2026-04-02,MT,Đà Nẵng,3,24492 - 37982 - 67265 - 67009 - 07370 - 38998
2026-04-02,MT,Đà Nẵng,4,55329 - 08857 - 27700 - 93189 - 25020 - 99444
2026-04-02,MT,Đà Nẵng,5,22433 - 91473 - 13082
2026-04-02,MT,Đà Nẵng,6,35286 - 90553 - 54218
2026-04-02,MT,Đà Nẵng,7,08546 - 75989 - 23014 - 41205
2026-04-02,MT,Đà Nẵng,8,46339
2026-04-02,MT,Khánh Hòa,ĐB,87506
2026-04-02,MT,Khánh Hòa,1,53114
2026-04-02,MT,Khánh Hòa,2,02514
2026-04-02,MT,Khánh Hòa,3,00346 - 58907 - 00565 - 28369 - 63430 - 04533
2026-04-02,MT,Khánh Hòa,4,54516 - 38677 - 54673 - 17897 - 05208 - 88200
2026-04-02,MT,Khánh Hòa,5,87497 - 25246 - 58423
2026-04-02,MT,Khánh Hòa,6,35342 - 58281 - 99717
2026-04-02,MT,Khánh Hòa,7,57396 - 59459 - 52448 - 02022
2026-04-02,MT,Khánh Hòa,8,49382
2026-04-02,MN,TP. HCM,ĐB,05143
2026-04-02,MN,TP. HCM,1,70732
2026-04-02,MN,TP. HCM,2,77983
2026-04-02,MN,TP. HCM,3,14127 - 84406 - 60365 - 05047 - 79678 - 59230
2026-04-02,MN,TP. HCM,4,83645 - 22715 - 78975 - 14972 - 03869 - 94191
2026-04-02,MN,TP. HCM,5,64077 - 28098 - 03943
2026-04-02,MN,TP. HCM,6,48866 - 16285 - 92683
2026-04-02,MN,TP. HCM,7,07703 - 22357 - 14493 - 37171
2026-04-02,MN,TP. HCM,8,36253
2026-04-02,MN,Đồng Tháp,ĐB,16407
2026-04-02,MN,Đồng Tháp,1,17432
2026-04-02,MN,Đồng Tháp,2,51148
2026-04-02,MN,Đồng Tháp,3,54725 - 08660 - 94170 - 70897 - 30326 - 67100
2026-04-02,MN,Đồng Tháp,4,68846 - 48644 - 59575 - 96341 - 29302 - 35065
2026-04-02,MN,Đồng Tháp,5,29011 - 42329 - 00158
2026-04-02,MN,Đồng Tháp,6,83654 - 53900 - 33515
2026-04-02,MN,Đồng Tháp,7,97490 - 63418 - 81094 - 77381
2026-04-02,MN,Đồng Tháp,8,19776
2026-04-02,MN,Cà Mau,ĐB,82522
2026-04-02,MN,Cà Mau,1,39046
2026-04-02,MN,Cà Mau,2,07679
2026-04-02,MN,Cà Mau,3,82120 - 37737 - 77172 - 20535 - 56295 - 43304
2026-04-02,MN,Cà Mau,4,48207 - 62830 - 27040 - 27765 - 42490 - 20358
2026-04-02,MN,Cà Mau,5,26219 - 89737 - 04876
2026-04-02,MN,Cà Mau,6,74464 - 15847 - 23283
2026-04-02,MN,Cà Mau,7,35459 - 97736 - 66744 - 71445
2026-04-02,MN,Cà Mau,8,21353
2026-04-03,MB,Hà Nội,ĐB,73672
2026-04-03,MB,Hà Nội,1,38538
2026-04-03,MB,Hà Nội,2,77320
2026-04-03,MB,Hà Nội,3,65573 - 84832 - 14562 - 76733 - 10635 - 80081
2026-04-03,MB,Hà Nội,4,09275 - 20449 - 07346 - 38291 - 32353 - 72330
2026-04-03,MB,Hà Nội,5,97189 - 13343 - 73834
2026-04-03,MB,Hà Nội,6,26209 - 42940 - 75895
2026-04-03,MB,Hà Nội,7,48159 - 94702 - 09734 - 71001
2026-04-03,MT,Đà Nẵng,ĐB,81311
2026-04-03,MT,Đà Nẵng,1,83811
2026-04-03,MT,Đà Nẵng,2,41643
2026-04-03,MT,Đà Nẵng,3,43205 - 82671 - 85343 - 73944 - 58784 - 92480
2026-04-03,MT,Đà Nẵng,4,33201 - 80122 - 79020 - 77585 - 27462 - 66100
2026-04-03,MT,Đà Nẵng,5,48503 - 33823 - 60652
2026-04-03,MT,Đà Nẵng,6,91889 - 03676 - 21252
2026-04-03,MT,Đà Nẵng,7,57643 - 30433 - 41654 - 95346
2026-04-03,MT,Đà Nẵng,8,55113
2026-04-03,MT,Khánh Hòa,ĐB,65242
2026-04-03,MT,Khánh Hòa,1,90984
2026-04-03,MT,Khánh Hòa,2,61642
2026-04-03,MT,Khánh Hòa,3,53664 - 65896 - 96151 - 19562 - 24977 - 13397
2026-04-03,MT,Khánh Hòa,4,91166 - 18039 - 80791 - 67766 - 87284 - 29299
2026-04-03,MT,Khánh Hòa,5,93580 - 82286 - 34656
2026-04-03,MT,Khánh Hòa,6,37387 - 78483 - 97850
2026-04-03,MT,Khánh Hòa,7,92159 - 24826 - 51410 - 84693
2026-04-03,MT,Khánh Hòa,8,08769
2026-04-03,MN,TP. HCM,ĐB,72830
2026-04-03,MN,TP. HCM,1,48360
2026-04-03,MN,TP. HCM,2,10892
2026-04-03,MN,TP. HCM,3,18360 - 42118 - 31872 - 75351 - 55405 - 45326
2026-04-03,MN,TP. HCM,4,81770 - 14515 - 36988 - 24138 - 08682 - 85633
2026-04-03,MN,TP. HCM,5,80051 - 70597 - 04731
2026-04-03,MN,TP. HCM,6,19431 - 68650 - 26107
2026-04-03,MN,TP. HCM,7,00568 - 16937 - 45209 - 85006
2026-04-03,MN,TP. HCM,8,49129
2026-04-03,MN,Đồng Tháp,ĐB,71793
2026-04-03,MN,Đồng Tháp,1,67354
2026-04-03,MN,Đồng Tháp,2,62659
2026-04-03,MN,Đồng Tháp,3,62602 - 50377 - 39529 - 83627 - 45533 - 22395
2026-04-03,MN,Đồng Tháp,4,06663 - 04955 - 90519 - 99685 - 15616 - 85707
2026-04-03,MN,Đồng Tháp,5,83602 - 86310 - 56278
2026-04-03,MN,Đồng Tháp,6,81462 - 65207 - 65509
2026-04-03,MN,Đồng Tháp,7,72468 - 79792 - 84077 - 90484
2026-04-03,MN,Đồng Tháp,8,65626
2026-04-03,MN,Cà Mau,ĐB,54269
2026-04-03,MN,Cà Mau,1,29632
2026-04-03,MN,Cà Mau,2,08227
2026-04-03,MN,Cà Mau,3,00815 - 39813 - 29466 - 65391 - 93832 - 31920
2026-04-03,MN,Cà Mau,4,41909 - 72849 - 91201 - 67145 - 75232 - 47395
2026-04-03,MN,Cà Mau,5,16711 - 09923 - 94044
2026-04-03,MN,Cà Mau,6,24051 - 11520 - 95175
2026-04-03,MN,Cà Mau,7,91762 - 83783 - 13475 - 33783
2026-04-03,MN,Cà Mau,8,03413
2026-04-04,MB,Hà Nội,ĐB,76995
2026-04-04,MB,Hà Nội,1,23556
2026-04-04,MB,Hà Nội,2,24858
2026-04-04,MB,Hà Nội,3,93616 - 10266 - 95589 - 12562 - 08902 - 48131
2026-04-04,MB,Hà Nội,4,04973 - 98509 - 51343 - 78204 - 93171 - 39224
2026-04-04,MB,Hà Nội,5,70994 - 05154 - 03968
2026-04-04,MB,Hà Nội,6,30942 - 39711 - 38730
2026-04-04,MB,Hà Nội,7,83054 - 67823 - 38268 - 44019
2026-04-04,MT,Đà Nẵng,ĐB,33355
2026-04-04,MT,Đà Nẵng,1,37780
2026-04-04,MT,Đà Nẵng,2,15437
2026-04-04,MT,Đà Nẵng,3,90551 - 14446 - 87471 - 29372 - 94625 - 24792
2026-04-04,MT,Đà Nẵng,4,81006 - 04823 - 87763 - 47033 - 41413 - 64461
2026-04-04,MT,Đà Nẵng,5,73470 - 40858 - 32058
2026-04-04,MT,Đà Nẵng,6,33501 - 07552 - 97990
2026-04-04,MT,Đà Nẵng,7,30398 - 60988 - 01948 - 07634
2026-04-04,MT,Đà Nẵng,8,22468
2026-04-04,MT,Khánh Hòa,ĐB,27289
2026-04-04,MT,Khánh Hòa,1,02387
2026-04-04,MT,Khánh Hòa,2,29134
2026-04-04,MT,Khánh Hòa,3,11108 - 21550 - 23159 - 24275 - 08987 - 60004
2026-04-04,MT,Khánh Hòa,4,32925 - 57195 - 82175 - 51546 - 68432 - 25385
2026-04-04,MT,Khánh Hòa,5,92097 - 95850 - 41115
2026-04-04,MT,Khánh Hòa,6,26038 - 19806 - 28815
2026-04-04,MT,Khánh Hòa,7,93093 - 40639 - 41359 - 39845
2026-04-04,MT,Khánh Hòa,8,02819
2026-04-04,MN,TP. HCM,ĐB,56199
2026-04-04,MN,TP. HCM,1,48380
2026-04-04,MN,TP. HCM,2,32480
2026-04-04,MN,TP. HCM,3,34617 - 77255 - 10038 - 55811 - 55271 - 45286
2026-04-04,MN,TP. HCM,4,58885 - 24434 - 25164 - 84813 - 09395 - 87828
2026-04-04,MN,TP. HCM,5,51656 - 42232 - 85655
2026-04-04,MN,TP. HCM,6,20998 - 97605 - 33554
2026-04-04,MN,TP. HCM,7,79824 - 40071 - 15380 - 40351
2026-04-04,MN,TP. HCM,8,68635
2026-04-04,MN,Đồng Tháp,ĐB,00409
2026-04-04,MN,Đồng Tháp,1,40921
2026-04-04,MN,Đồng Tháp,2,69573
2026-04-04,MN,Đồng Tháp,3,49219 - 52498 - 44591 - 73446 - 43486 - 49587
2026-04-04,MN,Đồng Tháp,4,75092 - 55995 - 86119 - 29556 - 28790 - 11332
2026-04-04,MN,Đồng Tháp,5,69088 - 96288 - 63083
2026-04-04,MN,Đồng Tháp,6,86498 - 31455 - 03067
2026-04-04,MN,Đồng Tháp,7,87848 - 36217 - 59777 - 81753
2026-04-04,MN,Đồng Tháp,8,10095
2026-04-04,MN,Cà Mau,ĐB,75748
2026-04-04,MN,Cà Mau,1,00976
2026-04-04,MN,Cà Mau,2,80442
2026-04-04,MN,Cà Mau,3,01476 - 66183 - 50494 - 50596 - 14385 - 65219
2026-04-04,MN,Cà Mau,4,24247 - 50909 - 22805 - 42312 - 09710 - 52302
2026-04-04,MN,Cà Mau,5,11008 - 30523 - 08947
2026-04-04,MN,Cà Mau,6,90727 - 19822 - 03499
2026-04-04,MN,Cà Mau,7,73354 - 62649 - 83730 - 15118
2026-04-04,MN,Cà Mau,8,87109
2026-04-05,MB,Hà Nội,ĐB,70594
2026-04-05,MB,Hà Nội,1,61874
2026-04-05,MB,Hà Nội,2,84136
2026-04-05,MB,Hà Nội,3,34492 - 39082 - 30040 - 24792 - 20988 - 28821
2026-04-05,MB,Hà Nội,4,87254 - 34855 - 02406 - 76674 - 04239 - 89728
2026-04-05,MB,Hà Nội,5,79795 - 52498 - 91008
2026-04-05,MB,Hà Nội,6,36481 - 07309 - 52124
2026-04-05,MB,Hà Nội,7,78586 - 02919 - 13332 - 43515
2026-04-05,MT,Đà Nẵng,ĐB,36349
2026-04-05,MT,Đà Nẵng,1,64985
2026-04-05,MT,Đà Nẵng,2,55030
2026-04-05,MT,Đà Nẵng,3,38270 - 61556 - 82380 - 96672 - 81837 - 62355
2026-04-05,MT,Đà Nẵng,4,21833 - 81735 - 75503 - 39702 - 96200 - 09328
2026-04-05,MT,Đà Nẵng,5,34207 - 94955 - 72970
2026-04-05,MT,Đà Nẵng,6,53010 - 46726 - 91241
2026-04-05,MT,Đà Nẵng,7,98943 - 64994 - 59959 - 55544
2026-04-05,MT,Đà Nẵng,8,73092
2026-04-05,MT,Khánh Hòa,ĐB,36847
2026-04-05,MT,Khánh Hòa,1,79086
2026-04-05,MT,Khánh Hòa,2,17086
2026-04-05,MT,Khánh Hòa,3,47686 - 90592 - 57873 - 62616 - 20158 - 43072
2026-04-05,MT,Khánh Hòa,4,38633 - 25832 - 41774 - 27117 - 92440 - 38445
2026-04-05,MT,Khánh Hòa,5,01295 - 62019 - 67238
2026-04-05,MT,Khánh Hòa,6,00157 - 61857 - 76285
2026-04-05,MT,Khánh Hòa,7,17943 - 45970 - 24112 - 00286
2026-04-05,MT,Khánh Hòa,8,00550
2026-04-05,MN,TP. HCM,ĐB,90825
2026-04-05,MN,TP. HCM,1,08013
2026-04-05,MN,TP. HCM,2,26878
2026-04-05,MN,TP. HCM,3,62165 - 90318 - 74627 - 63061 - 53975 - 16891
2026-04-05,MN,TP. HCM,4,50793 - 67759 - 52924 - 39888 - 97434 - 91706
2026-04-05,MN,TP. HCM,5,96676 - 63313 - 28612
2026-04-05,MN,TP. HCM,6,84537 - 38520 - 59453
2026-04-05,MN,TP. HCM,7,88817 - 73940 - 61224 - 77347
2026-04-05,MN,TP. HCM,8,53123
2026-04-05,MN,Đồng Tháp,ĐB,06581
2026-04-05,MN,Đồng Tháp,1,68864
2026-04-05,MN,Đồng Tháp,2,47322
2026-04-05,MN,Đồng Tháp,3,89144 - 48416 - 53493 - 24919 - 84367 - 30750
2026-04-05,MN,Đồng Tháp,4,37316 - 94015 - 88959 - 16082 - 32675 - 12225
2026-04-05,MN,Đồng Tháp,5,64452 - 90211 - 46453
2026-04-05,MN,Đồng Tháp,6,28943 - 08357 - 95202
2026-04-05,MN,Đồng Tháp,7,92680 - 94342 - 95182 - 26997
2026-04-05,MN,Đồng Tháp,8,27919
2026-04-05,MN,Cà Mau,ĐB,75168
2026-04-05,MN,Cà Mau,1,26204
2026-04-05,MN,Cà Mau,2,40152
2026-04-05,MN,Cà Mau,3,28758 - 55732 - 70700 - 83643 - 10315 - 11047
2026-04-05,MN,Cà Mau,4,87790 - 80153 - 86746 - 30106 - 17164 - 23274
2026-04-05,MN,Cà Mau,5,44235 - 09734 - 56992
2026-04-05,MN,Cà Mau,6,00055 - 10261 - 95316
2026-04-05,MN,Cà Mau,7,58665 - 36172 - 61053 - 33631
2026-04-05,MN,Cà Mau,8,37055
2026-04-06,MB,Hà Nội,ĐB,24109
2026-04-06,MB,Hà Nội,1,24320
2026-04-06,MB,Hà Nội,2,16644
2026-04-06,MB,Hà Nội,3,48336 - 50211 - 91337 - 03440 - 39408 - 57614
2026-04-06,MB,Hà Nội,4,31089 - 13839 - 01957 - 04131 - 14542 - 35134
2026-04-06,MB,Hà Nội,5,78338 - 29692 - 16561
2026-04-06,MB,Hà Nội,6,47619 - 30980 - 54616
2026-04-06,MB,Hà Nội,7,01366 - 24039 - 46804 - 46638
2026-04-06,MT,Đà Nẵng,ĐB,26671
2026-04-06,MT,Đà Nẵng,1,60690
2026-04-06,MT,Đà Nẵng,2,80768
2026-04-06,MT,Đà Nẵng,3,76282 - 99767 - 30661 - 84294 - 50603 - 13581
2026-04-06,MT,Đà Nẵng,4,13377 - 71097 - 30445 - 50125 - 70575 - 94440
2026-04-06,MT,Đà Nẵng,5,12957 - 95775 - 60404
2026-04-06,MT,Đà Nẵng,6,50728 - 72408 - 43422
2026-04-06,MT,Đà Nẵng,7,74932 - 80922 - 91124 - 62188
2026-04-06,MT,Đà Nẵng,8,92260
2026-04-06,MT,Khánh Hòa,ĐB,71437
2026-04-06,MT,Khánh Hòa,1,18602
2026-04-06,MT,Khánh Hòa,2,17504
2026-04-06,MT,Khánh Hòa,3,20677 - 60478 - 35071 - 86984 - 77937 - 50290
2026-04-06,MT,Khánh Hòa,4,52861 - 38470 - 24219 - 38652 - 44128 - 48208
2026-04-06,MT,Khánh Hòa,5,15639 - 45777 - 57748
2026-04-06,MT,Khánh Hòa,6,61138 - 84307 - 60208
2026-04-06,MT,Khánh Hòa,7,41433 - 32523 - 32628 - 64970
2026-04-06,MT,Khánh Hòa,8,32881
2026-04-06,MN,TP. HCM,ĐB,36540
2026-04-06,MN,TP. HCM,1,24232
2026-04-06,MN,TP. HCM,2,66244
2026-04-06,MN,TP. HCM,3,21828 - 45433 - 32680 - 87632 - 32566 - 08969
2026-04-06,MN,TP. HCM,4,70999 - 23244 - 66569 - 36613 - 59179 - 37665
2026-04-06,MN,TP. HCM,5,70338 - 25920 - 87371
2026-04-06,MN,TP. HCM,6,41721 - 73080 - 93896
2026-04-06,MN,TP. HCM,7,93472 - 96575 - 69124 - 42033
2026-04-06,MN,TP. HCM,8,48184
2026-04-06,MN,Đồng Tháp,ĐB,26329
2026-04-06,MN,Đồng Tháp,1,17463
2026-04-06,MN,Đồng Tháp,2,04684
2026-04-06,MN,Đồng Tháp,3,26363 - 79344 - 75775 - 50837 - 60451 - 99828
2026-04-06,MN,Đồng Tháp,4,88378 - 66046 - 30221 - 60395 - 53071 - 80439
2026-04-06,MN,Đồng Tháp,5,54360 - 84025 - 48189
2026-04-06,MN,Đồng Tháp,6,00782 - 66873 - 51394
2026-04-06,MN,Đồng Tháp,7,98215 - 26031 - 99478 - 93013
2026-04-06,MN,Đồng Tháp,8,58911
2026-04-06,MN,Cà Mau,ĐB,07268
2026-04-06,MN,Cà Mau,1,91881
2026-04-06,MN,Cà Mau,2,14437
2026-04-06,MN,Cà Mau,3,30194 - 09040 - 39854 - 83924 - 18224 - 75525
2026-04-06,MN,Cà Mau,4,89385 - 23700 - 54831 - 44230 - 18913 - 46514
2026-04-06,MN,Cà Mau,5,44109 - 68140 - 95932
2026-04-06,MN,Cà Mau,6,38768 - 54439 - 76425
2026-04-06,MN,Cà Mau,7,66427 - 15578 - 74570 - 64981
2026-04-06,MN,Cà Mau,8,38858
2026-04-07,MB,Hà Nội,ĐB,40109
2026-04-07,MB,Hà Nội,1,89418
2026-04-07,MB,Hà Nội,2,87396
2026-04-07,MB,Hà Nội,3,24507 - 34979 - 82229 - 12451 - 21190 - 77432
2026-04-07,MB,Hà Nội,4,43523 - 66071 - 30336 - 99017 - 68325 - 07753
2026-04-07,MB,Hà Nội,5,46076 - 77142 - 65472
2026-04-07,MB,Hà Nội,6,00104 - 69138 - 26209
2026-04-07,MB,Hà Nội,7,81527 - 29913 - 38378 - 03643
2026-04-07,MT,Đà Nẵng,ĐB,62365
2026-04-07,MT,Đà Nẵng,1,00753
2026-04-07,MT,Đà Nẵng,2,87558
2026-04-07,MT,Đà Nẵng,3,00496 - 25284 - 17114 - 29448 - 80001 - 75034
2026-04-07,MT,Đà Nẵng,4,16658 - 04188 - 40978 - 95396 - 67182 - 32765
2026-04-07,MT,Đà Nẵng,5,14923 - 26445 - 62255
2026-04-07,MT,Đà Nẵng,6,24254 - 54379 - 36887
2026-04-07,MT,Đà Nẵng,7,27366 - 20750 - 23061 - 41845
2026-04-07,MT,Đà Nẵng,8,83173
2026-04-07,MT,Khánh Hòa,ĐB,57600
2026-04-07,MT,Khánh Hòa,1,91845
2026-04-07,MT,Khánh Hòa,2,10037
2026-04-07,MT,Khánh Hòa,3,73361 - 93100 - 28511 - 68603 - 37515 - 56586
2026-04-07,MT,Khánh Hòa,4,39747 - 67246 - 24037 - 95112 - 34144 - 73161
2026-04-07,MT,Khánh Hòa,5,13621 - 47807 - 00146
2026-04-07,MT,Khánh Hòa,6,15800 - 34188 - 35920
2026-04-07,MT,Khánh Hòa,7,33500 - 39238 - 54645 - 07995
2026-04-07,MT,Khánh Hòa,8,69414
2026-04-07,MN,TP. HCM,ĐB,40553
2026-04-07,MN,TP. HCM,1,34918
2026-04-07,MN,TP. HCM,2,83350
2026-04-07,MN,TP. HCM,3,06525 - 88129 - 19276 - 30882 - 62915 - 61435
2026-04-07,MN,TP. HCM,4,25262 - 42358 - 95892 - 23280 - 24652 - 62398
2026-04-07,MN,TP. HCM,5,67826 - 67672 - 53686
2026-04-07,MN,TP. HCM,6,10821 - 44034 - 30559
2026-04-07,MN,TP. HCM,7,91370 - 39688 - 19944 - 07366
2026-04-07,MN,TP. HCM,8,30392
2026-04-07,MN,Đồng Tháp,ĐB,88629
2026-04-07,MN,Đồng Tháp,1,59889
2026-04-07,MN,Đồng Tháp,2,94594
2026-04-07,MN,Đồng Tháp,3,25561 - 51216 - 46094 - 12316 - 64511 - 95828
2026-04-07,MN,Đồng Tháp,4,67007 - 18113 - 85807 - 83842 - 67400 - 59905
2026-04-07,MN,Đồng Tháp,5,86609 - 08101 - 50662
2026-04-07,MN,Đồng Tháp,6,45609 - 98473 - 91813
2026-04-07,MN,Đồng Tháp,7,53065 - 35393 - 17175 - 72970
2026-04-07,MN,Đồng Tháp,8,82588
2026-04-07,MN,Cà Mau,ĐB,72441
2026-04-07,MN,Cà Mau,1,03765
2026-04-07,MN,Cà Mau,2,95180
2026-04-07,MN,Cà Mau,3,24759 - 27032 - 57293 - 41734 - 67338 - 63902
2026-04-07,MN,Cà Mau,4,32857 - 80477 - 91582 - 86133 - 95109 - 27525
2026-04-07,MN,Cà Mau,5,62853 - 79813 - 78959
2026-04-07,MN,Cà Mau,6,54566 - 13597 - 99976
2026-04-07,MN,Cà Mau,7,18038 - 59795 - 29186 - 54516
2026-04-07,MN,Cà Mau,8,71104
2026-04-08,MB,Hà Nội,ĐB,20552
2026-04-08,MB,Hà Nội,1,12176
2026-04-08,MB,Hà Nội,2,83678
2026-04-08,MB,Hà Nội,3,65029 - 67932 - 66406 - 16801 - 19109 - 52948
2026-04-08,MB,Hà Nội,4,24067 - 51456 - 95991 - 53130 - 82210 - 86142
2026-04-08,MB,Hà Nội,5,15686 - 54766 - 11205
2026-04-08,MB,Hà Nội,6,79468 - 67545 - 60037
2026-04-08,MB,Hà Nội,7,41600 - 84223 - 60734 - 57900
2026-04-08,MT,Đà Nẵng,ĐB,83463
2026-04-08,MT,Đà Nẵng,1,73318
2026-04-08,MT,Đà Nẵng,2,14737
2026-04-08,MT,Đà Nẵng,3,60387 - 11788 - 33162 - 40586 - 99614 - 09079
2026-04-08,MT,Đà Nẵng,4,27757 - 65224 - 13305 - 59091 - 34859 - 97011
2026-04-08,MT,Đà Nẵng,5,78259 - 53936 - 11555
2026-04-08,MT,Đà Nẵng,6,25879 - 00949 - 19297
2026-04-08,MT,Đà Nẵng,7,82052 - 86418 - 84871 - 09140
2026-04-08,MT,Đà Nẵng,8,83582
2026-04-08,MT,Khánh Hòa,ĐB,52957
2026-04-08,MT,Khánh Hòa,1,21285
2026-04-08,MT,Khánh Hòa,2,34145
2026-04-08,MT,Khánh Hòa,3,40927 - 14860 - 26758 - 89471 - 63363 - 87745
2026-04-08,MT,Khánh Hòa,4,32042 - 48547 - 11758 - 95206 - 53956 - 24201
2026-04-08,MT,Khánh Hòa,5,07049 - 27090 - 03357
2026-04-08,MT,Khánh Hòa,6,35224 - 76633 - 34553
2026-04-08,MT,Khánh Hòa,7,36167 - 86570 - 66376 - 49395
2026-04-08,MT,Khánh Hòa,8,07609
2026-04-08,MN,TP. HCM,ĐB,68871
2026-04-08,MN,TP. HCM,1,96161
2026-04-08,MN,TP. HCM,2,91866
2026-04-08,MN,TP. HCM,3,80234 - 34412 - 42799 - 38561 - 78417 - 03337
2026-04-08,MN,TP. HCM,4,51817 - 90328 - 95004 - 40476 - 42354 - 28806
2026-04-08,MN,TP. HCM,5,30931 - 91133 - 05187
2026-04-08,MN,TP. HCM,6,38691 - 18056 - 52001
2026-04-08,MN,TP. HCM,7,44811 - 45404 - 43939 - 98183
2026-04-08,MN,TP. HCM,8,61433
2026-04-08,MN,Đồng Tháp,ĐB,22715
2026-04-08,MN,Đồng Tháp,1,98479
2026-04-08,MN,Đồng Tháp,2,97466
2026-04-08,MN,Đồng Tháp,3,70673 - 94305 - 82177 - 25628 - 66033 - 96646
2026-04-08,MN,Đồng Tháp,4,21557 - 88375 - 05698 - 66554 - 58761 - 78263
2026-04-08,MN,Đồng Tháp,5,52138 - 89713 - 94468
2026-04-08,MN,Đồng Tháp,6,33858 - 01124 - 20728
2026-04-08,MN,Đồng Tháp,7,30680 - 08491 - 52738 - 10833
2026-04-08,MN,Đồng Tháp,8,69661
2026-04-08,MN,Cà Mau,ĐB,63544
2026-04-08,MN,Cà Mau,1,12835
2026-04-08,MN,Cà Mau,2,49873
2026-04-08,MN,Cà Mau,3,94975 - 06190 - 99025 - 11509 - 49450 - 33086
2026-04-08,MN,Cà Mau,4,82616 - 28166 - 33271 - 20501 - 22453 - 32550
2026-04-08,MN,Cà Mau,5,90343 - 88287 - 90452
2026-04-08,MN,Cà Mau,6,29467 - 78602 - 67510
2026-04-08,MN,Cà Mau,7,77660 - 18898 - 60092 - 27303
2026-04-08,MN,Cà Mau,8,88099
2026-04-09,MB,Hà Nội,ĐB,83764
2026-04-09,MB,Hà Nội,1,92436
2026-04-09,MB,Hà Nội,2,29056
2026-04-09,MB,Hà Nội,3,59476 - 71593 - 92192 - 84091 - 64612 - 31805
2026-04-09,MB,Hà Nội,4,46867 - 25523 - 02226 - 24634 - 58626 - 44205
2026-04-09,MB,Hà Nội,5,96812 - 70294 - 36770
2026-04-09,MB,Hà Nội,6,74323 - 42124 - 92030
2026-04-09,MB,Hà Nội,7,58518 - 48939 - 03947 - 17172
2026-04-09,MT,Đà Nẵng,ĐB,23042
2026-04-09,MT,Đà Nẵng,1,61517
2026-04-09,MT,Đà Nẵng,2,75178
2026-04-09,MT,Đà Nẵng,3,30852 - 07297 - 91052 - 71660 - 02378 - 63001
2026-04-09,MT,Đà Nẵng,4,24032 - 37944 - 50449 - 89894 - 84131 - 27703
2026-04-09,MT,Đà Nẵng,5,13523 - 21215 - 87554
2026-04-09,MT,Đà Nẵng,6,76896 - 68898 - 77358
2026-04-09,MT,Đà Nẵng,7,19909 - 83164 - 67494 - 50009
2026-04-09,MT,Đà Nẵng,8,21562
2026-04-09,MT,Khánh Hòa,ĐB,84573
2026-04-09,MT,Khánh Hòa,1,30049
2026-04-09,MT,Khánh Hòa,2,53902
2026-04-09,MT,Khánh Hòa,3,03651 - 57174 - 19158 - 74652 - 87460 - 36614
2026-04-09,MT,Khánh Hòa,4,51690 - 36449 - 90330 - 08115 - 33164 - 90003
2026-04-09,MT,Khánh Hòa,5,93258 - 91648 - 12015
2026-04-09,MT,Khánh Hòa,6,69400 - 38995 - 41949
2026-04-09,MT,Khánh Hòa,7,82394 - 34644 - 28741 - 59240
2026-04-09,MT,Khánh Hòa,8,88077
2026-04-09,MN,TP. HCM,ĐB,50928
2026-04-09,MN,TP. HCM,1,36905
2026-04-09,MN,TP. HCM,2,23635
2026-04-09,MN,TP. HCM,3,25867 - 59118 - 96844 - 17179 - 08180 - 59176
2026-04-09,MN,TP. HCM,4,77724 - 09981 - 86211 - 58528 - 37344 - 26196
2026-04-09,MN,TP. HCM,5,21408 - 20934 - 87017
2026-04-09,MN,TP. HCM,6,94261 - 62469 - 22132
2026-04-09,MN,TP. HCM,7,46312 - 39538 - 71901 - 89518
2026-04-09,MN,TP. HCM,8,10316
2026-04-09,MN,Đồng Tháp,ĐB,35058
2026-04-09,MN,Đồng Tháp,1,77817
2026-04-09,MN,Đồng Tháp,2,14174
2026-04-09,MN,Đồng Tháp,3,45492 - 75209 - 60132 - 59653 - 89890 - 66042
2026-04-09,MN,Đồng Tháp,4,39563 - 64443 - 74326 - 84867 - 25678 - 78784
2026-04-09,MN,Đồng Tháp,5,96524 - 82167 - 90692
2026-04-09,MN,Đồng Tháp,6,75871 - 72180 - 68968
2026-04-09,MN,Đồng Tháp,7,79681 - 60756 - 44244 - 18593
2026-04-09,MN,Đồng Tháp,8,19019
2026-04-09,MN,Cà Mau,ĐB,45053
2026-04-09,MN,Cà Mau,1,49101
2026-04-09,MN,Cà Mau,2,18131
2026-04-09,MN,Cà Mau,3,47948 - 48774 - 23634 - 06959 - 02214 - 36742
2026-04-09,MN,Cà Mau,4,50823 - 97027 - 35394 - 10820 - 65072 - 00703
2026-04-09,MN,Cà Mau,5,18847 - 25351 - 30156
2026-04-09,MN,Cà Mau,6,09299 - 46439 - 65476
2026-04-09,MN,Cà Mau,7,54962 - 41890 - 53364 - 24982
2026-04-09,MN,Cà Mau,8,44186
2026-04-10,MB,Hà Nội,ĐB,81324
2026-04-10,MB,Hà Nội,1,75276
2026-04-10,MB,Hà Nội,2,81748
2026-04-10,MB,Hà Nội,3,45873 - 77100 - 63714 - 45176 - 12494 - 06187
2026-04-10,MB,Hà Nội,4,91087 - 44818 - 99765 - 28924 - 96622 - 59177
2026-04-10,MB,Hà Nội,5,21645 - 69181 - 20359
2026-04-10,MB,Hà Nội,6,80434 - 57024 - 96715
2026-04-10,MB,Hà Nội,7,03032 - 01806 - 57794 - 93340
2026-04-10,MT,Đà Nẵng,ĐB,80390
2026-04-10,MT,Đà Nẵng,1,28459
2026-04-10,MT,Đà Nẵng,2,64053
2026-04-10,MT,Đà Nẵng,3,39335 - 44839 - 41218 - 81141 - 31643 - 56995
2026-04-10,MT,Đà Nẵng,4,32159 - 71226 - 35749 - 48554 - 78436 - 95609
2026-04-10,MT,Đà Nẵng,5,42151 - 55736 - 54323
2026-04-10,MT,Đà Nẵng,6,81642 - 17470 - 84207
2026-04-10,MT,Đà Nẵng,7,32221 - 76427 - 82140 - 05749
2026-04-10,MT,Đà Nẵng,8,26835
2026-04-10,MT,Khánh Hòa,ĐB,02707
2026-04-10,MT,Khánh Hòa,1,87489
2026-04-10,MT,Khánh Hòa,2,95099
2026-04-10,MT,Khánh Hòa,3,50676 - 44718 - 91245 - 17521 - 96839 - 67143
2026-04-10,MT,Khánh Hòa,4,29341 - 09873 - 85673 - 56725 - 95523 - 98236
2026-04-10,MT,Khánh Hòa,5,37218 - 15562 - 13754
2026-04-10,MT,Khánh Hòa,6,70253 - 64653 - 92297
2026-04-10,MT,Khánh Hòa,7,54430 - 52168 - 52932 - 26026
2026-04-10,MT,Khánh Hòa,8,37393
2026-04-10,MN,TP. HCM,ĐB,28199
2026-04-10,MN,TP. HCM,1,00362
2026-04-10,MN,TP. HCM,2,34910
2026-04-10,MN,TP. HCM,3,98714 - 38075 - 51952 - 06560 - 98361 - 04340
2026-04-10,MN,TP. HCM,4,37268 - 25104 - 85412 - 93421 - 26128 - 11720
2026-04-10,MN,TP. HCM,5,86349 - 04173 - 66993
2026-04-10,MN,TP. HCM,6,58058 - 42368 - 21082
2026-04-10,MN,TP. HCM,7,41435 - 78314 - 97183 - 52613
2026-04-10,MN,TP. HCM,8,82905
2026-04-10,MN,Đồng Tháp,ĐB,61559
2026-04-10,MN,Đồng Tháp,1,25516
2026-04-10,MN,Đồng Tháp,2,01424
2026-04-10,MN,Đồng Tháp,3,13332 - 84292 - 36533 - 11813 - 07803 - 42876
2026-04-10,MN,Đồng Tháp,4,98391 - 28558 - 68516 - 04743 - 40565 - 27383
2026-04-10,MN,Đồng Tháp,5,78458 - 16926 - 13076
2026-04-10,MN,Đồng Tháp,6,27293 - 66607 - 43688
2026-04-10,MN,Đồng Tháp,7,58772 - 40136 - 50323 - 58422
2026-04-10,MN,Đồng Tháp,8,70744
2026-04-10,MN,Cà Mau,ĐB,83419
2026-04-10,MN,Cà Mau,1,68624
2026-04-10,MN,Cà Mau,2,29891
2026-04-10,MN,Cà Mau,3,23935 - 98519 - 32926 - 47595 - 11525 - 26586
2026-04-10,MN,Cà Mau,4,57780 - 34802 - 35117 - 48481 - 51245 - 76815
2026-04-10,MN,Cà Mau,5,55079 - 44439 - 78617
2026-04-10,MN,Cà Mau,6,69376 - 98284 - 45011
2026-04-10,MN,Cà Mau,7,10711 - 50139 - 55916 - 56321
2026-04-10,MN,Cà Mau,8,53302
2026-04-11,MB,Hà Nội,ĐB,45942
2026-04-11,MB,Hà Nội,1,27402
2026-04-11,MB,Hà Nội,2,40029
2026-04-11,MB,Hà Nội,3,03807 - 18437 - 12834 - 56644 - 74347 - 68885
2026-04-11,MB,Hà Nội,4,65019 - 64355 - 83834 - 93712 - 25939 - 45606
2026-04-11,MB,Hà Nội,5,88663 - 47418 - 26856
2026-04-11,MB,Hà Nội,6,22692 - 63506 - 69967
2026-04-11,MB,Hà Nội,7,18096 - 04972 - 94706 - 65723
2026-04-11,MT,Đà Nẵng,ĐB,14069
2026-04-11,MT,Đà Nẵng,1,98547
2026-04-11,MT,Đà Nẵng,2,84389
2026-04-11,MT,Đà Nẵng,3,10027 - 70179 - 30460 - 95841 - 39335 - 84494
2026-04-11,MT,Đà Nẵng,4,37842 - 21987 - 02397 - 74848 - 48217 - 28849
2026-04-11,MT,Đà Nẵng,5,50967 - 91705 - 46242
2026-04-11,MT,Đà Nẵng,6,83244 - 16780 - 13502
2026-04-11,MT,Đà Nẵng,7,66285 - 47859 - 89207 - 88305
2026-04-11,MT,Đà Nẵng,8,29767
2026-04-11,MT,Khánh Hòa,ĐB,09499
2026-04-11,MT,Khánh Hòa,1,32209
2026-04-11,MT,Khánh Hòa,2,01500
2026-04-11,MT,Khánh Hòa,3,79092 - 54717 - 86614 - 69205 - 60126 - 36014
2026-04-11,MT,Khánh Hòa,4,02676 - 65767 - 68603 - 15567 - 34484 - 68677
2026-04-11,MT,Khánh Hòa,5,54266 - 28669 - 24485
2026-04-11,MT,Khánh Hòa,6,76111 - 70983 - 17037
2026-04-11,MT,Khánh Hòa,7,08010 - 17942 - 07903 - 12408
2026-04-11,MT,Khánh Hòa,8,17551
2026-04-11,MN,TP. HCM,ĐB,19855
2026-04-11,MN,TP. HCM,1,42356
2026-04-11,MN,TP. HCM,2,74592
2026-04-11,MN,TP. HCM,3,12194 - 36754 - 43011 - 59328 - 80990 - 38543
2026-04-11,MN,TP. HCM,4,10157 - 37374 - 59205 - 63989 - 72073 - 91014
2026-04-11,MN,TP. HCM,5,35262 - 19659 - 15093
2026-04-11,MN,TP. HCM,6,95151 - 74972 - 30305
2026-04-11,MN,TP. HCM,7,88358 - 45801 - 51346 - 11466
2026-04-11,MN,TP. HCM,8,27581
2026-04-11,MN,Đồng Tháp,ĐB,79835
2026-04-11,MN,Đồng Tháp,1,90657
2026-04-11,MN,Đồng Tháp,2,90076
2026-04-11,MN,Đồng Tháp,3,76705 - 73256 - 82536 - 64638 - 08265 - 01619
2026-04-11,MN,Đồng Tháp,4,35834 - 70387 - 33829 - 02699 - 49695 - 98586
2026-04-11,MN,Đồng Tháp,5,09619 - 95644 - 03076
2026-04-11,MN,Đồng Tháp,6,81504 - 06665 - 17960
2026-04-11,MN,Đồng Tháp,7,53398 - 71217 - 71043 - 55506
2026-04-11,MN,Đồng Tháp,8,05465
2026-04-11,MN,Cà Mau,ĐB,21214
2026-04-11,MN,Cà Mau,1,74220
2026-04-11,MN,Cà Mau,2,92374
2026-04-11,MN,Cà Mau,3,28968 - 79565 - 34617 - 45486 - 01008 - 06553
2026-04-11,MN,Cà Mau,4,86819 - 01327 - 91973 - 91513 - 13220 - 18662
2026-04-11,MN,Cà Mau,5,66026 - 96875 - 08182
2026-04-11,MN,Cà Mau,6,28456 - 61154 - 69820
2026-04-11,MN,Cà Mau,7,35360 - 08366 - 95276 - 31163
2026-04-11,MN,Cà Mau,8,52470
2026-04-12,MB,Hà Nội,ĐB,37546
2026-04-12,MB,Hà Nội,1,42949
2026-04-12,MB,Hà Nội,2,15665
2026-04-12,MB,Hà Nội,3,79789 - 39884 - 10845 - 71567 - 76250 - 43729
2026-04-12,MB,Hà Nội,4,34910 - 16907 - 84709 - 93283 - 41586 - 65840
2026-04-12,MB,Hà Nội,5,74269 - 90083 - 60676
2026-04-12,MB,Hà Nội,6,33760 - 98056 - 65077
2026-04-12,MB,Hà Nội,7,48206 - 92672 - 56445 - 52902
2026-04-12,MT,Đà Nẵng,ĐB,78458
2026-04-12,MT,Đà Nẵng,1,73028
2026-04-12,MT,Đà Nẵng,2,07408
2026-04-12,MT,Đà Nẵng,3,09140 - 69717 - 89668 - 91773 - 03545 - 09550
2026-04-12,MT,Đà Nẵng,4,12287 - 21816 - 88835 - 52655 - 24768 - 66312
2026-04-12,MT,Đà Nẵng,5,09670 - 75586 - 94522
2026-04-12,MT,Đà Nẵng,6,39206 - 67524 - 37609
2026-04-12,MT,Đà Nẵng,7,07090 - 07097 - 52591 - 37690
2026-04-12,MT,Đà Nẵng,8,46459
2026-04-12,MT,Khánh Hòa,ĐB,99029
2026-04-12,MT,Khánh Hòa,1,39514
2026-04-12,MT,Khánh Hòa,2,18732
2026-04-12,MT,Khánh Hòa,3,42987 - 77365 - 39919 - 59117 - 64344 - 78046
2026-04-12,MT,Khánh Hòa,4,66711 - 11296 - 72273 - 27729 - 70395 - 63586
2026-04-12,MT,Khánh Hòa,5,03653 - 35246 - 89836
2026-04-12,MT,Khánh Hòa,6,04229 - 86281 - 65257
2026-04-12,MT,Khánh Hòa,7,69845 - 03544 - 10481 - 93895
2026-04-12,MT,Khánh Hòa,8,80845
2026-04-12,MN,TP. HCM,ĐB,63148
2026-04-12,MN,TP. HCM,1,37003
2026-04-12,MN,TP. HCM,2,22480
2026-04-12,MN,TP. HCM,3,90915 - 33006 - 47313 - 03123 - 60637 - 89106
2026-04-12,MN,TP. HCM,4,22457 - 40167 - 46078 - 19920 - 44886 - 44788
2026-04-12,MN,TP. HCM,5,70630 - 15079 - 59607
2026-04-12,MN,TP. HCM,6,47301 - 97222 - 41058
2026-04-12,MN,TP. HCM,7,37695 - 06908 - 50112 - 86797
2026-04-12,MN,TP. HCM,8,44494
2026-04-12,MN,Đồng Tháp,ĐB,77843
2026-04-12,MN,Đồng Tháp,1,48831
2026-04-12,MN,Đồng Tháp,2,62218
2026-04-12,MN,Đồng Tháp,3,63270 - 00184 - 43448 - 97095 - 15996 - 77909
2026-04-12,MN,Đồng Tháp,4,25319 - 75958 - 66179 - 33986 - 93899 - 48384
2026-04-12,MN,Đồng Tháp,5,65047 - 36330 - 34455
2026-04-12,MN,Đồng Tháp,6,10379 - 78269 - 79029
2026-04-12,MN,Đồng Tháp,7,75789 - 77226 - 50885 - 81960
2026-04-12,MN,Đồng Tháp,8,38097
2026-04-12,MN,Cà Mau,ĐB,80014
2026-04-12,MN,Cà Mau,1,86952
2026-04-12,MN,Cà Mau,2,47806
2026-04-12,MN,Cà Mau,3,39582 - 70970 - 97099 - 68585 - 12937 - 46064
2026-04-12,MN,Cà Mau,4,86102 - 22758 - 62276 - 79952 - 26263 - 29804
2026-04-12,MN,Cà Mau,5,37373 - 97931 - 84218
2026-04-12,MN,Cà Mau,6,63702 - 46610 - 87036
2026-04-12,MN,Cà Mau,7,58613 - 39627 - 03627 - 47734
2026-04-12,MN,Cà Mau,8,73678
2026-04-13,MB,Hà Nội,ĐB,19605
2026-04-13,MB,Hà Nội,1,24223
2026-04-13,MB,Hà Nội,2,50892
2026-04-13,MB,Hà Nội,3,24020 - 53499 - 86164 - 65869 - 74926 - 08872
2026-04-13,MB,Hà Nội,4,47771 - 57307 - 50510 - 13039 - 07547 - 65174
2026-04-13,MB,Hà Nội,5,41594 - 26502 - 67490
2026-04-13,MB,Hà Nội,6,82708 - 07198 - 08272
2026-04-13,MB,Hà Nội,7,00693 - 29461 - 14661 - 79119
2026-04-13,MT,Đà Nẵng,ĐB,93619
2026-04-13,MT,Đà Nẵng,1,66482
2026-04-13,MT,Đà Nẵng,2,05390
2026-04-13,MT,Đà Nẵng,3,55405 - 66519 - 10340 - 13838 - 96612 - 34971
2026-04-13,MT,Đà Nẵng,4,32581 - 55870 - 56345 - 52073 - 10967 - 03784
2026-04-13,MT,Đà Nẵng,5,45232 - 42094 - 26193
2026-04-13,MT,Đà Nẵng,6,28297 - 77519 - 06562
2026-04-13,MT,Đà Nẵng,7,04700 - 67555 - 49715 - 29597
2026-04-13,MT,Đà Nẵng,8,30890
2026-04-13,MT,Khánh Hòa,ĐB,43853
2026-04-13,MT,Khánh Hòa,1,17032
2026-04-13,MT,Khánh Hòa,2,19748
2026-04-13,MT,Khánh Hòa,3,80047 - 37791 - 15657 - 83856 - 42338 - 69870
2026-04-13,MT,Khánh Hòa,4,20981 - 47714 - 02693 - 51464 - 90649 - 64644
2026-04-13,MT,Khánh Hòa,5,09895 - 83504 - 36116
2026-04-13,MT,Khánh Hòa,6,16898 - 75363 - 85736
2026-04-13,MT,Khánh Hòa,7,91598 - 45507 - 54634 - 25376
2026-04-13,MT,Khánh Hòa,8,88879
2026-04-13,MN,TP. HCM,ĐB,72325
2026-04-13,MN,TP. HCM,1,46205
2026-04-13,MN,TP. HCM,2,79561
2026-04-13,MN,TP. HCM,3,14114 - 15373 - 14340 - 47209 - 06001 - 28430
2026-04-13,MN,TP. HCM,4,66325 - 36796 - 25654 - 83958 - 26217 - 15283
2026-04-13,MN,TP. HCM,5,63198 - 31580 - 64601
2026-04-13,MN,TP. HCM,6,38036 - 85210 - 54532
2026-04-13,MN,TP. HCM,7,23066 - 74528 - 25395 - 13101
2026-04-13,MN,TP. HCM,8,69186
2026-04-13,MN,Đồng Tháp,ĐB,77686
2026-04-13,MN,Đồng Tháp,1,27693
2026-04-13,MN,Đồng Tháp,2,20829
2026-04-13,MN,Đồng Tháp,3,97659 - 93529 - 47120 - 21979 - 33891 - 07439
2026-04-13,MN,Đồng Tháp,4,05070 - 59086 - 48425 - 34653 - 97835 - 46998
2026-04-13,MN,Đồng Tháp,5,34644 - 24701 - 45623
2026-04-13,MN,Đồng Tháp,6,27914 - 73699 - 63645
2026-04-13,MN,Đồng Tháp,7,35183 - 92624 - 30146 - 74352
2026-04-13,MN,Đồng Tháp,8,67745
2026-04-13,MN,Cà Mau,ĐB,56833
2026-04-13,MN,Cà Mau,1,26229
2026-04-13,MN,Cà Mau,2,35277
2026-04-13,MN,Cà Mau,3,50354 - 49305 - 75804 - 64943 - 15173 - 95291
2026-04-13,MN,Cà Mau,4,48481 - 89997 - 75806 - 61415 - 81819 - 49275
2026-04-13,MN,Cà Mau,5,48339 - 33173 - 88348
2026-04-13,MN,Cà Mau,6,30318 - 95688 - 69614
2026-04-13,MN,Cà Mau,7,63755 - 06367 - 94859 - 01786
2026-04-13,MN,Cà Mau,8,31515
2026-04-14,MB,Hà Nội,ĐB,80392
2026-04-14,MB,Hà Nội,1,66365
2026-04-14,MB,Hà Nội,2,18808
2026-04-14,MB,Hà Nội,3,05276 - 30971 - 42795 - 24999 - 75249 - 91364
2026-04-14,MB,Hà Nội,4,04871 - 46197 - 44316 - 97775 - 90473 - 72869
2026-04-14,MB,Hà Nội,5,00517 - 31368 - 81831
2026-04-14,MB,Hà Nội,6,36031 - 03465 - 54624
2026-04-14,MB,Hà Nội,7,20105 - 41770 - 69956 - 58144
2026-04-14,MT,Đà Nẵng,ĐB,29265
2026-04-14,MT,Đà Nẵng,1,82059
2026-04-14,MT,Đà Nẵng,2,98592
2026-04-14,MT,Đà Nẵng,3,93407 - 57685 - 02269 - 80920 - 69064 - 11034
2026-04-14,MT,Đà Nẵng,4,49173 - 87749 - 97666 - 29693 - 41921 - 82037
2026-04-14,MT,Đà Nẵng,5,42168 - 54800 - 99152
2026-04-14,MT,Đà Nẵng,6,43156 - 17978 - 78281
2026-04-14,MT,Đà Nẵng,7,16965 - 52459 - 99432 - 72440
2026-04-14,MT,Đà Nẵng,8,12030
2026-04-14,MT,Khánh Hòa,ĐB,88119
2026-04-14,MT,Khánh Hòa,1,08821
2026-04-14,MT,Khánh Hòa,2,35711
2026-04-14,MT,Khánh Hòa,3,39055 - 56387 - 48876 - 22606 - 58344 - 94013
2026-04-14,MT,Khánh Hòa,4,19080 - 56475 - 55978 - 24658 - 13960 - 00713
2026-04-14,MT,Khánh Hòa,5,71912 - 00627 - 63115
2026-04-14,MT,Khánh Hòa,6,96474 - 77881 - 89558
2026-04-14,MT,Khánh Hòa,7,71345 - 07617 - 23028 - 40111
2026-04-14,MT,Khánh Hòa,8,22091
2026-04-14,MN,TP. HCM,ĐB,19941
2026-04-14,MN,TP. HCM,1,85395
2026-04-14,MN,TP. HCM,2,07625
2026-04-14,MN,TP. HCM,3,63926 - 56370 - 92851 - 58092 - 90143 - 96684
2026-04-14,MN,TP. HCM,4,61319 - 10379 - 34508 - 04521 - 17641 - 65991
2026-04-14,MN,TP. HCM,5,75062 - 52592 - 87444
2026-04-14,MN,TP. HCM,6,30714 - 31034 - 93956
2026-04-14,MN,TP. HCM,7,56068 - 90328 - 49401 - 02316
2026-04-14,MN,TP. HCM,8,13289
2026-04-14,MN,Đồng Tháp,ĐB,11797
2026-04-14,MN,Đồng Tháp,1,15546
2026-04-14,MN,Đồng Tháp,2,24716
2026-04-14,MN,Đồng Tháp,3,22293 - 02391 - 60744 - 60170 - 46673 - 07189
2026-04-14,MN,Đồng Tháp,4,32192 - 09188 - 93044 - 83972 - 61087 - 77538
2026-04-14,MN,Đồng Tháp,5,85102 - 09910 - 05565
2026-04-14,MN,Đồng Tháp,6,73813 - 29505 - 83649
2026-04-14,MN,Đồng Tháp,7,74351 - 46266 - 81141 - 13787
2026-04-14,MN,Đồng Tháp,8,47865
2026-04-14,MN,Cà Mau,ĐB,12397
2026-04-14,MN,Cà Mau,1,36193
2026-04-14,MN,Cà Mau,2,97668
2026-04-14,MN,Cà Mau,3,69048 - 82195 - 39956 - 60156 - 37804 - 73279
2026-04-14,MN,Cà Mau,4,34917 - 85240 - 18213 - 43588 - 53973 - 19174
2026-04-14,MN,Cà Mau,5,45859 - 12977 - 86843
2026-04-14,MN,Cà Mau,6,95889 - 60567 - 95969
2026-04-14,MN,Cà Mau,7,04535 - 54377 - 19825 - 25362
2026-04-14,MN,Cà Mau,8,40450
2026-04-15,MB,Hà Nội,ĐB,85950
2026-04-15,MB,Hà Nội,1,66949
2026-04-15,MB,Hà Nội,2,29493
2026-04-15,MB,Hà Nội,3,24657 - 78723 - 85999 - 99497 - 50224 - 00626
2026-04-15,MB,Hà Nội,4,27447 - 12152 - 53324 - 69774 - 93243 - 24143
2026-04-15,MB,Hà Nội,5,46293 - 17400 - 78102
2026-04-15,MB,Hà Nội,6,48940 - 56338 - 35662
2026-04-15,MB,Hà Nội,7,87261 - 23167 - 90667 - 86383
2026-04-15,MT,Đà Nẵng,ĐB,59858
2026-04-15,MT,Đà Nẵng,1,27462
2026-04-15,MT,Đà Nẵng,2,04533
2026-04-15,MT,Đà Nẵng,3,80234 - 28573 - 73297 - 62444 - 45962 - 48684
2026-04-15,MT,Đà Nẵng,4,44019 - 29442 - 11100 - 56032 - 32787 - 92157
2026-04-15,MT,Đà Nẵng,5,20391 - 77104 - 07331
2026-04-15,MT,Đà Nẵng,6,64005 - 21739 - 82528
2026-04-15,MT,Đà Nẵng,7,85696 - 70279 - 73946 - 66585
2026-04-15,MT,Đà Nẵng,8,45104
2026-04-15,MT,Khánh Hòa,ĐB,49546
2026-04-15,MT,Khánh Hòa,1,03736
2026-04-15,MT,Khánh Hòa,2,18982
2026-04-15,MT,Khánh Hòa,3,80794 - 31262 - 09817 - 49984 - 59686 - 35626
2026-04-15,MT,Khánh Hòa,4,95244 - 29333 - 99254 - 09302 - 70977 - 79384
2026-04-15,MT,Khánh Hòa,5,90802 - 34535 - 86135
2026-04-15,MT,Khánh Hòa,6,90344 - 79558 - 08343
2026-04-15,MT,Khánh Hòa,7,03781 - 92872 - 41924 - 83207
2026-04-15,MT,Khánh Hòa,8,14359
2026-04-15,MN,TP. HCM,ĐB,91938
2026-04-15,MN,TP. HCM,1,82620
2026-04-15,MN,TP. HCM,2,27591
2026-04-15,MN,TP. HCM,3,56339 - 44342 - 92615 - 11697 - 94785 - 93118
2026-04-15,MN,TP. HCM,4,79093 - 11925 - 19827 - 85876 - 85667 - 19234
2026-04-15,MN,TP. HCM,5,55180 - 50324 - 51393
2026-04-15,MN,TP. HCM,6,50633 - 12092 - 96555
2026-04-15,MN,TP. HCM,7,51062 - 53711 - 06868 - 10296
2026-04-15,MN,TP. HCM,8,87155
2026-04-15,MN,Đồng Tháp,ĐB,71126
2026-04-15,MN,Đồng Tháp,1,69738
2026-04-15,MN,Đồng Tháp,2,75372
2026-04-15,MN,Đồng Tháp,3,26719 - 31051 - 76311 - 46326 - 59613 - 98808
2026-04-15,MN,Đồng Tháp,4,33577 - 54338 - 20563 - 37090 - 05440 - 23723
2026-04-15,MN,Đồng Tháp,5,36518 - 67329 - 80868
2026-04-15,MN,Đồng Tháp,6,36111 - 61923 - 82573
2026-04-15,MN,Đồng Tháp,7,62332 - 60120 - 32405 - 62904
2026-04-15,MN,Đồng Tháp,8,92057
2026-04-15,MN,Cà Mau,ĐB,11076
2026-04-15,MN,Cà Mau,1,25344
2026-04-15,MN,Cà Mau,2,43141
2026-04-15,MN,Cà Mau,3,49975 - 74089 - 95993 - 66909 - 68603 - 32003
2026-04-15,MN,Cà Mau,4,52479 - 24071 - 65934 - 07869 - 56742 - 40922
2026-04-15,MN,Cà Mau,5,46782 - 86189 - 31640
2026-04-15,MN,Cà Mau,6,92490 - 57851 - 82946
2026-04-15,MN,Cà Mau,7,17483 - 61189 - 81957 - 27497
2026-04-15,MN,Cà Mau,8,45754
2026-04-16,MB,Hà Nội,ĐB,60782
2026-04-16,MB,Hà Nội,1,33696
2026-04-16,MB,Hà Nội,2,15918
2026-04-16,MB,Hà Nội,3,74672 - 64096 - 08969 - 83395 - 50140 - 07730
2026-04-16,MB,Hà Nội,4,99639 - 19752 - 70135 - 36437 - 14346 - 74281
2026-04-16,MB,Hà Nội,5,45947 - 10394 - 42977
2026-04-16,MB,Hà Nội,6,87718 - 52083 - 35165
2026-04-16,MB,Hà Nội,7,36341 - 56057 - 26901 - 92159
2026-04-16,MT,Đà Nẵng,ĐB,62184
2026-04-16,MT,Đà Nẵng,1,78652
2026-04-16,MT,Đà Nẵng,2,72309
2026-04-16,MT,Đà Nẵng,3,64376 - 68657 - 59245 - 70082 - 16009 - 60491
2026-04-16,MT,Đà Nẵng,4,03040 - 06644 - 88232 - 47545 - 29238 - 55762
2026-04-16,MT,Đà Nẵng,5,86693 - 68734 - 01581
2026-04-16,MT,Đà Nẵng,6,26471 - 50139 - 73249
2026-04-16,MT,Đà Nẵng,7,10922 - 43446 - 39633 - 38556
2026-04-16,MT,Đà Nẵng,8,80902
2026-04-16,MT,Khánh Hòa,ĐB,39523
2026-04-16,MT,Khánh Hòa,1,95502
2026-04-16,MT,Khánh Hòa,2,95008
2026-04-16,MT,Khánh Hòa,3,39136 - 89127 - 16022 - 14220 - 34789 - 08225
2026-04-16,MT,Khánh Hòa,4,97564 - 02834 - 71940 - 73445 - 83705 - 33765
2026-04-16,MT,Khánh Hòa,5,36107 - 46049 - 52156
2026-04-16,MT,Khánh Hòa,6,13739 - 72574 - 46850
2026-04-16,MT,Khánh Hòa,7,21446 - 94662 - 00094 - 08338
2026-04-16,MT,Khánh Hòa,8,49084
2026-04-16,MN,TP. HCM,ĐB,05263
2026-04-16,MN,TP. HCM,1,05641
2026-04-16,MN,TP. HCM,2,18749
2026-04-16,MN,TP. HCM,3,68990 - 18648 - 61601 - 25564 - 75223 - 09866
2026-04-16,MN,TP. HCM,4,83055 - 81041 - 76020 - 33225 - 71754 - 17600
2026-04-16,MN,TP. HCM,5,13469 - 08554 - 02686
2026-04-16,MN,TP. HCM,6,53326 - 34677 - 84558
2026-04-16,MN,TP. HCM,7,30694 - 06454 - 66817 - 44000
2026-04-16,MN,TP. HCM,8,51021
2026-04-16,MN,Đồng Tháp,ĐB,35957
2026-04-16,MN,Đồng Tháp,1,99144
2026-04-16,MN,Đồng Tháp,2,87905
2026-04-16,MN,Đồng Tháp,3,32906 - 66902 - 73990 - 93203 - 41622 - 02582
2026-04-16,MN,Đồng Tháp,4,39466 - 09373 - 43491 - 81807 - 46166 - 05424
2026-04-16,MN,Đồng Tháp,5,35814 - 23716 - 25883
2026-04-16,MN,Đồng Tháp,6,34554 - 61118 - 98210
2026-04-16,MN,Đồng Tháp,7,35223 - 83577 - 32517 - 24221
2026-04-16,MN,Đồng Tháp,8,45749
2026-04-16,MN,Cà Mau,ĐB,05835
2026-04-16,MN,Cà Mau,1,86256
2026-04-16,MN,Cà Mau,2,00864
2026-04-16,MN,Cà Mau,3,19716 - 93452 - 49871 - 15289 - 33872 - 42029
2026-04-16,MN,Cà Mau,4,55643 - 28586 - 72391 - 53969 - 92886 - 11929
2026-04-16,MN,Cà Mau,5,56984 - 00853 - 98201
2026-04-16,MN,Cà Mau,6,65324 - 17203 - 59307
2026-04-16,MN,Cà Mau,7,59279 - 66862 - 66234 - 11657
2026-04-16,MN,Cà Mau,8,62873
2026-04-17,MB,Hà Nội,ĐB,00804
2026-04-17,MB,Hà Nội,1,85697
2026-04-17,MB,Hà Nội,2,07115
2026-04-17,MB,Hà Nội,3,11197 - 56406 - 30539 - 10351 - 96442 - 89904
2026-04-17,MB,Hà Nội,4,42315 - 08401 - 44221 - 02372 - 17009 - 47154
2026-04-17,MB,Hà Nội,5,85814 - 43685 - 10583
2026-04-17,MB,Hà Nội,6,49325 - 30208 - 57628
2026-04-17,MB,Hà Nội,7,49798 - 01268 - 92504 - 16465
2026-04-17,MT,Đà Nẵng,ĐB,10701
2026-04-17,MT,Đà Nẵng,1,49756
2026-04-17,MT,Đà Nẵng,2,97604
2026-04-17,MT,Đà Nẵng,3,70744 - 42052 - 73291 - 39273 - 02893 - 44948
2026-04-17,MT,Đà Nẵng,4,75283 - 35523 - 10857 - 17033 - 28504 - 86870
2026-04-17,MT,Đà Nẵng,5,80950 - 96253 - 54242
2026-04-17,MT,Đà Nẵng,6,27713 - 82504 - 75370
2026-04-17,MT,Đà Nẵng,7,23635 - 75189 - 43204 - 63336
2026-04-17,MT,Đà Nẵng,8,41052
2026-04-17,MT,Khánh Hòa,ĐB,52882
2026-04-17,MT,Khánh Hòa,1,74182
2026-04-17,MT,Khánh Hòa,2,72171
2026-04-17,MT,Khánh Hòa,3,37523 - 54060 - 27784 - 41392 - 05116 - 28364
2026-04-17,MT,Khánh Hòa,4,78862 - 06688 - 52688 - 51566 - 44833 - 83342
2026-04-17,MT,Khánh Hòa,5,15105 - 58361 - 91152
2026-04-17,MT,Khánh Hòa,6,57018 - 93524 - 13309
2026-04-17,MT,Khánh Hòa,7,38034 - 81682 - 35805 - 19697
2026-04-17,MT,Khánh Hòa,8,69815
2026-04-17,MN,TP. HCM,ĐB,98857
2026-04-17,MN,TP. HCM,1,12513
2026-04-17,MN,TP. HCM,2,71469
2026-04-17,MN,TP. HCM,3,25361 - 48293 - 03722 - 77382 - 83625 - 50068
2026-04-17,MN,TP. HCM,4,39052 - 64508 - 37198 - 09271 - 37364 - 13538
2026-04-17,MN,TP. HCM,5,18982 - 54262 - 78050
2026-04-17,MN,TP. HCM,6,07032 - 54862 - 38001
2026-04-17,MN,TP. HCM,7,26857 - 78521 - 26772 - 45638
2026-04-17,MN,TP. HCM,8,27502
2026-04-17,MN,Đồng Tháp,ĐB,60668
2026-04-17,MN,Đồng Tháp,1,00935
2026-04-17,MN,Đồng Tháp,2,41594
2026-04-17,MN,Đồng Tháp,3,05726 - 70386 - 75627 - 19934 - 91051 - 69318
2026-04-17,MN,Đồng Tháp,4,56174 - 33440 - 01387 - 25539 - 39272 - 46770
2026-04-17,MN,Đồng Tháp,5,36441 - 39215 - 08945
2026-04-17,MN,Đồng Tháp,6,59553 - 75591 - 49097
2026-04-17,MN,Đồng Tháp,7,40738 - 87346 - 44537 - 84808
2026-04-17,MN,Đồng Tháp,8,87038
2026-04-17,MN,Cà Mau,ĐB,04913
2026-04-17,MN,Cà Mau,1,67444
2026-04-17,MN,Cà Mau,2,01838
2026-04-17,MN,Cà Mau,3,94305 - 58278 - 95210 - 87939 - 16436 - 88212
2026-04-17,MN,Cà Mau,4,67793 - 94138 - 27192 - 91507 - 92097 - 96542
2026-04-17,MN,Cà Mau,5,53251 - 80710 - 16384
2026-04-17,MN,Cà Mau,6,51214 - 44602 - 23404
2026-04-17,MN,Cà Mau,7,39625 - 10563 - 63501 - 87610
2026-04-17,MN,Cà Mau,8,36021
2026-04-18,MB,Hà Nội,ĐB,55093
2026-04-18,MB,Hà Nội,1,44359
2026-04-18,MB,Hà Nội,2,27283
2026-04-18,MB,Hà Nội,3,21510 - 58391 - 93565 - 28576 - 24784 - 10667
2026-04-18,MB,Hà Nội,4,52653 - 01271 - 92922 - 59636 - 03986 - 59132
2026-04-18,MB,Hà Nội,5,06688 - 64285 - 42307
2026-04-18,MB,Hà Nội,6,76627 - 63117 - 12231
2026-04-18,MB,Hà Nội,7,01648 - 18242 - 82595 - 92391
2026-04-18,MT,Đà Nẵng,ĐB,10265
2026-04-18,MT,Đà Nẵng,1,46668
2026-04-18,MT,Đà Nẵng,2,41050
2026-04-18,MT,Đà Nẵng,3,08874 - 41873 - 17138 - 37123 - 68701 - 39352
2026-04-18,MT,Đà Nẵng,4,72232 - 23488 - 13934 - 40339 - 52684 - 31710
2026-04-18,MT,Đà Nẵng,5,64707 - 34346 - 51097
2026-04-18,MT,Đà Nẵng,6,70127 - 81810 - 01434
2026-04-18,MT,Đà Nẵng,7,55435 - 04696 - 95389 - 26607
2026-04-18,MT,Đà Nẵng,8,28127
2026-04-18,MT,Khánh Hòa,ĐB,31814
2026-04-18,MT,Khánh Hòa,1,65723
2026-04-18,MT,Khánh Hòa,2,65212
2026-04-18,MT,Khánh Hòa,3,56686 - 89557 - 53521 - 93710 - 31952 - 79952
2026-04-18,MT,Khánh Hòa,4,49044 - 79928 - 89124 - 70984 - 26221 - 57169
2026-04-18,MT,Khánh Hòa,5,42491 - 61551 - 95737
2026-04-18,MT,Khánh Hòa,6,47515 - 27175 - 26046
2026-04-18,MT,Khánh Hòa,7,91785 - 54783 - 96250 - 47920
2026-04-18,MT,Khánh Hòa,8,69800
2026-04-18,MN,TP. HCM,ĐB,51011
2026-04-18,MN,TP. HCM,1,82932
2026-04-18,MN,TP. HCM,2,16084
2026-04-18,MN,TP. HCM,3,02427 - 55015 - 11378 - 21164 - 50654 - 95961
2026-04-18,MN,TP. HCM,4,68511 - 81534 - 80770 - 69601 - 66626 - 07539
2026-04-18,MN,TP. HCM,5,52948 - 99787 - 97192
2026-04-18,MN,TP. HCM,6,87373 - 41959 - 66973
2026-04-18,MN,TP. HCM,7,95835 - 58241 - 25133 - 55367
2026-04-18,MN,TP. HCM,8,85985
2026-04-18,MN,Đồng Tháp,ĐB,47342
2026-04-18,MN,Đồng Tháp,1,25068
2026-04-18,MN,Đồng Tháp,2,39314
2026-04-18,MN,Đồng Tháp,3,26301 - 15949 - 09686 - 66032 - 49118 - 00399
2026-04-18,MN,Đồng Tháp,4,27135 - 64906 - 22559 - 02115 - 61543 - 47991
2026-04-18,MN,Đồng Tháp,5,67410 - 52059 - 76596
2026-04-18,MN,Đồng Tháp,6,18638 - 80705 - 11184
2026-04-18,MN,Đồng Tháp,7,16719 - 84362 - 68695 - 76632
2026-04-18,MN,Đồng Tháp,8,26988
2026-04-18,MN,Cà Mau,ĐB,23615
2026-04-18,MN,Cà Mau,1,80403
2026-04-18,MN,Cà Mau,2,08432
2026-04-18,MN,Cà Mau,3,93344 - 51259 - 75948 - 84780 - 72334 - 36673
2026-04-18,MN,Cà Mau,4,68644 - 37549 - 83539 - 44845 - 81271 - 67689
2026-04-18,MN,Cà Mau,5,96244 - 52427 - 78472
2026-04-18,MN,Cà Mau,6,46473 - 51378 - 88125
2026-04-18,MN,Cà Mau,7,34250 - 58037 - 88945 - 60100
2026-04-18,MN,Cà Mau,8,96129
2026-04-19,MB,Hà Nội,ĐB,42038
2026-04-19,MB,Hà Nội,1,46536
2026-04-19,MB,Hà Nội,2,24201
2026-04-19,MB,Hà Nội,3,88727 - 97439 - 98025 - 71933 - 82798 - 89096
2026-04-19,MB,Hà Nội,4,98785 - 95906 - 21263 - 83709 - 05647 - 09941
2026-04-19,MB,Hà Nội,5,77092 - 46776 - 51884
2026-04-19,MB,Hà Nội,6,01423 - 02282 - 20599
2026-04-19,MB,Hà Nội,7,56962 - 61172 - 64816 - 60580
2026-04-19,MT,Đà Nẵng,ĐB,58597
2026-04-19,MT,Đà Nẵng,1,68099
2026-04-19,MT,Đà Nẵng,2,81449
2026-04-19,MT,Đà Nẵng,3,34441 - 14069 - 24168 - 38527 - 32290 - 87779
2026-04-19,MT,Đà Nẵng,4,67048 - 85866 - 75471 - 07471 - 44011 - 65823
2026-04-19,MT,Đà Nẵng,5,63266 - 38936 - 03034
2026-04-19,MT,Đà Nẵng,6,35668 - 22976 - 10469
2026-04-19,MT,Đà Nẵng,7,88891 - 00988 - 03028 - 39135
2026-04-19,MT,Đà Nẵng,8,81077
2026-04-19,MT,Khánh Hòa,ĐB,61944
2026-04-19,MT,Khánh Hòa,1,34823
2026-04-19,MT,Khánh Hòa,2,43452
2026-04-19,MT,Khánh Hòa,3,74110 - 25482 - 12252 - 18989 - 25423 - 62189
2026-04-19,MT,Khánh Hòa,4,18003 - 69023 - 34669 - 04650 - 69011 - 47658
2026-04-19,MT,Khánh Hòa,5,83650 - 44979 - 61356
2026-04-19,MT,Khánh Hòa,6,38122 - 33513 - 16284
2026-04-19,MT,Khánh Hòa,7,56433 - 23716 - 13466 - 24704
2026-04-19,MT,Khánh Hòa,8,90909
2026-04-19,MN,TP. HCM,ĐB,30210
2026-04-19,MN,TP. HCM,1,19287
2026-04-19,MN,TP. HCM,2,20416
2026-04-19,MN,TP. HCM,3,60237 - 03381 - 96328 - 01058 - 98889 - 00069
2026-04-19,MN,TP. HCM,4,63745 - 40437 - 40301 - 65201 - 29142 - 94545
2026-04-19,MN,TP. HCM,5,95339 - 48740 - 66837
2026-04-19,MN,TP. HCM,6,69053 - 14449 - 62876
2026-04-19,MN,TP. HCM,7,51607 - 08207 - 95186 - 28095
2026-04-19,MN,TP. HCM,8,27348
2026-04-19,MN,Đồng Tháp,ĐB,02362
2026-04-19,MN,Đồng Tháp,1,86387
2026-04-19,MN,Đồng Tháp,2,45079
2026-04-19,MN,Đồng Tháp,3,17997 - 78497 - 80215 - 27463 - 23884 - 50842
2026-04-19,MN,Đồng Tháp,4,23769 - 73548 - 39678 - 54751 - 83735 - 57030
2026-04-19,MN,Đồng Tháp,5,47867 - 67323 - 09320
2026-04-19,MN,Đồng Tháp,6,30854 - 88812 - 52598
2026-04-19,MN,Đồng Tháp,7,67180 - 50899 - 58268 - 35623
2026-04-19,MN,Đồng Tháp,8,52160
2026-04-19,MN,Cà Mau,ĐB,77263
2026-04-19,MN,Cà Mau,1,11284
2026-04-19,MN,Cà Mau,2,52752
2026-04-19,MN,Cà Mau,3,57648 - 62046 - 83670 - 75336 - 15180 - 13923
2026-04-19,MN,Cà Mau,4,20346 - 72574 - 16171 - 34137 - 51593 - 13779
2026-04-19,MN,Cà Mau,5,40275 - 26589 - 56003
2026-04-19,MN,Cà Mau,6,38869 - 50195 - 12864
2026-04-19,MN,Cà Mau,7,78834 - 72423 - 34838 - 89199
2026-04-19,MN,Cà Mau,8,85547
2026-04-20,MB,Hà Nội,ĐB,47282
2026-04-20,MB,Hà Nội,1,35217
2026-04-20,MB,Hà Nội,2,10636
2026-04-20,MB,Hà Nội,3,64538 - 03866 - 33961 - 99036 - 89052 - 87219
2026-04-20,MB,Hà Nội,4,49449 - 60786 - 64233 - 71840 - 76864 - 69736
2026-04-20,MB,Hà Nội,5,81251 - 13330 - 05009
2026-04-20,MB,Hà Nội,6,72048 - 62630 - 21179
2026-04-20,MB,Hà Nội,7,39504 - 98155 - 37798 - 30365
2026-04-20,MT,Đà Nẵng,ĐB,03908
2026-04-20,MT,Đà Nẵng,1,72895
2026-04-20,MT,Đà Nẵng,2,93501
2026-04-20,MT,Đà Nẵng,3,91524 - 50963 - 60527 - 45619 - 76683 - 66391
2026-04-20,MT,Đà Nẵng,4,51279 - 11395 - 77875 - 07525 - 06690 - 65331
2026-04-20,MT,Đà Nẵng,5,94311 - 97995 - 03312
2026-04-20,MT,Đà Nẵng,6,49825 - 53494 - 40161
2026-04-20,MT,Đà Nẵng,7,18689 - 78075 - 31419 - 62266
2026-04-20,MT,Đà Nẵng,8,02646
2026-04-20,MT,Khánh Hòa,ĐB,61985
2026-04-20,MT,Khánh Hòa,1,67561
2026-04-20,MT,Khánh Hòa,2,52064
2026-04-20,MT,Khánh Hòa,3,16975 - 83319 - 35076 - 93509 - 17358 - 42391
2026-04-20,MT,Khánh Hòa,4,18857 - 46071 - 06153 - 21580 - 12187 - 25540
2026-04-20,MT,Khánh Hòa,5,07188 - 89176 - 07337
2026-04-20,MT,Khánh Hòa,6,42639 - 23766 - 87726
2026-04-20,MT,Khánh Hòa,7,89825 - 00469 - 13360 - 74954
2026-04-20,MT,Khánh Hòa,8,09755
2026-04-20,MN,TP. HCM,ĐB,94807
2026-04-20,MN,TP. HCM,1,52225
2026-04-20,MN,TP. HCM,2,14435
2026-04-20,MN,TP. HCM,3,56638 - 76154 - 83328 - 37794 - 41560 - 51761
2026-04-20,MN,TP. HCM,4,02154 - 10172 - 07682 - 90799 - 87078 - 82324
2026-04-20,MN,TP. HCM,5,63159 - 51232 - 01470
2026-04-20,MN,TP. HCM,6,39567 - 50765 - 86848
2026-04-20,MN,TP. HCM,7,32626 - 61398 - 48391 - 45845
2026-04-20,MN,TP. HCM,8,28960
2026-04-20,MN,Đồng Tháp,ĐB,72151
2026-04-20,MN,Đồng Tháp,1,77438
2026-04-20,MN,Đồng Tháp,2,14567
2026-04-20,MN,Đồng Tháp,3,53336 - 81157 - 73170 - 76095 - 32643 - 92955
2026-04-20,MN,Đồng Tháp,4,56361 - 74766 - 48545 - 68488 - 76377 - 23471
2026-04-20,MN,Đồng Tháp,5,49067 - 11801 - 15816
2026-04-20,MN,Đồng Tháp,6,53746 - 33631 - 91792
2026-04-20,MN,Đồng Tháp,7,13410 - 45211 - 27532 - 65794
2026-04-20,MN,Đồng Tháp,8,54311
2026-04-20,MN,Cà Mau,ĐB,09862
2026-04-20,MN,Cà Mau,1,46880
2026-04-20,MN,Cà Mau,2,06653
2026-04-20,MN,Cà Mau,3,15379 - 30819 - 01478 - 77246 - 36987 - 02277
2026-04-20,MN,Cà Mau,4,86269 - 38821 - 46550 - 27075 - 37540 - 84352
2026-04-20,MN,Cà Mau,5,52689 - 99617 - 40345
2026-04-20,MN,Cà Mau,6,47798 - 59679 - 33871
2026-04-20,MN,Cà Mau,7,04316 - 85974 - 37825 - 89639
2026-04-20,MN,Cà Mau,8,85134
2026-04-21,MB,Hà Nội,ĐB,99399
2026-04-21,MB,Hà Nội,1,12910
2026-04-21,MB,Hà Nội,2,12849
2026-04-21,MB,Hà Nội,3,01640 - 93571 - 47768 - 56148 - 23954 - 54453
2026-04-21,MB,Hà Nội,4,29420 - 59607 - 56125 - 07706 - 04142 - 17687
2026-04-21,MB,Hà Nội,5,07702 - 12969 - 39706
2026-04-21,MB,Hà Nội,6,53600 - 05622 - 50663
2026-04-21,MB,Hà Nội,7,64800 - 92784 - 99876 - 62821
2026-04-21,MT,Đà Nẵng,ĐB,64629
2026-04-21,MT,Đà Nẵng,1,57720
2026-04-21,MT,Đà Nẵng,2,16378
2026-04-21,MT,Đà Nẵng,3,49151 - 27031 - 68739 - 76272 - 93844 - 81116
2026-04-21,MT,Đà Nẵng,4,87390 - 62172 - 89617 - 39906 - 97051 - 82264
2026-04-21,MT,Đà Nẵng,5,98609 - 59248 - 58689
2026-04-21,MT,Đà Nẵng,6,36852 - 12336 - 77719
2026-04-21,MT,Đà Nẵng,7,72372 - 85922 - 60248 - 40425
2026-04-21,MT,Đà Nẵng,8,62168
2026-04-21,MT,Khánh Hòa,ĐB,17113
2026-04-21,MT,Khánh Hòa,1,19396
2026-04-21,MT,Khánh Hòa,2,38664
2026-04-21,MT,Khánh Hòa,3,61993 - 57774 - 89304 - 20861 - 67911 - 41958
2026-04-21,MT,Khánh Hòa,4,50033 - 80363 - 25433 - 89915 - 60607 - 04712
2026-04-21,MT,Khánh Hòa,5,94783 - 74189 - 94269
2026-04-21,MT,Khánh Hòa,6,87580 - 79621 - 30594
2026-04-21,MT,Khánh Hòa,7,57953 - 13668 - 06284 - 85573
2026-04-21,MT,Khánh Hòa,8,86874
2026-04-21,MN,TP. HCM,ĐB,13197
2026-04-21,MN,TP. HCM,1,18025
2026-04-21,MN,TP. HCM,2,06385
2026-04-21,MN,TP. HCM,3,20572 - 61547 - 79370 - 47761 - 03525 - 98564
2026-04-21,MN,TP. HCM,4,39654 - 76491 - 67087 - 07776 - 47430 - 73160
2026-04-21,MN,TP. HCM,5,63385 - 33260 - 24295
2026-04-21,MN,TP. HCM,6,01411 - 40600 - 33440
2026-04-21,MN,TP. HCM,7,59146 - 93506 - 43230 - 56409
2026-04-21,MN,TP. HCM,8,62022
2026-04-21,MN,Đồng Tháp,ĐB,64771
2026-04-21,MN,Đồng Tháp,1,48076
2026-04-21,MN,Đồng Tháp,2,28679
2026-04-21,MN,Đồng Tháp,3,89215 - 39215 - 63159 - 10667 - 06705 - 62892
2026-04-21,MN,Đồng Tháp,4,29949 - 37699 - 69830 - 59053 - 43158 - 18304
2026-04-21,MN,Đồng Tháp,5,69644 - 80795 - 81462
2026-04-21,MN,Đồng Tháp,6,94125 - 50548 - 09562
2026-04-21,MN,Đồng Tháp,7,41980 - 30396 - 52162 - 25719
2026-04-21,MN,Đồng Tháp,8,34311
2026-04-21,MN,Cà Mau,ĐB,54271
2026-04-21,MN,Cà Mau,1,36295
2026-04-21,MN,Cà Mau,2,45161
2026-04-21,MN,Cà Mau,3,65202 - 62391 - 12405 - 65184 - 25011 - 17782
2026-04-21,MN,Cà Mau,4,18503 - 16936 - 15460 - 49876 - 90046 - 37734
2026-04-21,MN,Cà Mau,5,82020 - 56140 - 29458
2026-04-21,MN,Cà Mau,6,34851 - 44683 - 69744
2026-04-21,MN,Cà Mau,7,28419 - 42087 - 77922 - 56298
2026-04-21,MN,Cà Mau,8,87073
2026-04-22,MB,Hà Nội,ĐB,72279
2026-04-22,MB,Hà Nội,1,10740
2026-04-22,MB,Hà Nội,2,29546
2026-04-22,MB,Hà Nội,3,04187 - 41078 - 47330 - 62868 - 93337 - 85189
2026-04-22,MB,Hà Nội,4,96106 - 92748 - 12470 - 45575 - 86501 - 08481
2026-04-22,MB,Hà Nội,5,27789 - 11552 - 18471
2026-04-22,MB,Hà Nội,6,78569 - 57050 - 97610
2026-04-22,MB,Hà Nội,7,10903 - 54431 - 53134 - 83350
2026-04-22,MT,Đà Nẵng,ĐB,82997
2026-04-22,MT,Đà Nẵng,1,25266
2026-04-22,MT,Đà Nẵng,2,75067
2026-04-22,MT,Đà Nẵng,3,02987 - 84757 - 03706 - 39419 - 10271 - 68900
2026-04-22,MT,Đà Nẵng,4,83077 - 69886 - 61198 - 33728 - 35911 - 81479
2026-04-22,MT,Đà Nẵng,5,30350 - 79330 - 36830
2026-04-22,MT,Đà Nẵng,6,86752 - 82934 - 45350
2026-04-22,MT,Đà Nẵng,7,68745 - 39197 - 36704 - 60221
2026-04-22,MT,Đà Nẵng,8,08676
2026-04-22,MT,Khánh Hòa,ĐB,01161
2026-04-22,MT,Khánh Hòa,1,71621
2026-04-22,MT,Khánh Hòa,2,32721
2026-04-22,MT,Khánh Hòa,3,84603 - 23281 - 57609 - 21828 - 73652 - 20096
2026-04-22,MT,Khánh Hòa,4,00744 - 71295 - 46671 - 38490 - 16709 - 99945
2026-04-22,MT,Khánh Hòa,5,93985 - 41799 - 43206
2026-04-22,MT,Khánh Hòa,6,20035 - 46650 - 65565
2026-04-22,MT,Khánh Hòa,7,21436 - 52798 - 85434 - 18136
2026-04-22,MT,Khánh Hòa,8,26232
2026-04-22,MN,TP. HCM,ĐB,39104
2026-04-22,MN,TP. HCM,1,24321
2026-04-22,MN,TP. HCM,2,46203
2026-04-22,MN,TP. HCM,3,60758 - 57983 - 84994 - 97614 - 70578 - 73915
2026-04-22,MN,TP. HCM,4,86628 - 22883 - 12200 - 91095 - 58157 - 87103
2026-04-22,MN,TP. HCM,5,35965 - 58920 - 91114
2026-04-22,MN,TP. HCM,6,98421 - 14534 - 20813
2026-04-22,MN,TP. HCM,7,91638 - 55569 - 22393 - 27152
2026-04-22,MN,TP. HCM,8,38707
2026-04-22,MN,Đồng Tháp,ĐB,03751
2026-04-22,MN,Đồng Tháp,1,50711
2026-04-22,MN,Đồng Tháp,2,48160
2026-04-22,MN,Đồng Tháp,3,40334 - 49147 - 75801 - 87900 - 69336 - 36822
2026-04-22,MN,Đồng Tháp,4,19162 - 66474 - 04260 - 33222 - 08614 - 67246
2026-04-22,MN,Đồng Tháp,5,59927 - 46705 - 87099
2026-04-22,MN,Đồng Tháp,6,17700 - 53783 - 68145
2026-04-22,MN,Đồng Tháp,7,73963 - 14509 - 95900 - 28692
2026-04-22,MN,Đồng Tháp,8,96013
2026-04-22,MN,Cà Mau,ĐB,92654
2026-04-22,MN,Cà Mau,1,88991
2026-04-22,MN,Cà Mau,2,40463
2026-04-22,MN,Cà Mau,3,39957 - 46846 - 21967 - 92124 - 97088 - 40720
2026-04-22,MN,Cà Mau,4,43804 - 51688 - 61724 - 08325 - 37702 - 56708
2026-04-22,MN,Cà Mau,5,01099 - 32684 - 89135
2026-04-22,MN,Cà Mau,6,79083 - 53661 - 58410
2026-04-22,MN,Cà Mau,7,35321 - 78478 - 24238 - 39743
2026-04-22,MN,Cà Mau,8,57963
2026-04-23,MB,Hà Nội,ĐB,48546
2026-04-23,MB,Hà Nội,1,75663
2026-04-23,MB,Hà Nội,2,95657
2026-04-23,MB,Hà Nội,3,72076 - 49037 - 62935 - 63359 - 82023 - 54837
2026-04-23,MB,Hà Nội,4,90796 - 03833 - 11951 - 92288 - 39988 - 76846
2026-04-23,MB,Hà Nội,5,68360 - 37089 - 20035
2026-04-23,MB,Hà Nội,6,43071 - 62396 - 47699
2026-04-23,MB,Hà Nội,7,60802 - 13392 - 34046 - 57637
2026-04-23,MT,Đà Nẵng,ĐB,21691
2026-04-23,MT,Đà Nẵng,1,03344
2026-04-23,MT,Đà Nẵng,2,16986
2026-04-23,MT,Đà Nẵng,3,77347 - 56840 - 83124 - 39062 - 95873 - 70299
2026-04-23,MT,Đà Nẵng,4,05718 - 21238 - 26565 - 07660 - 65990 - 87659
2026-04-23,MT,Đà Nẵng,5,82502 - 66822 - 02150
2026-04-23,MT,Đà Nẵng,6,64670 - 71250 - 75712
2026-04-23,MT,Đà Nẵng,7,27419 - 12714 - 74219 - 51059
2026-04-23,MT,Đà Nẵng,8,39303
2026-04-23,MT,Khánh Hòa,ĐB,12135
2026-04-23,MT,Khánh Hòa,1,61129
2026-04-23,MT,Khánh Hòa,2,38350
2026-04-23,MT,Khánh Hòa,3,30652 - 91336 - 12138 - 63923 - 77367 - 87932
2026-04-23,MT,Khánh Hòa,4,62773 - 26696 - 93292 - 26424 - 42093 - 79256
2026-04-23,MT,Khánh Hòa,5,01182 - 14803 - 70598
2026-04-23,MT,Khánh Hòa,6,84873 - 83463 - 37059
2026-04-23,MT,Khánh Hòa,7,39118 - 86645 - 54830 - 57723
2026-04-23,MT,Khánh Hòa,8,50176
2026-04-23,MN,TP. HCM,ĐB,62246
2026-04-23,MN,TP. HCM,1,30370
2026-04-23,MN,TP. HCM,2,04786
2026-04-23,MN,TP. HCM,3,66927 - 43632 - 82362 - 26038 - 66883 - 11588
2026-04-23,MN,TP. HCM,4,77478 - 39522 - 37185 - 01572 - 70953 - 71851
2026-04-23,MN,TP. HCM,5,59506 - 27558 - 08338
2026-04-23,MN,TP. HCM,6,90834 - 81404 - 43994
2026-04-23,MN,TP. HCM,7,86494 - 37376 - 14438 - 05534
2026-04-23,MN,TP. HCM,8,21780
2026-04-23,MN,Đồng Tháp,ĐB,09357
2026-04-23,MN,Đồng Tháp,1,09866
2026-04-23,MN,Đồng Tháp,2,40633
2026-04-23,MN,Đồng Tháp,3,65820 - 53999 - 20237 - 15007 - 37483 - 35032
2026-04-23,MN,Đồng Tháp,4,24403 - 91328 - 69288 - 00766 - 12487 - 76980
2026-04-23,MN,Đồng Tháp,5,89370 - 93230 - 89509
2026-04-23,MN,Đồng Tháp,6,04475 - 48922 - 61479
2026-04-23,MN,Đồng Tháp,7,33597 - 36798 - 16810 - 96342
2026-04-23,MN,Đồng Tháp,8,98196
2026-04-23,MN,Cà Mau,ĐB,19843
2026-04-23,MN,Cà Mau,1,70191
2026-04-23,MN,Cà Mau,2,58118
2026-04-23,MN,Cà Mau,3,03108 - 38967 - 35958 - 37750 - 26213 - 77359
2026-04-23,MN,Cà Mau,4,27464 - 43421 - 45267 - 91141 - 52878 - 10896
2026-04-23,MN,Cà Mau,5,81870 - 85378 - 58238
2026-04-23,MN,Cà Mau,6,08733 - 59342 - 82670
2026-04-23,MN,Cà Mau,7,61618 - 48814 - 50490 - 72998
2026-04-23,MN,Cà Mau,8,54529
2026-04-24,MB,Hà Nội,ĐB,70727
2026-04-24,MB,Hà Nội,1,53453
2026-04-24,MB,Hà Nội,2,97206
2026-04-24,MB,Hà Nội,3,09602 - 16069 - 07257 - 44317 - 69175 - 79494
2026-04-24,MB,Hà Nội,4,57224 - 69958 - 49422 - 29686 - 83374 - 37809
2026-04-24,MB,Hà Nội,5,17582 - 65136 - 65933
2026-04-24,MB,Hà Nội,6,94854 - 36734 - 21168
2026-04-24,MB,Hà Nội,7,35041 - 08553 - 51602 - 84646
2026-04-24,MT,Đà Nẵng,ĐB,34099
2026-04-24,MT,Đà Nẵng,1,57958
2026-04-24,MT,Đà Nẵng,2,56947
2026-04-24,MT,Đà Nẵng,3,90370 - 75123 - 14146 - 09594 - 94628 - 38108
2026-04-24,MT,Đà Nẵng,4,10151 - 07291 - 15766 - 54598 - 78922 - 21641
2026-04-24,MT,Đà Nẵng,5,66820 - 41932 - 14914
2026-04-24,MT,Đà Nẵng,6,86920 - 49029 - 63339
2026-04-24,MT,Đà Nẵng,7,52883 - 47805 - 64924 - 27357
2026-04-24,MT,Đà Nẵng,8,67653
2026-04-24,MT,Khánh Hòa,ĐB,97998
2026-04-24,MT,Khánh Hòa,1,57757
2026-04-24,MT,Khánh Hòa,2,45177
2026-04-24,MT,Khánh Hòa,3,93556 - 86911 - 26715 - 41450 - 94314 - 58579
2026-04-24,MT,Khánh Hòa,4,33234 - 53671 - 20211 - 63893 - 42195 - 86364
2026-04-24,MT,Khánh Hòa,5,61765 - 06691 - 40544
2026-04-24,MT,Khánh Hòa,6,98046 - 14103 - 98670
2026-04-24,MT,Khánh Hòa,7,66542 - 61699 - 77535 - 61892
2026-04-24,MT,Khánh Hòa,8,81262
2026-04-24,MN,TP. HCM,ĐB,99788
2026-04-24,MN,TP. HCM,1,24748
2026-04-24,MN,TP. HCM,2,20339
2026-04-24,MN,TP. HCM,3,61638 - 11697 - 96799 - 01878 - 36480 - 39511
2026-04-24,MN,TP. HCM,4,87046 - 75051 - 02166 - 23017 - 68876 - 29796
2026-04-24,MN,TP. HCM,5,67293 - 00225 - 74885
2026-04-24,MN,TP. HCM,6,11352 - 01969 - 26875
2026-04-24,MN,TP. HCM,7,17813 - 65130 - 22719 - 72272
2026-04-24,MN,TP. HCM,8,18810
2026-04-24,MN,Đồng Tháp,ĐB,37619
2026-04-24,MN,Đồng Tháp,1,35442
2026-04-24,MN,Đồng Tháp,2,59053
2026-04-24,MN,Đồng Tháp,3,53016 - 93669 - 64428 - 55250 - 09316 - 67173
2026-04-24,MN,Đồng Tháp,4,56443 - 76163 - 57810 - 50558 - 84381 - 51237
2026-04-24,MN,Đồng Tháp,5,10589 - 32036 - 45825
2026-04-24,MN,Đồng Tháp,6,50494 - 07496 - 01069
2026-04-24,MN,Đồng Tháp,7,24235 - 39228 - 57281 - 45168
2026-04-24,MN,Đồng Tháp,8,83170
2026-04-24,MN,Cà Mau,ĐB,67209
2026-04-24,MN,Cà Mau,1,13439
2026-04-24,MN,Cà Mau,2,87708
2026-04-24,MN,Cà Mau,3,40344 - 14401 - 18875 - 60405 - 06903 - 38789
2026-04-24,MN,Cà Mau,4,38983 - 73392 - 61408 - 52272 - 49116 - 86864
2026-04-24,MN,Cà Mau,5,87018 - 40535 - 77347
2026-04-24,MN,Cà Mau,6,95777 - 13210 - 08798
2026-04-24,MN,Cà Mau,7,30674 - 72017 - 96772 - 09980
2026-04-24,MN,Cà Mau,8,40342
2026-04-25,MB,Hà Nội,ĐB,25348
2026-04-25,MB,Hà Nội,1,39692
2026-04-25,MB,Hà Nội,2,07200
2026-04-25,MB,Hà Nội,3,42169 - 96391 - 02924 - 81606 - 09542 - 40097
2026-04-25,MB,Hà Nội,4,83045 - 22713 - 60741 - 66479 - 18685 - 86497
2026-04-25,MB,Hà Nội,5,33726 - 18797 - 73986
2026-04-25,MB,Hà Nội,6,69569 - 22520 - 04810
2026-04-25,MB,Hà Nội,7,72549 - 70565 - 59981 - 57627
2026-04-25,MT,Đà Nẵng,ĐB,31752
2026-04-25,MT,Đà Nẵng,1,18507
2026-04-25,MT,Đà Nẵng,2,90871
2026-04-25,MT,Đà Nẵng,3,63026 - 50633 - 79821 - 95829 - 99154 - 64827
2026-04-25,MT,Đà Nẵng,4,88868 - 89541 - 55069 - 79300 - 13014 - 54092
2026-04-25,MT,Đà Nẵng,5,62339 - 55498 - 08132
2026-04-25,MT,Đà Nẵng,6,51192 - 90944 - 31849
2026-04-25,MT,Đà Nẵng,7,66087 - 93956 - 27601 - 60209
2026-04-25,MT,Đà Nẵng,8,56573
2026-04-25,MT,Khánh Hòa,ĐB,14130
2026-04-25,MT,Khánh Hòa,1,57990
2026-04-25,MT,Khánh Hòa,2,30498
2026-04-25,MT,Khánh Hòa,3,83063 - 99254 - 12163 - 45148 - 79637 - 01212
2026-04-25,MT,Khánh Hòa,4,64106 - 73030 - 93715 - 41688 - 01264 - 68943
2026-04-25,MT,Khánh Hòa,5,46803 - 04188 - 12110
2026-04-25,MT,Khánh Hòa,6,90098 - 14088 - 19608
2026-04-25,MT,Khánh Hòa,7,95938 - 98080 - 38801 - 98474
2026-04-25,MT,Khánh Hòa,8,47524
2026-04-25,MN,TP. HCM,ĐB,35637
2026-04-25,MN,TP. HCM,1,24360
2026-04-25,MN,TP. HCM,2,72610
2026-04-25,MN,TP. HCM,3,76678 - 46317 - 92038 - 49913 - 59884 - 29689
2026-04-25,MN,TP. HCM,4,04637 - 03507 - 29990 - 01433 - 38518 - 32136
2026-04-25,MN,TP. HCM,5,70657 - 41130 - 69993
2026-04-25,MN,TP. HCM,6,67049 - 00235 - 93561
2026-04-25,MN,TP. HCM,7,26779 - 61413 - 40035 - 80291
2026-04-25,MN,TP. HCM,8,36285
2026-04-25,MN,Đồng Tháp,ĐB,02744
2026-04-25,MN,Đồng Tháp,1,84575
2026-04-25,MN,Đồng Tháp,2,87752
2026-04-25,MN,Đồng Tháp,3,30055 - 03885 - 21457 - 58991 - 03144 - 79996
2026-04-25,MN,Đồng Tháp,4,80419 - 67329 - 20724 - 19508 - 46380 - 09609
2026-04-25,MN,Đồng Tháp,5,44603 - 67620 - 91282
2026-04-25,MN,Đồng Tháp,6,07028 - 75142 - 17409
2026-04-25,MN,Đồng Tháp,7,86886 - 59354 - 09763 - 25962
2026-04-25,MN,Đồng Tháp,8,07908
2026-04-25,MN,Cà Mau,ĐB,15194
2026-04-25,MN,Cà Mau,1,35933
2026-04-25,MN,Cà Mau,2,78173
2026-04-25,MN,Cà Mau,3,68706 - 49075 - 84499 - 38355 - 39303 - 04584
2026-04-25,MN,Cà Mau,4,59896 - 51419 - 26877 - 27663 - 08861 - 40951
2026-04-25,MN,Cà Mau,5,83706 - 59442 - 80012
2026-04-25,MN,Cà Mau,6,66570 - 41297 - 59500
2026-04-25,MN,Cà Mau,7,52400 - 29493 - 12496 - 59174
2026-04-25,MN,Cà Mau,8,58297
2026-04-26,MB,Hà Nội,ĐB,29716
2026-04-26,MB,Hà Nội,1,84108
2026-04-26,MB,Hà Nội,2,99114
2026-04-26,MB,Hà Nội,3,19747 - 13019 - 47347 - 08729 - 80184 - 81213
2026-04-26,MB,Hà Nội,4,14759 - 77225 - 37616 - 63183 - 52858 - 63303
2026-04-26,MB,Hà Nội,5,70776 - 15607 - 88460
2026-04-26,MB,Hà Nội,6,47771 - 74268 - 41643
2026-04-26,MB,Hà Nội,7,59647 - 31400 - 42918 - 14256
2026-04-26,MT,Đà Nẵng,ĐB,19107
2026-04-26,MT,Đà Nẵng,1,77084
2026-04-26,MT,Đà Nẵng,2,01614
2026-04-26,MT,Đà Nẵng,3,00382 - 01178 - 01884 - 51092 - 38567 - 17920
2026-04-26,MT,Đà Nẵng,4,38847 - 47820 - 06708 - 76405 - 54961 - 46085
2026-04-26,MT,Đà Nẵng,5,33493 - 32407 - 20723
2026-04-26,MT,Đà Nẵng,6,33348 - 08179 - 23361
2026-04-26,MT,Đà Nẵng,7,86364 - 10426 - 07283 - 38555
2026-04-26,MT,Đà Nẵng,8,72315
2026-04-26,MT,Khánh Hòa,ĐB,37195
2026-04-26,MT,Khánh Hòa,1,56453
2026-04-26,MT,Khánh Hòa,2,88601
2026-04-26,MT,Khánh Hòa,3,93614 - 80860 - 64848 - 64486 - 65083 - 67379
2026-04-26,MT,Khánh Hòa,4,44485 - 00175 - 75590 - 50749 - 29751 - 54209
2026-04-26,MT,Khánh Hòa,5,08657 - 87044 - 17465
2026-04-26,MT,Khánh Hòa,6,82175 - 14896 - 53341
2026-04-26,MT,Khánh Hòa,7,59082 - 54314 - 42313 - 99726
2026-04-26,MT,Khánh Hòa,8,31366
2026-04-26,MN,TP. HCM,ĐB,69950
2026-04-26,MN,TP. HCM,1,39690
2026-04-26,MN,TP. HCM,2,88961
2026-04-26,MN,TP. HCM,3,47145 - 67785 - 46030 - 63053 - 60679 - 76626
2026-04-26,MN,TP. HCM,4,73035 - 34244 - 55389 - 11363 - 39699 - 78489
2026-04-26,MN,TP. HCM,5,38145 - 72421 - 72858
2026-04-26,MN,TP. HCM,6,22912 - 87833 - 97239
2026-04-26,MN,TP. HCM,7,63283 - 08547 - 02170 - 48772
2026-04-26,MN,TP. HCM,8,00485
2026-04-26,MN,Đồng Tháp,ĐB,44495
2026-04-26,MN,Đồng Tháp,1,69024
2026-04-26,MN,Đồng Tháp,2,32026
2026-04-26,MN,Đồng Tháp,3,08588 - 51722 - 24977 - 39668 - 43146 - 37167
2026-04-26,MN,Đồng Tháp,4,92953 - 51785 - 43836 - 55234 - 26971 - 09168
2026-04-26,MN,Đồng Tháp,5,09064 - 19020 - 81150
2026-04-26,MN,Đồng Tháp,6,17098 - 28419 - 10082
2026-04-26,MN,Đồng Tháp,7,41713 - 39708 - 78545 - 03466
2026-04-26,MN,Đồng Tháp,8,53898
2026-04-26,MN,Cà Mau,ĐB,83271
2026-04-26,MN,Cà Mau,1,51200
2026-04-26,MN,Cà Mau,2,61224
2026-04-26,MN,Cà Mau,3,26212 - 51180 - 71059 - 52287 - 39210 - 96494
2026-04-26,MN,Cà Mau,4,26176 - 71237 - 19935 - 62411 - 26744 - 65639
2026-04-26,MN,Cà Mau,5,34506 - 79944 - 08977
2026-04-26,MN,Cà Mau,6,73791 - 11329 - 86652
2026-04-26,MN,Cà Mau,7,48072 - 68669 - 22927 - 12761
2026-04-26,MN,Cà Mau,8,25401
2026-04-27,MB,Hà Nội,ĐB,88680
2026-04-27,MB,Hà Nội,1,08254
2026-04-27,MB,Hà Nội,2,61010
2026-04-27,MB,Hà Nội,3,10428 - 11056 - 44264 - 96272 - 50487 - 94286
2026-04-27,MB,Hà Nội,4,16185 - 85945 - 31153 - 56676 - 38727 - 48080
2026-04-27,MB,Hà Nội,5,92295 - 52455 - 29368
2026-04-27,MB,Hà Nội,6,91941 - 86651 - 39447
2026-04-27,MB,Hà Nội,7,95217 - 02475 - 37610 - 70113
2026-04-27,MT,Đà Nẵng,ĐB,70229
2026-04-27,MT,Đà Nẵng,1,71857
2026-04-27,MT,Đà Nẵng,2,01925
2026-04-27,MT,Đà Nẵng,3,41039 - 39460 - 99438 - 24417 - 56733 - 55020
2026-04-27,MT,Đà Nẵng,4,08936 - 06401 - 59350 - 12632 - 28036 - 56826
2026-04-27,MT,Đà Nẵng,5,18200 - 72392 - 29462
2026-04-27,MT,Đà Nẵng,6,48572 - 23344 - 24032
2026-04-27,MT,Đà Nẵng,7,42350 - 75129 - 46378 - 84472
2026-04-27,MT,Đà Nẵng,8,34594
2026-04-27,MT,Khánh Hòa,ĐB,93119
2026-04-27,MT,Khánh Hòa,1,01297
2026-04-27,MT,Khánh Hòa,2,93079
2026-04-27,MT,Khánh Hòa,3,01243 - 06772 - 59319 - 87680 - 71940 - 87683
2026-04-27,MT,Khánh Hòa,4,11001 - 71909 - 37703 - 01005 - 76085 - 76225
2026-04-27,MT,Khánh Hòa,5,87982 - 87674 - 19922
2026-04-27,MT,Khánh Hòa,6,14797 - 47406 - 32347
2026-04-27,MT,Khánh Hòa,7,40756 - 55300 - 77735 - 19103
2026-04-27,MT,Khánh Hòa,8,89623
2026-04-27,MN,TP. HCM,ĐB,89591
2026-04-27,MN,TP. HCM,1,20486
2026-04-27,MN,TP. HCM,2,31795
2026-04-27,MN,TP. HCM,3,98172 - 21438 - 92936 - 22375 - 88957 - 37997
2026-04-27,MN,TP. HCM,4,10668 - 26918 - 58569 - 93826 - 35614 - 18802
2026-04-27,MN,TP. HCM,5,34304 - 90953 - 58241
2026-04-27,MN,TP. HCM,6,78358 - 49454 - 68911
2026-04-27,MN,TP. HCM,7,38836 - 49654 - 97493 - 94692
2026-04-27,MN,TP. HCM,8,80744
2026-04-27,MN,Đồng Tháp,ĐB,67990
2026-04-27,MN,Đồng Tháp,1,65336
2026-04-27,MN,Đồng Tháp,2,66503
2026-04-27,MN,Đồng Tháp,3,40649 - 16619 - 90401 - 52451 - 76745 - 99118
2026-04-27,MN,Đồng Tháp,4,98487 - 56545 - 81075 - 83538 - 16498 - 91335
2026-04-27,MN,Đồng Tháp,5,62012 - 86248 - 23918
2026-04-27,MN,Đồng Tháp,6,77666 - 01166 - 76192
2026-04-27,MN,Đồng Tháp,7,68661 - 30015 - 61520 - 06221
2026-04-27,MN,Đồng Tháp,8,32631
2026-04-27,MN,Cà Mau,ĐB,37630
2026-04-27,MN,Cà Mau,1,71158
2026-04-27,MN,Cà Mau,2,63957
2026-04-27,MN,Cà Mau,3,12317 - 57454 - 66552 - 96958 - 30460 - 10231
2026-04-27,MN,Cà Mau,4,25244 - 07313 - 82154 - 61504 - 66370 - 45614
2026-04-27,MN,Cà Mau,5,23600 - 69517 - 29794
2026-04-27,MN,Cà Mau,6,12536 - 50339 - 36044
2026-04-27,MN,Cà Mau,7,71525 - 80431 - 26329 - 77193
2026-04-27,MN,Cà Mau,8,30753
2026-04-28,MB,Hà Nội,ĐB,20889
2026-04-28,MB,Hà Nội,1,21685
2026-04-28,MB,Hà Nội,2,34058
2026-04-28,MB,Hà Nội,3,88792 - 57965 - 24471 - 83777 - 15190 - 11318
2026-04-28,MB,Hà Nội,4,42461 - 23123 - 00213 - 39477 - 38054 - 19180
2026-04-28,MB,Hà Nội,5,69650 - 28322 - 95587
2026-04-28,MB,Hà Nội,6,90988 - 68728 - 44939
2026-04-28,MB,Hà Nội,7,03043 - 64530 - 55237 - 01727
2026-04-28,MT,Đà Nẵng,ĐB,43962
2026-04-28,MT,Đà Nẵng,1,61145
2026-04-28,MT,Đà Nẵng,2,52222
2026-04-28,MT,Đà Nẵng,3,52338 - 89496 - 97802 - 12555 - 27547 - 94713
2026-04-28,MT,Đà Nẵng,4,56293 - 81222 - 21332 - 07800 - 49440 - 62354
2026-04-28,MT,Đà Nẵng,5,88881 - 39861 - 50547
2026-04-28,MT,Đà Nẵng,6,09029 - 41735 - 56520
2026-04-28,MT,Đà Nẵng,7,64070 - 15911 - 94387 - 51247
2026-04-28,MT,Đà Nẵng,8,03108
2026-04-28,MT,Khánh Hòa,ĐB,29690
2026-04-28,MT,Khánh Hòa,1,67192
2026-04-28,MT,Khánh Hòa,2,39933
2026-04-28,MT,Khánh Hòa,3,15556 - 39364 - 50116 - 16155 - 96267 - 35683
2026-04-28,MT,Khánh Hòa,4,20969 - 86742 - 22414 - 45507 - 20437 - 62867
2026-04-28,MT,Khánh Hòa,5,15638 - 80929 - 93233
2026-04-28,MT,Khánh Hòa,6,26182 - 55426 - 30919
2026-04-28,MT,Khánh Hòa,7,02575 - 47552 - 98470 - 07518
2026-04-28,MT,Khánh Hòa,8,08085
2026-04-28,MN,TP. HCM,ĐB,90218
2026-04-28,MN,TP. HCM,1,18757
2026-04-28,MN,TP. HCM,2,03058
2026-04-28,MN,TP. HCM,3,96889 - 38387 - 24318 - 75939 - 82592 - 76383
2026-04-28,MN,TP. HCM,4,71015 - 23609 - 47367 - 41876 - 71189 - 36883
2026-04-28,MN,TP. HCM,5,75688 - 06323 - 87551
2026-04-28,MN,TP. HCM,6,37016 - 87294 - 85024
2026-04-28,MN,TP. HCM,7,88038 - 13656 - 33615 - 29684
2026-04-28,MN,TP. HCM,8,06370
2026-04-28,MN,Đồng Tháp,ĐB,44232
2026-04-28,MN,Đồng Tháp,1,00964
2026-04-28,MN,Đồng Tháp,2,69191
2026-04-28,MN,Đồng Tháp,3,02734 - 59712 - 94939 - 68888 - 01086 - 85534
2026-04-28,MN,Đồng Tháp,4,74562 - 08068 - 99171 - 21006 - 01898 - 39422
2026-04-28,MN,Đồng Tháp,5,87389 - 38824 - 20733
2026-04-28,MN,Đồng Tháp,6,02596 - 43080 - 14331
2026-04-28,MN,Đồng Tháp,7,04856 - 82886 - 88149 - 30673
2026-04-28,MN,Đồng Tháp,8,88884
2026-04-28,MN,Cà Mau,ĐB,94225
2026-04-28,MN,Cà Mau,1,83791
2026-04-28,MN,Cà Mau,2,17228
2026-04-28,MN,Cà Mau,3,07399 - 75749 - 35042 - 34527 - 69337 - 47745
2026-04-28,MN,Cà Mau,4,93660 - 25210 - 62318 - 00737 - 93328 - 13392
2026-04-28,MN,Cà Mau,5,09813 - 68127 - 89174
2026-04-28,MN,Cà Mau,6,84289 - 52257 - 80019
2026-04-28,MN,Cà Mau,7,06362 - 68951 - 46131 - 45582
2026-04-28,MN,Cà Mau,8,94167
2026-04-29,MB,Hà Nội,ĐB,81939
2026-04-29,MB,Hà Nội,1,26762
2026-04-29,MB,Hà Nội,2,13294
2026-04-29,MB,Hà Nội,3,42017 - 21150 - 32223 - 90612 - 20605 - 26951
2026-04-29,MB,Hà Nội,4,66965 - 80197 - 94677 - 66511 - 08459 - 06683
2026-04-29,MB,Hà Nội,5,12432 - 60873 - 47321
2026-04-29,MB,Hà Nội,6,11610 - 84960 - 04428
2026-04-29,MB,Hà Nội,7,19307 - 53223 - 91900 - 58411
2026-04-29,MT,Đà Nẵng,ĐB,04217
2026-04-29,MT,Đà Nẵng,1,24545
2026-04-29,MT,Đà Nẵng,2,79768
2026-04-29,MT,Đà Nẵng,3,69261 - 14341 - 25201 - 07781 - 32391 - 06718
2026-04-29,MT,Đà Nẵng,4,43348 - 70906 - 64367 - 60549 - 40606 - 01404
2026-04-29,MT,Đà Nẵng,5,54060 - 32789 - 53411
2026-04-29,MT,Đà Nẵng,6,10531 - 45220 - 08681
2026-04-29,MT,Đà Nẵng,7,76691 - 22094 - 49093 - 11885
2026-04-29,MT,Đà Nẵng,8,44067
2026-04-29,MT,Khánh Hòa,ĐB,76395
2026-04-29,MT,Khánh Hòa,1,80991
2026-04-29,MT,Khánh Hòa,2,44434
2026-04-29,MT,Khánh Hòa,3,75358 - 43379 - 25231 - 99970 - 69776 - 07315
2026-04-29,MT,Khánh Hòa,4,51664 - 13065 - 89107 - 04091 - 42338 - 62788
2026-04-29,MT,Khánh Hòa,5,05387 - 12571 - 48283
2026-04-29,MT,Khánh Hòa,6,16811 - 69693 - 77654
2026-04-29,MT,Khánh Hòa,7,83244 - 42240 - 82846 - 25165
2026-04-29,MT,Khánh Hòa,8,35790
2026-04-29,MN,TP. HCM,ĐB,90078
2026-04-29,MN,TP. HCM,1,86582
2026-04-29,MN,TP. HCM,2,56517
2026-04-29,MN,TP. HCM,3,87377 - 87594 - 77964 - 84800 - 74170 - 55517
2026-04-29,MN,TP. HCM,4,11963 - 13719 - 43913 - 61087 - 20697 - 49168
2026-04-29,MN,TP. HCM,5,16167 - 19525 - 21614
2026-04-29,MN,TP. HCM,6,93601 - 68261 - 84131
2026-04-29,MN,TP. HCM,7,48212 - 75179 - 29404 - 65633
2026-04-29,MN,TP. HCM,8,92024
2026-04-29,MN,Đồng Tháp,ĐB,10075
2026-04-29,MN,Đồng Tháp,1,90623
2026-04-29,MN,Đồng Tháp,2,39108
2026-04-29,MN,Đồng Tháp,3,13556 - 56977 - 44329 - 24949 - 41148 - 00150
2026-04-29,MN,Đồng Tháp,4,79609 - 35992 - 34027 - 60927 - 82837 - 45353
2026-04-29,MN,Đồng Tháp,5,85559 - 72457 - 50021
2026-04-29,MN,Đồng Tháp,6,72058 - 94428 - 07230
2026-04-29,MN,Đồng Tháp,7,74045 - 72972 - 17465 - 33185
2026-04-29,MN,Đồng Tháp,8,12575
2026-04-29,MN,Cà Mau,ĐB,24332
2026-04-29,MN,Cà Mau,1,75712
2026-04-29,MN,Cà Mau,2,34735
2026-04-29,MN,Cà Mau,3,91255 - 87820 - 77639 - 44653 - 30610 - 63835
2026-04-29,MN,Cà Mau,4,15443 - 49149 - 46877 - 80712 - 38665 - 21620
2026-04-29,MN,Cà Mau,5,06985 - 87242 - 62625
2026-04-29,MN,Cà Mau,6,48968 - 85833 - 16068
2026-04-29,MN,Cà Mau,7,62727 - 11647 - 03131 - 64159
2026-04-29,MN,Cà Mau,8,02366
2026-04-30,MB,Hà Nội,ĐB,81110
2026-04-30,MB,Hà Nội,1,60864
2026-04-30,MB,Hà Nội,2,93366
2026-04-30,MB,Hà Nội,3,97516 - 38648 - 70181 - 51297 - 11199 - 70289
2026-04-30,MB,Hà Nội,4,55694 - 20826 - 73027 - 14047 - 01452 - 36381
2026-04-30,MB,Hà Nội,5,75947 - 99135 - 89534
2026-04-30,MB,Hà Nội,6,06526 - 04674 - 11959
2026-04-30,MB,Hà Nội,7,53048 - 25351 - 18194 - 31927
2026-04-30,MT,Đà Nẵng,ĐB,00782
2026-04-30,MT,Đà Nẵng,1,73048
2026-04-30,MT,Đà Nẵng,2,11735
2026-04-30,MT,Đà Nẵng,3,31003 - 90717 - 23576 - 21536 - 51230 - 86438
2026-04-30,MT,Đà Nẵng,4,05053 - 33656 - 94747 - 13490 - 58073 - 01677
2026-04-30,MT,Đà Nẵng,5,20317 - 55671 - 01160
2026-04-30,MT,Đà Nẵng,6,36889 - 00109 - 60560
2026-04-30,MT,Đà Nẵng,7,93463 - 13621 - 08165 - 64117
2026-04-30,MT,Đà Nẵng,8,36918
2026-04-30,MT,Khánh Hòa,ĐB,86280
2026-04-30,MT,Khánh Hòa,1,54711
2026-04-30,MT,Khánh Hòa,2,45807
2026-04-30,MT,Khánh Hòa,3,03984 - 04760 - 84297 - 08194 - 51344 - 89602
2026-04-30,MT,Khánh Hòa,4,92123 - 82327 - 25780 - 58147 - 12772 - 83858
2026-04-30,MT,Khánh Hòa,5,33357 - 19084 - 33884
2026-04-30,MT,Khánh Hòa,6,19586 - 82101 - 42420
2026-04-30,MT,Khánh Hòa,7,09375 - 69419 - 87259 - 07466
2026-04-30,MT,Khánh Hòa,8,17423
2026-04-30,MN,TP. HCM,ĐB,04438
2026-04-30,MN,TP. HCM,1,88071
2026-04-30,MN,TP. HCM,2,37788
2026-04-30,MN,TP. HCM,3,21904 - 30908 - 54520 - 07686 - 28456 - 15351
2026-04-30,MN,TP. HCM,4,95748 - 32965 - 37649 - 42710 - 18920 - 08203
2026-04-30,MN,TP. HCM,5,96969 - 89022 - 64446
2026-04-30,MN,TP. HCM,6,10944 - 77148 - 51942
2026-04-30,MN,TP. HCM,7,43161 - 00453 - 90809 - 54778
2026-04-30,MN,TP. HCM,8,08789
2026-04-30,MN,Đồng Tháp,ĐB,39515
2026-04-30,MN,Đồng Tháp,1,38317
2026-04-30,MN,Đồng Tháp,2,06188
2026-04-30,MN,Đồng Tháp,3,38577 - 30795 - 64332 - 15661 - 80591 - 04255
2026-04-30,MN,Đồng Tháp,4,04307 - 45787 - 25206 - 14402 - 08927 - 49560
2026-04-30,MN,Đồng Tháp,5,26253 - 82908 - 44031
2026-04-30,MN,Đồng Tháp,6,19217 - 00109 - 04839
2026-04-30,MN,Đồng Tháp,7,37186 - 83902 - 31580 - 63050
2026-04-30,MN,Đồng Tháp,8,91230
2026-04-30,MN,Cà Mau,ĐB,61253
2026-04-30,MN,Cà Mau,1,39088
2026-04-30,MN,Cà Mau,2,35910
2026-04-30,MN,Cà Mau,3,97723 - 15725 - 93110 - 03161 - 35267 - 47382
2026-04-30,MN,Cà Mau,4,53213 - 54783 - 48466 - 42091 - 65894 - 71112
2026-04-30,MN,Cà Mau,5,07269 - 27273 - 72024
2026-04-30,MN,Cà Mau,6,95146 - 47645 - 64765
2026-04-30,MN,Cà Mau,7,84458 - 55292 - 51249 - 52691
2026-04-30,MN,Cà Mau,8,32233
2026-05-01,MB,Hà Nội,ĐB,76867
2026-05-01,MB,Hà Nội,1,61892
2026-05-01,MB,Hà Nội,2,08242
2026-05-01,MB,Hà Nội,3,17247 - 02266 - 00951 - 96801 - 33808 - 46320
2026-05-01,MB,Hà Nội,4,76200 - 95840 - 99176 - 55261 - 13453 - 30703
2026-05-01,MB,Hà Nội,5,89882 - 59676 - 37386
2026-05-01,MB,Hà Nội,6,03726 - 77024 - 80978
2026-05-01,MB,Hà Nội,7,89173 - 02973 - 54850 - 15857
2026-05-01,MT,Đà Nẵng,ĐB,70286
2026-05-01,MT,Đà Nẵng,1,39423
2026-05-01,MT,Đà Nẵng,2,55372
2026-05-01,MT,Đà Nẵng,3,37908 - 99816 - 16748 - 26029 - 24119 - 70515
2026-05-01,MT,Đà Nẵng,4,63469 - 08914 - 91162 - 36173 - 97995 - 90041
2026-05-01,MT,Đà Nẵng,5,91146 - 60677 - 25175
2026-05-01,MT,Đà Nẵng,6,61667 - 45485 - 78895
2026-05-01,MT,Đà Nẵng,7,96732 - 56085 - 06032 - 83849
2026-05-01,MT,Đà Nẵng,8,77027
2026-05-01,MT,Khánh Hòa,ĐB,00994
2026-05-01,MT,Khánh Hòa,1,63157
2026-05-01,MT,Khánh Hòa,2,91908
2026-05-01,MT,Khánh Hòa,3,40549 - 39158 - 59163 - 28867 - 62169 - 61680
2026-05-01,MT,Khánh Hòa,4,17947 - 24150 - 93672 - 96804 - 38091 - 12619
2026-05-01,MT,Khánh Hòa,5,47221 - 09237 - 03850
2026-05-01,MT,Khánh Hòa,6,07261 - 32301 - 31594
2026-05-01,MT,Khánh Hòa,7,05373 - 38045 - 10332 - 26756
2026-05-01,MT,Khánh Hòa,8,04242
2026-05-01,MN,TP. HCM,ĐB,31936
2026-05-01,MN,TP. HCM,1,27222
2026-05-01,MN,TP. HCM,2,40726
2026-05-01,MN,TP. HCM,3,97040 - 17386 - 24387 - 08846 - 74336 - 28661
2026-05-01,MN,TP. HCM,4,09687 - 09909 - 52586 - 76889 - 84603 - 11618
2026-05-01,MN,TP. HCM,5,62766 - 75431 - 75082
2026-05-01,MN,TP. HCM,6,48590 - 93826 - 96173
2026-05-01,MN,TP. HCM,7,37656 - 23381 - 03126 - 04141
2026-05-01,MN,TP. HCM,8,46968
2026-05-01,MN,Đồng Tháp,ĐB,42603
2026-05-01,MN,Đồng Tháp,1,11357
2026-05-01,MN,Đồng Tháp,2,05650
2026-05-01,MN,Đồng Tháp,3,07741 - 37532 - 58918 - 26582 - 64756 - 89111
2026-05-01,MN,Đồng Tháp,4,83708 - 97621 - 80874 - 52060 - 76587 - 71464
2026-05-01,MN,Đồng Tháp,5,47404 - 51651 - 57291
2026-05-01,MN,Đồng Tháp,6,05701 - 91169 - 35527
2026-05-01,MN,Đồng Tháp,7,51262 - 16583 - 21217 - 16468
2026-05-01,MN,Đồng Tháp,8,55022
2026-05-01,MN,Cà Mau,ĐB,04431
2026-05-01,MN,Cà Mau,1,61494
2026-05-01,MN,Cà Mau,2,86233
2026-05-01,MN,Cà Mau,3,99239 - 53849 - 35084 - 27369 - 00992 - 51166
2026-05-01,MN,Cà Mau,4,37220 - 08110 - 06649 - 89043 - 18912 - 27063
2026-05-01,MN,Cà Mau,5,57012 - 20141 - 96037
2026-05-01,MN,Cà Mau,6,31408 - 62812 - 02810
2026-05-01,MN,Cà Mau,7,54294 - 01615 - 46738 - 74670
2026-05-01,MN,Cà Mau,8,84558
2026-05-02,MB,Hà Nội,ĐB,56083
2026-05-02,MB,Hà Nội,1,84652
2026-05-02,MB,Hà Nội,2,80389
2026-05-02,MB,Hà Nội,3,62306 - 32084 - 55557 - 17824 - 82779 - 01435
2026-05-02,MB,Hà Nội,4,51366 - 84104 - 92216 - 34407 - 09360 - 27732
2026-05-02,MB,Hà Nội,5,38661 - 94323 - 55766
2026-05-02,MB,Hà Nội,6,44981 - 94502 - 75264
2026-05-02,MB,Hà Nội,7,96055 - 00657 - 92019 - 56905
2026-05-02,MT,Đà Nẵng,ĐB,27613
2026-05-02,MT,Đà Nẵng,1,27129
2026-05-02,MT,Đà Nẵng,2,33440
2026-05-02,MT,Đà Nẵng,3,88453 - 11306 - 11485 - 07105 - 61988 - 97075
2026-05-02,MT,Đà Nẵng,4,56915 - 41009 - 56147 - 13740 - 70547 - 45358
2026-05-02,MT,Đà Nẵng,5,36891 - 28640 - 81228
2026-05-02,MT,Đà Nẵng,6,65159 - 63570 - 12053
2026-05-02,MT,Đà Nẵng,7,58104 - 22514 - 00324 - 17387
2026-05-02,MT,Đà Nẵng,8,81422
2026-05-02,MT,Khánh Hòa,ĐB,09709
2026-05-02,MT,Khánh Hòa,1,93350
2026-05-02,MT,Khánh Hòa,2,59866
2026-05-02,MT,Khánh Hòa,3,48733 - 19446 - 69614 - 88209 - 76460 - 16139
2026-05-02,MT,Khánh Hòa,4,05137 - 81306 - 08691 - 59152 - 09164 - 56541
2026-05-02,MT,Khánh Hòa,5,19549 - 69632 - 21000
2026-05-02,MT,Khánh Hòa,6,21961 - 26828 - 62359
2026-05-02,MT,Khánh Hòa,7,59472 - 67169 - 93562 - 57205
2026-05-02,MT,Khánh Hòa,8,70989
2026-05-02,MN,TP. HCM,ĐB,47373
2026-05-02,MN,TP. HCM,1,16297
2026-05-02,MN,TP. HCM,2,56385
2026-05-02,MN,TP. HCM,3,52481 - 62914 - 34760 - 74154 - 14836 - 12073
2026-05-02,MN,TP. HCM,4,42205 - 97968 - 35121 - 49161 - 28645 - 90162
2026-05-02,MN,TP. HCM,5,40159 - 09241 - 09489
2026-05-02,MN,TP. HCM,6,66438 - 77430 - 83130
2026-05-02,MN,TP. HCM,7,02008 - 44125 - 39699 - 29095
2026-05-02,MN,TP. HCM,8,86627
2026-05-02,MN,Đồng Tháp,ĐB,26327
2026-05-02,MN,Đồng Tháp,1,72905
2026-05-02,MN,Đồng Tháp,2,84186
2026-05-02,MN,Đồng Tháp,3,04604 - 67435 - 14921 - 80729 - 97528 - 78658
2026-05-02,MN,Đồng Tháp,4,82028 - 34926 - 87967 - 55422 - 45715 - 75470
2026-05-02,MN,Đồng Tháp,5,93482 - 23191 - 82715
2026-05-02,MN,Đồng Tháp,6,89866 - 72228 - 01362
2026-05-02,MN,Đồng Tháp,7,00787 - 28841 - 27714 - 15914
2026-05-02,MN,Đồng Tháp,8,14425
2026-05-02,MN,Cà Mau,ĐB,06186
2026-05-02,MN,Cà Mau,1,97302
2026-05-02,MN,Cà Mau,2,32087
2026-05-02,MN,Cà Mau,3,29307 - 33787 - 60345 - 14886 - 07306 - 75288
2026-05-02,MN,Cà Mau,4,05676 - 41005 - 25693 - 19862 - 98969 - 21020
2026-05-02,MN,Cà Mau,5,82947 - 10601 - 26909
2026-05-02,MN,Cà Mau,6,17689 - 43217 - 54824
2026-05-02,MN,Cà Mau,7,80366 - 02550 - 41723 - 17932
2026-05-02,MN,Cà Mau,8,30054
2026-05-03,MB,Hà Nội,ĐB,25976
2026-05-03,MB,Hà Nội,1,67125
2026-05-03,MB,Hà Nội,2,18641
2026-05-03,MB,Hà Nội,3,71313 - 01566 - 61234 - 60323 - 39843 - 72069
2026-05-03,MB,Hà Nội,4,85051 - 52893 - 45101 - 60242 - 79642 - 92085
2026-05-03,MB,Hà Nội,5,63169 - 60801 - 18363
2026-05-03,MB,Hà Nội,6,05970 - 94761 - 25016
2026-05-03,MB,Hà Nội,7,96048 - 38398 - 03332 - 91814
2026-05-03,MT,Đà Nẵng,ĐB,61911
2026-05-03,MT,Đà Nẵng,1,27706
2026-05-03,MT,Đà Nẵng,2,77363
2026-05-03,MT,Đà Nẵng,3,73698 - 14881 - 90276 - 27009 - 69727 - 90235
2026-05-03,MT,Đà Nẵng,4,37975 - 61357 - 46930 - 35276 - 19336 - 75745
2026-05-03,MT,Đà Nẵng,5,25832 - 32844 - 65131
2026-05-03,MT,Đà Nẵng,6,44461 - 43491 - 51814
2026-05-03,MT,Đà Nẵng,7,60993 - 35501 - 38699 - 03867
2026-05-03,MT,Đà Nẵng,8,35432
2026-05-03,MT,Khánh Hòa,ĐB,04301
2026-05-03,MT,Khánh Hòa,1,11213
2026-05-03,MT,Khánh Hòa,2,78470
2026-05-03,MT,Khánh Hòa,3,58180 - 56235 - 46757 - 97243 - 62277 - 34317
2026-05-03,MT,Khánh Hòa,4,42400 - 43416 - 26888 - 15433 - 14465 - 54978
2026-05-03,MT,Khánh Hòa,5,09103 - 18184 - 61814
2026-05-03,MT,Khánh Hòa,6,71543 - 26405 - 60720
2026-05-03,MT,Khánh Hòa,7,59293 - 72186 - 57730 - 98557
2026-05-03,MT,Khánh Hòa,8,14627
2026-05-03,MN,TP. HCM,ĐB,33931
2026-05-03,MN,TP. HCM,1,90621
2026-05-03,MN,TP. HCM,2,84443
2026-05-03,MN,TP. HCM,3,82864 - 70214 - 26250 - 46829 - 97783 - 37900
2026-05-03,MN,TP. HCM,4,24401 - 83728 - 25697 - 81448 - 77159 - 28370
2026-05-03,MN,TP. HCM,5,50036 - 35387 - 58897
2026-05-03,MN,TP. HCM,6,48252 - 06331 - 61910
2026-05-03,MN,TP. HCM,7,64773 - 89995 - 00747 - 01601
2026-05-03,MN,TP. HCM,8,21248
2026-05-03,MN,Đồng Tháp,ĐB,16273
2026-05-03,MN,Đồng Tháp,1,59060
2026-05-03,MN,Đồng Tháp,2,36293
2026-05-03,MN,Đồng Tháp,3,40800 - 06627 - 55386 - 56778 - 38567 - 71104
2026-05-03,MN,Đồng Tháp,4,98173 - 74922 - 49865 - 68888 - 85335 - 51585
2026-05-03,MN,Đồng Tháp,5,55001 - 82197 - 23535
2026-05-03,MN,Đồng Tháp,6,55218 - 82919 - 55502
2026-05-03,MN,Đồng Tháp,7,38762 - 55755 - 61046 - 14512
2026-05-03,MN,Đồng Tháp,8,39449
2026-05-03,MN,Cà Mau,ĐB,51325
2026-05-03,MN,Cà Mau,1,94955
2026-05-03,MN,Cà Mau,2,28728
2026-05-03,MN,Cà Mau,3,02924 - 31342 - 59907 - 84878 - 05878 - 73704
2026-05-03,MN,Cà Mau,4,27189 - 54581 - 84057 - 94280 - 61039 - 88588
2026-05-03,MN,Cà Mau,5,28463 - 58559 - 27026
2026-05-03,MN,Cà Mau,6,45747 - 81751 - 08739
2026-05-03,MN,Cà Mau,7,59845 - 93627 - 73468 - 23035
2026-05-03,MN,Cà Mau,8,24765
2026-05-04,MB,Hà Nội,ĐB,12024
2026-05-04,MB,Hà Nội,1,44786
2026-05-04,MB,Hà Nội,2,30683
2026-05-04,MB,Hà Nội,3,60320 - 11502 - 07934 - 68934 - 46000 - 89081
2026-05-04,MB,Hà Nội,4,00478 - 56170 - 62816 - 77558 - 37699 - 46400
2026-05-04,MB,Hà Nội,5,76261 - 33784 - 83203
2026-05-04,MB,Hà Nội,6,76102 - 15470 - 50122
2026-05-04,MB,Hà Nội,7,57726 - 92586 - 90009 - 11863
2026-05-04,MT,Đà Nẵng,ĐB,91679
2026-05-04,MT,Đà Nẵng,1,72995
2026-05-04,MT,Đà Nẵng,2,81568
2026-05-04,MT,Đà Nẵng,3,42415 - 27834 - 93735 - 43352 - 47132 - 58061
2026-05-04,MT,Đà Nẵng,4,38412 - 12395 - 47143 - 39559 - 41649 - 73509
2026-05-04,MT,Đà Nẵng,5,56487 - 11072 - 30562
2026-05-04,MT,Đà Nẵng,6,48766 - 36489 - 10384
2026-05-04,MT,Đà Nẵng,7,02641 - 04284 - 61916 - 00770
2026-05-04,MT,Đà Nẵng,8,43980
2026-05-04,MT,Khánh Hòa,ĐB,37867
2026-05-04,MT,Khánh Hòa,1,70654
2026-05-04,MT,Khánh Hòa,2,57520
2026-05-04,MT,Khánh Hòa,3,72326 - 40342 - 91990 - 77839 - 97442 - 38166
2026-05-04,MT,Khánh Hòa,4,46431 - 34805 - 12387 - 37412 - 18965 - 41139
2026-05-04,MT,Khánh Hòa,5,57867 - 73108 - 76389
2026-05-04,MT,Khánh Hòa,6,53517 - 44630 - 46188
2026-05-04,MT,Khánh Hòa,7,97617 - 36505 - 09756 - 66963
2026-05-04,MT,Khánh Hòa,8,27308
2026-05-04,MN,TP. HCM,ĐB,80650
2026-05-04,MN,TP. HCM,1,69508
2026-05-04,MN,TP. HCM,2,20551
2026-05-04,MN,TP. HCM,3,30153 - 93377 - 16349 - 53632 - 53549 - 11986
2026-05-04,MN,TP. HCM,4,78815 - 34732 - 00857 - 32969 - 91851 - 16784
2026-05-04,MN,TP. HCM,5,55021 - 44688 - 29397
2026-05-04,MN,TP. HCM,6,10658 - 45833 - 05025
2026-05-04,MN,TP. HCM,7,26585 - 12052 - 59474 - 48639
2026-05-04,MN,TP. HCM,8,59807
2026-05-04,MN,Đồng Tháp,ĐB,13925
2026-05-04,MN,Đồng Tháp,1,96793
2026-05-04,MN,Đồng Tháp,2,97494
2026-05-04,MN,Đồng Tháp,3,75485 - 49555 - 64469 - 38571 - 00872 - 34423
2026-05-04,MN,Đồng Tháp,4,55077 - 64188 - 48881 - 68868 - 89750 - 30628
2026-05-04,MN,Đồng Tháp,5,73799 - 25380 - 53354
2026-05-04,MN,Đồng Tháp,6,79630 - 53662 - 27111
2026-05-04,MN,Đồng Tháp,7,63736 - 52730 - 30638 - 56010
2026-05-04,MN,Đồng Tháp,8,02550
2026-05-04,MN,Cà Mau,ĐB,78632
2026-05-04,MN,Cà Mau,1,37694
2026-05-04,MN,Cà Mau,2,25379
2026-05-04,MN,Cà Mau,3,97802 - 14136 - 03175 - 86828 - 06365 - 25093
2026-05-04,MN,Cà Mau,4,79722 - 68227 - 28798 - 08474 - 90912 - 64615
2026-05-04,MN,Cà Mau,5,33878 - 22942 - 71359
2026-05-04,MN,Cà Mau,6,84611 - 63273 - 83256
2026-05-04,MN,Cà Mau,7,62672 - 24999 - 85510 - 01485
2026-05-04,MN,Cà Mau,8,24205
2026-05-05,MB,Hà Nội,ĐB,88654
2026-05-05,MB,Hà Nội,1,98071
2026-05-05,MB,Hà Nội,2,46225
2026-05-05,MB,Hà Nội,3,78324 - 45166 - 77757 - 59595 - 31231 - 31053
2026-05-05,MB,Hà Nội,4,13631 - 38765 - 63737 - 68727 - 15156 - 71904
2026-05-05,MB,Hà Nội,5,38404 - 13698 - 38573
2026-05-05,MB,Hà Nội,6,60086 - 84529 - 74746
2026-05-05,MB,Hà Nội,7,27423 - 50666 - 78318 - 13455
2026-05-05,MT,Đà Nẵng,ĐB,06932
2026-05-05,MT,Đà Nẵng,1,27624
2026-05-05,MT,Đà Nẵng,2,56457
2026-05-05,MT,Đà Nẵng,3,92262 - 36836 - 20426 - 33327 - 80300 - 17759
2026-05-05,MT,Đà Nẵng,4,23968 - 33134 - 72574 - 12897 - 77826 - 20013
2026-05-05,MT,Đà Nẵng,5,11486 - 60409 - 96316
2026-05-05,MT,Đà Nẵng,6,77657 - 38538 - 26813
2026-05-05,MT,Đà Nẵng,7,74882 - 56087 - 27696 - 00777
2026-05-05,MT,Đà Nẵng,8,84496
2026-05-05,MT,Khánh Hòa,ĐB,20698
2026-05-05,MT,Khánh Hòa,1,89014
2026-05-05,MT,Khánh Hòa,2,99596
2026-05-05,MT,Khánh Hòa,3,24877 - 90350 - 11923 - 49741 - 85560 - 09650
2026-05-05,MT,Khánh Hòa,4,42767 - 49265 - 07785 - 83567 - 61573 - 68047
2026-05-05,MT,Khánh Hòa,5,28898 - 62573 - 78986
2026-05-05,MT,Khánh Hòa,6,06266 - 12523 - 97145
2026-05-05,MT,Khánh Hòa,7,38080 - 44326 - 42400 - 15272
2026-05-05,MT,Khánh Hòa,8,41123
2026-05-05,MN,TP. HCM,ĐB,29255
2026-05-05,MN,TP. HCM,1,99103
2026-05-05,MN,TP. HCM,2,57640
2026-05-05,MN,TP. HCM,3,55679 - 81134 - 75644 - 02042 - 89186 - 75655
2026-05-05,MN,TP. HCM,4,97572 - 41528 - 48630 - 86403 - 10462 - 76026
2026-05-05,MN,TP. HCM,5,17647 - 64185 - 94937
2026-05-05,MN,TP. HCM,6,80693 - 03867 - 65890
2026-05-05,MN,TP. HCM,7,86835 - 50699 - 18465 - 92920
2026-05-05,MN,TP. HCM,8,29443
2026-05-05,MN,Đồng Tháp,ĐB,21602
2026-05-05,MN,Đồng Tháp,1,76391
2026-05-05,MN,Đồng Tháp,2,19462
2026-05-05,MN,Đồng Tháp,3,10471 - 88495 - 46905 - 73620 - 62892 - 24060
2026-05-05,MN,Đồng Tháp,4,87178 - 38168 - 15346 - 23848 - 46391 - 55500
2026-05-05,MN,Đồng Tháp,5,12598 - 57361 - 72731
2026-05-05,MN,Đồng Tháp,6,47474 - 11385 - 15261
2026-05-05,MN,Đồng Tháp,7,18535 - 18826 - 41885 - 92924
2026-05-05,MN,Đồng Tháp,8,97739
2026-05-05,MN,Cà Mau,ĐB,83256
2026-05-05,MN,Cà Mau,1,33900
2026-05-05,MN,Cà Mau,2,88034
2026-05-05,MN,Cà Mau,3,36575 - 13323 - 69843 - 58169 - 30554 - 19091
2026-05-05,MN,Cà Mau,4,69798 - 35486 - 03166 - 76594 - 50697 - 13871
2026-05-05,MN,Cà Mau,5,06495 - 20687 - 06591
2026-05-05,MN,Cà Mau,6,40995 - 44827 - 60271
2026-05-05,MN,Cà Mau,7,90202 - 67928 - 46472 - 75418
2026-05-05,MN,Cà Mau,8,94346
2026-05-06,MB,Hà Nội,ĐB,06264
2026-05-06,MB,Hà Nội,1,47104
2026-05-06,MB,Hà Nội,2,41394
2026-05-06,MB,Hà Nội,3,52730 - 71968 - 87275 - 94246 - 65115 - 77704
2026-05-06,MB,Hà Nội,4,06629 - 37567 - 42969 - 86285 - 84156 - 03276
2026-05-06,MB,Hà Nội,5,12099 - 85221 - 06153
2026-05-06,MB,Hà Nội,6,86438 - 26204 - 47119
2026-05-06,MB,Hà Nội,7,57291 - 45788 - 17953 - 37198
2026-05-06,MT,Đà Nẵng,ĐB,98940
2026-05-06,MT,Đà Nẵng,1,68721
2026-05-06,MT,Đà Nẵng,2,13367
2026-05-06,MT,Đà Nẵng,3,94015 - 28570 - 66513 - 27154 - 88206 - 86650
2026-05-06,MT,Đà Nẵng,4,81117 - 60944 - 02746 - 78172 - 69995 - 92894
2026-05-06,MT,Đà Nẵng,5,41436 - 36937 - 13790
2026-05-06,MT,Đà Nẵng,6,57277 - 65376 - 10731
2026-05-06,MT,Đà Nẵng,7,94179 - 59850 - 18325 - 09855
2026-05-06,MT,Đà Nẵng,8,21914
2026-05-06,MT,Khánh Hòa,ĐB,86253
2026-05-06,MT,Khánh Hòa,1,44128
2026-05-06,MT,Khánh Hòa,2,40711
2026-05-06,MT,Khánh Hòa,3,49957 - 60429 - 58793 - 21684 - 29160 - 01046
2026-05-06,MT,Khánh Hòa,4,60401 - 51325 - 91976 - 21883 - 15515 - 12754
2026-05-06,MT,Khánh Hòa,5,77020 - 87056 - 23162
2026-05-06,MT,Khánh Hòa,6,76527 - 41054 - 95480
2026-05-06,MT,Khánh Hòa,7,04323 - 38124 - 78384 - 69427
2026-05-06,MT,Khánh Hòa,8,36712
2026-05-06,MN,TP. HCM,ĐB,88554
2026-05-06,MN,TP. HCM,1,67653
2026-05-06,MN,TP. HCM,2,37403
2026-05-06,MN,TP. HCM,3,57992 - 13178 - 26558 - 64960 - 16555 - 59261
2026-05-06,MN,TP. HCM,4,47860 - 75913 - 26670 - 87381 - 95853 - 30604
2026-05-06,MN,TP. HCM,5,32471 - 87368 - 40748
2026-05-06,MN,TP. HCM,6,66329 - 48689 - 86724
2026-05-06,MN,TP. HCM,7,26481 - 94061 - 53631 - 41936
2026-05-06,MN,TP. HCM,8,87904
2026-05-06,MN,Đồng Tháp,ĐB,82292
2026-05-06,MN,Đồng Tháp,1,71015
2026-05-06,MN,Đồng Tháp,2,57604
2026-05-06,MN,Đồng Tháp,3,21386 - 50688 - 01541 - 54435 - 44871 - 69319
2026-05-06,MN,Đồng Tháp,4,42399 - 53846 - 13207 - 57648 - 63468 - 52906
2026-05-06,MN,Đồng Tháp,5,28736 - 52246 - 53116
2026-05-06,MN,Đồng Tháp,6,82181 - 43791 - 37322
2026-05-06,MN,Đồng Tháp,7,23448 - 42408 - 03541 - 01919
2026-05-06,MN,Đồng Tháp,8,39698
2026-05-06,MN,Cà Mau,ĐB,72433
2026-05-06,MN,Cà Mau,1,63402
2026-05-06,MN,Cà Mau,2,90054
2026-05-06,MN,Cà Mau,3,62195 - 90943 - 56389 - 53588 - 65083 - 53237
2026-05-06,MN,Cà Mau,4,27987 - 52825 - 11417 - 95665 - 33493 - 18978
2026-05-06,MN,Cà Mau,5,66053 - 11444 - 69292
2026-05-06,MN,Cà Mau,6,37764 - 80541 - 01414
2026-05-06,MN,Cà Mau,7,39631 - 30114 - 88598 - 89456
2026-05-06,MN,Cà Mau,8,63111
2026-05-07,MB,Hà Nội,ĐB,90652
2026-05-07,MB,Hà Nội,1,69527
2026-05-07,MB,Hà Nội,2,80160
2026-05-07,MB,Hà Nội,3,45014 - 45072 - 93136 - 76542 - 37214 - 67391
2026-05-07,MB,Hà Nội,4,81122 - 42898 - 42302 - 50817 - 95960 - 54838
2026-05-07,MB,Hà Nội,5,64113 - 92407 - 12031
2026-05-07,MB,Hà Nội,6,56562 - 11317 - 42126
2026-05-07,MB,Hà Nội,7,38649 - 61675 - 40088 - 14956
2026-05-07,MT,Đà Nẵng,ĐB,48404
2026-05-07,MT,Đà Nẵng,1,89206
2026-05-07,MT,Đà Nẵng,2,04656
2026-05-07,MT,Đà Nẵng,3,33139 - 77119 - 73161 - 83698 - 07049 - 32667
2026-05-07,MT,Đà Nẵng,4,48245 - 45018 - 02405 - 50377 - 92198 - 77904
2026-05-07,MT,Đà Nẵng,5,22135 - 26394 - 26901
2026-05-07,MT,Đà Nẵng,6,54250 - 01727 - 11900
2026-05-07,MT,Đà Nẵng,7,28170 - 82264 - 02001 - 67461
2026-05-07,MT,Đà Nẵng,8,10547
2026-05-07,MT,Khánh Hòa,ĐB,34504
2026-05-07,MT,Khánh Hòa,1,47594
2026-05-07,MT,Khánh Hòa,2,34646
2026-05-07,MT,Khánh Hòa,3,72819 - 24700 - 77534 - 60288 - 61004 - 01881
2026-05-07,MT,Khánh Hòa,4,98318 - 70071 - 19079 - 16319 - 99763 - 40454
2026-05-07,MT,Khánh Hòa,5,02949 - 79233 - 60770
2026-05-07,MT,Khánh Hòa,6,20431 - 29951 - 29991
2026-05-07,MT,Khánh Hòa,7,80249 - 21537 - 74622 - 43264
2026-05-07,MT,Khánh Hòa,8,40375
2026-05-07,MN,TP. HCM,ĐB,47442
2026-05-07,MN,TP. HCM,1,91204
2026-05-07,MN,TP. HCM,2,07666
2026-05-07,MN,TP. HCM,3,80589 - 75116 - 63294 - 90240 - 55800 - 45973
2026-05-07,MN,TP. HCM,4,49312 - 38576 - 43939 - 75303 - 29157 - 55481
2026-05-07,MN,TP. HCM,5,97158 - 97042 - 24646
2026-05-07,MN,TP. HCM,6,42443 - 86656 - 05884
2026-05-07,MN,TP. HCM,7,73491 - 98257 - 10592 - 39574
2026-05-07,MN,TP. HCM,8,20073
2026-05-07,MN,Đồng Tháp,ĐB,87937
2026-05-07,MN,Đồng Tháp,1,87861
2026-05-07,MN,Đồng Tháp,2,87608
2026-05-07,MN,Đồng Tháp,3,55418 - 51536 - 41273 - 96214 - 73475 - 54826
2026-05-07,MN,Đồng Tháp,4,67881 - 90138 - 98025 - 30527 - 03105 - 11673
2026-05-07,MN,Đồng Tháp,5,66050 - 21608 - 24127
2026-05-07,MN,Đồng Tháp,6,13506 - 37981 - 82079
2026-05-07,MN,Đồng Tháp,7,19092 - 65316 - 87179 - 78462
2026-05-07,MN,Đồng Tháp,8,65296
2026-05-07,MN,Cà Mau,ĐB,38486
2026-05-07,MN,Cà Mau,1,55140
2026-05-07,MN,Cà Mau,2,58975
2026-05-07,MN,Cà Mau,3,50069 - 47039 - 83917 - 35513 - 83529 - 34276
2026-05-07,MN,Cà Mau,4,63858 - 07905 - 85716 - 42213 - 82760 - 91659
2026-05-07,MN,Cà Mau,5,43419 - 22891 - 11434
2026-05-07,MN,Cà Mau,6,00849 - 25187 - 44771
2026-05-07,MN,Cà Mau,7,28102 - 12217 - 29565 - 74586
2026-05-07,MN,Cà Mau,8,89900
2026-05-08,MB,Hà Nội,ĐB,66883
2026-05-08,MB,Hà Nội,1,27641
2026-05-08,MB,Hà Nội,2,92358
2026-05-08,MB,Hà Nội,3,26766 - 98803 - 51149 - 74239 - 79452 - 03645
2026-05-08,MB,Hà Nội,4,01489 - 16518 - 08494 - 82654 - 52318 - 65787
2026-05-08,MB,Hà Nội,5,22655 - 55341 - 71838
2026-05-08,MB,Hà Nội,6,49404 - 67655 - 97621
2026-05-08,MB,Hà Nội,7,97587 - 52508 - 97381 - 78617
2026-05-08,MT,Đà Nẵng,ĐB,26086
2026-05-08,MT,Đà Nẵng,1,90697
2026-05-08,MT,Đà Nẵng,2,35261
2026-05-08,MT,Đà Nẵng,3,63850 - 85613 - 32967 - 62474 - 88617 - 98664
2026-05-08,MT,Đà Nẵng,4,66764 - 58075 - 99816 - 05990 - 07499 - 73722
2026-05-08,MT,Đà Nẵng,5,31946 - 10698 - 12178
2026-05-08,MT,Đà Nẵng,6,96507 - 00964 - 71683
2026-05-08,MT,Đà Nẵng,7,76254 - 02280 - 41110 - 23189
2026-05-08,MT,Đà Nẵng,8,68616
2026-05-08,MT,Khánh Hòa,ĐB,13503
2026-05-08,MT,Khánh Hòa,1,01675
2026-05-08,MT,Khánh Hòa,2,11714
2026-05-08,MT,Khánh Hòa,3,65711 - 53617 - 55682 - 77608 - 05210 - 49601
2026-05-08,MT,Khánh Hòa,4,27999 - 90105 - 36832 - 10428 - 91173 - 91234
2026-05-08,MT,Khánh Hòa,5,64038 - 43541 - 12429
2026-05-08,MT,Khánh Hòa,6,78737 - 14839 - 85602
2026-05-08,MT,Khánh Hòa,7,65390 - 55520 - 31034 - 71123
2026-05-08,MT,Khánh Hòa,8,86096
2026-05-08,MN,TP. HCM,ĐB,35557
2026-05-08,MN,TP. HCM,1,17136
2026-05-08,MN,TP. HCM,2,92865
2026-05-08,MN,TP. HCM,3,56687 - 47375 - 20621 - 47935 - 30391 - 35093
2026-05-08,MN,TP. HCM,4,04618 - 01256 - 22330 - 02712 - 13529 - 69472
2026-05-08,MN,TP. HCM,5,89009 - 79121 - 75688
2026-05-08,MN,TP. HCM,6,43127 - 43646 - 96904
2026-05-08,MN,TP. HCM,7,07713 - 99074 - 27853 - 60853
2026-05-08,MN,TP. HCM,8,88480
2026-05-08,MN,Đồng Tháp,ĐB,23616
2026-05-08,MN,Đồng Tháp,1,16864
2026-05-08,MN,Đồng Tháp,2,04648
2026-05-08,MN,Đồng Tháp,3,49411 - 27838 - 96582 - 98068 - 27143 - 15046
2026-05-08,MN,Đồng Tháp,4,91903 - 09835 - 55343 - 23295 - 73526 - 65574
2026-05-08,MN,Đồng Tháp,5,65801 - 85318 - 07599
2026-05-08,MN,Đồng Tháp,6,64712 - 54720 - 53388
2026-05-08,MN,Đồng Tháp,7,56893 - 06385 - 51416 - 11138
2026-05-08,MN,Đồng Tháp,8,27984
2026-05-08,MN,Cà Mau,ĐB,94036
2026-05-08,MN,Cà Mau,1,14475
2026-05-08,MN,Cà Mau,2,24737
2026-05-08,MN,Cà Mau,3,77266 - 82156 - 87965 - 60806 - 18837 - 07045
2026-05-08,MN,Cà Mau,4,45061 - 07459 - 06534 - 97919 - 19945 - 80209
2026-05-08,MN,Cà Mau,5,65796 - 54099 - 07571
2026-05-08,MN,Cà Mau,6,79280 - 72881 - 30258
2026-05-08,MN,Cà Mau,7,60018 - 45071 - 35085 - 77564
2026-05-08,MN,Cà Mau,8,39013
2026-05-09,MB,Hà Nội,ĐB,36474
2026-05-09,MB,Hà Nội,1,37298
2026-05-09,MB,Hà Nội,2,36417
2026-05-09,MB,Hà Nội,3,16896 - 96776 - 34416 - 95723 - 14947 - 83466
2026-05-09,MB,Hà Nội,4,13227 - 35969 - 38246 - 89378 - 24878 - 43010
2026-05-09,MB,Hà Nội,5,24292 - 35389 - 41777
2026-05-09,MB,Hà Nội,6,25111 - 67664 - 58261
2026-05-09,MB,Hà Nội,7,88494 - 85313 - 04963 - 22232
2026-05-09,MT,Đà Nẵng,ĐB,46423
2026-05-09,MT,Đà Nẵng,1,37937
2026-05-09,MT,Đà Nẵng,2,44054
2026-05-09,MT,Đà Nẵng,3,83915 - 62048 - 72454 - 11473 - 32372 - 01113
2026-05-09,MT,Đà Nẵng,4,88562 - 09012 - 23821 - 24265 - 58552 - 35951
2026-05-09,MT,Đà Nẵng,5,66218 - 39532 - 68126
2026-05-09,MT,Đà Nẵng,6,64609 - 72499 - 98589
2026-05-09,MT,Đà Nẵng,7,41458 - 63951 - 33793 - 51919
2026-05-09,MT,Đà Nẵng,8,70492
2026-05-09,MT,Khánh Hòa,ĐB,46625
2026-05-09,MT,Khánh Hòa,1,68296
2026-05-09,MT,Khánh Hòa,2,36160
2026-05-09,MT,Khánh Hòa,3,19841 - 23789 - 36421 - 89101 - 27626 - 61663
2026-05-09,MT,Khánh Hòa,4,76946 - 28267 - 69974 - 48384 - 98978 - 19914
2026-05-09,MT,Khánh Hòa,5,69708 - 70064 - 70630
2026-05-09,MT,Khánh Hòa,6,11671 - 20403 - 68281
2026-05-09,MT,Khánh Hòa,7,90889 - 72638 - 35688 - 36430
2026-05-09,MT,Khánh Hòa,8,49008
2026-05-09,MN,TP. HCM,ĐB,55835
2026-05-09,MN,TP. HCM,1,58053
2026-05-09,MN,TP. HCM,2,09331
2026-05-09,MN,TP. HCM,3,95275 - 82345 - 68173 - 41407 - 71599 - 01457
2026-05-09,MN,TP. HCM,4,84978 - 58279 - 43082 - 04596 - 07578 - 51779
2026-05-09,MN,TP. HCM,5,16149 - 28390 - 69715
2026-05-09,MN,TP. HCM,6,59861 - 36491 - 06194
2026-05-09,MN,TP. HCM,7,00462 - 94345 - 62762 - 94293
2026-05-09,MN,TP. HCM,8,32134
2026-05-09,MN,Đồng Tháp,ĐB,73422
2026-05-09,MN,Đồng Tháp,1,96157
2026-05-09,MN,Đồng Tháp,2,88560
2026-05-09,MN,Đồng Tháp,3,70401 - 72072 - 86927 - 02000 - 29114 - 75235
2026-05-09,MN,Đồng Tháp,4,32582 - 49194 - 34032 - 38179 - 67570 - 93828
2026-05-09,MN,Đồng Tháp,5,81352 - 97589 - 93971
2026-05-09,MN,Đồng Tháp,6,95520 - 87690 - 25313
2026-05-09,MN,Đồng Tháp,7,66926 - 73300 - 11361 - 54645
2026-05-09,MN,Đồng Tháp,8,59855
2026-05-09,MN,Cà Mau,ĐB,24152
2026-05-09,MN,Cà Mau,1,58698
2026-05-09,MN,Cà Mau,2,48509
2026-05-09,MN,Cà Mau,3,94362 - 65472 - 80165 - 02499 - 19157 - 30087
2026-05-09,MN,Cà Mau,4,37334 - 17726 - 34233 - 43723 - 05302 - 83870
2026-05-09,MN,Cà Mau,5,72879 - 34347 - 46677
2026-05-09,MN,Cà Mau,6,96966 - 40097 - 87200
2026-05-09,MN,Cà Mau,7,98730 - 53112 - 40069 - 89576
2026-05-09,MN,Cà Mau,8,66051
2026-05-10,MB,Hà Nội,ĐB,34619
2026-05-10,MB,Hà Nội,1,77429
2026-05-10,MB,Hà Nội,2,23961
2026-05-10,MB,Hà Nội,3,96320 - 85684 - 86409 - 23215 - 35906 - 70417
2026-05-10,MB,Hà Nội,4,09447 - 92959 - 50821 - 13270 - 81568 - 29400
2026-05-10,MB,Hà Nội,5,62863 - 60807 - 27360
2026-05-10,MB,Hà Nội,6,49306 - 03899 - 03379
2026-05-10,MB,Hà Nội,7,89610 - 08955 - 00172 - 40842
2026-05-10,MT,Đà Nẵng,ĐB,17641
2026-05-10,MT,Đà Nẵng,1,02924
2026-05-10,MT,Đà Nẵng,2,73245
2026-05-10,MT,Đà Nẵng,3,43120 - 27355 - 63870 - 57289 - 90235 - 15843
2026-05-10,MT,Đà Nẵng,4,84855 - 17563 - 33076 - 41502 - 48488 - 85081
2026-05-10,MT,Đà Nẵng,5,96685 - 60614 - 34094
2026-05-10,MT,Đà Nẵng,6,68181 - 89807 - 70493
2026-05-10,MT,Đà Nẵng,7,44745 - 19519 - 12133 - 58994
2026-05-10,MT,Đà Nẵng,8,73618
2026-05-10,MT,Khánh Hòa,ĐB,83922
2026-05-10,MT,Khánh Hòa,1,55659
2026-05-10,MT,Khánh Hòa,2,81505
2026-05-10,MT,Khánh Hòa,3,15724 - 29492 - 58301 - 67632 - 40278 - 96137
2026-05-10,MT,Khánh Hòa,4,22784 - 55451 - 69339 - 03027 - 63260 - 33806
2026-05-10,MT,Khánh Hòa,5,33518 - 36775 - 33740
2026-05-10,MT,Khánh Hòa,6,58699 - 73526 - 11465
2026-05-10,MT,Khánh Hòa,7,60751 - 44472 - 26988 - 47505
2026-05-10,MT,Khánh Hòa,8,46804
2026-05-10,MN,TP. HCM,ĐB,47557
2026-05-10,MN,TP. HCM,1,79917
2026-05-10,MN,TP. HCM,2,73410
2026-05-10,MN,TP. HCM,3,12349 - 44867 - 59206 - 42138 - 31658 - 95748
2026-05-10,MN,TP. HCM,4,77816 - 58310 - 22961 - 04369 - 14650 - 34830
2026-05-10,MN,TP. HCM,5,54131 - 00530 - 40135
2026-05-10,MN,TP. HCM,6,51309 - 68861 - 71959
2026-05-10,MN,TP. HCM,7,07488 - 14182 - 64156 - 68051
2026-05-10,MN,TP. HCM,8,40187
2026-05-10,MN,Đồng Tháp,ĐB,23894
2026-05-10,MN,Đồng Tháp,1,90418
2026-05-10,MN,Đồng Tháp,2,69950
2026-05-10,MN,Đồng Tháp,3,19632 - 76274 - 95788 - 34441 - 76564 - 25333
2026-05-10,MN,Đồng Tháp,4,93633 - 99253 - 81704 - 28592 - 86587 - 83437
2026-05-10,MN,Đồng Tháp,5,00847 - 22563 - 17770
2026-05-10,MN,Đồng Tháp,6,83703 - 25763 - 83938
2026-05-10,MN,Đồng Tháp,7,67583 - 38131 - 21813 - 25675
2026-05-10,MN,Đồng Tháp,8,18533
2026-05-10,MN,Cà Mau,ĐB,64788
2026-05-10,MN,Cà Mau,1,75917
2026-05-10,MN,Cà Mau,2,89898
2026-05-10,MN,Cà Mau,3,60700 - 46443 - 23752 - 71333 - 88714 - 42629
2026-05-10,MN,Cà Mau,4,02610 - 17167 - 67654 - 61566 - 41591 - 34375
2026-05-10,MN,Cà Mau,5,31666 - 41378 - 26767
2026-05-10,MN,Cà Mau,6,36992 - 88583 - 86484
2026-05-10,MN,Cà Mau,7,20614 - 06221 - 35429 - 78463
2026-05-10,MN,Cà Mau,8,49911
2026-05-11,MB,Hà Nội,ĐB,62493
2026-05-11,MB,Hà Nội,1,07742
2026-05-11,MB,Hà Nội,2,45803
2026-05-11,MB,Hà Nội,3,53336 - 29866 - 62498 - 39568 - 47699 - 84948
2026-05-11,MB,Hà Nội,4,15510 - 17145 - 68170 - 54103 - 37212 - 07942
2026-05-11,MB,Hà Nội,5,19637 - 82742 - 02625
2026-05-11,MB,Hà Nội,6,38115 - 76703 - 93520
2026-05-11,MB,Hà Nội,7,68588 - 60758 - 97087 - 65308
2026-05-11,MT,Đà Nẵng,ĐB,55879
2026-05-11,MT,Đà Nẵng,1,13879
2026-05-11,MT,Đà Nẵng,2,70982
2026-05-11,MT,Đà Nẵng,3,05196 - 31655 - 19559 - 26654 - 33777 - 33244
2026-05-11,MT,Đà Nẵng,4,76657 - 42858 - 13480 - 05073 - 70743 - 53847
2026-05-11,MT,Đà Nẵng,5,23600 - 73073 - 01623
2026-05-11,MT,Đà Nẵng,6,44113 - 87516 - 29936
2026-05-11,MT,Đà Nẵng,7,59806 - 55577 - 15773 - 02506
2026-05-11,MT,Đà Nẵng,8,38183
2026-05-11,MT,Khánh Hòa,ĐB,15164
2026-05-11,MT,Khánh Hòa,1,02710
2026-05-11,MT,Khánh Hòa,2,35501
2026-05-11,MT,Khánh Hòa,3,13534 - 31648 - 12052 - 29873 - 47726 - 00262
2026-05-11,MT,Khánh Hòa,4,81816 - 00647 - 28720 - 95709 - 38105 - 73786
2026-05-11,MT,Khánh Hòa,5,85907 - 44280 - 98643
2026-05-11,MT,Khánh Hòa,6,48340 - 98418 - 96600
2026-05-11,MT,Khánh Hòa,7,16545 - 96108 - 58493 - 83563
2026-05-11,MT,Khánh Hòa,8,24027
2026-05-11,MN,TP. HCM,ĐB,93062
2026-05-11,MN,TP. HCM,1,59498
2026-05-11,MN,TP. HCM,2,29455
2026-05-11,MN,TP. HCM,3,07249 - 30776 - 10899 - 02736 - 07891 - 55941
2026-05-11,MN,TP. HCM,4,41526 - 17588 - 38600 - 47638 - 80802 - 82622
2026-05-11,MN,TP. HCM,5,19887 - 23709 - 57224
2026-05-11,MN,TP. HCM,6,85574 - 22617 - 40292
2026-05-11,MN,TP. HCM,7,47574 - 45839 - 29738 - 03457
2026-05-11,MN,TP. HCM,8,11797
2026-05-11,MN,Đồng Tháp,ĐB,74276
2026-05-11,MN,Đồng Tháp,1,26788
2026-05-11,MN,Đồng Tháp,2,25766
2026-05-11,MN,Đồng Tháp,3,40725 - 60881 - 35226 - 51198 - 53301 - 09798
2026-05-11,MN,Đồng Tháp,4,39668 - 07597 - 03144 - 13796 - 93316 - 70806
2026-05-11,MN,Đồng Tháp,5,75559 - 27855 - 49840
2026-05-11,MN,Đồng Tháp,6,58020 - 88472 - 25153
2026-05-11,MN,Đồng Tháp,7,10207 - 27817 - 01173 - 82990
2026-05-11,MN,Đồng Tháp,8,37995
2026-05-11,MN,Cà Mau,ĐB,47783
2026-05-11,MN,Cà Mau,1,60596
2026-05-11,MN,Cà Mau,2,51222
2026-05-11,MN,Cà Mau,3,41782 - 85610 - 58382 - 19965 - 65044 - 33192
2026-05-11,MN,Cà Mau,4,22085 - 40561 - 13328 - 46298 - 35847 - 91624
2026-05-11,MN,Cà Mau,5,06796 - 98784 - 88884
2026-05-11,MN,Cà Mau,6,65788 - 03700 - 39872
2026-05-11,MN,Cà Mau,7,61577 - 61979 - 33447 - 72814
2026-05-11,MN,Cà Mau,8,38719
2026-05-12,MB,Hà Nội,ĐB,37645
2026-05-12,MB,Hà Nội,1,18481
2026-05-12,MB,Hà Nội,2,36978
2026-05-12,MB,Hà Nội,3,55646 - 89709 - 52203 - 81431 - 20731 - 03378
2026-05-12,MB,Hà Nội,4,31129 - 65024 - 12374 - 62223 - 96478 - 67936
2026-05-12,MB,Hà Nội,5,56441 - 95491 - 33276
2026-05-12,MB,Hà Nội,6,11370 - 40178 - 52884
2026-05-12,MB,Hà Nội,7,23955 - 47084 - 17503 - 43313
2026-05-12,MT,Đà Nẵng,ĐB,01660
2026-05-12,MT,Đà Nẵng,1,47765
2026-05-12,MT,Đà Nẵng,2,00579
2026-05-12,MT,Đà Nẵng,3,63227 - 89228 - 79787 - 70388 - 31967 - 54331
2026-05-12,MT,Đà Nẵng,4,40552 - 97996 - 36727 - 33268 - 28543 - 41394
2026-05-12,MT,Đà Nẵng,5,83566 - 76234 - 50225
2026-05-12,MT,Đà Nẵng,6,81574 - 10557 - 35763
2026-05-12,MT,Đà Nẵng,7,18509 - 48345 - 49163 - 41191
2026-05-12,MT,Đà Nẵng,8,05464
2026-05-12,MT,Khánh Hòa,ĐB,68637
2026-05-12,MT,Khánh Hòa,1,92542
2026-05-12,MT,Khánh Hòa,2,35605
2026-05-12,MT,Khánh Hòa,3,48955 - 05140 - 60686 - 54415 - 88063 - 26272
2026-05-12,MT,Khánh Hòa,4,82804 - 94340 - 11630 - 93507 - 20152 - 87042
2026-05-12,MT,Khánh Hòa,5,64178 - 95628 - 99109
2026-05-12,MT,Khánh Hòa,6,79669 - 72009 - 45807
2026-05-12,MT,Khánh Hòa,7,00711 - 56882 - 20474 - 78635
2026-05-12,MT,Khánh Hòa,8,30596
2026-05-12,MN,TP. HCM,ĐB,09389
2026-05-12,MN,TP. HCM,1,75851
2026-05-12,MN,TP. HCM,2,78478
2026-05-12,MN,TP. HCM,3,56928 - 22069 - 96240 - 77176 - 44058 - 97295
2026-05-12,MN,TP. HCM,4,81902 - 10935 - 99759 - 46081 - 17925 - 49276
2026-05-12,MN,TP. HCM,5,81794 - 87673 - 84563
2026-05-12,MN,TP. HCM,6,19053 - 32867 - 88649
2026-05-12,MN,TP. HCM,7,43906 - 94146 - 50711 - 30766
2026-05-12,MN,TP. HCM,8,55921
2026-05-12,MN,Đồng Tháp,ĐB,62625
2026-05-12,MN,Đồng Tháp,1,77819
2026-05-12,MN,Đồng Tháp,2,02908
2026-05-12,MN,Đồng Tháp,3,05487 - 96757 - 98310 - 39383 - 07337 - 12191
2026-05-12,MN,Đồng Tháp,4,47721 - 44754 - 54751 - 83395 - 30068 - 43610
2026-05-12,MN,Đồng Tháp,5,88428 - 32636 - 06391
2026-05-12,MN,Đồng Tháp,6,67293 - 70915 - 36015
2026-05-12,MN,Đồng Tháp,7,88894 - 27630 - 01228 - 69248
2026-05-12,MN,Đồng Tháp,8,18671
2026-05-12,MN,Cà Mau,ĐB,70888
2026-05-12,MN,Cà Mau,1,44748
2026-05-12,MN,Cà Mau,2,11292
2026-05-12,MN,Cà Mau,3,66671 - 42717 - 36901 - 44854 - 87195 - 43471
2026-05-12,MN,Cà Mau,4,99410 - 38600 - 07514 - 57183 - 12017 - 78133
2026-05-12,MN,Cà Mau,5,01332 - 50363 - 69954
2026-05-12,MN,Cà Mau,6,65919 - 73473 - 05994
2026-05-12,MN,Cà Mau,7,54804 - 95224 - 03399 - 54513
2026-05-12,MN,Cà Mau,8,73680
2026-05-13,MB,Hà Nội,ĐB,38898
2026-05-13,MB,Hà Nội,1,55224
2026-05-13,MB,Hà Nội,2,67902
2026-05-13,MB,Hà Nội,3,80868 - 36164 - 23844 - 76290 - 35827 - 25555
2026-05-13,MB,Hà Nội,4,34162 - 95609 - 14485 - 36741 - 34546 - 71909
2026-05-13,MB,Hà Nội,5,36392 - 02926 - 01643
2026-05-13,MB,Hà Nội,6,59872 - 70978 - 89758
2026-05-13,MB,Hà Nội,7,48830 - 07436 - 79014 - 49524
2026-05-13,MT,Đà Nẵng,ĐB,39021
2026-05-13,MT,Đà Nẵng,1,50363
2026-05-13,MT,Đà Nẵng,2,96590
2026-05-13,MT,Đà Nẵng,3,36655 - 04828 - 43780 - 75152 - 10680 - 28616
2026-05-13,MT,Đà Nẵng,4,41123 - 25340 - 88627 - 51437 - 66066 - 58048
2026-05-13,MT,Đà Nẵng,5,20208 - 32443 - 20740
2026-05-13,MT,Đà Nẵng,6,44257 - 08285 - 77145
2026-05-13,MT,Đà Nẵng,7,40290 - 20194 - 06234 - 40871
2026-05-13,MT,Đà Nẵng,8,69682
2026-05-13,MT,Khánh Hòa,ĐB,26817
2026-05-13,MT,Khánh Hòa,1,18158
2026-05-13,MT,Khánh Hòa,2,89012
2026-05-13,MT,Khánh Hòa,3,74610 - 97915 - 81603 - 63172 - 22236 - 38174
2026-05-13,MT,Khánh Hòa,4,64516 - 39272 - 88884 - 37954 - 77764 - 59926
2026-05-13,MT,Khánh Hòa,5,44951 - 46629 - 08080
2026-05-13,MT,Khánh Hòa,6,98442 - 88925 - 98826
2026-05-13,MT,Khánh Hòa,7,56273 - 59082 - 65347 - 29575
2026-05-13,MT,Khánh Hòa,8,30366
2026-05-13,MN,TP. HCM,ĐB,66626
2026-05-13,MN,TP. HCM,1,55053
2026-05-13,MN,TP. HCM,2,36052
2026-05-13,MN,TP. HCM,3,94625 - 81554 - 47284 - 13156 - 74304 - 05598
2026-05-13,MN,TP. HCM,4,91202 - 70550 - 42432 - 02843 - 09951 - 66320
2026-05-13,MN,TP. HCM,5,82012 - 59678 - 36942
2026-05-13,MN,TP. HCM,6,17992 - 29392 - 98762
2026-05-13,MN,TP. HCM,7,74715 - 92270 - 89040 - 90802
2026-05-13,MN,TP. HCM,8,60449
2026-05-13,MN,Đồng Tháp,ĐB,06096
2026-05-13,MN,Đồng Tháp,1,35364
2026-05-13,MN,Đồng Tháp,2,55169
2026-05-13,MN,Đồng Tháp,3,81401 - 27903 - 49069 - 59079 - 82045 - 33135
2026-05-13,MN,Đồng Tháp,4,23110 - 98460 - 56014 - 48121 - 61917 - 70057
2026-05-13,MN,Đồng Tháp,5,42696 - 21143 - 41886
2026-05-13,MN,Đồng Tháp,6,26825 - 96490 - 06448
2026-05-13,MN,Đồng Tháp,7,12231 - 70166 - 51266 - 50471
2026-05-13,MN,Đồng Tháp,8,66433
2026-05-13,MN,Cà Mau,ĐB,63744
2026-05-13,MN,Cà Mau,1,63258
2026-05-13,MN,Cà Mau,2,87197
2026-05-13,MN,Cà Mau,3,22829 - 37871 - 70153 - 24208 - 64247 - 47739
2026-05-13,MN,Cà Mau,4,87447 - 17915 - 58479 - 63072 - 16904 - 69928
2026-05-13,MN,Cà Mau,5,09653 - 39102 - 24923
2026-05-13,MN,Cà Mau,6,25574 - 51484 - 18786
2026-05-13,MN,Cà Mau,7,01637 - 36249 - 92697 - 08401
2026-05-13,MN,Cà Mau,8,18404
2026-05-14,MB,Hà Nội,ĐB,98948
2026-05-14,MB,Hà Nội,1,72106
2026-05-14,MB,Hà Nội,2,21636
2026-05-14,MB,Hà Nội,3,23424 - 92360 - 72574 - 88448 - 09889 - 08210
2026-05-14,MB,Hà Nội,4,15387 - 52977 - 56742 - 54734 - 94376 - 87698
2026-05-14,MB,Hà Nội,5,00886 - 79376 - 84079
2026-05-14,MB,Hà Nội,6,76010 - 58997 - 84473
2026-05-14,MB,Hà Nội,7,89158 - 82547 - 10867 - 82112
2026-05-14,MT,Đà Nẵng,ĐB,44719
2026-05-14,MT,Đà Nẵng,1,52045
2026-05-14,MT,Đà Nẵng,2,84942
2026-05-14,MT,Đà Nẵng,3,43572 - 86891 - 06341 - 06817 - 82950 - 78342
2026-05-14,MT,Đà Nẵng,4,64505 - 45253 - 36861 - 22063 - 73512 - 42171
2026-05-14,MT,Đà Nẵng,5,17226 - 19931 - 53353
2026-05-14,MT,Đà Nẵng,6,26174 - 97055 - 54049
2026-05-14,MT,Đà Nẵng,7,15759 - 61631 - 23855 - 80340
2026-05-14,MT,Đà Nẵng,8,86143
2026-05-14,MT,Khánh Hòa,ĐB,65377
2026-05-14,MT,Khánh Hòa,1,61310
2026-05-14,MT,Khánh Hòa,2,55020
2026-05-14,MT,Khánh Hòa,3,59338 - 40911 - 60911 - 66824 - 25919 - 69311
2026-05-14,MT,Khánh Hòa,4,55106 - 30142 - 55674 - 83180 - 92200 - 02654
2026-05-14,MT,Khánh Hòa,5,03192 - 29054 - 80193
2026-05-14,MT,Khánh Hòa,6,39398 - 54855 - 41332
2026-05-14,MT,Khánh Hòa,7,47700 - 37783 - 27780 - 88913
2026-05-14,MT,Khánh Hòa,8,02955
2026-05-14,MN,TP. HCM,ĐB,24824
2026-05-14,MN,TP. HCM,1,09188
2026-05-14,MN,TP. HCM,2,44523
2026-05-14,MN,TP. HCM,3,13494 - 65611 - 13654 - 09331 - 10002 - 56822
2026-05-14,MN,TP. HCM,4,25294 - 83732 - 64059 - 29345 - 04607 - 36445
2026-05-14,MN,TP. HCM,5,39151 - 44885 - 02499
2026-05-14,MN,TP. HCM,6,52900 - 96687 - 84021
2026-05-14,MN,TP. HCM,7,54113 - 44098 - 97293 - 17456
2026-05-14,MN,TP. HCM,8,91647
2026-05-14,MN,Đồng Tháp,ĐB,49993
2026-05-14,MN,Đồng Tháp,1,98421
2026-05-14,MN,Đồng Tháp,2,32983
2026-05-14,MN,Đồng Tháp,3,14011 - 95682 - 14567 - 17505 - 71187 - 20995
2026-05-14,MN,Đồng Tháp,4,49737 - 42127 - 23933 - 57017 - 16697 - 67509
2026-05-14,MN,Đồng Tháp,5,77554 - 97631 - 89755
2026-05-14,MN,Đồng Tháp,6,49535 - 00492 - 06447
2026-05-14,MN,Đồng Tháp,7,49927 - 02106 - 13538 - 01806
2026-05-14,MN,Đồng Tháp,8,95025
2026-05-14,MN,Cà Mau,ĐB,99062
2026-05-14,MN,Cà Mau,1,31596
2026-05-14,MN,Cà Mau,2,47115
2026-05-14,MN,Cà Mau,3,10729 - 37474 - 15452 - 48289 - 85802 - 95220
2026-05-14,MN,Cà Mau,4,40739 - 49964 - 28389 - 89784 - 22568 - 00898
2026-05-14,MN,Cà Mau,5,05446 - 49538 - 61367
2026-05-14,MN,Cà Mau,6,70333 - 08244 - 97223
2026-05-14,MN,Cà Mau,7,00264 - 15980 - 99538 - 83402
2026-05-14,MN,Cà Mau,8,03301
2026-05-15,MB,Hà Nội,ĐB,60887
2026-05-15,MB,Hà Nội,1,89528
2026-05-15,MB,Hà Nội,2,68978
2026-05-15,MB,Hà Nội,3,73676 - 79429 - 36844 - 66192 - 74187 - 06602
2026-05-15,MB,Hà Nội,4,60655 - 97455 - 21178 - 21456 - 54543 - 66715
2026-05-15,MB,Hà Nội,5,61633 - 83913 - 41888
2026-05-15,MB,Hà Nội,6,96573 - 17036 - 11394
2026-05-15,MB,Hà Nội,7,71370 - 41298 - 90825 - 61820
2026-05-15,MT,Đà Nẵng,ĐB,12172
2026-05-15,MT,Đà Nẵng,1,49824
2026-05-15,MT,Đà Nẵng,2,48510
2026-05-15,MT,Đà Nẵng,3,29544 - 40927 - 62293 - 68754 - 57718 - 51728
2026-05-15,MT,Đà Nẵng,4,21602 - 70206 - 02883 - 56338 - 09351 - 46150
2026-05-15,MT,Đà Nẵng,5,96628 - 39579 - 89629
2026-05-15,MT,Đà Nẵng,6,58610 - 74322 - 19582
2026-05-15,MT,Đà Nẵng,7,73867 - 18488 - 38313 - 23259
2026-05-15,MT,Đà Nẵng,8,34699
2026-05-15,MT,Khánh Hòa,ĐB,61222
2026-05-15,MT,Khánh Hòa,1,26892
2026-05-15,MT,Khánh Hòa,2,40117
2026-05-15,MT,Khánh Hòa,3,30286 - 21668 - 02138 - 45804 - 98010 - 81072
2026-05-15,MT,Khánh Hòa,4,19978 - 42609 - 22831 - 85105 - 74272 - 30769
2026-05-15,MT,Khánh Hòa,5,64194 - 81845 - 12038
2026-05-15,MT,Khánh Hòa,6,75683 - 30052 - 02440
2026-05-15,MT,Khánh Hòa,7,46519 - 97081 - 15457 - 28761
2026-05-15,MT,Khánh Hòa,8,47835
2026-05-15,MN,TP. HCM,ĐB,44263
2026-05-15,MN,TP. HCM,1,82176
2026-05-15,MN,TP. HCM,2,12614
2026-05-15,MN,TP. HCM,3,18969 - 43809 - 05216 - 00543 - 63090 - 43305
2026-05-15,MN,TP. HCM,4,63348 - 56239 - 63088 - 61427 - 36717 - 07221
2026-05-15,MN,TP. HCM,5,89359 - 19002 - 13593
2026-05-15,MN,TP. HCM,6,74488 - 74347 - 93458
2026-05-15,MN,TP. HCM,7,77682 - 81156 - 93962 - 55856
2026-05-15,MN,TP. HCM,8,58326
2026-05-15,MN,Đồng Tháp,ĐB,69988
2026-05-15,MN,Đồng Tháp,1,58458
2026-05-15,MN,Đồng Tháp,2,12553
2026-05-15,MN,Đồng Tháp,3,12805 - 54695 - 25192 - 02231 - 66607 - 32002
2026-05-15,MN,Đồng Tháp,4,99438 - 98849 - 02485 - 24722 - 70250 - 53537
2026-05-15,MN,Đồng Tháp,5,86765 - 31354 - 20979
2026-05-15,MN,Đồng Tháp,6,04078 - 08146 - 33429
2026-05-15,MN,Đồng Tháp,7,97078 - 52677 - 05747 - 42691
2026-05-15,MN,Đồng Tháp,8,68613
2026-05-15,MN,Cà Mau,ĐB,75789
2026-05-15,MN,Cà Mau,1,70615
2026-05-15,MN,Cà Mau,2,22397
2026-05-15,MN,Cà Mau,3,91843 - 58276 - 49185 - 67923 - 45348 - 08291
2026-05-15,MN,Cà Mau,4,29935 - 29752 - 00538 - 89869 - 99654 - 89596
2026-05-15,MN,Cà Mau,5,77182 - 94699 - 19110
2026-05-15,MN,Cà Mau,6,41046 - 01547 - 13683
2026-05-15,MN,Cà Mau,7,70658 - 18534 - 20441 - 93491
2026-05-15,MN,Cà Mau,8,44872
2026-05-16,MB,Hà Nội,ĐB,38302
2026-05-16,MB,Hà Nội,1,79239
2026-05-16,MB,Hà Nội,2,74937
2026-05-16,MB,Hà Nội,3,16799 - 32063 - 54028 - 39997 - 22664 - 17843
2026-05-16,MB,Hà Nội,4,57041 - 68333 - 78148 - 98095 - 58077 - 26467
2026-05-16,MB,Hà Nội,5,52860 - 78749 - 47853
2026-05-16,MB,Hà Nội,6,82129 - 38582 - 19934
2026-05-16,MB,Hà Nội,7,42178 - 59474 - 90209 - 12464
2026-05-16,MT,Đà Nẵng,ĐB,46669
2026-05-16,MT,Đà Nẵng,1,80759
2026-05-16,MT,Đà Nẵng,2,42964
2026-05-16,MT,Đà Nẵng,3,92052 - 92152 - 42296 - 82827 - 86271 - 05814
2026-05-16,MT,Đà Nẵng,4,17428 - 03265 - 67598 - 49592 - 80721 - 74130
2026-05-16,MT,Đà Nẵng,5,80262 - 48999 - 48430
2026-05-16,MT,Đà Nẵng,6,50828 - 50554 - 41596
2026-05-16,MT,Đà Nẵng,7,89033 - 07261 - 71774 - 67154
2026-05-16,MT,Đà Nẵng,8,33270
2026-05-16,MT,Khánh Hòa,ĐB,83619
2026-05-16,MT,Khánh Hòa,1,79393
2026-05-16,MT,Khánh Hòa,2,70221
2026-05-16,MT,Khánh Hòa,3,75055 - 05644 - 31389 - 06186 - 18985 - 31386
2026-05-16,MT,Khánh Hòa,4,74121 - 98140 - 78738 - 64056 - 22698 - 94459
2026-05-16,MT,Khánh Hòa,5,88356 - 02114 - 74417
2026-05-16,MT,Khánh Hòa,6,14717 - 26979 - 32232
2026-05-16,MT,Khánh Hòa,7,36438 - 19394 - 52918 - 77660
2026-05-16,MT,Khánh Hòa,8,55429
2026-05-16,MN,TP. HCM,ĐB,04231
2026-05-16,MN,TP. HCM,1,36831
2026-05-16,MN,TP. HCM,2,93442
2026-05-16,MN,TP. HCM,3,90408 - 78550 - 39416 - 89749 - 95565 - 35796
2026-05-16,MN,TP. HCM,4,27679 - 41763 - 45910 - 83396 - 74335 - 65676
2026-05-16,MN,TP. HCM,5,20380 - 40556 - 54295
2026-05-16,MN,TP. HCM,6,31050 - 19017 - 34662
2026-05-16,MN,TP. HCM,7,47283 - 79646 - 70668 - 33726
2026-05-16,MN,TP. HCM,8,64599
2026-05-16,MN,Đồng Tháp,ĐB,31363
2026-05-16,MN,Đồng Tháp,1,54248
2026-05-16,MN,Đồng Tháp,2,02796
2026-05-16,MN,Đồng Tháp,3,76463 - 33757 - 50477 - 56274 - 63683 - 34943
2026-05-16,MN,Đồng Tháp,4,31583 - 58096 - 62468 - 70475 - 05980 - 90395
2026-05-16,MN,Đồng Tháp,5,58527 - 83219 - 84350
2026-05-16,MN,Đồng Tháp,6,13002 - 93800 - 26502
2026-05-16,MN,Đồng Tháp,7,55230 - 14698 - 67855 - 35406
2026-05-16,MN,Đồng Tháp,8,94049
2026-05-16,MN,Cà Mau,ĐB,47653
2026-05-16,MN,Cà Mau,1,80236
2026-05-16,MN,Cà Mau,2,68095
2026-05-16,MN,Cà Mau,3,69926 - 06328 - 07933 - 28124 - 04802 - 36078
2026-05-16,MN,Cà Mau,4,42458 - 86788 - 80355 - 44751 - 81107 - 26654
2026-05-16,MN,Cà Mau,5,72518 - 83765 - 88447
2026-05-16,MN,Cà Mau,6,14587 - 45083 - 00057
2026-05-16,MN,Cà Mau,7,45274 - 34596 - 71649 - 20501
2026-05-16,MN,Cà Mau,8,61410
2026-05-17,MB,Hà Nội,ĐB,25012
2026-05-17,MB,Hà Nội,1,28960
2026-05-17,MB,Hà Nội,2,03289
2026-05-17,MB,Hà Nội,3,43594 - 19378 - 66872 - 60140 - 19053 - 75634
2026-05-17,MB,Hà Nội,4,22413 - 64868 - 67210 - 83769 - 66621 - 35482
2026-05-17,MB,Hà Nội,5,08051 - 61771 - 74422
2026-05-17,MB,Hà Nội,6,31276 - 39471 - 34612
2026-05-17,MB,Hà Nội,7,30586 - 64857 - 32483 - 12718
2026-05-17,MT,Đà Nẵng,ĐB,94863
2026-05-17,MT,Đà Nẵng,1,33722
2026-05-17,MT,Đà Nẵng,2,78289
2026-05-17,MT,Đà Nẵng,3,51328 - 66096 - 34704 - 48890 - 55610 - 45000
2026-05-17,MT,Đà Nẵng,4,45172 - 73088 - 43332 - 07652 - 03245 - 87184
2026-05-17,MT,Đà Nẵng,5,14285 - 64097 - 65546
2026-05-17,MT,Đà Nẵng,6,80302 - 34626 - 81906
2026-05-17,MT,Đà Nẵng,7,78178 - 50478 - 88684 - 83824
2026-05-17,MT,Đà Nẵng,8,70235
2026-05-17,MT,Khánh Hòa,ĐB,04422
2026-05-17,MT,Khánh Hòa,1,31763
2026-05-17,MT,Khánh Hòa,2,46601
2026-05-17,MT,Khánh Hòa,3,60857 - 42979 - 48317 - 53724 - 60442 - 10575
2026-05-17,MT,Khánh Hòa,4,13909 - 84878 - 79994 - 72288 - 23760 - 90268
2026-05-17,MT,Khánh Hòa,5,54073 - 98325 - 66568
2026-05-17,MT,Khánh Hòa,6,90260 - 75385 - 62523
2026-05-17,MT,Khánh Hòa,7,61101 - 64992 - 21747 - 94158
2026-05-17,MT,Khánh Hòa,8,38448
2026-05-17,MN,TP. HCM,ĐB,05506
2026-05-17,MN,TP. HCM,1,77678
2026-05-17,MN,TP. HCM,2,83460
2026-05-17,MN,TP. HCM,3,41531 - 15493 - 17990 - 80748 - 88083 - 02004
2026-05-17,MN,TP. HCM,4,22455 - 15246 - 83584 - 27207 - 69023 - 13043
2026-05-17,MN,TP. HCM,5,79577 - 72895 - 73063
2026-05-17,MN,TP. HCM,6,87740 - 10878 - 24056
2026-05-17,MN,TP. HCM,7,54516 - 70056 - 03523 - 95591
2026-05-17,MN,TP. HCM,8,74867
2026-05-17,MN,Đồng Tháp,ĐB,85349
2026-05-17,MN,Đồng Tháp,1,61603
2026-05-17,MN,Đồng Tháp,2,62525
2026-05-17,MN,Đồng Tháp,3,28023 - 22712 - 51387 - 42378 - 74894 - 77838
2026-05-17,MN,Đồng Tháp,4,72909 - 00215 - 51806 - 83582 - 16119 - 17741
2026-05-17,MN,Đồng Tháp,5,06617 - 90073 - 18369
2026-05-17,MN,Đồng Tháp,6,76954 - 04933 - 36629
2026-05-17,MN,Đồng Tháp,7,18311 - 64917 - 09563 - 21631
2026-05-17,MN,Đồng Tháp,8,73885
2026-05-17,MN,Cà Mau,ĐB,64026
2026-05-17,MN,Cà Mau,1,16744
2026-05-17,MN,Cà Mau,2,95024
2026-05-17,MN,Cà Mau,3,90373 - 71610 - 99422 - 54884 - 94031 - 72909
2026-05-17,MN,Cà Mau,4,45154 - 84040 - 14805 - 06709 - 91308 - 13402
2026-05-17,MN,Cà Mau,5,56799 - 76811 - 13521
2026-05-17,MN,Cà Mau,6,92111 - 77314 - 62391
2026-05-17,MN,Cà Mau,7,42859 - 11516 - 66530 - 70599
2026-05-17,MN,Cà Mau,8,16818
2026-05-18,MB,Hà Nội,ĐB,80940
2026-05-18,MB,Hà Nội,1,71536
2026-05-18,MB,Hà Nội,2,98158
2026-05-18,MB,Hà Nội,3,31253 - 62726 - 59089 - 00864 - 45023 - 06384
2026-05-18,MB,Hà Nội,4,36391 - 53553 - 44795 - 97528 - 62630 - 16146
2026-05-18,MB,Hà Nội,5,98980 - 39705 - 64717
2026-05-18,MB,Hà Nội,6,82781 - 27977 - 13340
2026-05-18,MB,Hà Nội,7,33628 - 54270 - 95006 - 78132
2026-05-18,MT,Đà Nẵng,ĐB,21134
2026-05-18,MT,Đà Nẵng,1,77556
2026-05-18,MT,Đà Nẵng,2,43358
2026-05-18,MT,Đà Nẵng,3,20304 - 26441 - 37429 - 78304 - 53892 - 80065
2026-05-18,MT,Đà Nẵng,4,33670 - 26368 - 54450 - 30956 - 52749 - 80292
2026-05-18,MT,Đà Nẵng,5,32867 - 49408 - 86645
2026-05-18,MT,Đà Nẵng,6,39017 - 36604 - 06635
2026-05-18,MT,Đà Nẵng,7,06970 - 71952 - 19177 - 80441
2026-05-18,MT,Đà Nẵng,8,99883
2026-05-18,MT,Khánh Hòa,ĐB,16850
2026-05-18,MT,Khánh Hòa,1,01010
2026-05-18,MT,Khánh Hòa,2,31663
2026-05-18,MT,Khánh Hòa,3,69800 - 43489 - 09617 - 03968 - 23802 - 92891
2026-05-18,MT,Khánh Hòa,4,93074 - 89032 - 49093 - 84477 - 45560 - 17771
2026-05-18,MT,Khánh Hòa,5,89269 - 10820 - 08027
2026-05-18,MT,Khánh Hòa,6,78539 - 88768 - 53299
2026-05-18,MT,Khánh Hòa,7,48545 - 34853 - 17736 - 44971
2026-05-18,MT,Khánh Hòa,8,11420
2026-05-18,MN,TP. HCM,ĐB,72253
2026-05-18,MN,TP. HCM,1,94066
2026-05-18,MN,TP. HCM,2,01809
2026-05-18,MN,TP. HCM,3,74714 - 78341 - 76315 - 51317 - 05431 - 99776
2026-05-18,MN,TP. HCM,4,42545 - 31805 - 87031 - 25983 - 68065 - 95508
2026-05-18,MN,TP. HCM,5,98146 - 18443 - 00943
2026-05-18,MN,TP. HCM,6,96300 - 31772 - 63326
2026-05-18,MN,TP. HCM,7,49165 - 76999 - 08139 - 66133
2026-05-18,MN,TP. HCM,8,33009
2026-05-18,MN,Đồng Tháp,ĐB,53627
2026-05-18,MN,Đồng Tháp,1,61124
2026-05-18,MN,Đồng Tháp,2,80383
2026-05-18,MN,Đồng Tháp,3,79140 - 21924 - 89946 - 53322 - 77750 - 14358
2026-05-18,MN,Đồng Tháp,4,74851 - 24933 - 94419 - 34257 - 47089 - 37484
2026-05-18,MN,Đồng Tháp,5,51826 - 79469 - 25017
2026-05-18,MN,Đồng Tháp,6,69373 - 05462 - 50472
2026-05-18,MN,Đồng Tháp,7,94520 - 59906 - 47083 - 06583
2026-05-18,MN,Đồng Tháp,8,26356
2026-05-18,MN,Cà Mau,ĐB,36743
2026-05-18,MN,Cà Mau,1,58668
2026-05-18,MN,Cà Mau,2,49881
2026-05-18,MN,Cà Mau,3,51413 - 24063 - 11643 - 22124 - 98946 - 26091
2026-05-18,MN,Cà Mau,4,52457 - 85442 - 09933 - 87063 - 44592 - 60547
2026-05-18,MN,Cà Mau,5,73429 - 91617 - 93797
2026-05-18,MN,Cà Mau,6,92413 - 45669 - 71036
2026-05-18,MN,Cà Mau,7,92970 - 43857 - 81103 - 37828
2026-05-18,MN,Cà Mau,8,59306
2026-05-19,MB,Hà Nội,ĐB,12513
2026-05-19,MB,Hà Nội,1,54538
2026-05-19,MB,Hà Nội,2,94266
2026-05-19,MB,Hà Nội,3,57929 - 99146 - 57498 - 71939 - 60942 - 85421
2026-05-19,MB,Hà Nội,4,76541 - 42217 - 80906 - 17072 - 48294 - 65758
2026-05-19,MB,Hà Nội,5,40787 - 72008 - 76703
2026-05-19,MB,Hà Nội,6,98521 - 73465 - 30246
2026-05-19,MB,Hà Nội,7,18965 - 70133 - 71458 - 24403
2026-05-19,MT,Đà Nẵng,ĐB,63268
2026-05-19,MT,Đà Nẵng,1,92161
2026-05-19,MT,Đà Nẵng,2,26250
2026-05-19,MT,Đà Nẵng,3,07431 - 20138 - 21367 - 33544 - 70412 - 41549
2026-05-19,MT,Đà Nẵng,4,01321 - 97454 - 48404 - 77546 - 61649 - 90921
2026-05-19,MT,Đà Nẵng,5,16692 - 90858 - 04447
2026-05-19,MT,Đà Nẵng,6,98289 - 25071 - 38679
2026-05-19,MT,Đà Nẵng,7,84723 - 84747 - 46437 - 60411
2026-05-19,MT,Đà Nẵng,8,35420
2026-05-19,MT,Khánh Hòa,ĐB,51830
2026-05-19,MT,Khánh Hòa,1,27863
2026-05-19,MT,Khánh Hòa,2,77941
2026-05-19,MT,Khánh Hòa,3,98347 - 31294 - 81662 - 36886 - 92467 - 11531
2026-05-19,MT,Khánh Hòa,4,62157 - 77750 - 75495 - 06434 - 52518 - 87254
2026-05-19,MT,Khánh Hòa,5,39710 - 34435 - 52324
2026-05-19,MT,Khánh Hòa,6,57587 - 83383 - 37194
2026-05-19,MT,Khánh Hòa,7,58414 - 89285 - 44135 - 70466
2026-05-19,MT,Khánh Hòa,8,19373
2026-05-19,MN,TP. HCM,ĐB,53288
2026-05-19,MN,TP. HCM,1,69159
2026-05-19,MN,TP. HCM,2,44861
2026-05-19,MN,TP. HCM,3,34526 - 69704 - 25150 - 86528 - 72224 - 37672
2026-05-19,MN,TP. HCM,4,41618 - 61782 - 41896 - 83263 - 33539 - 60039
2026-05-19,MN,TP. HCM,5,67860 - 39441 - 67075
2026-05-19,MN,TP. HCM,6,39690 - 74427 - 71226
2026-05-19,MN,TP. HCM,7,45812 - 67324 - 33798 - 22171
2026-05-19,MN,TP. HCM,8,87071
2026-05-19,MN,Đồng Tháp,ĐB,71199
2026-05-19,MN,Đồng Tháp,1,26721
2026-05-19,MN,Đồng Tháp,2,74955
2026-05-19,MN,Đồng Tháp,3,57499 - 63161 - 56092 - 91136 - 66905 - 30685
2026-05-19,MN,Đồng Tháp,4,05241 - 29049 - 99026 - 03264 - 50679 - 93970
2026-05-19,MN,Đồng Tháp,5,59824 - 59616 - 66540
2026-05-19,MN,Đồng Tháp,6,75914 - 36368 - 36670
2026-05-19,MN,Đồng Tháp,7,54006 - 03701 - 17502 - 52704
2026-05-19,MN,Đồng Tháp,8,67248
2026-05-19,MN,Cà Mau,ĐB,70602
2026-05-19,MN,Cà Mau,1,75472
2026-05-19,MN,Cà Mau,2,41384
2026-05-19,MN,Cà Mau,3,39464 - 38586 - 76308 - 48082 - 87707 - 12404
2026-05-19,MN,Cà Mau,4,44288 - 05175 - 64484 - 77995 - 47941 - 99989
2026-05-19,MN,Cà Mau,5,06426 - 39727 - 70940
2026-05-19,MN,Cà Mau,6,48355 - 68642 - 14545
2026-05-19,MN,Cà Mau,7,53500 - 86285 - 02894 - 11085
2026-05-19,MN,Cà Mau,8,86934
2026-05-20,MB,Hà Nội,ĐB,80836
2026-05-20,MB,Hà Nội,1,89215
2026-05-20,MB,Hà Nội,2,23497
2026-05-20,MB,Hà Nội,3,07789 - 06837 - 62270 - 48754 - 25802 - 07816
2026-05-20,MB,Hà Nội,4,23023 - 54811 - 18212 - 12636 - 44848 - 34653
2026-05-20,MB,Hà Nội,5,37036 - 26906 - 94812
2026-05-20,MB,Hà Nội,6,80939 - 76698 - 98841
2026-05-20,MB,Hà Nội,7,67789 - 17821 - 22615 - 76548
2026-05-20,MT,Đà Nẵng,ĐB,02098
2026-05-20,MT,Đà Nẵng,1,21349
2026-05-20,MT,Đà Nẵng,2,52052
2026-05-20,MT,Đà Nẵng,3,44522 - 95424 - 19072 - 39826 - 61217 - 32713
2026-05-20,MT,Đà Nẵng,4,70531 - 12505 - 70659 - 17317 - 48575 - 42840
2026-05-20,MT,Đà Nẵng,5,01620 - 78980 - 20992
2026-05-20,MT,Đà Nẵng,6,00393 - 49089 - 21815
2026-05-20,MT,Đà Nẵng,7,17512 - 70251 - 86139 - 55045
2026-05-20,MT,Đà Nẵng,8,81914
2026-05-20,MT,Khánh Hòa,ĐB,76755
2026-05-20,MT,Khánh Hòa,1,16427
2026-05-20,MT,Khánh Hòa,2,25191
2026-05-20,MT,Khánh Hòa,3,39173 - 42514 - 07947 - 43121 - 67093 - 49049
2026-05-20,MT,Khánh Hòa,4,91802 - 89366 - 51527 - 97654 - 13084 - 45104
2026-05-20,MT,Khánh Hòa,5,86495 - 08328 - 21101
2026-05-20,MT,Khánh Hòa,6,14534 - 97778 - 61384
2026-05-20,MT,Khánh Hòa,7,17056 - 73385 - 17647 - 25478
2026-05-20,MT,Khánh Hòa,8,68996
2026-05-20,MN,TP. HCM,ĐB,30859
2026-05-20,MN,TP. HCM,1,12399
2026-05-20,MN,TP. HCM,2,55361
2026-05-20,MN,TP. HCM,3,12918 - 81232 - 79394 - 00596 - 22915 - 01707
2026-05-20,MN,TP. HCM,4,37059 - 43918 - 99043 - 86405 - 18263 - 71803
2026-05-20,MN,TP. HCM,5,58596 - 76230 - 37078
2026-05-20,MN,TP. HCM,6,46476 - 88532 - 63353
2026-05-20,MN,TP. HCM,7,99453 - 88460 - 43405 - 47713
2026-05-20,MN,TP. HCM,8,16578
2026-05-20,MN,Đồng Tháp,ĐB,04170
2026-05-20,MN,Đồng Tháp,1,78279
2026-05-20,MN,Đồng Tháp,2,71203
2026-05-20,MN,Đồng Tháp,3,64398 - 95626 - 57631 - 30037 - 90802 - 91660
2026-05-20,MN,Đồng Tháp,4,71657 - 28417 - 08738 - 03814 - 33735 - 64929
2026-05-20,MN,Đồng Tháp,5,74722 - 62914 - 89212
2026-05-20,MN,Đồng Tháp,6,51483 - 94090 - 93899
2026-05-20,MN,Đồng Tháp,7,10491 - 91805 - 26889 - 15510
2026-05-20,MN,Đồng Tháp,8,04276
2026-05-20,MN,Cà Mau,ĐB,20879
2026-05-20,MN,Cà Mau,1,53507
2026-05-20,MN,Cà Mau,2,52499
2026-05-20,MN,Cà Mau,3,50147 - 51649 - 01287 - 17274 - 68994 - 68817
2026-05-20,MN,Cà Mau,4,08427 - 86641 - 05678 - 30582 - 16419 - 07436
2026-05-20,MN,Cà Mau,5,47380 - 57332 - 86278
2026-05-20,MN,Cà Mau,6,01370 - 82944 - 03710
2026-05-20,MN,Cà Mau,7,38797 - 13012 - 56709 - 29479
2026-05-20,MN,Cà Mau,8,74261
2026-05-21,MB,Hà Nội,ĐB,56093
2026-05-21,MB,Hà Nội,1,68370
2026-05-21,MB,Hà Nội,2,81911
2026-05-21,MB,Hà Nội,3,89695 - 12180 - 73572 - 31379 - 82070 - 29925
2026-05-21,MB,Hà Nội,4,93952 - 66925 - 08535 - 42815 - 07326 - 16197
2026-05-21,MB,Hà Nội,5,91128 - 03982 - 09857
2026-05-21,MB,Hà Nội,6,88792 - 41040 - 18751
2026-05-21,MB,Hà Nội,7,82691 - 92830 - 37059 - 18338
2026-05-21,MT,Đà Nẵng,ĐB,40349
2026-05-21,MT,Đà Nẵng,1,99346
2026-05-21,MT,Đà Nẵng,2,59851
2026-05-21,MT,Đà Nẵng,3,09580 - 15633 - 44781 - 24058 - 02418 - 33334
2026-05-21,MT,Đà Nẵng,4,82227 - 44119 - 05010 - 28203 - 02732 - 75953
2026-05-21,MT,Đà Nẵng,5,78316 - 46261 - 30526
2026-05-21,MT,Đà Nẵng,6,05216 - 80516 - 55305
2026-05-21,MT,Đà Nẵng,7,43722 - 13112 - 29328 - 41793
2026-05-21,MT,Đà Nẵng,8,67271
2026-05-21,MT,Khánh Hòa,ĐB,31919
2026-05-21,MT,Khánh Hòa,1,71166
2026-05-21,MT,Khánh Hòa,2,09992
2026-05-21,MT,Khánh Hòa,3,16042 - 78666 - 95194 - 92764 - 41431 - 09632
2026-05-21,MT,Khánh Hòa,4,53655 - 89217 - 70017 - 89728 - 69453 - 92748
2026-05-21,MT,Khánh Hòa,5,79801 - 79768 - 16149
2026-05-21,MT,Khánh Hòa,6,25016 - 84982 - 24210
2026-05-21,MT,Khánh Hòa,7,44118 - 07508 - 34980 - 63945
2026-05-21,MT,Khánh Hòa,8,60815
2026-05-21,MN,TP. HCM,ĐB,32801
2026-05-21,MN,TP. HCM,1,31956
2026-05-21,MN,TP. HCM,2,48177
2026-05-21,MN,TP. HCM,3,13717 - 72063 - 70642 - 20003 - 03471 - 92573
2026-05-21,MN,TP. HCM,4,45758 - 11304 - 87325 - 26078 - 42417 - 30291
2026-05-21,MN,TP. HCM,5,14999 - 51256 - 97455
2026-05-21,MN,TP. HCM,6,96489 - 54755 - 84655
2026-05-21,MN,TP. HCM,7,98516 - 72814 - 09005 - 82657
2026-05-21,MN,TP. HCM,8,61584
2026-05-21,MN,Đồng Tháp,ĐB,44176
2026-05-21,MN,Đồng Tháp,1,08198
2026-05-21,MN,Đồng Tháp,2,62856
2026-05-21,MN,Đồng Tháp,3,99555 - 20398 - 08422 - 50994 - 57118 - 45850
2026-05-21,MN,Đồng Tháp,4,14362 - 42524 - 45176 - 26930 - 65258 - 35617
2026-05-21,MN,Đồng Tháp,5,98629 - 37820 - 67220
2026-05-21,MN,Đồng Tháp,6,44607 - 63124 - 83321
2026-05-21,MN,Đồng Tháp,7,55310 - 57325 - 23302 - 07757
2026-05-21,MN,Đồng Tháp,8,26336
2026-05-21,MN,Cà Mau,ĐB,81797
2026-05-21,MN,Cà Mau,1,67958
2026-05-21,MN,Cà Mau,2,40927
2026-05-21,MN,Cà Mau,3,02553 - 10047 - 62827 - 48195 - 64690 - 51262
2026-05-21,MN,Cà Mau,4,53280 - 34315 - 17509 - 20894 - 27963 - 90045
2026-05-21,MN,Cà Mau,5,68265 - 30406 - 00869
2026-05-21,MN,Cà Mau,6,65150 - 48965 - 69850
2026-05-21,MN,Cà Mau,7,50469 - 48727 - 91924 - 74030
2026-05-21,MN,Cà Mau,8,60269
2026-05-22,MB,Hà Nội,ĐB,24016
2026-05-22,MB,Hà Nội,1,09494
2026-05-22,MB,Hà Nội,2,17626
2026-05-22,MB,Hà Nội,3,40714 - 21400 - 06577 - 25491 - 32953 - 93627
2026-05-22,MB,Hà Nội,4,33796 - 93060 - 63815 - 90697 - 92284 - 96492
2026-05-22,MB,Hà Nội,5,47516 - 23526 - 56785
2026-05-22,MB,Hà Nội,6,66840 - 90457 - 29740
2026-05-22,MB,Hà Nội,7,71943 - 68833 - 39943 - 42031
2026-05-22,MT,Đà Nẵng,ĐB,73288
2026-05-22,MT,Đà Nẵng,1,23119
2026-05-22,MT,Đà Nẵng,2,69791
2026-05-22,MT,Đà Nẵng,3,46011 - 08632 - 47867 - 64578 - 71774 - 80050
2026-05-22,MT,Đà Nẵng,4,30138 - 52787 - 39491 - 64747 - 31387 - 75361
2026-05-22,MT,Đà Nẵng,5,96702 - 47777 - 49977
2026-05-22,MT,Đà Nẵng,6,60535 - 80257 - 37861
2026-05-22,MT,Đà Nẵng,7,49276 - 38134 - 25699 - 28902
2026-05-22,MT,Đà Nẵng,8,59163
2026-05-22,MT,Khánh Hòa,ĐB,30217
2026-05-22,MT,Khánh Hòa,1,73471
2026-05-22,MT,Khánh Hòa,2,50025
2026-05-22,MT,Khánh Hòa,3,29423 - 69638 - 74344 - 43845 - 68256 - 67876
2026-05-22,MT,Khánh Hòa,4,36769 - 03941 - 95477 - 15432 - 65542 - 38893
2026-05-22,MT,Khánh Hòa,5,17139 - 88703 - 63663
2026-05-22,MT,Khánh Hòa,6,69780 - 48964 - 63020
2026-05-22,MT,Khánh Hòa,7,95709 - 10695 - 01080 - 26476
2026-05-22,MT,Khánh Hòa,8,84928
2026-05-22,MN,TP. HCM,ĐB,79581
2026-05-22,MN,TP. HCM,1,49253
2026-05-22,MN,TP. HCM,2,08644
2026-05-22,MN,TP. HCM,3,76626 - 06910 - 05148 - 64489 - 64546 - 15359
2026-05-22,MN,TP. HCM,4,67602 - 66018 - 50885 - 95697 - 32539 - 68399
2026-05-22,MN,TP. HCM,5,89454 - 23137 - 99693
2026-05-22,MN,TP. HCM,6,13699 - 04150 - 49343
2026-05-22,MN,TP. HCM,7,95624 - 88734 - 94339 - 40414
2026-05-22,MN,TP. HCM,8,23203
2026-05-22,MN,Đồng Tháp,ĐB,93477
2026-05-22,MN,Đồng Tháp,1,31192
2026-05-22,MN,Đồng Tháp,2,75621
2026-05-22,MN,Đồng Tháp,3,13678 - 83099 - 90168 - 62984 - 94712 - 96727
2026-05-22,MN,Đồng Tháp,4,45265 - 15804 - 68034 - 13470 - 66593 - 96376
2026-05-22,MN,Đồng Tháp,5,55422 - 80033 - 75989
2026-05-22,MN,Đồng Tháp,6,92202 - 34651 - 30669
2026-05-22,MN,Đồng Tháp,7,32987 - 98576 - 84842 - 41620
2026-05-22,MN,Đồng Tháp,8,08794
2026-05-22,MN,Cà Mau,ĐB,25471
2026-05-22,MN,Cà Mau,1,80019
2026-05-22,MN,Cà Mau,2,89278
2026-05-22,MN,Cà Mau,3,94135 - 65528 - 53038 - 86143 - 26605 - 31176
2026-05-22,MN,Cà Mau,4,69034 - 96466 - 95369 - 44206 - 49570 - 36739
2026-05-22,MN,Cà Mau,5,50087 - 45297 - 44072
2026-05-22,MN,Cà Mau,6,47422 - 19988 - 41231
2026-05-22,MN,Cà Mau,7,08205 - 40876 - 56345 - 78079
2026-05-22,MN,Cà Mau,8,32282
2026-05-23,MB,Hà Nội,ĐB,74829
2026-05-23,MB,Hà Nội,1,15544
2026-05-23,MB,Hà Nội,2,44989
2026-05-23,MB,Hà Nội,3,96515 - 46690 - 57886 - 54447 - 49613 - 17446
2026-05-23,MB,Hà Nội,4,90784 - 60851 - 99014 - 94959 - 92013 - 03930
2026-05-23,MB,Hà Nội,5,49471 - 20608 - 03051
2026-05-23,MB,Hà Nội,6,74432 - 00429 - 66746
2026-05-23,MB,Hà Nội,7,90510 - 50334 - 24877 - 92747
2026-05-23,MT,Đà Nẵng,ĐB,33454
2026-05-23,MT,Đà Nẵng,1,52806
2026-05-23,MT,Đà Nẵng,2,39250
2026-05-23,MT,Đà Nẵng,3,65047 - 41031 - 38947 - 56781 - 91956 - 50222
2026-05-23,MT,Đà Nẵng,4,65969 - 72089 - 80887 - 56685 - 69320 - 85121
2026-05-23,MT,Đà Nẵng,5,72393 - 48710 - 07417
2026-05-23,MT,Đà Nẵng,6,21044 - 16761 - 06486
2026-05-23,MT,Đà Nẵng,7,60850 - 97148 - 56984 - 34637
2026-05-23,MT,Đà Nẵng,8,09146
2026-05-23,MT,Khánh Hòa,ĐB,57762
2026-05-23,MT,Khánh Hòa,1,84014
2026-05-23,MT,Khánh Hòa,2,25314
2026-05-23,MT,Khánh Hòa,3,73858 - 25135 - 36985 - 33877 - 08400 - 44727
2026-05-23,MT,Khánh Hòa,4,30072 - 72402 - 05838 - 27203 - 32043 - 81700
2026-05-23,MT,Khánh Hòa,5,92798 - 10887 - 32613
2026-05-23,MT,Khánh Hòa,6,94936 - 92844 - 22603
2026-05-23,MT,Khánh Hòa,7,32388 - 70937 - 96132 - 72122
2026-05-23,MT,Khánh Hòa,8,73018
2026-05-23,MN,TP. HCM,ĐB,49187
2026-05-23,MN,TP. HCM,1,15413
2026-05-23,MN,TP. HCM,2,11402
2026-05-23,MN,TP. HCM,3,39308 - 94722 - 97887 - 09901 - 98472 - 59580
2026-05-23,MN,TP. HCM,4,34031 - 43749 - 30576 - 81348 - 83178 - 56991
2026-05-23,MN,TP. HCM,5,17171 - 30258 - 56458
2026-05-23,MN,TP. HCM,6,40410 - 28827 - 16693
2026-05-23,MN,TP. HCM,7,52691 - 00014 - 95211 - 38183
2026-05-23,MN,TP. HCM,8,80928
2026-05-23,MN,Đồng Tháp,ĐB,82446
2026-05-23,MN,Đồng Tháp,1,35148
2026-05-23,MN,Đồng Tháp,2,39513
2026-05-23,MN,Đồng Tháp,3,90561 - 50173 - 82036 - 25056 - 47971 - 49739
2026-05-23,MN,Đồng Tháp,4,78397 - 84202 - 80275 - 20333 - 23836 - 30121
2026-05-23,MN,Đồng Tháp,5,68830 - 23674 - 04235
2026-05-23,MN,Đồng Tháp,6,59006 - 96686 - 33583
2026-05-23,MN,Đồng Tháp,7,52114 - 12883 - 20076 - 82401
2026-05-23,MN,Đồng Tháp,8,17269
2026-05-23,MN,Cà Mau,ĐB,09347
2026-05-23,MN,Cà Mau,1,75742
2026-05-23,MN,Cà Mau,2,28191
2026-05-23,MN,Cà Mau,3,70699 - 66843 - 28704 - 53277 - 32405 - 05669
2026-05-23,MN,Cà Mau,4,54344 - 33719 - 47635 - 57774 - 84882 - 75009
2026-05-23,MN,Cà Mau,5,69933 - 72100 - 03357
2026-05-23,MN,Cà Mau,6,87193 - 98655 - 63734
2026-05-23,MN,Cà Mau,7,46036 - 49100 - 91873 - 69345
2026-05-23,MN,Cà Mau,8,38234
2026-05-24,MB,Hà Nội,ĐB,72096
2026-05-24,MB,Hà Nội,1,52800
2026-05-24,MB,Hà Nội,2,03448
2026-05-24,MB,Hà Nội,3,34196 - 94946 - 11758 - 71498 - 43110 - 42531
2026-05-24,MB,Hà Nội,4,21612 - 12803 - 90941 - 40329 - 73854 - 44209
2026-05-24,MB,Hà Nội,5,54140 - 79169 - 24027
2026-05-24,MB,Hà Nội,6,72500 - 01030 - 35311
2026-05-24,MB,Hà Nội,7,10944 - 34809 - 71623 - 23818
2026-05-24,MT,Đà Nẵng,ĐB,91830
2026-05-24,MT,Đà Nẵng,1,15741
2026-05-24,MT,Đà Nẵng,2,64203
2026-05-24,MT,Đà Nẵng,3,79680 - 96797 - 15514 - 02994 - 17745 - 06916
2026-05-24,MT,Đà Nẵng,4,58619 - 63024 - 30825 - 27559 - 29329 - 04345
2026-05-24,MT,Đà Nẵng,5,51826 - 84574 - 64015
2026-05-24,MT,Đà Nẵng,6,24166 - 88337 - 81695
2026-05-24,MT,Đà Nẵng,7,10948 - 44838 - 73506 - 64985
2026-05-24,MT,Đà Nẵng,8,17140
2026-05-24,MT,Khánh Hòa,ĐB,66788
2026-05-24,MT,Khánh Hòa,1,50318
2026-05-24,MT,Khánh Hòa,2,91262
2026-05-24,MT,Khánh Hòa,3,80188 - 12359 - 34085 - 25456 - 76202 - 27812
2026-05-24,MT,Khánh Hòa,4,73924 - 27636 - 63171 - 09175 - 00368 - 74251
2026-05-24,MT,Khánh Hòa,5,67261 - 76156 - 81803
2026-05-24,MT,Khánh Hòa,6,80593 - 61766 - 46022
2026-05-24,MT,Khánh Hòa,7,70891 - 62737 - 28410 - 99735
2026-05-24,MT,Khánh Hòa,8,55192
2026-05-24,MN,TP. HCM,ĐB,76704
2026-05-24,MN,TP. HCM,1,55744
2026-05-24,MN,TP. HCM,2,74657
2026-05-24,MN,TP. HCM,3,86883 - 03775 - 83583 - 69314 - 89627 - 14279
2026-05-24,MN,TP. HCM,4,70730 - 16220 - 16813 - 82316 - 04554 - 93344
2026-05-24,MN,TP. HCM,5,53551 - 37991 - 73065
2026-05-24,MN,TP. HCM,6,75354 - 75871 - 99228
2026-05-24,MN,TP. HCM,7,24103 - 83328 - 86598 - 11595
2026-05-24,MN,TP. HCM,8,48763
2026-05-24,MN,Đồng Tháp,ĐB,60426
2026-05-24,MN,Đồng Tháp,1,64076
2026-05-24,MN,Đồng Tháp,2,20674
2026-05-24,MN,Đồng Tháp,3,05882 - 46688 - 38937 - 22366 - 50095 - 46715
2026-05-24,MN,Đồng Tháp,4,19464 - 40768 - 07277 - 05738 - 16666 - 35635
2026-05-24,MN,Đồng Tháp,5,38704 - 92480 - 34225
2026-05-24,MN,Đồng Tháp,6,25794 - 85177 - 48203
2026-05-24,MN,Đồng Tháp,7,75467 - 68833 - 54514 - 20910
2026-05-24,MN,Đồng Tháp,8,49773
2026-05-24,MN,Cà Mau,ĐB,23055
2026-05-24,MN,Cà Mau,1,29720
2026-05-24,MN,Cà Mau,2,97712
2026-05-24,MN,Cà Mau,3,05846 - 03780 - 59395 - 22642 - 15910 - 51539
2026-05-24,MN,Cà Mau,4,63869 - 28740 - 71410 - 52157 - 71880 - 64914
2026-05-24,MN,Cà Mau,5,44086 - 08113 - 84766
2026-05-24,MN,Cà Mau,6,30372 - 44631 - 98630
2026-05-24,MN,Cà Mau,7,05823 - 28397 - 09293 - 65199
2026-05-24,MN,Cà Mau,8,24016
2026-05-25,MB,Hà Nội,ĐB,78088
2026-05-25,MB,Hà Nội,1,93617
2026-05-25,MB,Hà Nội,2,59009
2026-05-25,MB,Hà Nội,3,18603 - 18351 - 91145 - 05657 - 66834 - 92151
2026-05-25,MB,Hà Nội,4,45867 - 58650 - 99583 - 18846 - 37276 - 87916
2026-05-25,MB,Hà Nội,5,43151 - 02709 - 97077
2026-05-25,MB,Hà Nội,6,36992 - 11812 - 36927
2026-05-25,MB,Hà Nội,7,26850 - 44022 - 13323 - 58332
2026-05-25,MT,Đà Nẵng,ĐB,33693
2026-05-25,MT,Đà Nẵng,1,60234
2026-05-25,MT,Đà Nẵng,2,31072
2026-05-25,MT,Đà Nẵng,3,45021 - 42744 - 83874 - 90375 - 30074 - 97352
2026-05-25,MT,Đà Nẵng,4,14245 - 95348 - 65952 - 20536 - 69462 - 46099
2026-05-25,MT,Đà Nẵng,5,99470 - 72955 - 16287
2026-05-25,MT,Đà Nẵng,6,40511 - 46839 - 73094
2026-05-25,MT,Đà Nẵng,7,08019 - 64660 - 68197 - 48246
2026-05-25,MT,Đà Nẵng,8,69918
2026-05-25,MT,Khánh Hòa,ĐB,32935
2026-05-25,MT,Khánh Hòa,1,16956
2026-05-25,MT,Khánh Hòa,2,97973
2026-05-25,MT,Khánh Hòa,3,46924 - 45897 - 88470 - 61560 - 28127 - 52118
2026-05-25,MT,Khánh Hòa,4,28218 - 43138 - 52308 - 28672 - 25415 - 26512
2026-05-25,MT,Khánh Hòa,5,19348 - 79537 - 94724
2026-05-25,MT,Khánh Hòa,6,80397 - 69583 - 75910
2026-05-25,MT,Khánh Hòa,7,59206 - 14789 - 94785 - 91752
2026-05-25,MT,Khánh Hòa,8,33384
2026-05-25,MN,TP. HCM,ĐB,40374
2026-05-25,MN,TP. HCM,1,23553
2026-05-25,MN,TP. HCM,2,00115
2026-05-25,MN,TP. HCM,3,76427 - 14908 - 71572 - 39509 - 72674 - 15902
2026-05-25,MN,TP. HCM,4,38907 - 84272 - 27426 - 21502 - 81588 - 95780
2026-05-25,MN,TP. HCM,5,10602 - 80385 - 12223
2026-05-25,MN,TP. HCM,6,63245 - 99259 - 34841
2026-05-25,MN,TP. HCM,7,84413 - 46047 - 86864 - 25259
2026-05-25,MN,TP. HCM,8,00749
2026-05-25,MN,Đồng Tháp,ĐB,50640
2026-05-25,MN,Đồng Tháp,1,61712
2026-05-25,MN,Đồng Tháp,2,80027
2026-05-25,MN,Đồng Tháp,3,85191 - 71042 - 87800 - 42878 - 05335 - 76616
2026-05-25,MN,Đồng Tháp,4,65373 - 12318 - 56221 - 42250 - 46325 - 96374
2026-05-25,MN,Đồng Tháp,5,23001 - 64046 - 22555
2026-05-25,MN,Đồng Tháp,6,07690 - 01314 - 31168
2026-05-25,MN,Đồng Tháp,7,71375 - 79297 - 80671 - 88209
2026-05-25,MN,Đồng Tháp,8,67712
2026-05-25,MN,Cà Mau,ĐB,58187
2026-05-25,MN,Cà Mau,1,12980
2026-05-25,MN,Cà Mau,2,52168
2026-05-25,MN,Cà Mau,3,01133 - 74765 - 87219 - 07618 - 70017 - 66365
2026-05-25,MN,Cà Mau,4,56392 - 18088 - 44642 - 11972 - 59831 - 89281
2026-05-25,MN,Cà Mau,5,11750 - 99836 - 63429
2026-05-25,MN,Cà Mau,6,12288 - 54624 - 63544
2026-05-25,MN,Cà Mau,7,63953 - 42488 - 72718 - 26374
2026-05-25,MN,Cà Mau,8,06815
2026-05-26,MB,Hà Nội,ĐB,25680
2026-05-26,MB,Hà Nội,1,67297
2026-05-26,MB,Hà Nội,2,30235
2026-05-26,MB,Hà Nội,3,92120 - 12547 - 58938 - 52356 - 32231 - 91928
2026-05-26,MB,Hà Nội,4,88987 - 32292 - 15631 - 72078 - 82978 - 33773
2026-05-26,MB,Hà Nội,5,23741 - 26972 - 92047
2026-05-26,MB,Hà Nội,6,90782 - 20394 - 93863
2026-05-26,MB,Hà Nội,7,50068 - 87277 - 09371 - 24549
2026-05-26,MT,Đà Nẵng,ĐB,36632
2026-05-26,MT,Đà Nẵng,1,72001
2026-05-26,MT,Đà Nẵng,2,87393
2026-05-26,MT,Đà Nẵng,3,00762 - 51849 - 18007 - 27372 - 25788 - 96995
2026-05-26,MT,Đà Nẵng,4,39093 - 53671 - 75174 - 93109 - 93125 - 14554
2026-05-26,MT,Đà Nẵng,5,12206 - 45197 - 90044
2026-05-26,MT,Đà Nẵng,6,10579 - 25772 - 62535
2026-05-26,MT,Đà Nẵng,7,74008 - 77991 - 14186 - 61464
2026-05-26,MT,Đà Nẵng,8,35930
2026-05-26,MT,Khánh Hòa,ĐB,45234
2026-05-26,MT,Khánh Hòa,1,39855
2026-05-26,MT,Khánh Hòa,2,96767
2026-05-26,MT,Khánh Hòa,3,24170 - 28456 - 71857 - 94697 - 70770 - 15082
2026-05-26,MT,Khánh Hòa,4,53485 - 89882 - 56741 - 90471 - 81095 - 03770
2026-05-26,MT,Khánh Hòa,5,88611 - 54622 - 13314
2026-05-26,MT,Khánh Hòa,6,89422 - 08485 - 64487
2026-05-26,MT,Khánh Hòa,7,91271 - 10989 - 28629 - 33801
2026-05-26,MT,Khánh Hòa,8,99853
2026-05-26,MN,TP. HCM,ĐB,60857
2026-05-26,MN,TP. HCM,1,24734
2026-05-26,MN,TP. HCM,2,47605
2026-05-26,MN,TP. HCM,3,57474 - 34152 - 57970 - 07316 - 22112 - 09073
2026-05-26,MN,TP. HCM,4,77663 - 66380 - 38438 - 67390 - 70679 - 70104
2026-05-26,MN,TP. HCM,5,58155 - 58299 - 41037
2026-05-26,MN,TP. HCM,6,57506 - 32166 - 06787
2026-05-26,MN,TP. HCM,7,31089 - 24471 - 73824 - 30782
2026-05-26,MN,TP. HCM,8,06038
2026-05-26,MN,Đồng Tháp,ĐB,17756
2026-05-26,MN,Đồng Tháp,1,78554
2026-05-26,MN,Đồng Tháp,2,97382
2026-05-26,MN,Đồng Tháp,3,28826 - 36902 - 03035 - 66043 - 46191 - 47726
2026-05-26,MN,Đồng Tháp,4,49395 - 40967 - 49679 - 80011 - 50811 - 76500
2026-05-26,MN,Đồng Tháp,5,63141 - 16715 - 05035
2026-05-26,MN,Đồng Tháp,6,23366 - 47417 - 91220
2026-05-26,MN,Đồng Tháp,7,70041 - 91008 - 34838 - 88403
2026-05-26,MN,Đồng Tháp,8,40775
2026-05-26,MN,Cà Mau,ĐB,32422
2026-05-26,MN,Cà Mau,1,39444
2026-05-26,MN,Cà Mau,2,36458
2026-05-26,MN,Cà Mau,3,52874 - 23271 - 85522 - 70015 - 24652 - 00762
2026-05-26,MN,Cà Mau,4,58724 - 73330 - 60528 - 90325 - 66589 - 70938
2026-05-26,MN,Cà Mau,5,71431 - 36424 - 41353
2026-05-26,MN,Cà Mau,6,53214 - 17019 - 74213
2026-05-26,MN,Cà Mau,7,71481 - 90385 - 07261 - 56618
2026-05-26,MN,Cà Mau,8,70276
2026-05-27,MB,Hà Nội,ĐB,69963
2026-05-27,MB,Hà Nội,1,39918
2026-05-27,MB,Hà Nội,2,35915
2026-05-27,MB,Hà Nội,3,35879 - 95533 - 92550 - 92345 - 08377 - 55209
2026-05-27,MB,Hà Nội,4,86020 - 85268 - 43070 - 81193 - 01250 - 19682
2026-05-27,MB,Hà Nội,5,83658 - 86593 - 18039
2026-05-27,MB,Hà Nội,6,19665 - 28494 - 73122
2026-05-27,MB,Hà Nội,7,24545 - 25096 - 55166 - 85732
2026-05-27,MT,Đà Nẵng,ĐB,49962
2026-05-27,MT,Đà Nẵng,1,36595
2026-05-27,MT,Đà Nẵng,2,95519
2026-05-27,MT,Đà Nẵng,3,69113 - 74868 - 16215 - 58366 - 65932 - 45885
2026-05-27,MT,Đà Nẵng,4,60928 - 73029 - 24290 - 14110 - 77883 - 54852
2026-05-27,MT,Đà Nẵng,5,03503 - 54744 - 41582
2026-05-27,MT,Đà Nẵng,6,13717 - 31218 - 63380
2026-05-27,MT,Đà Nẵng,7,60371 - 74330 - 99226 - 14332
2026-05-27,MT,Đà Nẵng,8,30258
2026-05-27,MT,Khánh Hòa,ĐB,31929
2026-05-27,MT,Khánh Hòa,1,15437
2026-05-27,MT,Khánh Hòa,2,04094
2026-05-27,MT,Khánh Hòa,3,64955 - 94347 - 53574 - 02080 - 32058 - 57172
2026-05-27,MT,Khánh Hòa,4,47227 - 79010 - 27935 - 48433 - 13364 - 02267
2026-05-27,MT,Khánh Hòa,5,20287 - 08892 - 42905
2026-05-27,MT,Khánh Hòa,6,65600 - 47241 - 10677
2026-05-27,MT,Khánh Hòa,7,35882 - 16083 - 79465 - 27926
2026-05-27,MT,Khánh Hòa,8,02220
2026-05-27,MN,TP. HCM,ĐB,49691
2026-05-27,MN,TP. HCM,1,05114
2026-05-27,MN,TP. HCM,2,82736
2026-05-27,MN,TP. HCM,3,58797 - 08111 - 91991 - 06315 - 39383 - 95535
2026-05-27,MN,TP. HCM,4,36715 - 35965 - 53044 - 40102 - 63922 - 30061
2026-05-27,MN,TP. HCM,5,98612 - 69932 - 65084
2026-05-27,MN,TP. HCM,6,54655 - 62508 - 20972
2026-05-27,MN,TP. HCM,7,81188 - 56908 - 36136 - 53142
2026-05-27,MN,TP. HCM,8,91862
2026-05-27,MN,Đồng Tháp,ĐB,18811
2026-05-27,MN,Đồng Tháp,1,64452
2026-05-27,MN,Đồng Tháp,2,73453
2026-05-27,MN,Đồng Tháp,3,65001 - 97864 - 17624 - 63894 - 01869 - 66832
2026-05-27,MN,Đồng Tháp,4,67591 - 63030 - 12222 - 68296 - 00394 - 83164
2026-05-27,MN,Đồng Tháp,5,70003 - 52581 - 76196
2026-05-27,MN,Đồng Tháp,6,27260 - 00122 - 45179
2026-05-27,MN,Đồng Tháp,7,53789 - 01832 - 46993 - 50697
2026-05-27,MN,Đồng Tháp,8,20301
2026-05-27,MN,Cà Mau,ĐB,98034
2026-05-27,MN,Cà Mau,1,95348
2026-05-27,MN,Cà Mau,2,27462
2026-05-27,MN,Cà Mau,3,79076 - 80937 - 25616 - 09948 - 12543 - 74512
2026-05-27,MN,Cà Mau,4,94047 - 75162 - 17501 - 31451 - 02926 - 92091
2026-05-27,MN,Cà Mau,5,18504 - 40801 - 07690
2026-05-27,MN,Cà Mau,6,29272 - 92170 - 94532
2026-05-27,MN,Cà Mau,7,41525 - 84298 - 53386 - 05536
2026-05-27,MN,Cà Mau,8,91822
2026-05-28,MB,Hà Nội,ĐB,05502
2026-05-28,MB,Hà Nội,1,12301
2026-05-28,MB,Hà Nội,2,76931
2026-05-28,MB,Hà Nội,3,14107 - 70188 - 61845 - 54851 - 19540 - 37359
2026-05-28,MB,Hà Nội,4,96191 - 50939 - 04364 - 52534 - 68357 - 02919
2026-05-28,MB,Hà Nội,5,01627 - 99562 - 78916
2026-05-28,MB,Hà Nội,6,69614 - 59250 - 43422
2026-05-28,MB,Hà Nội,7,71782 - 70802 - 94213 - 54763
2026-05-28,MT,Đà Nẵng,ĐB,68261
2026-05-28,MT,Đà Nẵng,1,52536
2026-05-28,MT,Đà Nẵng,2,98780
2026-05-28,MT,Đà Nẵng,3,49557 - 76797 - 91086 - 52009 - 69867 - 05101
2026-05-28,MT,Đà Nẵng,4,62439 - 12160 - 51584 - 82117 - 68242 - 93031
2026-05-28,MT,Đà Nẵng,5,01682 - 91917 - 43495
2026-05-28,MT,Đà Nẵng,6,22723 - 11583 - 95349
2026-05-28,MT,Đà Nẵng,7,16227 - 82079 - 19760 - 67311
2026-05-28,MT,Đà Nẵng,8,64610
2026-05-28,MT,Khánh Hòa,ĐB,90330
2026-05-28,MT,Khánh Hòa,1,85061
2026-05-28,MT,Khánh Hòa,2,07229
2026-05-28,MT,Khánh Hòa,3,84807 - 10049 - 36358 - 11531 - 29778 - 25201
2026-05-28,MT,Khánh Hòa,4,32353 - 85491 - 26153 - 50610 - 36874 - 75796
2026-05-28,MT,Khánh Hòa,5,98432 - 36509 - 66782
2026-05-28,MT,Khánh Hòa,6,57666 - 48268 - 06855
2026-05-28,MT,Khánh Hòa,7,14726 - 33613 - 67369 - 98918
2026-05-28,MT,Khánh Hòa,8,38059
2026-05-28,MN,TP. HCM,ĐB,63413
2026-05-28,MN,TP. HCM,1,81777
2026-05-28,MN,TP. HCM,2,72810
2026-05-28,MN,TP. HCM,3,55513 - 90010 - 92452 - 94513 - 41398 - 71729
2026-05-28,MN,TP. HCM,4,30925 - 65814 - 83770 - 08811 - 76957 - 19843
2026-05-28,MN,TP. HCM,5,41358 - 80563 - 07011
2026-05-28,MN,TP. HCM,6,27867 - 96305 - 43240
2026-05-28,MN,TP. HCM,7,33299 - 26353 - 50174 - 71951
2026-05-28,MN,TP. HCM,8,92167
2026-05-28,MN,Đồng Tháp,ĐB,67418
2026-05-28,MN,Đồng Tháp,1,58066
2026-05-28,MN,Đồng Tháp,2,13146
2026-05-28,MN,Đồng Tháp,3,30402 - 02599 - 01028 - 48894 - 28518 - 04482
2026-05-28,MN,Đồng Tháp,4,34317 - 53569 - 33086 - 81104 - 87103 - 98429
2026-05-28,MN,Đồng Tháp,5,66906 - 75974 - 36464
2026-05-28,MN,Đồng Tháp,6,32078 - 37345 - 85691
2026-05-28,MN,Đồng Tháp,7,40458 - 99919 - 60136 - 25321
2026-05-28,MN,Đồng Tháp,8,35120
2026-05-28,MN,Cà Mau,ĐB,86772
2026-05-28,MN,Cà Mau,1,82312
2026-05-28,MN,Cà Mau,2,63358
2026-05-28,MN,Cà Mau,3,41089 - 86648 - 80028 - 46162 - 84140 - 87641
2026-05-28,MN,Cà Mau,4,83699 - 28736 - 31735 - 66810 - 83226 - 28086
2026-05-28,MN,Cà Mau,5,98859 - 52759 - 48012
2026-05-28,MN,Cà Mau,6,11583 - 38800 - 04452
2026-05-28,MN,Cà Mau,7,28564 - 23676 - 35324 - 22859
2026-05-28,MN,Cà Mau,8,27964
2026-05-29,MB,Hà Nội,ĐB,20915
2026-05-29,MB,Hà Nội,1,95974
2026-05-29,MB,Hà Nội,2,34493
2026-05-29,MB,Hà Nội,3,37472 - 50510 - 19475 - 87642 - 39961 - 54430
2026-05-29,MB,Hà Nội,4,87407 - 29572 - 36913 - 83989 - 24768 - 06659
2026-05-29,MB,Hà Nội,5,43891 - 24429 - 57511
2026-05-29,MB,Hà Nội,6,08890 - 35830 - 51958
2026-05-29,MB,Hà Nội,7,98274 - 63404 - 88452 - 87178
2026-05-29,MT,Đà Nẵng,ĐB,71185
2026-05-29,MT,Đà Nẵng,1,81825
2026-05-29,MT,Đà Nẵng,2,31585
2026-05-29,MT,Đà Nẵng,3,84816 - 66693 - 60782 - 12785 - 17752 - 83503
2026-05-29,MT,Đà Nẵng,4,29592 - 22042 - 33669 - 97910 - 80430 - 97633
2026-05-29,MT,Đà Nẵng,5,60777 - 76452 - 86785
2026-05-29,MT,Đà Nẵng,6,79246 - 79397 - 33225
2026-05-29,MT,Đà Nẵng,7,54664 - 17061 - 60849 - 95446
2026-05-29,MT,Đà Nẵng,8,31315
2026-05-29,MT,Khánh Hòa,ĐB,45913
2026-05-29,MT,Khánh Hòa,1,07744
2026-05-29,MT,Khánh Hòa,2,29160
2026-05-29,MT,Khánh Hòa,3,69639 - 20683 - 57921 - 92905 - 75547 - 55182
2026-05-29,MT,Khánh Hòa,4,96050 - 82710 - 23321 - 46013 - 03887 - 12278
2026-05-29,MT,Khánh Hòa,5,81825 - 30997 - 75691
2026-05-29,MT,Khánh Hòa,6,60351 - 83605 - 20115
2026-05-29,MT,Khánh Hòa,7,95777 - 44525 - 43907 - 55890
2026-05-29,MT,Khánh Hòa,8,29667
2026-05-29,MN,TP. HCM,ĐB,56750
2026-05-29,MN,TP. HCM,1,27732
2026-05-29,MN,TP. HCM,2,74979
2026-05-29,MN,TP. HCM,3,26381 - 25551 - 23494 - 21509 - 17638 - 01829
2026-05-29,MN,TP. HCM,4,91453 - 41337 - 63879 - 05370 - 96232 - 95022
2026-05-29,MN,TP. HCM,5,03397 - 23706 - 23167
2026-05-29,MN,TP. HCM,6,04144 - 75712 - 19428
2026-05-29,MN,TP. HCM,7,29539 - 43342 - 98922 - 36590
2026-05-29,MN,TP. HCM,8,21324
2026-05-29,MN,Đồng Tháp,ĐB,04929
2026-05-29,MN,Đồng Tháp,1,82000
2026-05-29,MN,Đồng Tháp,2,21680
2026-05-29,MN,Đồng Tháp,3,88997 - 11216 - 66640 - 23643 - 02177 - 07796
2026-05-29,MN,Đồng Tháp,4,88731 - 86943 - 83312 - 44348 - 12448 - 47994
2026-05-29,MN,Đồng Tháp,5,16973 - 55283 - 81995
2026-05-29,MN,Đồng Tháp,6,67073 - 86842 - 84221
2026-05-29,MN,Đồng Tháp,7,85025 - 48682 - 63316 - 09266
2026-05-29,MN,Đồng Tháp,8,77787
2026-05-29,MN,Cà Mau,ĐB,99680
2026-05-29,MN,Cà Mau,1,06487
2026-05-29,MN,Cà Mau,2,40852
2026-05-29,MN,Cà Mau,3,05538 - 16477 - 60579 - 77709 - 56302 - 52962
2026-05-29,MN,Cà Mau,4,93180 - 93917 - 17185 - 22922 - 49123 - 12722
2026-05-29,MN,Cà Mau,5,82279 - 38491 - 51796
2026-05-29,MN,Cà Mau,6,55171 - 30035 - 48444
2026-05-29,MN,Cà Mau,7,73162 - 59114 - 83306 - 63430
2026-05-29,MN,Cà Mau,8,14871
2026-05-30,MB,Hà Nội,ĐB,19358
2026-05-30,MB,Hà Nội,1,23282
2026-05-30,MB,Hà Nội,2,79060
2026-05-30,MB,Hà Nội,3,94088 - 83450 - 77186 - 79031 - 92132 - 52947
2026-05-30,MB,Hà Nội,4,57980 - 45033 - 22848 - 68683 - 58287 - 78317
2026-05-30,MB,Hà Nội,5,86005 - 47647 - 77976
2026-05-30,MB,Hà Nội,6,40132 - 27990 - 12141
2026-05-30,MB,Hà Nội,7,72234 - 21854 - 56092 - 30822
2026-05-30,MT,Đà Nẵng,ĐB,74347
2026-05-30,MT,Đà Nẵng,1,34490
2026-05-30,MT,Đà Nẵng,2,52112
2026-05-30,MT,Đà Nẵng,3,94842 - 33951 - 90597 - 92410 - 16646 - 08609
2026-05-30,MT,Đà Nẵng,4,43344 - 93122 - 59297 - 88784 - 56819 - 23317
2026-05-30,MT,Đà Nẵng,5,86480 - 41485 - 33359
2026-05-30,MT,Đà Nẵng,6,00138 - 93255 - 36085
2026-05-30,MT,Đà Nẵng,7,64425 - 72946 - 18727 - 99190
2026-05-30,MT,Đà Nẵng,8,21556
2026-05-30,MT,Khánh Hòa,ĐB,76664
2026-05-30,MT,Khánh Hòa,1,12944
2026-05-30,MT,Khánh Hòa,2,78435
2026-05-30,MT,Khánh Hòa,3,16181 - 25136 - 07822 - 25818 - 19426 - 20708
2026-05-30,MT,Khánh Hòa,4,71402 - 94478 - 33001 - 79176 - 16498 - 86431
2026-05-30,MT,Khánh Hòa,5,39053 - 72750 - 18939
2026-05-30,MT,Khánh Hòa,6,06593 - 54850 - 59736
2026-05-30,MT,Khánh Hòa,7,45468 - 49419 - 94345 - 43673
2026-05-30,MT,Khánh Hòa,8,48223
2026-05-30,MN,TP. HCM,ĐB,40790
2026-05-30,MN,TP. HCM,1,04842
2026-05-30,MN,TP. HCM,2,92167
2026-05-30,MN,TP. HCM,3,08347 - 22168 - 40504 - 84696 - 16889 - 97346
2026-05-30,MN,TP. HCM,4,43937 - 11991 - 33927 - 95604 - 01964 - 19863
2026-05-30,MN,TP. HCM,5,20510 - 31511 - 85791
2026-05-30,MN,TP. HCM,6,54047 - 58123 - 20413
2026-05-30,MN,TP. HCM,7,29777 - 94741 - 34580 - 53607
2026-05-30,MN,TP. HCM,8,74060
2026-05-30,MN,Đồng Tháp,ĐB,63065
2026-05-30,MN,Đồng Tháp,1,38881
2026-05-30,MN,Đồng Tháp,2,68423
2026-05-30,MN,Đồng Tháp,3,55673 - 11359 - 94395 - 85271 - 67277 - 10303
2026-05-30,MN,Đồng Tháp,4,74158 - 38813 - 98949 - 95133 - 89863 - 43032
2026-05-30,MN,Đồng Tháp,5,26049 - 80467 - 46454
2026-05-30,MN,Đồng Tháp,6,34575 - 43427 - 40650
2026-05-30,MN,Đồng Tháp,7,20218 - 78771 - 03769 - 92568
2026-05-30,MN,Đồng Tháp,8,11711
2026-05-30,MN,Cà Mau,ĐB,67207
2026-05-30,MN,Cà Mau,1,37338
2026-05-30,MN,Cà Mau,2,36912
2026-05-30,MN,Cà Mau,3,54846 - 85487 - 55448 - 17305 - 11715 - 68803
2026-05-30,MN,Cà Mau,4,91550 - 78268 - 43963 - 64757 - 48827 - 69528
2026-05-30,MN,Cà Mau,5,19782 - 38090 - 66692
2026-05-30,MN,Cà Mau,6,55676 - 85046 - 77815
2026-05-30,MN,Cà Mau,7,74720 - 17936 - 86616 - 50042
2026-05-30,MN,Cà Mau,8,68426
2026-05-31,MB,Hà Nội,ĐB,44398
2026-05-31,MB,Hà Nội,1,88234
2026-05-31,MB,Hà Nội,2,90126
2026-05-31,MB,Hà Nội,3,72890 - 96606 - 69515 - 37335 - 75869 - 64484
2026-05-31,MB,Hà Nội,4,94880 - 11967 - 32319 - 25720 - 73898 - 41017
2026-05-31,MB,Hà Nội,5,22725 - 28244 - 49626
2026-05-31,MB,Hà Nội,6,10672 - 07216 - 66873
2026-05-31,MB,Hà Nội,7,31108 - 33606 - 53076 - 92934
2026-05-31,MT,Đà Nẵng,ĐB,19678
2026-05-31,MT,Đà Nẵng,1,51222
2026-05-31,MT,Đà Nẵng,2,05277
2026-05-31,MT,Đà Nẵng,3,56277 - 60709 - 20332 - 86092 - 99974 - 95290
2026-05-31,MT,Đà Nẵng,4,37112 - 30291 - 34995 - 36466 - 66090 - 82669
2026-05-31,MT,Đà Nẵng,5,18023 - 94959 - 06299
2026-05-31,MT,Đà Nẵng,6,13803 - 53053 - 90017
2026-05-31,MT,Đà Nẵng,7,23059 - 52487 - 46789 - 58609
2026-05-31,MT,Đà Nẵng,8,58105
2026-05-31,MT,Khánh Hòa,ĐB,31872
2026-05-31,MT,Khánh Hòa,1,09806
2026-05-31,MT,Khánh Hòa,2,10514
2026-05-31,MT,Khánh Hòa,3,38102 - 96303 - 74133 - 54170 - 92960 - 84143
2026-05-31,MT,Khánh Hòa,4,39115 - 64836 - 12608 - 58999 - 82841 - 64408
2026-05-31,MT,Khánh Hòa,5,08730 - 16942 - 11000
2026-05-31,MT,Khánh Hòa,6,24386 - 85529 - 77389
2026-05-31,MT,Khánh Hòa,7,52099 - 98514 - 58342 - 58898
2026-05-31,MT,Khánh Hòa,8,62913
2026-05-31,MN,TP. HCM,ĐB,44276
2026-05-31,MN,TP. HCM,1,14085
2026-05-31,MN,TP. HCM,2,71700
2026-05-31,MN,TP. HCM,3,89122 - 71256 - 12132 - 57591 - 68684 - 40269
2026-05-31,MN,TP. HCM,4,45626 - 00037 - 64965 - 08251 - 25829 - 99100
2026-05-31,MN,TP. HCM,5,19782 - 41081 - 92587
2026-05-31,MN,TP. HCM,6,65852 - 07614 - 69809
2026-05-31,MN,TP. HCM,7,25604 - 94840 - 32736 - 05799
2026-05-31,MN,TP. HCM,8,90225
2026-05-31,MN,Đồng Tháp,ĐB,00483
2026-05-31,MN,Đồng Tháp,1,68678
2026-05-31,MN,Đồng Tháp,2,20127
2026-05-31,MN,Đồng Tháp,3,86592 - 71348 - 04121 - 49683 - 50962 - 82737
2026-05-31,MN,Đồng Tháp,4,02516 - 08231 - 34929 - 04967 - 02585 - 32953
2026-05-31,MN,Đồng Tháp,5,69808 - 07663 - 87061
2026-05-31,MN,Đồng Tháp,6,27100 - 15936 - 28044
2026-05-31,MN,Đồng Tháp,7,09717 - 45653 - 67780 - 14504
2026-05-31,MN,Đồng Tháp,8,19839
2026-05-31,MN,Cà Mau,ĐB,06774
2026-05-31,MN,Cà Mau,1,65534
2026-05-31,MN,Cà Mau,2,10685
2026-05-31,MN,Cà Mau,3,98718 - 83347 - 49956 - 60837 - 15076 - 35656
2026-05-31,MN,Cà Mau,4,85066 - 54221 - 23489 - 62741 - 67060 - 88498
2026-05-31,MN,Cà Mau,5,21616 - 17149 - 32068
2026-05-31,MN,Cà Mau,6,74373 - 67503 - 42859
2026-05-31,MN,Cà Mau,7,31747 - 85233 - 80217 - 91087
2026-05-31,MN,Cà Mau,8,94390
2026-06-01,MB,Hà Nội,ĐB,20790
2026-06-01,MB,Hà Nội,1,15722
2026-06-01,MB,Hà Nội,2,87750
2026-06-01,MB,Hà Nội,3,75331 - 38953 - 52892 - 96515 - 10934 - 93797
2026-06-01,MB,Hà Nội,4,28375 - 34368 - 53002 - 80995 - 81176 - 43057
2026-06-01,MB,Hà Nội,5,73218 - 57894 - 06035
2026-06-01,MB,Hà Nội,6,34994 - 85493 - 73877
2026-06-01,MB,Hà Nội,7,05340 - 69420 - 00940 - 57093
2026-06-01,MT,Đà Nẵng,ĐB,00597
2026-06-01,MT,Đà Nẵng,1,86390
2026-06-01,MT,Đà Nẵng,2,51101
2026-06-01,MT,Đà Nẵng,3,63611 - 68630 - 56957 - 69495 - 21442 - 37111
2026-06-01,MT,Đà Nẵng,4,80414 - 26058 - 59060 - 90065 - 98085 - 56188
2026-06-01,MT,Đà Nẵng,5,38400 - 45693 - 58090
2026-06-01,MT,Đà Nẵng,6,55574 - 15169 - 61316
2026-06-01,MT,Đà Nẵng,7,20878 - 50740 - 14911 - 06165
2026-06-01,MT,Đà Nẵng,8,54686
2026-06-01,MT,Khánh Hòa,ĐB,07437
2026-06-01,MT,Khánh Hòa,1,70916
2026-06-01,MT,Khánh Hòa,2,71197
2026-06-01,MT,Khánh Hòa,3,68279 - 79978 - 70346 - 78698 - 05868 - 94598
2026-06-01,MT,Khánh Hòa,4,10830 - 50308 - 86832 - 19166 - 96602 - 16176
2026-06-01,MT,Khánh Hòa,5,75458 - 13635 - 91172
2026-06-01,MT,Khánh Hòa,6,11103 - 38389 - 77968
2026-06-01,MT,Khánh Hòa,7,35193 - 13140 - 94316 - 49004
2026-06-01,MT,Khánh Hòa,8,59333
2026-06-01,MN,TP. HCM,ĐB,50678
2026-06-01,MN,TP. HCM,1,32225
2026-06-01,MN,TP. HCM,2,22888
2026-06-01,MN,TP. HCM,3,87355 - 81846 - 19191 - 35527 - 18632 - 78260
2026-06-01,MN,TP. HCM,4,92553 - 11749 - 57300 - 15202 - 89969 - 03005
2026-06-01,MN,TP. HCM,5,44289 - 28140 - 75300
2026-06-01,MN,TP. HCM,6,25502 - 85504 - 74097
2026-06-01,MN,TP. HCM,7,68615 - 83628 - 48067 - 12257
2026-06-01,MN,TP. HCM,8,81519
2026-06-01,MN,Đồng Tháp,ĐB,61340
2026-06-01,MN,Đồng Tháp,1,22660
2026-06-01,MN,Đồng Tháp,2,68478
2026-06-01,MN,Đồng Tháp,3,58941 - 52002 - 78448 - 43074 - 74498 - 21655
2026-06-01,MN,Đồng Tháp,4,32279 - 97685 - 31068 - 27911 - 70791 - 22254
2026-06-01,MN,Đồng Tháp,5,94209 - 08161 - 32116
2026-06-01,MN,Đồng Tháp,6,58729 - 50623 - 91655
2026-06-01,MN,Đồng Tháp,7,57236 - 21179 - 20926 - 51819
2026-06-01,MN,Đồng Tháp,8,41414
2026-06-01,MN,Cà Mau,ĐB,31163
2026-06-01,MN,Cà Mau,1,04446
2026-06-01,MN,Cà Mau,2,30547
2026-06-01,MN,Cà Mau,3,26448 - 86635 - 27507 - 29723 - 66980 - 65559
2026-06-01,MN,Cà Mau,4,67272 - 50138 - 84875 - 62317 - 95888 - 05230
2026-06-01,MN,Cà Mau,5,65026 - 36017 - 84523
2026-06-01,MN,Cà Mau,6,92013 - 41899 - 70247
2026-06-01,MN,Cà Mau,7,60749 - 11225 - 23605 - 84282
2026-06-01,MN,Cà Mau,8,09884
2026-06-02,MB,Hà Nội,ĐB,42472
2026-06-02,MB,Hà Nội,1,36106
2026-06-02,MB,Hà Nội,2,66623
2026-06-02,MB,Hà Nội,3,39164 - 57497 - 06878 - 23451 - 02530 - 65602
2026-06-02,MB,Hà Nội,4,06193 - 00737 - 09632 - 83197 - 81698 - 71883
2026-06-02,MB,Hà Nội,5,30789 - 18013 - 78693
2026-06-02,MB,Hà Nội,6,55902 - 87619 - 53969
2026-06-02,MB,Hà Nội,7,76490 - 06448 - 29260 - 20003
2026-06-02,MT,Đà Nẵng,ĐB,65820
2026-06-02,MT,Đà Nẵng,1,06739
2026-06-02,MT,Đà Nẵng,2,13455
2026-06-02,MT,Đà Nẵng,3,06333 - 52837 - 77504 - 67168 - 52831 - 58666
2026-06-02,MT,Đà Nẵng,4,29121 - 53261 - 71255 - 96015 - 56947 - 91309
2026-06-02,MT,Đà Nẵng,5,43036 - 65102 - 62091
2026-06-02,MT,Đà Nẵng,6,07622 - 72821 - 22376
2026-06-02,MT,Đà Nẵng,7,93638 - 28740 - 25867 - 52866
2026-06-02,MT,Đà Nẵng,8,08418
2026-06-02,MT,Khánh Hòa,ĐB,05525
2026-06-02,MT,Khánh Hòa,1,93179
2026-06-02,MT,Khánh Hòa,2,04129
2026-06-02,MT,Khánh Hòa,3,21425 - 62127 - 65115 - 73900 - 93866 - 59418
2026-06-02,MT,Khánh Hòa,4,68922 - 67326 - 26848 - 65826 - 97348 - 90953
2026-06-02,MT,Khánh Hòa,5,35050 - 18339 - 99180
2026-06-02,MT,Khánh Hòa,6,45626 - 48890 - 82431
2026-06-02,MT,Khánh Hòa,7,13596 - 54970 - 89995 - 31534
2026-06-02,MT,Khánh Hòa,8,43596
2026-06-02,MN,TP. HCM,ĐB,89225
2026-06-02,MN,TP. HCM,1,63214
2026-06-02,MN,TP. HCM,2,23577
2026-06-02,MN,TP. HCM,3,07784 - 17842 - 96849 - 90419 - 75908 - 69248
2026-06-02,MN,TP. HCM,4,96204 - 76212 - 60041 - 17084 - 08873 - 26599
2026-06-02,MN,TP. HCM,5,73028 - 99851 - 20983
2026-06-02,MN,TP. HCM,6,91859 - 21581 - 62096
2026-06-02,MN,TP. HCM,7,95992 - 52191 - 45374 - 98330
2026-06-02,MN,TP. HCM,8,31761
2026-06-02,MN,Đồng Tháp,ĐB,49456
2026-06-02,MN,Đồng Tháp,1,13007
2026-06-02,MN,Đồng Tháp,2,46331
2026-06-02,MN,Đồng Tháp,3,27809 - 20462 - 93182 - 41573 - 41778 - 21236
2026-06-02,MN,Đồng Tháp,4,88485 - 69408 - 24576 - 32301 - 07533 - 86607
2026-06-02,MN,Đồng Tháp,5,41800 - 44580 - 39742
2026-06-02,MN,Đồng Tháp,6,12774 - 68241 - 89477
2026-06-02,MN,Đồng Tháp,7,66369 - 36346 - 79081 - 17528
2026-06-02,MN,Đồng Tháp,8,59243
2026-06-02,MN,Cà Mau,ĐB,75146
2026-06-02,MN,Cà Mau,1,18392
2026-06-02,MN,Cà Mau,2,60529
2026-06-02,MN,Cà Mau,3,73153 - 76275 - 13246 - 65923 - 16356 - 23397
2026-06-02,MN,Cà Mau,4,17234 - 92350 - 53495 - 02048 - 31148 - 97387
2026-06-02,MN,Cà Mau,5,55089 - 85199 - 73017
2026-06-02,MN,Cà Mau,6,97925 - 78243 - 20883
2026-06-02,MN,Cà Mau,7,53184 - 36938 - 99945 - 96902
2026-06-02,MN,Cà Mau,8,43492
