Date,Region,Province,Prize,Numbers
2024-10-01,MB,Hà Nội,ĐB,90897
2024-10-01,MB,Hà Nội,1,88312
2024-10-01,MB,Hà Nội,2,77468
2024-10-01,MB,Hà Nội,3,68363 - 57293 - 29371 - 34786 - 13973 - 25064
2024-10-01,MB,Hà Nội,4,57999 - 55028 - 34571 - 81784 - 58200 - 12382
2024-10-01,MB,Hà Nội,5,52221 - 27872 - 74472
2024-10-01,MB,Hà Nội,6,87518 - 08216 - 68991
2024-10-01,MB,Hà Nội,7,62073 - 18498 - 91297 - 27147
2024-10-01,MT,Đà Nẵng,ĐB,85731
2024-10-01,MT,Đà Nẵng,1,61224
2024-10-01,MT,Đà Nẵng,2,93246
2024-10-01,MT,Đà Nẵng,3,30502 - 32285 - 04938 - 53625 - 75164 - 46904
2024-10-01,MT,Đà Nẵng,4,14323 - 00998 - 75414 - 22652 - 27541 - 47012
2024-10-01,MT,Đà Nẵng,5,26059 - 43019 - 11428
2024-10-01,MT,Đà Nẵng,6,45028 - 02936 - 74421
2024-10-01,MT,Đà Nẵng,7,37903 - 51760 - 24549 - 27437
2024-10-01,MT,Đà Nẵng,8,83099
2024-10-01,MT,Khánh Hòa,ĐB,59647
2024-10-01,MT,Khánh Hòa,1,72569
2024-10-01,MT,Khánh Hòa,2,82878
2024-10-01,MT,Khánh Hòa,3,82938 - 96141 - 95846 - 69788 - 55726 - 99279
2024-10-01,MT,Khánh Hòa,4,64614 - 01965 - 22571 - 31266 - 10746 - 64357
2024-10-01,MT,Khánh Hòa,5,40996 - 52303 - 54936
2024-10-01,MT,Khánh Hòa,6,46210 - 99731 - 08722
2024-10-01,MT,Khánh Hòa,7,39272 - 53759 - 65797 - 57713
2024-10-01,MT,Khánh Hòa,8,86139
2024-10-01,MN,TP. HCM,ĐB,83393
2024-10-01,MN,TP. HCM,1,27377
2024-10-01,MN,TP. HCM,2,02689
2024-10-01,MN,TP. HCM,3,69220 - 96904 - 53121 - 10481 - 63463 - 45051
2024-10-01,MN,TP. HCM,4,11108 - 17563 - 36682 - 89139 - 42747 - 21797
2024-10-01,MN,TP. HCM,5,76284 - 67343 - 43339
2024-10-01,MN,TP. HCM,6,59774 - 48236 - 83231
2024-10-01,MN,TP. HCM,7,74739 - 62377 - 75821 - 49408
2024-10-01,MN,TP. HCM,8,81224
2024-10-01,MN,Đồng Tháp,ĐB,68471
2024-10-01,MN,Đồng Tháp,1,22283
2024-10-01,MN,Đồng Tháp,2,10687
2024-10-01,MN,Đồng Tháp,3,77748 - 59693 - 09555 - 90305 - 29947 - 68435
2024-10-01,MN,Đồng Tháp,4,27483 - 20546 - 25598 - 51005 - 78159 - 17824
2024-10-01,MN,Đồng Tháp,5,28255 - 93477 - 44197
2024-10-01,MN,Đồng Tháp,6,09332 - 56565 - 24751
2024-10-01,MN,Đồng Tháp,7,47335 - 61581 - 86067 - 36419
2024-10-01,MN,Đồng Tháp,8,29128
2024-10-01,MN,Cà Mau,ĐB,20977
2024-10-01,MN,Cà Mau,1,98220
2024-10-01,MN,Cà Mau,2,80614
2024-10-01,MN,Cà Mau,3,60478 - 96241 - 55213 - 03573 - 83609 - 41847
2024-10-01,MN,Cà Mau,4,79605 - 32315 - 31488 - 36563 - 11428 - 41473
2024-10-01,MN,Cà Mau,5,59915 - 73235 - 57801
2024-10-01,MN,Cà Mau,6,15723 - 22295 - 44157
2024-10-01,MN,Cà Mau,7,53267 - 91919 - 69329 - 02360
2024-10-01,MN,Cà Mau,8,77425
2024-10-02,MB,Hà Nội,ĐB,79125
2024-10-02,MB,Hà Nội,1,57359
2024-10-02,MB,Hà Nội,2,85465
2024-10-02,MB,Hà Nội,3,24512 - 43789 - 03595 - 81673 - 98247 - 51109
2024-10-02,MB,Hà Nội,4,60992 - 99884 - 23778 - 89882 - 90140 - 16026
2024-10-02,MB,Hà Nội,5,22944 - 03952 - 46165
2024-10-02,MB,Hà Nội,6,06469 - 65775 - 57920
2024-10-02,MB,Hà Nội,7,43528 - 57208 - 72905 - 50081
2024-10-02,MT,Đà Nẵng,ĐB,16266
2024-10-02,MT,Đà Nẵng,1,69305
2024-10-02,MT,Đà Nẵng,2,06681
2024-10-02,MT,Đà Nẵng,3,44791 - 38089 - 73641 - 02230 - 89895 - 40538
2024-10-02,MT,Đà Nẵng,4,86058 - 51764 - 51478 - 49443 - 57289 - 98770
2024-10-02,MT,Đà Nẵng,5,42117 - 47061 - 96788
2024-10-02,MT,Đà Nẵng,6,45219 - 35466 - 09863
2024-10-02,MT,Đà Nẵng,7,98717 - 51440 - 81709 - 04722
2024-10-02,MT,Đà Nẵng,8,58992
2024-10-02,MT,Khánh Hòa,ĐB,28406
2024-10-02,MT,Khánh Hòa,1,90700
2024-10-02,MT,Khánh Hòa,2,17108
2024-10-02,MT,Khánh Hòa,3,88529 - 45727 - 08022 - 09910 - 13329 - 30704
2024-10-02,MT,Khánh Hòa,4,33334 - 24436 - 62287 - 86613 - 21655 - 18943
2024-10-02,MT,Khánh Hòa,5,31988 - 12670 - 11574
2024-10-02,MT,Khánh Hòa,6,89006 - 17101 - 62623
2024-10-02,MT,Khánh Hòa,7,57446 - 53947 - 33157 - 59030
2024-10-02,MT,Khánh Hòa,8,90061
2024-10-02,MN,TP. HCM,ĐB,61727
2024-10-02,MN,TP. HCM,1,66066
2024-10-02,MN,TP. HCM,2,11042
2024-10-02,MN,TP. HCM,3,95159 - 46151 - 85900 - 05234 - 42179 - 65551
2024-10-02,MN,TP. HCM,4,56883 - 82586 - 88491 - 61106 - 13307 - 35803
2024-10-02,MN,TP. HCM,5,95362 - 44789 - 72032
2024-10-02,MN,TP. HCM,6,32442 - 51316 - 35897
2024-10-02,MN,TP. HCM,7,24200 - 86217 - 12039 - 02286
2024-10-02,MN,TP. HCM,8,83316
2024-10-02,MN,Đồng Tháp,ĐB,96549
2024-10-02,MN,Đồng Tháp,1,35306
2024-10-02,MN,Đồng Tháp,2,45432
2024-10-02,MN,Đồng Tháp,3,03952 - 06909 - 24558 - 77829 - 33025 - 67076
2024-10-02,MN,Đồng Tháp,4,23466 - 75543 - 08834 - 06146 - 13973 - 71021
2024-10-02,MN,Đồng Tháp,5,87738 - 91020 - 37605
2024-10-02,MN,Đồng Tháp,6,44325 - 25666 - 44336
2024-10-02,MN,Đồng Tháp,7,13977 - 01037 - 02239 - 76642
2024-10-02,MN,Đồng Tháp,8,06135
2024-10-02,MN,Cà Mau,ĐB,87876
2024-10-02,MN,Cà Mau,1,54338
2024-10-02,MN,Cà Mau,2,90631
2024-10-02,MN,Cà Mau,3,40977 - 49340 - 63525 - 18806 - 65992 - 45494
2024-10-02,MN,Cà Mau,4,14136 - 21269 - 24844 - 49338 - 55921 - 30603
2024-10-02,MN,Cà Mau,5,81109 - 49332 - 19036
2024-10-02,MN,Cà Mau,6,93610 - 73982 - 07791
2024-10-02,MN,Cà Mau,7,01382 - 83198 - 02117 - 48721
2024-10-02,MN,Cà Mau,8,92519
2024-10-03,MB,Hà Nội,ĐB,05048
2024-10-03,MB,Hà Nội,1,99523
2024-10-03,MB,Hà Nội,2,66394
2024-10-03,MB,Hà Nội,3,91503 - 86083 - 73904 - 30148 - 34140 - 76721
2024-10-03,MB,Hà Nội,4,72583 - 79822 - 85268 - 71085 - 72997 - 13684
2024-10-03,MB,Hà Nội,5,30745 - 09564 - 74143
2024-10-03,MB,Hà Nội,6,54095 - 09192 - 42631
2024-10-03,MB,Hà Nội,7,77747 - 20070 - 30294 - 63032
2024-10-03,MT,Đà Nẵng,ĐB,77883
2024-10-03,MT,Đà Nẵng,1,67262
2024-10-03,MT,Đà Nẵng,2,50707
2024-10-03,MT,Đà Nẵng,3,83395 - 00902 - 13984 - 46909 - 92548 - 58897
2024-10-03,MT,Đà Nẵng,4,69003 - 10890 - 79800 - 87911 - 48455 - 87193
2024-10-03,MT,Đà Nẵng,5,96957 - 68124 - 16393
2024-10-03,MT,Đà Nẵng,6,12542 - 26133 - 69342
2024-10-03,MT,Đà Nẵng,7,42553 - 38583 - 63638 - 11812
2024-10-03,MT,Đà Nẵng,8,65663
2024-10-03,MT,Khánh Hòa,ĐB,85220
2024-10-03,MT,Khánh Hòa,1,49015
2024-10-03,MT,Khánh Hòa,2,35546
2024-10-03,MT,Khánh Hòa,3,27945 - 30539 - 15163 - 94243 - 17657 - 51768
2024-10-03,MT,Khánh Hòa,4,24938 - 28098 - 06061 - 66851 - 87565 - 95998
2024-10-03,MT,Khánh Hòa,5,80511 - 18940 - 97695
2024-10-03,MT,Khánh Hòa,6,39529 - 74076 - 66126
2024-10-03,MT,Khánh Hòa,7,23375 - 74912 - 02930 - 77724
2024-10-03,MT,Khánh Hòa,8,92899
2024-10-03,MN,TP. HCM,ĐB,66039
2024-10-03,MN,TP. HCM,1,12337
2024-10-03,MN,TP. HCM,2,37588
2024-10-03,MN,TP. HCM,3,56305 - 34877 - 19275 - 47420 - 72579 - 38769
2024-10-03,MN,TP. HCM,4,77747 - 38301 - 69508 - 13678 - 42843 - 19704
2024-10-03,MN,TP. HCM,5,80191 - 75319 - 39248
2024-10-03,MN,TP. HCM,6,47874 - 65527 - 88746
2024-10-03,MN,TP. HCM,7,08430 - 45557 - 06823 - 54555
2024-10-03,MN,TP. HCM,8,63069
2024-10-03,MN,Đồng Tháp,ĐB,67229
2024-10-03,MN,Đồng Tháp,1,21006
2024-10-03,MN,Đồng Tháp,2,81328
2024-10-03,MN,Đồng Tháp,3,33006 - 71636 - 50245 - 47373 - 90785 - 97717
2024-10-03,MN,Đồng Tháp,4,58390 - 43735 - 64725 - 74543 - 88569 - 93547
2024-10-03,MN,Đồng Tháp,5,63371 - 74006 - 11542
2024-10-03,MN,Đồng Tháp,6,16916 - 90592 - 48262
2024-10-03,MN,Đồng Tháp,7,47039 - 94549 - 12579 - 70435
2024-10-03,MN,Đồng Tháp,8,35090
2024-10-03,MN,Cà Mau,ĐB,04152
2024-10-03,MN,Cà Mau,1,22238
2024-10-03,MN,Cà Mau,2,24788
2024-10-03,MN,Cà Mau,3,27101 - 83858 - 46651 - 08932 - 61790 - 84282
2024-10-03,MN,Cà Mau,4,59971 - 10720 - 69418 - 48742 - 22393 - 86198
2024-10-03,MN,Cà Mau,5,13972 - 74835 - 02484
2024-10-03,MN,Cà Mau,6,02881 - 33314 - 73378
2024-10-03,MN,Cà Mau,7,88182 - 22250 - 61961 - 44001
2024-10-03,MN,Cà Mau,8,79585
2024-10-04,MB,Hà Nội,ĐB,96250
2024-10-04,MB,Hà Nội,1,81795
2024-10-04,MB,Hà Nội,2,64808
2024-10-04,MB,Hà Nội,3,59125 - 30522 - 89335 - 87175 - 51198 - 04385
2024-10-04,MB,Hà Nội,4,16948 - 51760 - 93335 - 96326 - 62556 - 83660
2024-10-04,MB,Hà Nội,5,45766 - 20586 - 97492
2024-10-04,MB,Hà Nội,6,90795 - 54804 - 40643
2024-10-04,MB,Hà Nội,7,81557 - 12926 - 02715 - 40760
2024-10-04,MT,Đà Nẵng,ĐB,42350
2024-10-04,MT,Đà Nẵng,1,35140
2024-10-04,MT,Đà Nẵng,2,78026
2024-10-04,MT,Đà Nẵng,3,68928 - 21328 - 00557 - 19803 - 06640 - 00739
2024-10-04,MT,Đà Nẵng,4,65040 - 23137 - 12669 - 42935 - 48115 - 11265
2024-10-04,MT,Đà Nẵng,5,45614 - 63453 - 84982
2024-10-04,MT,Đà Nẵng,6,59419 - 90428 - 06383
2024-10-04,MT,Đà Nẵng,7,82387 - 57615 - 47863 - 91169
2024-10-04,MT,Đà Nẵng,8,27197
2024-10-04,MT,Khánh Hòa,ĐB,64425
2024-10-04,MT,Khánh Hòa,1,79026
2024-10-04,MT,Khánh Hòa,2,95202
2024-10-04,MT,Khánh Hòa,3,43673 - 61489 - 18091 - 59094 - 50405 - 65701
2024-10-04,MT,Khánh Hòa,4,94615 - 15190 - 42758 - 33871 - 04147 - 00241
2024-10-04,MT,Khánh Hòa,5,07740 - 17844 - 82956
2024-10-04,MT,Khánh Hòa,6,07906 - 53414 - 51019
2024-10-04,MT,Khánh Hòa,7,77387 - 17026 - 78438 - 15315
2024-10-04,MT,Khánh Hòa,8,61041
2024-10-04,MN,TP. HCM,ĐB,51255
2024-10-04,MN,TP. HCM,1,13683
2024-10-04,MN,TP. HCM,2,09373
2024-10-04,MN,TP. HCM,3,10817 - 44553 - 04549 - 41147 - 89001 - 07520
2024-10-04,MN,TP. HCM,4,57743 - 41759 - 83334 - 71499 - 52344 - 72408
2024-10-04,MN,TP. HCM,5,70912 - 84897 - 09966
2024-10-04,MN,TP. HCM,6,35752 - 15653 - 53855
2024-10-04,MN,TP. HCM,7,24966 - 91584 - 83484 - 04179
2024-10-04,MN,TP. HCM,8,90090
2024-10-04,MN,Đồng Tháp,ĐB,88540
2024-10-04,MN,Đồng Tháp,1,11130
2024-10-04,MN,Đồng Tháp,2,09266
2024-10-04,MN,Đồng Tháp,3,01278 - 42835 - 50654 - 14919 - 45347 - 69290
2024-10-04,MN,Đồng Tháp,4,40634 - 24270 - 22733 - 47045 - 49217 - 63832
2024-10-04,MN,Đồng Tháp,5,36289 - 45939 - 98899
2024-10-04,MN,Đồng Tháp,6,96529 - 84109 - 70755
2024-10-04,MN,Đồng Tháp,7,69652 - 21865 - 02334 - 49409
2024-10-04,MN,Đồng Tháp,8,89416
2024-10-04,MN,Cà Mau,ĐB,06220
2024-10-04,MN,Cà Mau,1,93193
2024-10-04,MN,Cà Mau,2,34516
2024-10-04,MN,Cà Mau,3,85836 - 45700 - 26810 - 09427 - 24729 - 98323
2024-10-04,MN,Cà Mau,4,87084 - 77650 - 17780 - 18738 - 34138 - 15367
2024-10-04,MN,Cà Mau,5,31780 - 52527 - 61518
2024-10-04,MN,Cà Mau,6,00665 - 33973 - 19833
2024-10-04,MN,Cà Mau,7,12078 - 12724 - 14946 - 22340
2024-10-04,MN,Cà Mau,8,93183
2024-10-05,MB,Hà Nội,ĐB,12326
2024-10-05,MB,Hà Nội,1,11591
2024-10-05,MB,Hà Nội,2,66405
2024-10-05,MB,Hà Nội,3,75874 - 60643 - 34404 - 26750 - 99354 - 58093
2024-10-05,MB,Hà Nội,4,73574 - 63558 - 46991 - 55237 - 75679 - 73013
2024-10-05,MB,Hà Nội,5,27058 - 35624 - 83354
2024-10-05,MB,Hà Nội,6,50448 - 76399 - 62759
2024-10-05,MB,Hà Nội,7,52199 - 03225 - 54888 - 55559
2024-10-05,MT,Đà Nẵng,ĐB,83544
2024-10-05,MT,Đà Nẵng,1,81945
2024-10-05,MT,Đà Nẵng,2,35223
2024-10-05,MT,Đà Nẵng,3,08710 - 69032 - 17157 - 19702 - 30875 - 37144
2024-10-05,MT,Đà Nẵng,4,75769 - 73620 - 64957 - 79744 - 25467 - 26357
2024-10-05,MT,Đà Nẵng,5,01558 - 73849 - 79056
2024-10-05,MT,Đà Nẵng,6,82031 - 91160 - 02957
2024-10-05,MT,Đà Nẵng,7,91965 - 53083 - 06082 - 10975
2024-10-05,MT,Đà Nẵng,8,38592
2024-10-05,MT,Khánh Hòa,ĐB,85643
2024-10-05,MT,Khánh Hòa,1,59729
2024-10-05,MT,Khánh Hòa,2,28865
2024-10-05,MT,Khánh Hòa,3,95213 - 31105 - 96198 - 33690 - 03650 - 69646
2024-10-05,MT,Khánh Hòa,4,32626 - 03300 - 50579 - 84578 - 74796 - 13130
2024-10-05,MT,Khánh Hòa,5,28358 - 95819 - 91785
2024-10-05,MT,Khánh Hòa,6,54553 - 23171 - 54083
2024-10-05,MT,Khánh Hòa,7,97327 - 90043 - 51324 - 09345
2024-10-05,MT,Khánh Hòa,8,09687
2024-10-05,MN,TP. HCM,ĐB,82274
2024-10-05,MN,TP. HCM,1,25653
2024-10-05,MN,TP. HCM,2,68593
2024-10-05,MN,TP. HCM,3,19523 - 71530 - 93053 - 00615 - 87926 - 60594
2024-10-05,MN,TP. HCM,4,79908 - 08161 - 43797 - 06091 - 69993 - 73569
2024-10-05,MN,TP. HCM,5,30457 - 95974 - 51463
2024-10-05,MN,TP. HCM,6,13640 - 68135 - 28242
2024-10-05,MN,TP. HCM,7,83188 - 31537 - 81995 - 19408
2024-10-05,MN,TP. HCM,8,43385
2024-10-05,MN,Đồng Tháp,ĐB,73470
2024-10-05,MN,Đồng Tháp,1,78055
2024-10-05,MN,Đồng Tháp,2,97231
2024-10-05,MN,Đồng Tháp,3,87886 - 63053 - 19001 - 24616 - 06107 - 90299
2024-10-05,MN,Đồng Tháp,4,76037 - 00949 - 16206 - 68947 - 47545 - 67553
2024-10-05,MN,Đồng Tháp,5,77256 - 09256 - 78260
2024-10-05,MN,Đồng Tháp,6,31503 - 30841 - 12762
2024-10-05,MN,Đồng Tháp,7,68948 - 62971 - 23459 - 56293
2024-10-05,MN,Đồng Tháp,8,84279
2024-10-05,MN,Cà Mau,ĐB,89172
2024-10-05,MN,Cà Mau,1,93204
2024-10-05,MN,Cà Mau,2,06014
2024-10-05,MN,Cà Mau,3,15025 - 50000 - 38787 - 61723 - 13699 - 06069
2024-10-05,MN,Cà Mau,4,46867 - 18645 - 30476 - 75723 - 38412 - 42122
2024-10-05,MN,Cà Mau,5,65469 - 38886 - 50695
2024-10-05,MN,Cà Mau,6,30302 - 30019 - 36804
2024-10-05,MN,Cà Mau,7,29231 - 80466 - 33154 - 04637
2024-10-05,MN,Cà Mau,8,08493
2024-10-06,MB,Hà Nội,ĐB,67778
2024-10-06,MB,Hà Nội,1,85417
2024-10-06,MB,Hà Nội,2,67687
2024-10-06,MB,Hà Nội,3,97746 - 93652 - 15639 - 58804 - 62399 - 52616
2024-10-06,MB,Hà Nội,4,44752 - 12715 - 33477 - 94467 - 66909 - 14881
2024-10-06,MB,Hà Nội,5,95851 - 68385 - 96143
2024-10-06,MB,Hà Nội,6,32589 - 07571 - 24394
2024-10-06,MB,Hà Nội,7,93739 - 36397 - 85275 - 18822
2024-10-06,MT,Đà Nẵng,ĐB,25573
2024-10-06,MT,Đà Nẵng,1,13141
2024-10-06,MT,Đà Nẵng,2,60888
2024-10-06,MT,Đà Nẵng,3,06099 - 87147 - 47233 - 82788 - 80206 - 47649
2024-10-06,MT,Đà Nẵng,4,07256 - 80578 - 76428 - 01596 - 55363 - 45587
2024-10-06,MT,Đà Nẵng,5,47980 - 80807 - 51033
2024-10-06,MT,Đà Nẵng,6,83029 - 62214 - 29414
2024-10-06,MT,Đà Nẵng,7,37007 - 70851 - 75137 - 63482
2024-10-06,MT,Đà Nẵng,8,73413
2024-10-06,MT,Khánh Hòa,ĐB,17584
2024-10-06,MT,Khánh Hòa,1,20588
2024-10-06,MT,Khánh Hòa,2,51248
2024-10-06,MT,Khánh Hòa,3,03324 - 51686 - 67215 - 78044 - 57137 - 35913
2024-10-06,MT,Khánh Hòa,4,55399 - 39359 - 49013 - 37241 - 76236 - 54915
2024-10-06,MT,Khánh Hòa,5,67780 - 22970 - 22233
2024-10-06,MT,Khánh Hòa,6,45152 - 04506 - 54938
2024-10-06,MT,Khánh Hòa,7,06155 - 53768 - 33556 - 26062
2024-10-06,MT,Khánh Hòa,8,01423
2024-10-06,MN,TP. HCM,ĐB,00806
2024-10-06,MN,TP. HCM,1,31892
2024-10-06,MN,TP. HCM,2,60733
2024-10-06,MN,TP. HCM,3,54670 - 32660 - 83785 - 89485 - 72898 - 03396
2024-10-06,MN,TP. HCM,4,45698 - 96877 - 04824 - 89996 - 34483 - 05516
2024-10-06,MN,TP. HCM,5,76581 - 25072 - 45403
2024-10-06,MN,TP. HCM,6,16596 - 99858 - 87478
2024-10-06,MN,TP. HCM,7,74157 - 09850 - 47477 - 72567
2024-10-06,MN,TP. HCM,8,02758
2024-10-06,MN,Đồng Tháp,ĐB,69827
2024-10-06,MN,Đồng Tháp,1,97565
2024-10-06,MN,Đồng Tháp,2,26060
2024-10-06,MN,Đồng Tháp,3,55137 - 97484 - 53136 - 51715 - 59228 - 08247
2024-10-06,MN,Đồng Tháp,4,74778 - 44911 - 00275 - 53015 - 64445 - 25648
2024-10-06,MN,Đồng Tháp,5,84195 - 83887 - 30532
2024-10-06,MN,Đồng Tháp,6,06298 - 66652 - 83071
2024-10-06,MN,Đồng Tháp,7,03624 - 76516 - 38833 - 08058
2024-10-06,MN,Đồng Tháp,8,52258
2024-10-06,MN,Cà Mau,ĐB,08675
2024-10-06,MN,Cà Mau,1,42875
2024-10-06,MN,Cà Mau,2,56698
2024-10-06,MN,Cà Mau,3,30993 - 37635 - 65782 - 34475 - 73615 - 20476
2024-10-06,MN,Cà Mau,4,39669 - 47485 - 25004 - 82114 - 11248 - 56962
2024-10-06,MN,Cà Mau,5,90140 - 47821 - 05946
2024-10-06,MN,Cà Mau,6,21853 - 18801 - 55722
2024-10-06,MN,Cà Mau,7,74478 - 61983 - 78293 - 84859
2024-10-06,MN,Cà Mau,8,64528
2024-10-07,MB,Hà Nội,ĐB,39815
2024-10-07,MB,Hà Nội,1,83760
2024-10-07,MB,Hà Nội,2,32448
2024-10-07,MB,Hà Nội,3,67907 - 61737 - 75958 - 96203 - 27976 - 16027
2024-10-07,MB,Hà Nội,4,89493 - 10460 - 74477 - 80027 - 92925 - 41746
2024-10-07,MB,Hà Nội,5,58768 - 48960 - 72540
2024-10-07,MB,Hà Nội,6,49429 - 81610 - 16889
2024-10-07,MB,Hà Nội,7,80822 - 18756 - 30337 - 26713
2024-10-07,MT,Đà Nẵng,ĐB,99350
2024-10-07,MT,Đà Nẵng,1,13217
2024-10-07,MT,Đà Nẵng,2,22054
2024-10-07,MT,Đà Nẵng,3,47079 - 88724 - 43710 - 55986 - 91808 - 31343
2024-10-07,MT,Đà Nẵng,4,04804 - 37232 - 53749 - 33139 - 23045 - 13080
2024-10-07,MT,Đà Nẵng,5,79744 - 56687 - 59623
2024-10-07,MT,Đà Nẵng,6,74357 - 22071 - 06950
2024-10-07,MT,Đà Nẵng,7,36737 - 75270 - 78026 - 85836
2024-10-07,MT,Đà Nẵng,8,13511
2024-10-07,MT,Khánh Hòa,ĐB,59092
2024-10-07,MT,Khánh Hòa,1,97912
2024-10-07,MT,Khánh Hòa,2,33179
2024-10-07,MT,Khánh Hòa,3,28337 - 41326 - 68733 - 29274 - 06696 - 83116
2024-10-07,MT,Khánh Hòa,4,52054 - 09348 - 39296 - 21721 - 10697 - 77244
2024-10-07,MT,Khánh Hòa,5,47989 - 47489 - 22296
2024-10-07,MT,Khánh Hòa,6,16479 - 71894 - 69436
2024-10-07,MT,Khánh Hòa,7,05953 - 37901 - 53363 - 85451
2024-10-07,MT,Khánh Hòa,8,64007
2024-10-07,MN,TP. HCM,ĐB,88319
2024-10-07,MN,TP. HCM,1,71318
2024-10-07,MN,TP. HCM,2,09944
2024-10-07,MN,TP. HCM,3,73746 - 77427 - 40084 - 90405 - 70587 - 24064
2024-10-07,MN,TP. HCM,4,54310 - 47284 - 53212 - 25187 - 51845 - 78751
2024-10-07,MN,TP. HCM,5,77114 - 30568 - 77115
2024-10-07,MN,TP. HCM,6,62011 - 22356 - 47133
2024-10-07,MN,TP. HCM,7,70469 - 70929 - 41622 - 58370
2024-10-07,MN,TP. HCM,8,72893
2024-10-07,MN,Đồng Tháp,ĐB,55010
2024-10-07,MN,Đồng Tháp,1,28994
2024-10-07,MN,Đồng Tháp,2,32388
2024-10-07,MN,Đồng Tháp,3,69540 - 69646 - 87905 - 71759 - 38806 - 50058
2024-10-07,MN,Đồng Tháp,4,99326 - 10127 - 48279 - 17739 - 78777 - 66362
2024-10-07,MN,Đồng Tháp,5,27807 - 55536 - 19449
2024-10-07,MN,Đồng Tháp,6,07994 - 42538 - 58826
2024-10-07,MN,Đồng Tháp,7,35783 - 27419 - 66234 - 06756
2024-10-07,MN,Đồng Tháp,8,50602
2024-10-07,MN,Cà Mau,ĐB,96880
2024-10-07,MN,Cà Mau,1,72517
2024-10-07,MN,Cà Mau,2,59267
2024-10-07,MN,Cà Mau,3,53811 - 09529 - 52010 - 94216 - 78149 - 19132
2024-10-07,MN,Cà Mau,4,72653 - 29560 - 27872 - 66169 - 89692 - 36517
2024-10-07,MN,Cà Mau,5,88097 - 24885 - 35602
2024-10-07,MN,Cà Mau,6,17665 - 06985 - 06807
2024-10-07,MN,Cà Mau,7,80103 - 92183 - 87722 - 30151
2024-10-07,MN,Cà Mau,8,61180
2024-10-08,MB,Hà Nội,ĐB,60693
2024-10-08,MB,Hà Nội,1,42673
2024-10-08,MB,Hà Nội,2,15961
2024-10-08,MB,Hà Nội,3,86085 - 36729 - 37240 - 50791 - 37838 - 92523
2024-10-08,MB,Hà Nội,4,81897 - 62306 - 62567 - 31032 - 79159 - 62362
2024-10-08,MB,Hà Nội,5,71205 - 20707 - 72384
2024-10-08,MB,Hà Nội,6,50579 - 76950 - 96094
2024-10-08,MB,Hà Nội,7,78748 - 02591 - 72100 - 90628
2024-10-08,MT,Đà Nẵng,ĐB,30689
2024-10-08,MT,Đà Nẵng,1,45158
2024-10-08,MT,Đà Nẵng,2,75211
2024-10-08,MT,Đà Nẵng,3,17797 - 72868 - 71337 - 77376 - 02476 - 14407
2024-10-08,MT,Đà Nẵng,4,42254 - 34865 - 51033 - 43498 - 66098 - 91060
2024-10-08,MT,Đà Nẵng,5,44302 - 09767 - 24548
2024-10-08,MT,Đà Nẵng,6,43170 - 34749 - 62359
2024-10-08,MT,Đà Nẵng,7,79824 - 30177 - 02911 - 75619
2024-10-08,MT,Đà Nẵng,8,32194
2024-10-08,MT,Khánh Hòa,ĐB,09118
2024-10-08,MT,Khánh Hòa,1,23540
2024-10-08,MT,Khánh Hòa,2,81538
2024-10-08,MT,Khánh Hòa,3,18255 - 39323 - 26736 - 08355 - 54378 - 27616
2024-10-08,MT,Khánh Hòa,4,29516 - 85668 - 27172 - 59262 - 29047 - 41774
2024-10-08,MT,Khánh Hòa,5,41208 - 54984 - 89511
2024-10-08,MT,Khánh Hòa,6,10968 - 87452 - 79296
2024-10-08,MT,Khánh Hòa,7,42491 - 92061 - 28591 - 78151
2024-10-08,MT,Khánh Hòa,8,99512
2024-10-08,MN,TP. HCM,ĐB,38923
2024-10-08,MN,TP. HCM,1,35685
2024-10-08,MN,TP. HCM,2,38359
2024-10-08,MN,TP. HCM,3,72340 - 13270 - 66049 - 07025 - 30582 - 84427
2024-10-08,MN,TP. HCM,4,24260 - 58887 - 03759 - 00715 - 40607 - 16756
2024-10-08,MN,TP. HCM,5,58188 - 35927 - 18960
2024-10-08,MN,TP. HCM,6,47442 - 49764 - 63250
2024-10-08,MN,TP. HCM,7,42337 - 31601 - 59687 - 42979
2024-10-08,MN,TP. HCM,8,16741
2024-10-08,MN,Đồng Tháp,ĐB,22474
2024-10-08,MN,Đồng Tháp,1,41836
2024-10-08,MN,Đồng Tháp,2,66219
2024-10-08,MN,Đồng Tháp,3,97537 - 84726 - 25574 - 51956 - 35369 - 82517
2024-10-08,MN,Đồng Tháp,4,94811 - 15296 - 12568 - 35915 - 04163 - 06654
2024-10-08,MN,Đồng Tháp,5,06664 - 53740 - 41974
2024-10-08,MN,Đồng Tháp,6,93952 - 85989 - 24722
2024-10-08,MN,Đồng Tháp,7,31573 - 13382 - 63227 - 82254
2024-10-08,MN,Đồng Tháp,8,47429
2024-10-08,MN,Cà Mau,ĐB,42308
2024-10-08,MN,Cà Mau,1,01355
2024-10-08,MN,Cà Mau,2,62727
2024-10-08,MN,Cà Mau,3,33221 - 78803 - 59346 - 61961 - 74139 - 96839
2024-10-08,MN,Cà Mau,4,68809 - 04113 - 09045 - 86635 - 54547 - 03406
2024-10-08,MN,Cà Mau,5,19840 - 23732 - 49085
2024-10-08,MN,Cà Mau,6,29478 - 99693 - 11507
2024-10-08,MN,Cà Mau,7,58356 - 55442 - 81302 - 01381
2024-10-08,MN,Cà Mau,8,08380
2024-10-09,MB,Hà Nội,ĐB,33482
2024-10-09,MB,Hà Nội,1,88137
2024-10-09,MB,Hà Nội,2,42874
2024-10-09,MB,Hà Nội,3,62779 - 96373 - 49395 - 48016 - 39457 - 59203
2024-10-09,MB,Hà Nội,4,72444 - 09527 - 44663 - 21326 - 03452 - 44324
2024-10-09,MB,Hà Nội,5,91348 - 49173 - 67604
2024-10-09,MB,Hà Nội,6,09409 - 07156 - 98159
2024-10-09,MB,Hà Nội,7,08280 - 65688 - 85788 - 69153
2024-10-09,MT,Đà Nẵng,ĐB,08519
2024-10-09,MT,Đà Nẵng,1,64735
2024-10-09,MT,Đà Nẵng,2,95416
2024-10-09,MT,Đà Nẵng,3,58533 - 89303 - 23618 - 90267 - 31505 - 70350
2024-10-09,MT,Đà Nẵng,4,97716 - 65487 - 23488 - 16452 - 48826 - 01250
2024-10-09,MT,Đà Nẵng,5,45001 - 17335 - 51765
2024-10-09,MT,Đà Nẵng,6,75010 - 66278 - 58280
2024-10-09,MT,Đà Nẵng,7,19841 - 02661 - 20147 - 28930
2024-10-09,MT,Đà Nẵng,8,09363
2024-10-09,MT,Khánh Hòa,ĐB,59891
2024-10-09,MT,Khánh Hòa,1,03747
2024-10-09,MT,Khánh Hòa,2,48758
2024-10-09,MT,Khánh Hòa,3,12125 - 81323 - 85548 - 90446 - 97719 - 12409
2024-10-09,MT,Khánh Hòa,4,62598 - 87946 - 96965 - 99588 - 97357 - 73251
2024-10-09,MT,Khánh Hòa,5,74664 - 14841 - 86969
2024-10-09,MT,Khánh Hòa,6,38675 - 62456 - 06737
2024-10-09,MT,Khánh Hòa,7,97820 - 12555 - 30003 - 39915
2024-10-09,MT,Khánh Hòa,8,92167
2024-10-09,MN,TP. HCM,ĐB,75654
2024-10-09,MN,TP. HCM,1,18121
2024-10-09,MN,TP. HCM,2,41505
2024-10-09,MN,TP. HCM,3,45940 - 87318 - 66765 - 04268 - 81939 - 53971
2024-10-09,MN,TP. HCM,4,82242 - 96372 - 07187 - 48822 - 15333 - 80920
2024-10-09,MN,TP. HCM,5,26294 - 14994 - 45056
2024-10-09,MN,TP. HCM,6,84509 - 41916 - 08310
2024-10-09,MN,TP. HCM,7,82981 - 18212 - 98745 - 07727
2024-10-09,MN,TP. HCM,8,25388
2024-10-09,MN,Đồng Tháp,ĐB,00221
2024-10-09,MN,Đồng Tháp,1,57944
2024-10-09,MN,Đồng Tháp,2,39775
2024-10-09,MN,Đồng Tháp,3,01517 - 32820 - 84800 - 55861 - 18318 - 54208
2024-10-09,MN,Đồng Tháp,4,06921 - 40470 - 37651 - 05768 - 29273 - 84931
2024-10-09,MN,Đồng Tháp,5,75041 - 70860 - 44050
2024-10-09,MN,Đồng Tháp,6,90902 - 30751 - 51082
2024-10-09,MN,Đồng Tháp,7,93393 - 33966 - 00783 - 34494
2024-10-09,MN,Đồng Tháp,8,38207
2024-10-09,MN,Cà Mau,ĐB,13154
2024-10-09,MN,Cà Mau,1,76778
2024-10-09,MN,Cà Mau,2,69539
2024-10-09,MN,Cà Mau,3,76376 - 99882 - 13764 - 26339 - 95773 - 85529
2024-10-09,MN,Cà Mau,4,32483 - 87325 - 09251 - 63362 - 46654 - 71214
2024-10-09,MN,Cà Mau,5,68682 - 53726 - 78787
2024-10-09,MN,Cà Mau,6,82158 - 34979 - 36192
2024-10-09,MN,Cà Mau,7,82225 - 69071 - 57030 - 14300
2024-10-09,MN,Cà Mau,8,55602
2024-10-10,MB,Hà Nội,ĐB,66960
2024-10-10,MB,Hà Nội,1,41217
2024-10-10,MB,Hà Nội,2,70014
2024-10-10,MB,Hà Nội,3,56797 - 56274 - 21447 - 25890 - 96099 - 47046
2024-10-10,MB,Hà Nội,4,91398 - 89356 - 65944 - 18395 - 05185 - 41247
2024-10-10,MB,Hà Nội,5,90064 - 23392 - 38853
2024-10-10,MB,Hà Nội,6,65963 - 46602 - 17650
2024-10-10,MB,Hà Nội,7,70934 - 78965 - 49455 - 38158
2024-10-10,MT,Đà Nẵng,ĐB,63943
2024-10-10,MT,Đà Nẵng,1,77005
2024-10-10,MT,Đà Nẵng,2,82875
2024-10-10,MT,Đà Nẵng,3,83578 - 25253 - 42638 - 99499 - 68230 - 54015
2024-10-10,MT,Đà Nẵng,4,71002 - 09762 - 58552 - 10367 - 30176 - 77154
2024-10-10,MT,Đà Nẵng,5,63655 - 09738 - 09214
2024-10-10,MT,Đà Nẵng,6,19850 - 60846 - 52306
2024-10-10,MT,Đà Nẵng,7,37317 - 84495 - 63150 - 03547
2024-10-10,MT,Đà Nẵng,8,85213
2024-10-10,MT,Khánh Hòa,ĐB,25986
2024-10-10,MT,Khánh Hòa,1,57413
2024-10-10,MT,Khánh Hòa,2,25951
2024-10-10,MT,Khánh Hòa,3,06262 - 65092 - 62480 - 05498 - 05319 - 71476
2024-10-10,MT,Khánh Hòa,4,76985 - 18733 - 35493 - 10603 - 68534 - 11892
2024-10-10,MT,Khánh Hòa,5,17189 - 64595 - 69948
2024-10-10,MT,Khánh Hòa,6,99390 - 07390 - 68494
2024-10-10,MT,Khánh Hòa,7,63483 - 36766 - 35654 - 71610
2024-10-10,MT,Khánh Hòa,8,24700
2024-10-10,MN,TP. HCM,ĐB,97817
2024-10-10,MN,TP. HCM,1,26856
2024-10-10,MN,TP. HCM,2,19314
2024-10-10,MN,TP. HCM,3,19958 - 45356 - 29493 - 11059 - 02026 - 92430
2024-10-10,MN,TP. HCM,4,00099 - 09964 - 19697 - 07554 - 82855 - 90111
2024-10-10,MN,TP. HCM,5,21043 - 21958 - 84942
2024-10-10,MN,TP. HCM,6,52015 - 21553 - 19282
2024-10-10,MN,TP. HCM,7,21476 - 87610 - 37753 - 66749
2024-10-10,MN,TP. HCM,8,00261
2024-10-10,MN,Đồng Tháp,ĐB,36637
2024-10-10,MN,Đồng Tháp,1,17684
2024-10-10,MN,Đồng Tháp,2,88392
2024-10-10,MN,Đồng Tháp,3,41547 - 30900 - 33205 - 94378 - 50953 - 95666
2024-10-10,MN,Đồng Tháp,4,00735 - 33181 - 24733 - 45167 - 08042 - 01687
2024-10-10,MN,Đồng Tháp,5,51599 - 55513 - 97791
2024-10-10,MN,Đồng Tháp,6,20401 - 83131 - 46334
2024-10-10,MN,Đồng Tháp,7,65793 - 96356 - 81800 - 85238
2024-10-10,MN,Đồng Tháp,8,69970
2024-10-10,MN,Cà Mau,ĐB,59088
2024-10-10,MN,Cà Mau,1,38374
2024-10-10,MN,Cà Mau,2,04034
2024-10-10,MN,Cà Mau,3,27147 - 18929 - 85256 - 61700 - 60363 - 95746
2024-10-10,MN,Cà Mau,4,92278 - 59247 - 82566 - 29011 - 37527 - 21391
2024-10-10,MN,Cà Mau,5,18346 - 69066 - 70681
2024-10-10,MN,Cà Mau,6,63835 - 38532 - 71579
2024-10-10,MN,Cà Mau,7,84674 - 18253 - 13370 - 21313
2024-10-10,MN,Cà Mau,8,13687
2024-10-11,MB,Hà Nội,ĐB,87205
2024-10-11,MB,Hà Nội,1,25777
2024-10-11,MB,Hà Nội,2,89217
2024-10-11,MB,Hà Nội,3,48519 - 95252 - 12886 - 93424 - 26805 - 99511
2024-10-11,MB,Hà Nội,4,53363 - 21314 - 09551 - 63782 - 17139 - 80100
2024-10-11,MB,Hà Nội,5,92368 - 24334 - 81374
2024-10-11,MB,Hà Nội,6,31618 - 76074 - 54279
2024-10-11,MB,Hà Nội,7,55362 - 19594 - 20208 - 45579
2024-10-11,MT,Đà Nẵng,ĐB,82646
2024-10-11,MT,Đà Nẵng,1,00821
2024-10-11,MT,Đà Nẵng,2,24598
2024-10-11,MT,Đà Nẵng,3,36834 - 53260 - 46186 - 29830 - 96456 - 47756
2024-10-11,MT,Đà Nẵng,4,63686 - 59819 - 15170 - 40026 - 93941 - 28456
2024-10-11,MT,Đà Nẵng,5,98224 - 54128 - 47654
2024-10-11,MT,Đà Nẵng,6,89767 - 15724 - 64840
2024-10-11,MT,Đà Nẵng,7,10217 - 31383 - 73312 - 69392
2024-10-11,MT,Đà Nẵng,8,54980
2024-10-11,MT,Khánh Hòa,ĐB,26311
2024-10-11,MT,Khánh Hòa,1,50506
2024-10-11,MT,Khánh Hòa,2,59890
2024-10-11,MT,Khánh Hòa,3,26410 - 97203 - 04531 - 01932 - 30846 - 54203
2024-10-11,MT,Khánh Hòa,4,59276 - 82577 - 82179 - 57984 - 55129 - 57484
2024-10-11,MT,Khánh Hòa,5,27290 - 04677 - 71157
2024-10-11,MT,Khánh Hòa,6,99185 - 15875 - 55041
2024-10-11,MT,Khánh Hòa,7,19079 - 79805 - 43207 - 47234
2024-10-11,MT,Khánh Hòa,8,93250
2024-10-11,MN,TP. HCM,ĐB,23785
2024-10-11,MN,TP. HCM,1,26417
2024-10-11,MN,TP. HCM,2,00198
2024-10-11,MN,TP. HCM,3,73480 - 06333 - 54480 - 01006 - 88216 - 85518
2024-10-11,MN,TP. HCM,4,99238 - 05812 - 61713 - 79275 - 56085 - 19361
2024-10-11,MN,TP. HCM,5,51966 - 38195 - 32728
2024-10-11,MN,TP. HCM,6,78079 - 57328 - 59353
2024-10-11,MN,TP. HCM,7,55339 - 50560 - 09422 - 09393
2024-10-11,MN,TP. HCM,8,61716
2024-10-11,MN,Đồng Tháp,ĐB,64355
2024-10-11,MN,Đồng Tháp,1,27198
2024-10-11,MN,Đồng Tháp,2,93588
2024-10-11,MN,Đồng Tháp,3,93735 - 92903 - 34188 - 08839 - 70288 - 58309
2024-10-11,MN,Đồng Tháp,4,74414 - 42691 - 62985 - 81924 - 21262 - 61287
2024-10-11,MN,Đồng Tháp,5,64191 - 92034 - 75593
2024-10-11,MN,Đồng Tháp,6,98066 - 32972 - 43511
2024-10-11,MN,Đồng Tháp,7,92571 - 50764 - 75306 - 28167
2024-10-11,MN,Đồng Tháp,8,20473
2024-10-11,MN,Cà Mau,ĐB,74409
2024-10-11,MN,Cà Mau,1,84612
2024-10-11,MN,Cà Mau,2,55077
2024-10-11,MN,Cà Mau,3,57042 - 93385 - 97803 - 54146 - 50734 - 36261
2024-10-11,MN,Cà Mau,4,31632 - 23254 - 47445 - 76751 - 16090 - 24898
2024-10-11,MN,Cà Mau,5,46806 - 23899 - 77113
2024-10-11,MN,Cà Mau,6,32735 - 62495 - 83474
2024-10-11,MN,Cà Mau,7,67984 - 87705 - 29316 - 77315
2024-10-11,MN,Cà Mau,8,22720
2024-10-12,MB,Hà Nội,ĐB,37378
2024-10-12,MB,Hà Nội,1,78742
2024-10-12,MB,Hà Nội,2,04301
2024-10-12,MB,Hà Nội,3,54366 - 38716 - 39874 - 90219 - 50512 - 03751
2024-10-12,MB,Hà Nội,4,35090 - 52518 - 17374 - 33027 - 05416 - 35112
2024-10-12,MB,Hà Nội,5,54246 - 02220 - 59639
2024-10-12,MB,Hà Nội,6,61393 - 21513 - 93231
2024-10-12,MB,Hà Nội,7,85187 - 04629 - 74505 - 91755
2024-10-12,MT,Đà Nẵng,ĐB,35316
2024-10-12,MT,Đà Nẵng,1,57492
2024-10-12,MT,Đà Nẵng,2,40846
2024-10-12,MT,Đà Nẵng,3,69612 - 31510 - 53778 - 55353 - 52920 - 35036
2024-10-12,MT,Đà Nẵng,4,41520 - 81385 - 87490 - 49255 - 71424 - 92260
2024-10-12,MT,Đà Nẵng,5,14139 - 82017 - 57701
2024-10-12,MT,Đà Nẵng,6,61476 - 83838 - 42288
2024-10-12,MT,Đà Nẵng,7,73799 - 59938 - 08771 - 35622
2024-10-12,MT,Đà Nẵng,8,67989
2024-10-12,MT,Khánh Hòa,ĐB,71052
2024-10-12,MT,Khánh Hòa,1,56610
2024-10-12,MT,Khánh Hòa,2,47617
2024-10-12,MT,Khánh Hòa,3,22666 - 01842 - 63233 - 60396 - 17222 - 91099
2024-10-12,MT,Khánh Hòa,4,26459 - 94607 - 12945 - 93869 - 98990 - 60545
2024-10-12,MT,Khánh Hòa,5,45487 - 73443 - 90023
2024-10-12,MT,Khánh Hòa,6,98046 - 25783 - 81732
2024-10-12,MT,Khánh Hòa,7,21445 - 68001 - 84935 - 50035
2024-10-12,MT,Khánh Hòa,8,72581
2024-10-12,MN,TP. HCM,ĐB,88092
2024-10-12,MN,TP. HCM,1,57825
2024-10-12,MN,TP. HCM,2,83200
2024-10-12,MN,TP. HCM,3,71382 - 77173 - 03900 - 95668 - 27199 - 80436
2024-10-12,MN,TP. HCM,4,60464 - 31188 - 44589 - 57840 - 57145 - 73105
2024-10-12,MN,TP. HCM,5,55734 - 03160 - 09517
2024-10-12,MN,TP. HCM,6,28047 - 95391 - 76871
2024-10-12,MN,TP. HCM,7,09682 - 45952 - 18486 - 29061
2024-10-12,MN,TP. HCM,8,68621
2024-10-12,MN,Đồng Tháp,ĐB,72591
2024-10-12,MN,Đồng Tháp,1,88011
2024-10-12,MN,Đồng Tháp,2,56081
2024-10-12,MN,Đồng Tháp,3,91991 - 83902 - 08533 - 21088 - 86288 - 89940
2024-10-12,MN,Đồng Tháp,4,09167 - 55281 - 57491 - 02294 - 90065 - 92021
2024-10-12,MN,Đồng Tháp,5,36632 - 28177 - 02171
2024-10-12,MN,Đồng Tháp,6,65628 - 44808 - 75990
2024-10-12,MN,Đồng Tháp,7,69108 - 96003 - 45912 - 03378
2024-10-12,MN,Đồng Tháp,8,05953
2024-10-12,MN,Cà Mau,ĐB,09852
2024-10-12,MN,Cà Mau,1,67808
2024-10-12,MN,Cà Mau,2,69243
2024-10-12,MN,Cà Mau,3,50222 - 32665 - 29443 - 11576 - 57165 - 01936
2024-10-12,MN,Cà Mau,4,63433 - 88498 - 17273 - 69051 - 30694 - 72688
2024-10-12,MN,Cà Mau,5,88222 - 60871 - 95291
2024-10-12,MN,Cà Mau,6,81986 - 08540 - 28287
2024-10-12,MN,Cà Mau,7,58353 - 55162 - 41533 - 26364
2024-10-12,MN,Cà Mau,8,68219
2024-10-13,MB,Hà Nội,ĐB,20196
2024-10-13,MB,Hà Nội,1,26585
2024-10-13,MB,Hà Nội,2,55243
2024-10-13,MB,Hà Nội,3,04070 - 99946 - 40463 - 33160 - 39441 - 31152
2024-10-13,MB,Hà Nội,4,92369 - 08657 - 10071 - 87714 - 93465 - 90302
2024-10-13,MB,Hà Nội,5,22572 - 52187 - 43373
2024-10-13,MB,Hà Nội,6,38775 - 68467 - 55852
2024-10-13,MB,Hà Nội,7,28174 - 59040 - 87861 - 89853
2024-10-13,MT,Đà Nẵng,ĐB,26420
2024-10-13,MT,Đà Nẵng,1,04978
2024-10-13,MT,Đà Nẵng,2,62056
2024-10-13,MT,Đà Nẵng,3,05355 - 39175 - 33276 - 38598 - 58595 - 46212
2024-10-13,MT,Đà Nẵng,4,64286 - 33827 - 33523 - 55130 - 24999 - 31053
2024-10-13,MT,Đà Nẵng,5,26720 - 18779 - 71999
2024-10-13,MT,Đà Nẵng,6,66522 - 55937 - 03031
2024-10-13,MT,Đà Nẵng,7,25091 - 93693 - 88032 - 88861
2024-10-13,MT,Đà Nẵng,8,53286
2024-10-13,MT,Khánh Hòa,ĐB,03430
2024-10-13,MT,Khánh Hòa,1,39670
2024-10-13,MT,Khánh Hòa,2,84455
2024-10-13,MT,Khánh Hòa,3,79087 - 86727 - 84390 - 35949 - 04912 - 07286
2024-10-13,MT,Khánh Hòa,4,14060 - 05185 - 70914 - 14300 - 81421 - 31591
2024-10-13,MT,Khánh Hòa,5,35714 - 44893 - 30790
2024-10-13,MT,Khánh Hòa,6,02051 - 61967 - 10079
2024-10-13,MT,Khánh Hòa,7,02609 - 16269 - 61473 - 44821
2024-10-13,MT,Khánh Hòa,8,01233
2024-10-13,MN,TP. HCM,ĐB,99756
2024-10-13,MN,TP. HCM,1,53583
2024-10-13,MN,TP. HCM,2,33553
2024-10-13,MN,TP. HCM,3,84060 - 35018 - 90673 - 49839 - 15735 - 33905
2024-10-13,MN,TP. HCM,4,65285 - 16940 - 40436 - 36943 - 36195 - 08362
2024-10-13,MN,TP. HCM,5,67869 - 30503 - 99433
2024-10-13,MN,TP. HCM,6,37107 - 49072 - 04943
2024-10-13,MN,TP. HCM,7,39708 - 24562 - 18566 - 34397
2024-10-13,MN,TP. HCM,8,97289
2024-10-13,MN,Đồng Tháp,ĐB,36641
2024-10-13,MN,Đồng Tháp,1,16397
2024-10-13,MN,Đồng Tháp,2,83074
2024-10-13,MN,Đồng Tháp,3,57545 - 84570 - 10928 - 85734 - 87668 - 41395
2024-10-13,MN,Đồng Tháp,4,74031 - 99727 - 11125 - 71853 - 86286 - 99279
2024-10-13,MN,Đồng Tháp,5,47095 - 82734 - 79793
2024-10-13,MN,Đồng Tháp,6,93381 - 28649 - 75409
2024-10-13,MN,Đồng Tháp,7,00303 - 32210 - 34315 - 19462
2024-10-13,MN,Đồng Tháp,8,14280
2024-10-13,MN,Cà Mau,ĐB,25290
2024-10-13,MN,Cà Mau,1,92299
2024-10-13,MN,Cà Mau,2,20016
2024-10-13,MN,Cà Mau,3,95465 - 34497 - 62039 - 51806 - 83751 - 12820
2024-10-13,MN,Cà Mau,4,87698 - 79107 - 56335 - 71042 - 67711 - 64041
2024-10-13,MN,Cà Mau,5,57882 - 61203 - 09424
2024-10-13,MN,Cà Mau,6,05873 - 18151 - 36269
2024-10-13,MN,Cà Mau,7,89287 - 91437 - 51571 - 22117
2024-10-13,MN,Cà Mau,8,52157
2024-10-14,MB,Hà Nội,ĐB,00648
2024-10-14,MB,Hà Nội,1,71970
2024-10-14,MB,Hà Nội,2,07807
2024-10-14,MB,Hà Nội,3,85618 - 08075 - 18920 - 93658 - 60744 - 16587
2024-10-14,MB,Hà Nội,4,78920 - 95094 - 31569 - 33840 - 60614 - 62296
2024-10-14,MB,Hà Nội,5,06186 - 77561 - 33269
2024-10-14,MB,Hà Nội,6,37167 - 99512 - 14436
2024-10-14,MB,Hà Nội,7,59368 - 97738 - 35217 - 69522
2024-10-14,MT,Đà Nẵng,ĐB,76929
2024-10-14,MT,Đà Nẵng,1,63398
2024-10-14,MT,Đà Nẵng,2,96417
2024-10-14,MT,Đà Nẵng,3,58125 - 00244 - 18243 - 91947 - 60638 - 32767
2024-10-14,MT,Đà Nẵng,4,80111 - 50055 - 08839 - 38523 - 05045 - 07113
2024-10-14,MT,Đà Nẵng,5,78623 - 76490 - 82270
2024-10-14,MT,Đà Nẵng,6,81948 - 89349 - 11412
2024-10-14,MT,Đà Nẵng,7,69806 - 29628 - 34241 - 63018
2024-10-14,MT,Đà Nẵng,8,47731
2024-10-14,MT,Khánh Hòa,ĐB,85065
2024-10-14,MT,Khánh Hòa,1,69063
2024-10-14,MT,Khánh Hòa,2,50686
2024-10-14,MT,Khánh Hòa,3,05669 - 22412 - 64317 - 07710 - 23727 - 73398
2024-10-14,MT,Khánh Hòa,4,91460 - 92570 - 81801 - 60952 - 59536 - 94170
2024-10-14,MT,Khánh Hòa,5,86338 - 04110 - 82510
2024-10-14,MT,Khánh Hòa,6,90881 - 10438 - 22338
2024-10-14,MT,Khánh Hòa,7,89267 - 33763 - 81081 - 62709
2024-10-14,MT,Khánh Hòa,8,55577
2024-10-14,MN,TP. HCM,ĐB,08759
2024-10-14,MN,TP. HCM,1,57250
2024-10-14,MN,TP. HCM,2,88540
2024-10-14,MN,TP. HCM,3,52222 - 41955 - 44060 - 06241 - 41677 - 98507
2024-10-14,MN,TP. HCM,4,16913 - 24674 - 01927 - 23225 - 80953 - 22592
2024-10-14,MN,TP. HCM,5,09309 - 54929 - 47729
2024-10-14,MN,TP. HCM,6,66952 - 41133 - 68536
2024-10-14,MN,TP. HCM,7,48020 - 36338 - 60398 - 70205
2024-10-14,MN,TP. HCM,8,42088
2024-10-14,MN,Đồng Tháp,ĐB,75150
2024-10-14,MN,Đồng Tháp,1,61223
2024-10-14,MN,Đồng Tháp,2,92497
2024-10-14,MN,Đồng Tháp,3,81606 - 77754 - 54578 - 56025 - 71456 - 72381
2024-10-14,MN,Đồng Tháp,4,40367 - 51127 - 15397 - 42471 - 32285 - 53239
2024-10-14,MN,Đồng Tháp,5,94342 - 99388 - 40492
2024-10-14,MN,Đồng Tháp,6,44827 - 54922 - 98651
2024-10-14,MN,Đồng Tháp,7,99185 - 35120 - 96725 - 24496
2024-10-14,MN,Đồng Tháp,8,60062
2024-10-14,MN,Cà Mau,ĐB,33497
2024-10-14,MN,Cà Mau,1,03478
2024-10-14,MN,Cà Mau,2,86213
2024-10-14,MN,Cà Mau,3,44607 - 75849 - 38545 - 79646 - 59340 - 10696
2024-10-14,MN,Cà Mau,4,80292 - 91926 - 43338 - 55371 - 40538 - 22386
2024-10-14,MN,Cà Mau,5,03370 - 87493 - 27825
2024-10-14,MN,Cà Mau,6,69124 - 27121 - 20821
2024-10-14,MN,Cà Mau,7,96049 - 76248 - 74126 - 12601
2024-10-14,MN,Cà Mau,8,96554
2024-10-15,MB,Hà Nội,ĐB,81723
2024-10-15,MB,Hà Nội,1,18390
2024-10-15,MB,Hà Nội,2,01360
2024-10-15,MB,Hà Nội,3,34005 - 86277 - 31687 - 53731 - 17049 - 90621
2024-10-15,MB,Hà Nội,4,98951 - 66299 - 76682 - 97904 - 45358 - 86773
2024-10-15,MB,Hà Nội,5,29113 - 63082 - 98765
2024-10-15,MB,Hà Nội,6,76410 - 12662 - 31105
2024-10-15,MB,Hà Nội,7,11310 - 39049 - 89484 - 43510
2024-10-15,MT,Đà Nẵng,ĐB,35879
2024-10-15,MT,Đà Nẵng,1,22446
2024-10-15,MT,Đà Nẵng,2,02559
2024-10-15,MT,Đà Nẵng,3,73082 - 40733 - 96055 - 23174 - 51522 - 70434
2024-10-15,MT,Đà Nẵng,4,20367 - 66841 - 79359 - 71346 - 26839 - 37009
2024-10-15,MT,Đà Nẵng,5,22703 - 19111 - 41104
2024-10-15,MT,Đà Nẵng,6,67952 - 39133 - 18210
2024-10-15,MT,Đà Nẵng,7,36664 - 61127 - 54088 - 65681
2024-10-15,MT,Đà Nẵng,8,22566
2024-10-15,MT,Khánh Hòa,ĐB,68287
2024-10-15,MT,Khánh Hòa,1,83235
2024-10-15,MT,Khánh Hòa,2,83394
2024-10-15,MT,Khánh Hòa,3,11628 - 44661 - 03841 - 85586 - 22274 - 03775
2024-10-15,MT,Khánh Hòa,4,65057 - 38602 - 38252 - 32865 - 80718 - 09887
2024-10-15,MT,Khánh Hòa,5,65128 - 24767 - 38017
2024-10-15,MT,Khánh Hòa,6,81127 - 06710 - 11946
2024-10-15,MT,Khánh Hòa,7,08614 - 84301 - 53423 - 89045
2024-10-15,MT,Khánh Hòa,8,69114
2024-10-15,MN,TP. HCM,ĐB,14476
2024-10-15,MN,TP. HCM,1,70036
2024-10-15,MN,TP. HCM,2,37165
2024-10-15,MN,TP. HCM,3,26761 - 20135 - 30998 - 88588 - 20048 - 48909
2024-10-15,MN,TP. HCM,4,68857 - 81955 - 12110 - 38244 - 13274 - 96061
2024-10-15,MN,TP. HCM,5,00397 - 84623 - 96710
2024-10-15,MN,TP. HCM,6,47099 - 33587 - 68633
2024-10-15,MN,TP. HCM,7,49868 - 71176 - 29793 - 51512
2024-10-15,MN,TP. HCM,8,91871
2024-10-15,MN,Đồng Tháp,ĐB,63338
2024-10-15,MN,Đồng Tháp,1,19480
2024-10-15,MN,Đồng Tháp,2,56840
2024-10-15,MN,Đồng Tháp,3,36492 - 04874 - 21682 - 51372 - 37221 - 83783
2024-10-15,MN,Đồng Tháp,4,13810 - 96775 - 18256 - 00657 - 64269 - 06301
2024-10-15,MN,Đồng Tháp,5,33417 - 66616 - 99155
2024-10-15,MN,Đồng Tháp,6,15077 - 00628 - 77555
2024-10-15,MN,Đồng Tháp,7,58500 - 75991 - 46105 - 60714
2024-10-15,MN,Đồng Tháp,8,45031
2024-10-15,MN,Cà Mau,ĐB,07557
2024-10-15,MN,Cà Mau,1,32833
2024-10-15,MN,Cà Mau,2,76183
2024-10-15,MN,Cà Mau,3,96642 - 60085 - 37645 - 22699 - 01089 - 04100
2024-10-15,MN,Cà Mau,4,66379 - 55501 - 22902 - 85482 - 22619 - 53932
2024-10-15,MN,Cà Mau,5,56477 - 69895 - 95986
2024-10-15,MN,Cà Mau,6,87794 - 95838 - 31244
2024-10-15,MN,Cà Mau,7,31066 - 25734 - 24495 - 06715
2024-10-15,MN,Cà Mau,8,11776
2024-10-16,MB,Hà Nội,ĐB,12491
2024-10-16,MB,Hà Nội,1,33976
2024-10-16,MB,Hà Nội,2,24246
2024-10-16,MB,Hà Nội,3,22007 - 99116 - 86045 - 22220 - 01682 - 80441
2024-10-16,MB,Hà Nội,4,69732 - 40008 - 90127 - 36870 - 90272 - 21978
2024-10-16,MB,Hà Nội,5,33261 - 71056 - 46675
2024-10-16,MB,Hà Nội,6,30403 - 07499 - 35802
2024-10-16,MB,Hà Nội,7,60562 - 44639 - 27701 - 65069
2024-10-16,MT,Đà Nẵng,ĐB,20444
2024-10-16,MT,Đà Nẵng,1,93989
2024-10-16,MT,Đà Nẵng,2,84923
2024-10-16,MT,Đà Nẵng,3,34123 - 59646 - 50548 - 92704 - 09394 - 85633
2024-10-16,MT,Đà Nẵng,4,50023 - 32375 - 43234 - 86024 - 50941 - 47980
2024-10-16,MT,Đà Nẵng,5,40569 - 62901 - 24526
2024-10-16,MT,Đà Nẵng,6,20889 - 92949 - 88374
2024-10-16,MT,Đà Nẵng,7,60040 - 05250 - 49662 - 45287
2024-10-16,MT,Đà Nẵng,8,85716
2024-10-16,MT,Khánh Hòa,ĐB,97727
2024-10-16,MT,Khánh Hòa,1,39245
2024-10-16,MT,Khánh Hòa,2,92172
2024-10-16,MT,Khánh Hòa,3,82630 - 66173 - 46508 - 42954 - 50824 - 97625
2024-10-16,MT,Khánh Hòa,4,21173 - 49433 - 40020 - 20704 - 06789 - 70261
2024-10-16,MT,Khánh Hòa,5,78239 - 03043 - 11668
2024-10-16,MT,Khánh Hòa,6,20218 - 29917 - 19875
2024-10-16,MT,Khánh Hòa,7,25623 - 11974 - 45708 - 98339
2024-10-16,MT,Khánh Hòa,8,60318
2024-10-16,MN,TP. HCM,ĐB,84107
2024-10-16,MN,TP. HCM,1,21694
2024-10-16,MN,TP. HCM,2,71220
2024-10-16,MN,TP. HCM,3,23731 - 74495 - 21779 - 25561 - 66818 - 10655
2024-10-16,MN,TP. HCM,4,71536 - 35150 - 44303 - 36950 - 30015 - 23893
2024-10-16,MN,TP. HCM,5,48899 - 76574 - 17871
2024-10-16,MN,TP. HCM,6,85052 - 97153 - 18405
2024-10-16,MN,TP. HCM,7,06626 - 49642 - 97312 - 20562
2024-10-16,MN,TP. HCM,8,94351
2024-10-16,MN,Đồng Tháp,ĐB,40786
2024-10-16,MN,Đồng Tháp,1,94047
2024-10-16,MN,Đồng Tháp,2,78817
2024-10-16,MN,Đồng Tháp,3,72239 - 24188 - 10056 - 47257 - 33466 - 09010
2024-10-16,MN,Đồng Tháp,4,78430 - 49573 - 68970 - 56653 - 26597 - 60692
2024-10-16,MN,Đồng Tháp,5,42696 - 62564 - 30139
2024-10-16,MN,Đồng Tháp,6,08391 - 93703 - 94588
2024-10-16,MN,Đồng Tháp,7,95616 - 82569 - 91335 - 86605
2024-10-16,MN,Đồng Tháp,8,52704
2024-10-16,MN,Cà Mau,ĐB,40805
2024-10-16,MN,Cà Mau,1,79030
2024-10-16,MN,Cà Mau,2,86643
2024-10-16,MN,Cà Mau,3,81301 - 49899 - 92168 - 64222 - 67706 - 44422
2024-10-16,MN,Cà Mau,4,00264 - 74837 - 74550 - 34479 - 21702 - 00809
2024-10-16,MN,Cà Mau,5,71799 - 78752 - 23856
2024-10-16,MN,Cà Mau,6,69831 - 79030 - 32089
2024-10-16,MN,Cà Mau,7,65152 - 39828 - 93965 - 58531
2024-10-16,MN,Cà Mau,8,96039
2024-10-17,MB,Hà Nội,ĐB,29907
2024-10-17,MB,Hà Nội,1,63184
2024-10-17,MB,Hà Nội,2,79713
2024-10-17,MB,Hà Nội,3,61419 - 88397 - 35571 - 59395 - 34469 - 86439
2024-10-17,MB,Hà Nội,4,97441 - 71304 - 87675 - 65798 - 60690 - 06859
2024-10-17,MB,Hà Nội,5,95985 - 29470 - 06579
2024-10-17,MB,Hà Nội,6,72071 - 83136 - 72091
2024-10-17,MB,Hà Nội,7,68607 - 54408 - 88511 - 29526
2024-10-17,MT,Đà Nẵng,ĐB,94672
2024-10-17,MT,Đà Nẵng,1,88296
2024-10-17,MT,Đà Nẵng,2,19747
2024-10-17,MT,Đà Nẵng,3,99652 - 38002 - 94052 - 60360 - 23064 - 23331
2024-10-17,MT,Đà Nẵng,4,39356 - 46118 - 36087 - 74678 - 89274 - 17125
2024-10-17,MT,Đà Nẵng,5,46817 - 71986 - 10563
2024-10-17,MT,Đà Nẵng,6,63760 - 09692 - 57928
2024-10-17,MT,Đà Nẵng,7,89843 - 82290 - 50221 - 02762
2024-10-17,MT,Đà Nẵng,8,29578
2024-10-17,MT,Khánh Hòa,ĐB,86851
2024-10-17,MT,Khánh Hòa,1,97102
2024-10-17,MT,Khánh Hòa,2,39079
2024-10-17,MT,Khánh Hòa,3,50863 - 69312 - 93546 - 77319 - 51379 - 06596
2024-10-17,MT,Khánh Hòa,4,06415 - 64812 - 12211 - 05269 - 68415 - 74833
2024-10-17,MT,Khánh Hòa,5,15494 - 35168 - 53805
2024-10-17,MT,Khánh Hòa,6,66967 - 25887 - 97860
2024-10-17,MT,Khánh Hòa,7,65045 - 28499 - 38620 - 53128
2024-10-17,MT,Khánh Hòa,8,60369
2024-10-17,MN,TP. HCM,ĐB,41876
2024-10-17,MN,TP. HCM,1,49193
2024-10-17,MN,TP. HCM,2,75160
2024-10-17,MN,TP. HCM,3,59759 - 95600 - 45160 - 52344 - 70646 - 22200
2024-10-17,MN,TP. HCM,4,43269 - 80010 - 69451 - 84029 - 07932 - 03127
2024-10-17,MN,TP. HCM,5,64859 - 33657 - 10525
2024-10-17,MN,TP. HCM,6,61990 - 39905 - 18454
2024-10-17,MN,TP. HCM,7,32894 - 99001 - 61525 - 05708
2024-10-17,MN,TP. HCM,8,60992
2024-10-17,MN,Đồng Tháp,ĐB,87028
2024-10-17,MN,Đồng Tháp,1,15943
2024-10-17,MN,Đồng Tháp,2,10136
2024-10-17,MN,Đồng Tháp,3,22641 - 47212 - 35504 - 73651 - 01560 - 22606
2024-10-17,MN,Đồng Tháp,4,72047 - 81458 - 69892 - 83081 - 79193 - 98022
2024-10-17,MN,Đồng Tháp,5,42150 - 82428 - 82901
2024-10-17,MN,Đồng Tháp,6,10266 - 91905 - 12567
2024-10-17,MN,Đồng Tháp,7,29914 - 08769 - 32764 - 89183
2024-10-17,MN,Đồng Tháp,8,20915
2024-10-17,MN,Cà Mau,ĐB,11298
2024-10-17,MN,Cà Mau,1,82225
2024-10-17,MN,Cà Mau,2,26327
2024-10-17,MN,Cà Mau,3,40629 - 48856 - 36239 - 81489 - 74827 - 25442
2024-10-17,MN,Cà Mau,4,92921 - 78332 - 74654 - 42302 - 12392 - 81249
2024-10-17,MN,Cà Mau,5,51881 - 65192 - 20439
2024-10-17,MN,Cà Mau,6,19236 - 80471 - 43356
2024-10-17,MN,Cà Mau,7,57653 - 51083 - 21022 - 06295
2024-10-17,MN,Cà Mau,8,86324
2024-10-18,MB,Hà Nội,ĐB,68525
2024-10-18,MB,Hà Nội,1,12598
2024-10-18,MB,Hà Nội,2,74889
2024-10-18,MB,Hà Nội,3,69003 - 52686 - 43112 - 75459 - 39575 - 16659
2024-10-18,MB,Hà Nội,4,67581 - 59717 - 29156 - 81506 - 50703 - 46009
2024-10-18,MB,Hà Nội,5,54994 - 16146 - 43271
2024-10-18,MB,Hà Nội,6,59127 - 96825 - 80164
2024-10-18,MB,Hà Nội,7,93774 - 98746 - 17315 - 93998
2024-10-18,MT,Đà Nẵng,ĐB,18456
2024-10-18,MT,Đà Nẵng,1,01125
2024-10-18,MT,Đà Nẵng,2,20867
2024-10-18,MT,Đà Nẵng,3,86507 - 60976 - 31384 - 11550 - 96387 - 75761
2024-10-18,MT,Đà Nẵng,4,64738 - 69173 - 51597 - 42100 - 31111 - 59244
2024-10-18,MT,Đà Nẵng,5,63111 - 94477 - 24925
2024-10-18,MT,Đà Nẵng,6,60674 - 46609 - 77020
2024-10-18,MT,Đà Nẵng,7,10594 - 44941 - 00317 - 25468
2024-10-18,MT,Đà Nẵng,8,73130
2024-10-18,MT,Khánh Hòa,ĐB,70359
2024-10-18,MT,Khánh Hòa,1,08083
2024-10-18,MT,Khánh Hòa,2,77960
2024-10-18,MT,Khánh Hòa,3,42986 - 12521 - 50565 - 07243 - 32276 - 41757
2024-10-18,MT,Khánh Hòa,4,15071 - 70948 - 20027 - 85885 - 01716 - 32504
2024-10-18,MT,Khánh Hòa,5,15338 - 10418 - 57642
2024-10-18,MT,Khánh Hòa,6,77803 - 05411 - 21430
2024-10-18,MT,Khánh Hòa,7,50886 - 73338 - 55584 - 43339
2024-10-18,MT,Khánh Hòa,8,55165
2024-10-18,MN,TP. HCM,ĐB,87110
2024-10-18,MN,TP. HCM,1,14839
2024-10-18,MN,TP. HCM,2,05031
2024-10-18,MN,TP. HCM,3,21514 - 04383 - 92230 - 52251 - 65530 - 31078
2024-10-18,MN,TP. HCM,4,14488 - 66901 - 19726 - 46757 - 35416 - 87574
2024-10-18,MN,TP. HCM,5,52221 - 12447 - 04189
2024-10-18,MN,TP. HCM,6,57758 - 67229 - 35629
2024-10-18,MN,TP. HCM,7,08318 - 93503 - 77102 - 58725
2024-10-18,MN,TP. HCM,8,72782
2024-10-18,MN,Đồng Tháp,ĐB,54498
2024-10-18,MN,Đồng Tháp,1,46296
2024-10-18,MN,Đồng Tháp,2,72788
2024-10-18,MN,Đồng Tháp,3,37581 - 29648 - 94609 - 34609 - 80237 - 01494
2024-10-18,MN,Đồng Tháp,4,01624 - 27375 - 71587 - 33612 - 09042 - 36100
2024-10-18,MN,Đồng Tháp,5,84033 - 86438 - 66871
2024-10-18,MN,Đồng Tháp,6,53051 - 11376 - 72941
2024-10-18,MN,Đồng Tháp,7,31373 - 56416 - 63264 - 29219
2024-10-18,MN,Đồng Tháp,8,92316
2024-10-18,MN,Cà Mau,ĐB,92037
2024-10-18,MN,Cà Mau,1,37062
2024-10-18,MN,Cà Mau,2,42731
2024-10-18,MN,Cà Mau,3,86875 - 64379 - 05463 - 24821 - 59405 - 82472
2024-10-18,MN,Cà Mau,4,42372 - 12607 - 96036 - 34710 - 51646 - 23697
2024-10-18,MN,Cà Mau,5,41291 - 04481 - 72818
2024-10-18,MN,Cà Mau,6,13113 - 91535 - 20939
2024-10-18,MN,Cà Mau,7,66862 - 82671 - 34408 - 65249
2024-10-18,MN,Cà Mau,8,80423
2024-10-19,MB,Hà Nội,ĐB,22572
2024-10-19,MB,Hà Nội,1,05623
2024-10-19,MB,Hà Nội,2,29365
2024-10-19,MB,Hà Nội,3,45118 - 38443 - 30710 - 51540 - 53756 - 05978
2024-10-19,MB,Hà Nội,4,98026 - 12731 - 48298 - 68937 - 73731 - 74401
2024-10-19,MB,Hà Nội,5,03822 - 46575 - 33552
2024-10-19,MB,Hà Nội,6,46381 - 32779 - 41684
2024-10-19,MB,Hà Nội,7,13522 - 08504 - 81205 - 39442
2024-10-19,MT,Đà Nẵng,ĐB,10453
2024-10-19,MT,Đà Nẵng,1,78416
2024-10-19,MT,Đà Nẵng,2,79006
2024-10-19,MT,Đà Nẵng,3,97411 - 04520 - 00866 - 98987 - 83774 - 95251
2024-10-19,MT,Đà Nẵng,4,15563 - 34919 - 34616 - 40353 - 53730 - 37683
2024-10-19,MT,Đà Nẵng,5,19779 - 39649 - 69330
2024-10-19,MT,Đà Nẵng,6,82914 - 17747 - 80813
2024-10-19,MT,Đà Nẵng,7,54279 - 35765 - 98767 - 15253
2024-10-19,MT,Đà Nẵng,8,38457
2024-10-19,MT,Khánh Hòa,ĐB,35045
2024-10-19,MT,Khánh Hòa,1,66457
2024-10-19,MT,Khánh Hòa,2,67274
2024-10-19,MT,Khánh Hòa,3,89084 - 31910 - 64625 - 16986 - 57074 - 12328
2024-10-19,MT,Khánh Hòa,4,50343 - 70935 - 23996 - 88450 - 33339 - 72392
2024-10-19,MT,Khánh Hòa,5,26056 - 65262 - 46432
2024-10-19,MT,Khánh Hòa,6,19335 - 93280 - 06171
2024-10-19,MT,Khánh Hòa,7,82802 - 20716 - 84744 - 56975
2024-10-19,MT,Khánh Hòa,8,78991
2024-10-19,MN,TP. HCM,ĐB,16509
2024-10-19,MN,TP. HCM,1,82612
2024-10-19,MN,TP. HCM,2,75994
2024-10-19,MN,TP. HCM,3,01424 - 42110 - 59242 - 68563 - 10386 - 99474
2024-10-19,MN,TP. HCM,4,21026 - 06439 - 94086 - 57489 - 50749 - 33126
2024-10-19,MN,TP. HCM,5,29274 - 74122 - 43905
2024-10-19,MN,TP. HCM,6,63440 - 44193 - 71057
2024-10-19,MN,TP. HCM,7,50392 - 63949 - 84012 - 46299
2024-10-19,MN,TP. HCM,8,32136
2024-10-19,MN,Đồng Tháp,ĐB,33536
2024-10-19,MN,Đồng Tháp,1,31023
2024-10-19,MN,Đồng Tháp,2,39843
2024-10-19,MN,Đồng Tháp,3,22456 - 16057 - 34350 - 80729 - 60542 - 24917
2024-10-19,MN,Đồng Tháp,4,89456 - 80018 - 24966 - 58981 - 58271 - 51020
2024-10-19,MN,Đồng Tháp,5,63154 - 33595 - 23273
2024-10-19,MN,Đồng Tháp,6,47822 - 77982 - 16317
2024-10-19,MN,Đồng Tháp,7,98147 - 73382 - 49302 - 78910
2024-10-19,MN,Đồng Tháp,8,99497
2024-10-19,MN,Cà Mau,ĐB,82534
2024-10-19,MN,Cà Mau,1,25559
2024-10-19,MN,Cà Mau,2,87105
2024-10-19,MN,Cà Mau,3,91810 - 65962 - 31604 - 77990 - 78201 - 04573
2024-10-19,MN,Cà Mau,4,61307 - 11514 - 90668 - 83959 - 12320 - 23114
2024-10-19,MN,Cà Mau,5,56555 - 16124 - 40551
2024-10-19,MN,Cà Mau,6,37843 - 43110 - 14694
2024-10-19,MN,Cà Mau,7,52928 - 56939 - 63681 - 60947
2024-10-19,MN,Cà Mau,8,93111
2024-10-20,MB,Hà Nội,ĐB,52328
2024-10-20,MB,Hà Nội,1,20373
2024-10-20,MB,Hà Nội,2,81453
2024-10-20,MB,Hà Nội,3,42456 - 03312 - 68543 - 48741 - 07940 - 16199
2024-10-20,MB,Hà Nội,4,07820 - 85866 - 21641 - 81510 - 26525 - 95917
2024-10-20,MB,Hà Nội,5,71882 - 73851 - 34582
2024-10-20,MB,Hà Nội,6,77151 - 95618 - 67620
2024-10-20,MB,Hà Nội,7,57999 - 57086 - 51254 - 25520
2024-10-20,MT,Đà Nẵng,ĐB,26212
2024-10-20,MT,Đà Nẵng,1,04651
2024-10-20,MT,Đà Nẵng,2,06928
2024-10-20,MT,Đà Nẵng,3,96049 - 78154 - 40616 - 18353 - 82056 - 81874
2024-10-20,MT,Đà Nẵng,4,20290 - 25536 - 31503 - 44345 - 03010 - 08284
2024-10-20,MT,Đà Nẵng,5,96123 - 82369 - 36909
2024-10-20,MT,Đà Nẵng,6,75998 - 84794 - 48734
2024-10-20,MT,Đà Nẵng,7,11196 - 11646 - 79715 - 74714
2024-10-20,MT,Đà Nẵng,8,47572
2024-10-20,MT,Khánh Hòa,ĐB,53891
2024-10-20,MT,Khánh Hòa,1,44551
2024-10-20,MT,Khánh Hòa,2,72964
2024-10-20,MT,Khánh Hòa,3,65307 - 21857 - 74796 - 99114 - 58494 - 32111
2024-10-20,MT,Khánh Hòa,4,54600 - 22647 - 22830 - 37937 - 81907 - 93712
2024-10-20,MT,Khánh Hòa,5,84833 - 60171 - 73223
2024-10-20,MT,Khánh Hòa,6,15926 - 94392 - 81928
2024-10-20,MT,Khánh Hòa,7,95548 - 85081 - 20513 - 64957
2024-10-20,MT,Khánh Hòa,8,54068
2024-10-20,MN,TP. HCM,ĐB,19099
2024-10-20,MN,TP. HCM,1,18277
2024-10-20,MN,TP. HCM,2,63015
2024-10-20,MN,TP. HCM,3,33289 - 70759 - 92060 - 14676 - 86902 - 10022
2024-10-20,MN,TP. HCM,4,08089 - 99000 - 46403 - 60023 - 61715 - 41960
2024-10-20,MN,TP. HCM,5,98066 - 47890 - 11156
2024-10-20,MN,TP. HCM,6,25499 - 71691 - 23854
2024-10-20,MN,TP. HCM,7,73489 - 02032 - 03629 - 57950
2024-10-20,MN,TP. HCM,8,13977
2024-10-20,MN,Đồng Tháp,ĐB,53881
2024-10-20,MN,Đồng Tháp,1,84570
2024-10-20,MN,Đồng Tháp,2,45093
2024-10-20,MN,Đồng Tháp,3,94433 - 06534 - 33154 - 95784 - 31493 - 41328
2024-10-20,MN,Đồng Tháp,4,78947 - 31295 - 77515 - 34338 - 79768 - 71071
2024-10-20,MN,Đồng Tháp,5,02584 - 01187 - 84962
2024-10-20,MN,Đồng Tháp,6,98485 - 69585 - 47702
2024-10-20,MN,Đồng Tháp,7,67758 - 29386 - 11662 - 87824
2024-10-20,MN,Đồng Tháp,8,02998
2024-10-20,MN,Cà Mau,ĐB,65303
2024-10-20,MN,Cà Mau,1,01598
2024-10-20,MN,Cà Mau,2,21131
2024-10-20,MN,Cà Mau,3,09097 - 84334 - 71123 - 29516 - 03886 - 55394
2024-10-20,MN,Cà Mau,4,25267 - 92190 - 45932 - 97825 - 42864 - 88872
2024-10-20,MN,Cà Mau,5,20557 - 69246 - 74032
2024-10-20,MN,Cà Mau,6,31407 - 80053 - 68548
2024-10-20,MN,Cà Mau,7,12621 - 43446 - 65060 - 13461
2024-10-20,MN,Cà Mau,8,75762
2024-10-21,MB,Hà Nội,ĐB,16213
2024-10-21,MB,Hà Nội,1,59193
2024-10-21,MB,Hà Nội,2,04864
2024-10-21,MB,Hà Nội,3,73652 - 70255 - 48450 - 79925 - 63123 - 74939
2024-10-21,MB,Hà Nội,4,90217 - 33838 - 34814 - 74573 - 56156 - 67950
2024-10-21,MB,Hà Nội,5,70018 - 13521 - 01135
2024-10-21,MB,Hà Nội,6,06801 - 79826 - 25321
2024-10-21,MB,Hà Nội,7,13890 - 86864 - 86728 - 18341
2024-10-21,MT,Đà Nẵng,ĐB,37855
2024-10-21,MT,Đà Nẵng,1,28397
2024-10-21,MT,Đà Nẵng,2,48795
2024-10-21,MT,Đà Nẵng,3,34655 - 96879 - 03195 - 06608 - 27093 - 41079
2024-10-21,MT,Đà Nẵng,4,41654 - 88349 - 78961 - 60573 - 55495 - 16145
2024-10-21,MT,Đà Nẵng,5,40790 - 95107 - 31717
2024-10-21,MT,Đà Nẵng,6,68188 - 56479 - 59130
2024-10-21,MT,Đà Nẵng,7,30447 - 82312 - 71490 - 48686
2024-10-21,MT,Đà Nẵng,8,91046
2024-10-21,MT,Khánh Hòa,ĐB,95407
2024-10-21,MT,Khánh Hòa,1,29752
2024-10-21,MT,Khánh Hòa,2,89322
2024-10-21,MT,Khánh Hòa,3,99790 - 29169 - 73528 - 25232 - 76210 - 94177
2024-10-21,MT,Khánh Hòa,4,25011 - 88749 - 97443 - 21116 - 59603 - 19181
2024-10-21,MT,Khánh Hòa,5,17206 - 77181 - 45999
2024-10-21,MT,Khánh Hòa,6,12571 - 08971 - 19249
2024-10-21,MT,Khánh Hòa,7,02435 - 21818 - 11311 - 65514
2024-10-21,MT,Khánh Hòa,8,36286
2024-10-21,MN,TP. HCM,ĐB,91674
2024-10-21,MN,TP. HCM,1,11991
2024-10-21,MN,TP. HCM,2,87564
2024-10-21,MN,TP. HCM,3,16019 - 01668 - 07659 - 71192 - 40908 - 52523
2024-10-21,MN,TP. HCM,4,51603 - 13449 - 86472 - 44355 - 68423 - 99028
2024-10-21,MN,TP. HCM,5,27836 - 13533 - 12179
2024-10-21,MN,TP. HCM,6,80664 - 96704 - 12438
2024-10-21,MN,TP. HCM,7,20017 - 16835 - 63095 - 23436
2024-10-21,MN,TP. HCM,8,70721
2024-10-21,MN,Đồng Tháp,ĐB,76872
2024-10-21,MN,Đồng Tháp,1,12632
2024-10-21,MN,Đồng Tháp,2,89439
2024-10-21,MN,Đồng Tháp,3,97394 - 60207 - 73907 - 00564 - 85295 - 87485
2024-10-21,MN,Đồng Tháp,4,91865 - 37220 - 06534 - 93621 - 59505 - 78169
2024-10-21,MN,Đồng Tháp,5,27960 - 11742 - 87224
2024-10-21,MN,Đồng Tháp,6,42192 - 98942 - 50250
2024-10-21,MN,Đồng Tháp,7,22348 - 42545 - 69946 - 29655
2024-10-21,MN,Đồng Tháp,8,48398
2024-10-21,MN,Cà Mau,ĐB,95489
2024-10-21,MN,Cà Mau,1,40023
2024-10-21,MN,Cà Mau,2,19629
2024-10-21,MN,Cà Mau,3,89966 - 55521 - 67709 - 71802 - 13543 - 53576
2024-10-21,MN,Cà Mau,4,21388 - 73372 - 95404 - 22228 - 79777 - 62823
2024-10-21,MN,Cà Mau,5,69005 - 82925 - 60579
2024-10-21,MN,Cà Mau,6,44350 - 42884 - 37576
2024-10-21,MN,Cà Mau,7,02575 - 95276 - 27192 - 05936
2024-10-21,MN,Cà Mau,8,31380
2024-10-22,MB,Hà Nội,ĐB,03001
2024-10-22,MB,Hà Nội,1,60419
2024-10-22,MB,Hà Nội,2,69732
2024-10-22,MB,Hà Nội,3,65628 - 72252 - 56765 - 41780 - 81525 - 02137
2024-10-22,MB,Hà Nội,4,92063 - 73156 - 97123 - 97194 - 79515 - 11555
2024-10-22,MB,Hà Nội,5,43783 - 42463 - 38752
2024-10-22,MB,Hà Nội,6,49131 - 33435 - 66855
2024-10-22,MB,Hà Nội,7,62170 - 31147 - 34073 - 49043
2024-10-22,MT,Đà Nẵng,ĐB,17489
2024-10-22,MT,Đà Nẵng,1,01541
2024-10-22,MT,Đà Nẵng,2,85223
2024-10-22,MT,Đà Nẵng,3,37651 - 47848 - 45662 - 57025 - 73445 - 06696
2024-10-22,MT,Đà Nẵng,4,80509 - 37173 - 84650 - 01914 - 70695 - 40346
2024-10-22,MT,Đà Nẵng,5,90380 - 56335 - 45252
2024-10-22,MT,Đà Nẵng,6,68397 - 72914 - 44592
2024-10-22,MT,Đà Nẵng,7,87116 - 45977 - 03352 - 61927
2024-10-22,MT,Đà Nẵng,8,59607
2024-10-22,MT,Khánh Hòa,ĐB,68352
2024-10-22,MT,Khánh Hòa,1,59264
2024-10-22,MT,Khánh Hòa,2,48582
2024-10-22,MT,Khánh Hòa,3,37960 - 30442 - 07042 - 61063 - 13069 - 05691
2024-10-22,MT,Khánh Hòa,4,03925 - 47382 - 82846 - 51613 - 39443 - 63836
2024-10-22,MT,Khánh Hòa,5,37729 - 48622 - 35418
2024-10-22,MT,Khánh Hòa,6,54899 - 48502 - 14143
2024-10-22,MT,Khánh Hòa,7,03892 - 59626 - 08754 - 35278
2024-10-22,MT,Khánh Hòa,8,69521
2024-10-22,MN,TP. HCM,ĐB,53986
2024-10-22,MN,TP. HCM,1,71145
2024-10-22,MN,TP. HCM,2,65159
2024-10-22,MN,TP. HCM,3,35004 - 60861 - 84020 - 18847 - 96954 - 48611
2024-10-22,MN,TP. HCM,4,32013 - 98727 - 67300 - 47407 - 20160 - 46839
2024-10-22,MN,TP. HCM,5,46103 - 53834 - 18557
2024-10-22,MN,TP. HCM,6,78492 - 25423 - 39893
2024-10-22,MN,TP. HCM,7,80060 - 46204 - 37886 - 34242
2024-10-22,MN,TP. HCM,8,25902
2024-10-22,MN,Đồng Tháp,ĐB,97623
2024-10-22,MN,Đồng Tháp,1,02910
2024-10-22,MN,Đồng Tháp,2,93904
2024-10-22,MN,Đồng Tháp,3,02061 - 11616 - 08169 - 55019 - 35992 - 91825
2024-10-22,MN,Đồng Tháp,4,92456 - 61721 - 34333 - 16354 - 06667 - 07904
2024-10-22,MN,Đồng Tháp,5,65140 - 48061 - 99154
2024-10-22,MN,Đồng Tháp,6,91905 - 21387 - 03264
2024-10-22,MN,Đồng Tháp,7,44966 - 57830 - 06224 - 28501
2024-10-22,MN,Đồng Tháp,8,15933
2024-10-22,MN,Cà Mau,ĐB,22831
2024-10-22,MN,Cà Mau,1,84962
2024-10-22,MN,Cà Mau,2,70603
2024-10-22,MN,Cà Mau,3,10341 - 55029 - 45462 - 64300 - 84044 - 03596
2024-10-22,MN,Cà Mau,4,89989 - 07302 - 49865 - 06863 - 29934 - 44962
2024-10-22,MN,Cà Mau,5,72564 - 96321 - 09920
2024-10-22,MN,Cà Mau,6,43927 - 59877 - 93391
2024-10-22,MN,Cà Mau,7,77603 - 92463 - 75344 - 54823
2024-10-22,MN,Cà Mau,8,24162
2024-10-23,MB,Hà Nội,ĐB,96305
2024-10-23,MB,Hà Nội,1,25607
2024-10-23,MB,Hà Nội,2,38716
2024-10-23,MB,Hà Nội,3,07910 - 09251 - 70364 - 58986 - 00784 - 88289
2024-10-23,MB,Hà Nội,4,08767 - 86678 - 40520 - 47109 - 94909 - 90282
2024-10-23,MB,Hà Nội,5,61480 - 97591 - 65707
2024-10-23,MB,Hà Nội,6,71259 - 47821 - 92106
2024-10-23,MB,Hà Nội,7,36582 - 58933 - 27587 - 32733
2024-10-23,MT,Đà Nẵng,ĐB,84943
2024-10-23,MT,Đà Nẵng,1,28911
2024-10-23,MT,Đà Nẵng,2,55820
2024-10-23,MT,Đà Nẵng,3,10022 - 28369 - 54061 - 88394 - 69761 - 43880
2024-10-23,MT,Đà Nẵng,4,54018 - 90078 - 36602 - 60163 - 31290 - 01286
2024-10-23,MT,Đà Nẵng,5,50515 - 45525 - 34320
2024-10-23,MT,Đà Nẵng,6,88462 - 91295 - 36251
2024-10-23,MT,Đà Nẵng,7,80403 - 88822 - 49024 - 32427
2024-10-23,MT,Đà Nẵng,8,69683
2024-10-23,MT,Khánh Hòa,ĐB,23003
2024-10-23,MT,Khánh Hòa,1,62225
2024-10-23,MT,Khánh Hòa,2,17198
2024-10-23,MT,Khánh Hòa,3,41677 - 81933 - 93025 - 88618 - 32614 - 40296
2024-10-23,MT,Khánh Hòa,4,46584 - 64289 - 04924 - 41427 - 88605 - 71587
2024-10-23,MT,Khánh Hòa,5,86878 - 25485 - 76263
2024-10-23,MT,Khánh Hòa,6,56390 - 56200 - 81538
2024-10-23,MT,Khánh Hòa,7,72579 - 44979 - 68998 - 74725
2024-10-23,MT,Khánh Hòa,8,36258
2024-10-23,MN,TP. HCM,ĐB,62064
2024-10-23,MN,TP. HCM,1,76366
2024-10-23,MN,TP. HCM,2,11331
2024-10-23,MN,TP. HCM,3,92758 - 45089 - 00271 - 24262 - 84173 - 94888
2024-10-23,MN,TP. HCM,4,17447 - 26388 - 55697 - 94093 - 16009 - 51818
2024-10-23,MN,TP. HCM,5,00444 - 67688 - 82906
2024-10-23,MN,TP. HCM,6,32681 - 94873 - 59127
2024-10-23,MN,TP. HCM,7,77504 - 57127 - 98841 - 07202
2024-10-23,MN,TP. HCM,8,45336
2024-10-23,MN,Đồng Tháp,ĐB,82408
2024-10-23,MN,Đồng Tháp,1,60480
2024-10-23,MN,Đồng Tháp,2,47419
2024-10-23,MN,Đồng Tháp,3,79375 - 74568 - 57344 - 24193 - 00284 - 79540
2024-10-23,MN,Đồng Tháp,4,69448 - 57553 - 32371 - 35762 - 04717 - 48616
2024-10-23,MN,Đồng Tháp,5,68064 - 45825 - 04393
2024-10-23,MN,Đồng Tháp,6,98484 - 72583 - 63646
2024-10-23,MN,Đồng Tháp,7,87529 - 50107 - 66335 - 93193
2024-10-23,MN,Đồng Tháp,8,02951
2024-10-23,MN,Cà Mau,ĐB,67463
2024-10-23,MN,Cà Mau,1,85308
2024-10-23,MN,Cà Mau,2,50058
2024-10-23,MN,Cà Mau,3,82943 - 96851 - 47816 - 40672 - 88788 - 63392
2024-10-23,MN,Cà Mau,4,41437 - 75294 - 62067 - 22783 - 64793 - 62036
2024-10-23,MN,Cà Mau,5,95744 - 97883 - 51762
2024-10-23,MN,Cà Mau,6,95977 - 01879 - 43560
2024-10-23,MN,Cà Mau,7,77910 - 62777 - 82103 - 29546
2024-10-23,MN,Cà Mau,8,96444
2024-10-24,MB,Hà Nội,ĐB,31898
2024-10-24,MB,Hà Nội,1,20971
2024-10-24,MB,Hà Nội,2,78483
2024-10-24,MB,Hà Nội,3,41547 - 07799 - 00247 - 81456 - 43120 - 86332
2024-10-24,MB,Hà Nội,4,44748 - 99459 - 28600 - 00277 - 88292 - 68256
2024-10-24,MB,Hà Nội,5,04379 - 49747 - 82896
2024-10-24,MB,Hà Nội,6,68461 - 20249 - 57284
2024-10-24,MB,Hà Nội,7,67244 - 15622 - 75478 - 08072
2024-10-24,MT,Đà Nẵng,ĐB,82690
2024-10-24,MT,Đà Nẵng,1,55040
2024-10-24,MT,Đà Nẵng,2,19266
2024-10-24,MT,Đà Nẵng,3,07625 - 27426 - 56444 - 03171 - 58042 - 94047
2024-10-24,MT,Đà Nẵng,4,65771 - 96178 - 85378 - 25672 - 75540 - 91553
2024-10-24,MT,Đà Nẵng,5,34877 - 77060 - 39889
2024-10-24,MT,Đà Nẵng,6,56787 - 42951 - 58396
2024-10-24,MT,Đà Nẵng,7,71517 - 54106 - 72719 - 85950
2024-10-24,MT,Đà Nẵng,8,46435
2024-10-24,MT,Khánh Hòa,ĐB,69308
2024-10-24,MT,Khánh Hòa,1,18429
2024-10-24,MT,Khánh Hòa,2,81943
2024-10-24,MT,Khánh Hòa,3,93400 - 24147 - 22288 - 73497 - 65454 - 44697
2024-10-24,MT,Khánh Hòa,4,26254 - 41940 - 01880 - 29788 - 40409 - 56362
2024-10-24,MT,Khánh Hòa,5,07414 - 28763 - 63430
2024-10-24,MT,Khánh Hòa,6,07401 - 48319 - 88297
2024-10-24,MT,Khánh Hòa,7,40260 - 12916 - 76430 - 95451
2024-10-24,MT,Khánh Hòa,8,56468
2024-10-24,MN,TP. HCM,ĐB,66294
2024-10-24,MN,TP. HCM,1,24457
2024-10-24,MN,TP. HCM,2,05289
2024-10-24,MN,TP. HCM,3,41638 - 70976 - 27019 - 00356 - 95291 - 95769
2024-10-24,MN,TP. HCM,4,64726 - 03929 - 25574 - 08101 - 42924 - 74459
2024-10-24,MN,TP. HCM,5,50208 - 47964 - 46631
2024-10-24,MN,TP. HCM,6,75355 - 50402 - 75935
2024-10-24,MN,TP. HCM,7,83196 - 90332 - 70886 - 10979
2024-10-24,MN,TP. HCM,8,28018
2024-10-24,MN,Đồng Tháp,ĐB,83550
2024-10-24,MN,Đồng Tháp,1,53847
2024-10-24,MN,Đồng Tháp,2,13242
2024-10-24,MN,Đồng Tháp,3,48700 - 37142 - 77323 - 12554 - 57216 - 85174
2024-10-24,MN,Đồng Tháp,4,55234 - 00102 - 33494 - 51888 - 34231 - 21711
2024-10-24,MN,Đồng Tháp,5,12765 - 44424 - 67187
2024-10-24,MN,Đồng Tháp,6,42969 - 63773 - 86667
2024-10-24,MN,Đồng Tháp,7,98079 - 96511 - 04687 - 98367
2024-10-24,MN,Đồng Tháp,8,10646
2024-10-24,MN,Cà Mau,ĐB,45588
2024-10-24,MN,Cà Mau,1,63142
2024-10-24,MN,Cà Mau,2,23583
2024-10-24,MN,Cà Mau,3,97490 - 90687 - 06402 - 81190 - 64558 - 78538
2024-10-24,MN,Cà Mau,4,43865 - 89043 - 35819 - 12548 - 68958 - 75788
2024-10-24,MN,Cà Mau,5,73163 - 52605 - 24885
2024-10-24,MN,Cà Mau,6,96989 - 17000 - 15354
2024-10-24,MN,Cà Mau,7,70872 - 07638 - 27641 - 86569
2024-10-24,MN,Cà Mau,8,47131
2024-10-25,MB,Hà Nội,ĐB,49432
2024-10-25,MB,Hà Nội,1,44270
2024-10-25,MB,Hà Nội,2,60176
2024-10-25,MB,Hà Nội,3,34062 - 52040 - 23848 - 68474 - 71772 - 66880
2024-10-25,MB,Hà Nội,4,08529 - 37749 - 64056 - 29354 - 54512 - 50644
2024-10-25,MB,Hà Nội,5,46044 - 47050 - 53758
2024-10-25,MB,Hà Nội,6,99568 - 38675 - 46574
2024-10-25,MB,Hà Nội,7,68842 - 50953 - 84333 - 13348
2024-10-25,MT,Đà Nẵng,ĐB,45691
2024-10-25,MT,Đà Nẵng,1,34509
2024-10-25,MT,Đà Nẵng,2,35856
2024-10-25,MT,Đà Nẵng,3,46559 - 22638 - 34607 - 33088 - 17929 - 98726
2024-10-25,MT,Đà Nẵng,4,76444 - 35695 - 80167 - 91284 - 87468 - 02413
2024-10-25,MT,Đà Nẵng,5,82849 - 19210 - 36521
2024-10-25,MT,Đà Nẵng,6,37140 - 71413 - 39244
2024-10-25,MT,Đà Nẵng,7,50719 - 09261 - 90225 - 49423
2024-10-25,MT,Đà Nẵng,8,29507
2024-10-25,MT,Khánh Hòa,ĐB,97474
2024-10-25,MT,Khánh Hòa,1,69912
2024-10-25,MT,Khánh Hòa,2,47918
2024-10-25,MT,Khánh Hòa,3,50313 - 83268 - 72366 - 86797 - 48956 - 18979
2024-10-25,MT,Khánh Hòa,4,87236 - 67218 - 77720 - 67476 - 11663 - 83110
2024-10-25,MT,Khánh Hòa,5,07653 - 23639 - 18679
2024-10-25,MT,Khánh Hòa,6,38180 - 53809 - 49553
2024-10-25,MT,Khánh Hòa,7,58496 - 30965 - 19641 - 91298
2024-10-25,MT,Khánh Hòa,8,74384
2024-10-25,MN,TP. HCM,ĐB,50513
2024-10-25,MN,TP. HCM,1,39789
2024-10-25,MN,TP. HCM,2,79685
2024-10-25,MN,TP. HCM,3,29273 - 01049 - 80181 - 17125 - 03541 - 98373
2024-10-25,MN,TP. HCM,4,62329 - 41858 - 64107 - 25286 - 21305 - 61057
2024-10-25,MN,TP. HCM,5,03218 - 49338 - 50856
2024-10-25,MN,TP. HCM,6,33679 - 87150 - 89670
2024-10-25,MN,TP. HCM,7,29590 - 45921 - 87694 - 16370
2024-10-25,MN,TP. HCM,8,53523
2024-10-25,MN,Đồng Tháp,ĐB,35746
2024-10-25,MN,Đồng Tháp,1,46377
2024-10-25,MN,Đồng Tháp,2,14382
2024-10-25,MN,Đồng Tháp,3,38911 - 18098 - 00592 - 66771 - 47444 - 92281
2024-10-25,MN,Đồng Tháp,4,76041 - 69397 - 17910 - 44442 - 51648 - 39448
2024-10-25,MN,Đồng Tháp,5,26422 - 93489 - 18865
2024-10-25,MN,Đồng Tháp,6,09603 - 96577 - 34232
2024-10-25,MN,Đồng Tháp,7,42860 - 82584 - 28131 - 42016
2024-10-25,MN,Đồng Tháp,8,31435
2024-10-25,MN,Cà Mau,ĐB,55418
2024-10-25,MN,Cà Mau,1,93221
2024-10-25,MN,Cà Mau,2,99302
2024-10-25,MN,Cà Mau,3,81736 - 77132 - 43313 - 30802 - 01999 - 68005
2024-10-25,MN,Cà Mau,4,14502 - 15451 - 34799 - 68987 - 70213 - 06629
2024-10-25,MN,Cà Mau,5,37735 - 73768 - 23092
2024-10-25,MN,Cà Mau,6,04966 - 88285 - 71787
2024-10-25,MN,Cà Mau,7,87716 - 65782 - 24988 - 37076
2024-10-25,MN,Cà Mau,8,94012
2024-10-26,MB,Hà Nội,ĐB,86261
2024-10-26,MB,Hà Nội,1,52575
2024-10-26,MB,Hà Nội,2,82962
2024-10-26,MB,Hà Nội,3,18681 - 74768 - 87396 - 36483 - 20211 - 61046
2024-10-26,MB,Hà Nội,4,46432 - 42965 - 73928 - 35349 - 33725 - 41991
2024-10-26,MB,Hà Nội,5,87446 - 63463 - 64677
2024-10-26,MB,Hà Nội,6,49248 - 48129 - 21202
2024-10-26,MB,Hà Nội,7,26501 - 36226 - 33578 - 66838
2024-10-26,MT,Đà Nẵng,ĐB,83519
2024-10-26,MT,Đà Nẵng,1,85143
2024-10-26,MT,Đà Nẵng,2,17548
2024-10-26,MT,Đà Nẵng,3,44087 - 63738 - 69509 - 80595 - 43630 - 42814
2024-10-26,MT,Đà Nẵng,4,31603 - 82487 - 39380 - 68673 - 53614 - 46751
2024-10-26,MT,Đà Nẵng,5,47755 - 21456 - 71940
2024-10-26,MT,Đà Nẵng,6,94441 - 71355 - 65270
2024-10-26,MT,Đà Nẵng,7,92436 - 30690 - 72835 - 78260
2024-10-26,MT,Đà Nẵng,8,31722
2024-10-26,MT,Khánh Hòa,ĐB,45230
2024-10-26,MT,Khánh Hòa,1,73384
2024-10-26,MT,Khánh Hòa,2,96894
2024-10-26,MT,Khánh Hòa,3,78932 - 68114 - 73280 - 87191 - 12038 - 97143
2024-10-26,MT,Khánh Hòa,4,13326 - 05469 - 96154 - 02044 - 29318 - 17777
2024-10-26,MT,Khánh Hòa,5,13750 - 17891 - 67431
2024-10-26,MT,Khánh Hòa,6,04216 - 05828 - 87660
2024-10-26,MT,Khánh Hòa,7,33049 - 13458 - 47210 - 33373
2024-10-26,MT,Khánh Hòa,8,55166
2024-10-26,MN,TP. HCM,ĐB,68397
2024-10-26,MN,TP. HCM,1,62290
2024-10-26,MN,TP. HCM,2,44915
2024-10-26,MN,TP. HCM,3,38873 - 73855 - 79546 - 29707 - 67016 - 76286
2024-10-26,MN,TP. HCM,4,07918 - 31909 - 42398 - 81180 - 26821 - 49132
2024-10-26,MN,TP. HCM,5,65528 - 79132 - 82597
2024-10-26,MN,TP. HCM,6,97894 - 15370 - 47716
2024-10-26,MN,TP. HCM,7,66949 - 53158 - 56739 - 38272
2024-10-26,MN,TP. HCM,8,03346
2024-10-26,MN,Đồng Tháp,ĐB,65419
2024-10-26,MN,Đồng Tháp,1,27164
2024-10-26,MN,Đồng Tháp,2,73879
2024-10-26,MN,Đồng Tháp,3,08769 - 21922 - 96426 - 43250 - 14434 - 76321
2024-10-26,MN,Đồng Tháp,4,84769 - 36915 - 35333 - 37153 - 21081 - 41555
2024-10-26,MN,Đồng Tháp,5,81415 - 75917 - 50080
2024-10-26,MN,Đồng Tháp,6,81418 - 34460 - 15741
2024-10-26,MN,Đồng Tháp,7,41856 - 25365 - 39690 - 88537
2024-10-26,MN,Đồng Tháp,8,07110
2024-10-26,MN,Cà Mau,ĐB,48083
2024-10-26,MN,Cà Mau,1,69448
2024-10-26,MN,Cà Mau,2,37749
2024-10-26,MN,Cà Mau,3,53019 - 31453 - 18285 - 08078 - 56774 - 84198
2024-10-26,MN,Cà Mau,4,52962 - 18863 - 95198 - 24628 - 07875 - 10268
2024-10-26,MN,Cà Mau,5,44467 - 48447 - 31478
2024-10-26,MN,Cà Mau,6,28285 - 56439 - 73012
2024-10-26,MN,Cà Mau,7,53436 - 96615 - 61827 - 50966
2024-10-26,MN,Cà Mau,8,60603
2024-10-27,MB,Hà Nội,ĐB,81872
2024-10-27,MB,Hà Nội,1,58340
2024-10-27,MB,Hà Nội,2,60329
2024-10-27,MB,Hà Nội,3,40283 - 85757 - 43468 - 42979 - 77962 - 67904
2024-10-27,MB,Hà Nội,4,45996 - 16653 - 94399 - 37809 - 72990 - 82877
2024-10-27,MB,Hà Nội,5,62867 - 51270 - 40887
2024-10-27,MB,Hà Nội,6,39871 - 31204 - 35681
2024-10-27,MB,Hà Nội,7,66466 - 34257 - 92569 - 29258
2024-10-27,MT,Đà Nẵng,ĐB,82420
2024-10-27,MT,Đà Nẵng,1,20909
2024-10-27,MT,Đà Nẵng,2,44775
2024-10-27,MT,Đà Nẵng,3,32372 - 67887 - 35796 - 25110 - 34003 - 05191
2024-10-27,MT,Đà Nẵng,4,60671 - 43752 - 98644 - 22673 - 58752 - 80351
2024-10-27,MT,Đà Nẵng,5,90991 - 65134 - 27014
2024-10-27,MT,Đà Nẵng,6,20052 - 73921 - 24498
2024-10-27,MT,Đà Nẵng,7,12370 - 67065 - 61148 - 26884
2024-10-27,MT,Đà Nẵng,8,11222
2024-10-27,MT,Khánh Hòa,ĐB,76036
2024-10-27,MT,Khánh Hòa,1,16007
2024-10-27,MT,Khánh Hòa,2,37221
2024-10-27,MT,Khánh Hòa,3,94662 - 64223 - 07121 - 53869 - 62384 - 49917
2024-10-27,MT,Khánh Hòa,4,66230 - 10616 - 39530 - 35503 - 66551 - 29080
2024-10-27,MT,Khánh Hòa,5,49047 - 31919 - 05928
2024-10-27,MT,Khánh Hòa,6,19450 - 30438 - 11758
2024-10-27,MT,Khánh Hòa,7,49408 - 64330 - 14817 - 97800
2024-10-27,MT,Khánh Hòa,8,29170
2024-10-27,MN,TP. HCM,ĐB,86573
2024-10-27,MN,TP. HCM,1,41717
2024-10-27,MN,TP. HCM,2,16986
2024-10-27,MN,TP. HCM,3,07685 - 50558 - 71364 - 63361 - 85751 - 01160
2024-10-27,MN,TP. HCM,4,57507 - 48934 - 52794 - 37363 - 43576 - 93389
2024-10-27,MN,TP. HCM,5,47856 - 40895 - 15746
2024-10-27,MN,TP. HCM,6,98333 - 28633 - 98406
2024-10-27,MN,TP. HCM,7,88189 - 41353 - 61771 - 15038
2024-10-27,MN,TP. HCM,8,72262
2024-10-27,MN,Đồng Tháp,ĐB,25037
2024-10-27,MN,Đồng Tháp,1,60330
2024-10-27,MN,Đồng Tháp,2,62487
2024-10-27,MN,Đồng Tháp,3,16392 - 01875 - 03605 - 66424 - 96753 - 81155
2024-10-27,MN,Đồng Tháp,4,07215 - 53245 - 43613 - 93029 - 69191 - 61091
2024-10-27,MN,Đồng Tháp,5,96627 - 18846 - 01012
2024-10-27,MN,Đồng Tháp,6,39599 - 04934 - 89665
2024-10-27,MN,Đồng Tháp,7,63117 - 00927 - 69588 - 74539
2024-10-27,MN,Đồng Tháp,8,02592
2024-10-27,MN,Cà Mau,ĐB,48155
2024-10-27,MN,Cà Mau,1,98671
2024-10-27,MN,Cà Mau,2,28388
2024-10-27,MN,Cà Mau,3,24222 - 04091 - 78800 - 08605 - 10632 - 96482
2024-10-27,MN,Cà Mau,4,33429 - 30188 - 04467 - 05656 - 09722 - 33658
2024-10-27,MN,Cà Mau,5,56909 - 42103 - 75220
2024-10-27,MN,Cà Mau,6,77741 - 84855 - 86383
2024-10-27,MN,Cà Mau,7,27397 - 24069 - 81301 - 14041
2024-10-27,MN,Cà Mau,8,31652
2024-10-28,MB,Hà Nội,ĐB,14417
2024-10-28,MB,Hà Nội,1,02526
2024-10-28,MB,Hà Nội,2,84146
2024-10-28,MB,Hà Nội,3,33963 - 23856 - 30804 - 26665 - 49934 - 77173
2024-10-28,MB,Hà Nội,4,86379 - 95691 - 94045 - 70415 - 05679 - 80208
2024-10-28,MB,Hà Nội,5,93474 - 96331 - 67743
2024-10-28,MB,Hà Nội,6,42025 - 58874 - 46629
2024-10-28,MB,Hà Nội,7,25123 - 58604 - 85815 - 78103
2024-10-28,MT,Đà Nẵng,ĐB,18243
2024-10-28,MT,Đà Nẵng,1,76950
2024-10-28,MT,Đà Nẵng,2,98820
2024-10-28,MT,Đà Nẵng,3,86342 - 85244 - 40563 - 39540 - 53563 - 06474
2024-10-28,MT,Đà Nẵng,4,74031 - 14877 - 49666 - 73259 - 15655 - 67791
2024-10-28,MT,Đà Nẵng,5,15107 - 75555 - 61661
2024-10-28,MT,Đà Nẵng,6,67553 - 83644 - 50623
2024-10-28,MT,Đà Nẵng,7,30018 - 57052 - 40542 - 44615
2024-10-28,MT,Đà Nẵng,8,17042
2024-10-28,MT,Khánh Hòa,ĐB,83374
2024-10-28,MT,Khánh Hòa,1,14786
2024-10-28,MT,Khánh Hòa,2,79613
2024-10-28,MT,Khánh Hòa,3,20166 - 04643 - 12361 - 87493 - 48008 - 04846
2024-10-28,MT,Khánh Hòa,4,21372 - 82100 - 61443 - 40571 - 50357 - 88174
2024-10-28,MT,Khánh Hòa,5,95855 - 43112 - 97762
2024-10-28,MT,Khánh Hòa,6,67394 - 08417 - 16988
2024-10-28,MT,Khánh Hòa,7,29386 - 27052 - 14087 - 55518
2024-10-28,MT,Khánh Hòa,8,15902
2024-10-28,MN,TP. HCM,ĐB,04563
2024-10-28,MN,TP. HCM,1,23231
2024-10-28,MN,TP. HCM,2,83614
2024-10-28,MN,TP. HCM,3,61808 - 29169 - 02114 - 58440 - 64236 - 46167
2024-10-28,MN,TP. HCM,4,26289 - 91764 - 56976 - 14362 - 06849 - 42245
2024-10-28,MN,TP. HCM,5,32218 - 75685 - 52320
2024-10-28,MN,TP. HCM,6,84305 - 70067 - 54875
2024-10-28,MN,TP. HCM,7,66368 - 67988 - 96910 - 81704
2024-10-28,MN,TP. HCM,8,21921
2024-10-28,MN,Đồng Tháp,ĐB,88546
2024-10-28,MN,Đồng Tháp,1,23746
2024-10-28,MN,Đồng Tháp,2,93895
2024-10-28,MN,Đồng Tháp,3,22491 - 09894 - 57027 - 97826 - 56192 - 18862
2024-10-28,MN,Đồng Tháp,4,38958 - 73835 - 24337 - 82737 - 36998 - 05906
2024-10-28,MN,Đồng Tháp,5,05218 - 57256 - 88189
2024-10-28,MN,Đồng Tháp,6,41547 - 32460 - 44377
2024-10-28,MN,Đồng Tháp,7,77477 - 48555 - 14560 - 74660
2024-10-28,MN,Đồng Tháp,8,00647
2024-10-28,MN,Cà Mau,ĐB,78192
2024-10-28,MN,Cà Mau,1,29747
2024-10-28,MN,Cà Mau,2,97770
2024-10-28,MN,Cà Mau,3,56453 - 81358 - 00747 - 01850 - 26280 - 61453
2024-10-28,MN,Cà Mau,4,59184 - 03329 - 35245 - 40969 - 71666 - 80437
2024-10-28,MN,Cà Mau,5,15865 - 13304 - 13328
2024-10-28,MN,Cà Mau,6,35890 - 47195 - 92498
2024-10-28,MN,Cà Mau,7,82709 - 35514 - 15739 - 45723
2024-10-28,MN,Cà Mau,8,71029
2024-10-29,MB,Hà Nội,ĐB,49030
2024-10-29,MB,Hà Nội,1,40600
2024-10-29,MB,Hà Nội,2,92054
2024-10-29,MB,Hà Nội,3,31456 - 92392 - 40252 - 17152 - 40639 - 32680
2024-10-29,MB,Hà Nội,4,16035 - 68927 - 41359 - 47295 - 58292 - 87823
2024-10-29,MB,Hà Nội,5,03714 - 61504 - 77522
2024-10-29,MB,Hà Nội,6,25007 - 10231 - 31500
2024-10-29,MB,Hà Nội,7,74394 - 23885 - 30694 - 29507
2024-10-29,MT,Đà Nẵng,ĐB,79198
2024-10-29,MT,Đà Nẵng,1,51663
2024-10-29,MT,Đà Nẵng,2,69492
2024-10-29,MT,Đà Nẵng,3,72733 - 19523 - 25742 - 57398 - 54704 - 67829
2024-10-29,MT,Đà Nẵng,4,77955 - 50691 - 95282 - 63144 - 48675 - 49383
2024-10-29,MT,Đà Nẵng,5,89411 - 54259 - 30702
2024-10-29,MT,Đà Nẵng,6,75774 - 06991 - 94583
2024-10-29,MT,Đà Nẵng,7,71262 - 98871 - 56220 - 04231
2024-10-29,MT,Đà Nẵng,8,09827
2024-10-29,MT,Khánh Hòa,ĐB,68304
2024-10-29,MT,Khánh Hòa,1,68904
2024-10-29,MT,Khánh Hòa,2,85488
2024-10-29,MT,Khánh Hòa,3,79180 - 10143 - 11590 - 40884 - 28404 - 01075
2024-10-29,MT,Khánh Hòa,4,75346 - 42662 - 47024 - 85571 - 78740 - 54691
2024-10-29,MT,Khánh Hòa,5,54049 - 20776 - 53287
2024-10-29,MT,Khánh Hòa,6,02826 - 46524 - 84487
2024-10-29,MT,Khánh Hòa,7,54788 - 08703 - 77940 - 37863
2024-10-29,MT,Khánh Hòa,8,19405
2024-10-29,MN,TP. HCM,ĐB,43059
2024-10-29,MN,TP. HCM,1,52627
2024-10-29,MN,TP. HCM,2,72639
2024-10-29,MN,TP. HCM,3,91649 - 58756 - 97634 - 38593 - 36503 - 34737
2024-10-29,MN,TP. HCM,4,48251 - 28050 - 56093 - 73136 - 95953 - 15558
2024-10-29,MN,TP. HCM,5,45596 - 84079 - 88202
2024-10-29,MN,TP. HCM,6,30993 - 39932 - 49962
2024-10-29,MN,TP. HCM,7,37934 - 73705 - 74771 - 04821
2024-10-29,MN,TP. HCM,8,25174
2024-10-29,MN,Đồng Tháp,ĐB,33296
2024-10-29,MN,Đồng Tháp,1,77786
2024-10-29,MN,Đồng Tháp,2,52845
2024-10-29,MN,Đồng Tháp,3,32628 - 70984 - 98561 - 32811 - 76581 - 20915
2024-10-29,MN,Đồng Tháp,4,40236 - 86048 - 89071 - 95489 - 08591 - 32105
2024-10-29,MN,Đồng Tháp,5,14732 - 79987 - 43745
2024-10-29,MN,Đồng Tháp,6,06199 - 54947 - 63498
2024-10-29,MN,Đồng Tháp,7,40956 - 49773 - 59410 - 48155
2024-10-29,MN,Đồng Tháp,8,53283
2024-10-29,MN,Cà Mau,ĐB,27514
2024-10-29,MN,Cà Mau,1,20908
2024-10-29,MN,Cà Mau,2,74931
2024-10-29,MN,Cà Mau,3,83361 - 27842 - 12884 - 22541 - 40001 - 87797
2024-10-29,MN,Cà Mau,4,16056 - 98273 - 77411 - 57034 - 55499 - 22448
2024-10-29,MN,Cà Mau,5,26536 - 86970 - 62809
2024-10-29,MN,Cà Mau,6,97780 - 31761 - 93005
2024-10-29,MN,Cà Mau,7,95004 - 64859 - 45445 - 82164
2024-10-29,MN,Cà Mau,8,96690
2024-10-30,MB,Hà Nội,ĐB,13212
2024-10-30,MB,Hà Nội,1,86023
2024-10-30,MB,Hà Nội,2,67184
2024-10-30,MB,Hà Nội,3,49871 - 16856 - 86558 - 27374 - 14321 - 02420
2024-10-30,MB,Hà Nội,4,32302 - 21070 - 14169 - 18189 - 55577 - 62656
2024-10-30,MB,Hà Nội,5,54576 - 55404 - 45143
2024-10-30,MB,Hà Nội,6,77766 - 05817 - 42657
2024-10-30,MB,Hà Nội,7,09869 - 65907 - 55340 - 46604
2024-10-30,MT,Đà Nẵng,ĐB,51511
2024-10-30,MT,Đà Nẵng,1,14034
2024-10-30,MT,Đà Nẵng,2,61913
2024-10-30,MT,Đà Nẵng,3,44567 - 07308 - 69044 - 35882 - 39830 - 30142
2024-10-30,MT,Đà Nẵng,4,03872 - 06111 - 23427 - 55994 - 41731 - 52583
2024-10-30,MT,Đà Nẵng,5,47018 - 24150 - 45993
2024-10-30,MT,Đà Nẵng,6,83955 - 65762 - 80467
2024-10-30,MT,Đà Nẵng,7,68347 - 25068 - 67614 - 48850
2024-10-30,MT,Đà Nẵng,8,97042
2024-10-30,MT,Khánh Hòa,ĐB,10400
2024-10-30,MT,Khánh Hòa,1,14759
2024-10-30,MT,Khánh Hòa,2,90743
2024-10-30,MT,Khánh Hòa,3,26752 - 16986 - 14183 - 11919 - 51374 - 37556
2024-10-30,MT,Khánh Hòa,4,39558 - 81447 - 37420 - 67816 - 85590 - 42507
2024-10-30,MT,Khánh Hòa,5,10378 - 59658 - 50772
2024-10-30,MT,Khánh Hòa,6,31465 - 24656 - 98463
2024-10-30,MT,Khánh Hòa,7,81396 - 08507 - 58731 - 53188
2024-10-30,MT,Khánh Hòa,8,08663
2024-10-30,MN,TP. HCM,ĐB,32867
2024-10-30,MN,TP. HCM,1,70339
2024-10-30,MN,TP. HCM,2,19069
2024-10-30,MN,TP. HCM,3,64407 - 31466 - 95888 - 38348 - 06255 - 16979
2024-10-30,MN,TP. HCM,4,74037 - 12194 - 82988 - 07297 - 88793 - 76364
2024-10-30,MN,TP. HCM,5,27129 - 90407 - 72359
2024-10-30,MN,TP. HCM,6,37675 - 15736 - 16938
2024-10-30,MN,TP. HCM,7,21628 - 18328 - 02248 - 15373
2024-10-30,MN,TP. HCM,8,41479
2024-10-30,MN,Đồng Tháp,ĐB,50257
2024-10-30,MN,Đồng Tháp,1,87983
2024-10-30,MN,Đồng Tháp,2,33478
2024-10-30,MN,Đồng Tháp,3,69323 - 20778 - 01365 - 34841 - 02748 - 23600
2024-10-30,MN,Đồng Tháp,4,52819 - 11640 - 86556 - 43224 - 38333 - 75277
2024-10-30,MN,Đồng Tháp,5,29209 - 75103 - 46546
2024-10-30,MN,Đồng Tháp,6,19271 - 95240 - 44468
2024-10-30,MN,Đồng Tháp,7,23580 - 57037 - 88083 - 53730
2024-10-30,MN,Đồng Tháp,8,87560
2024-10-30,MN,Cà Mau,ĐB,54665
2024-10-30,MN,Cà Mau,1,65369
2024-10-30,MN,Cà Mau,2,95046
2024-10-30,MN,Cà Mau,3,51053 - 35697 - 64136 - 57235 - 63429 - 54433
2024-10-30,MN,Cà Mau,4,57994 - 15430 - 99818 - 76220 - 15752 - 02464
2024-10-30,MN,Cà Mau,5,95534 - 99210 - 32192
2024-10-30,MN,Cà Mau,6,21206 - 86649 - 36132
2024-10-30,MN,Cà Mau,7,99115 - 60339 - 27908 - 01860
2024-10-30,MN,Cà Mau,8,15878
2024-10-31,MB,Hà Nội,ĐB,03352
2024-10-31,MB,Hà Nội,1,28310
2024-10-31,MB,Hà Nội,2,03050
2024-10-31,MB,Hà Nội,3,70948 - 30347 - 06310 - 39989 - 82040 - 80319
2024-10-31,MB,Hà Nội,4,00087 - 43018 - 51179 - 15486 - 62096 - 79645
2024-10-31,MB,Hà Nội,5,87159 - 37458 - 54167
2024-10-31,MB,Hà Nội,6,66911 - 08533 - 66803
2024-10-31,MB,Hà Nội,7,69707 - 05701 - 18318 - 19831
2024-10-31,MT,Đà Nẵng,ĐB,06205
2024-10-31,MT,Đà Nẵng,1,59839
2024-10-31,MT,Đà Nẵng,2,25250
2024-10-31,MT,Đà Nẵng,3,46747 - 62071 - 87421 - 95170 - 28060 - 09474
2024-10-31,MT,Đà Nẵng,4,03859 - 46528 - 31438 - 57628 - 94429 - 69835
2024-10-31,MT,Đà Nẵng,5,43390 - 14914 - 63044
2024-10-31,MT,Đà Nẵng,6,30373 - 29920 - 60059
2024-10-31,MT,Đà Nẵng,7,99842 - 20006 - 29234 - 20800
2024-10-31,MT,Đà Nẵng,8,76057
2024-10-31,MT,Khánh Hòa,ĐB,16422
2024-10-31,MT,Khánh Hòa,1,68283
2024-10-31,MT,Khánh Hòa,2,48841
2024-10-31,MT,Khánh Hòa,3,28662 - 70196 - 94218 - 30686 - 50659 - 12883
2024-10-31,MT,Khánh Hòa,4,96632 - 03575 - 31972 - 35711 - 61232 - 66716
2024-10-31,MT,Khánh Hòa,5,05268 - 35463 - 59999
2024-10-31,MT,Khánh Hòa,6,24976 - 35908 - 44062
2024-10-31,MT,Khánh Hòa,7,07421 - 28526 - 05780 - 99682
2024-10-31,MT,Khánh Hòa,8,26107
2024-10-31,MN,TP. HCM,ĐB,45611
2024-10-31,MN,TP. HCM,1,82070
2024-10-31,MN,TP. HCM,2,76282
2024-10-31,MN,TP. HCM,3,80531 - 15637 - 13984 - 36625 - 39863 - 29360
2024-10-31,MN,TP. HCM,4,05181 - 10515 - 82153 - 75874 - 03329 - 94983
2024-10-31,MN,TP. HCM,5,99392 - 23934 - 77424
2024-10-31,MN,TP. HCM,6,61106 - 51288 - 95387
2024-10-31,MN,TP. HCM,7,90738 - 34465 - 07958 - 85595
2024-10-31,MN,TP. HCM,8,20918
2024-10-31,MN,Đồng Tháp,ĐB,86144
2024-10-31,MN,Đồng Tháp,1,19128
2024-10-31,MN,Đồng Tháp,2,81822
2024-10-31,MN,Đồng Tháp,3,21213 - 55557 - 64131 - 42893 - 89636 - 87422
2024-10-31,MN,Đồng Tháp,4,80284 - 26323 - 90315 - 62221 - 71165 - 95573
2024-10-31,MN,Đồng Tháp,5,33547 - 59975 - 81632
2024-10-31,MN,Đồng Tháp,6,56180 - 22346 - 61701
2024-10-31,MN,Đồng Tháp,7,67551 - 00766 - 09572 - 17828
2024-10-31,MN,Đồng Tháp,8,06713
2024-10-31,MN,Cà Mau,ĐB,21382
2024-10-31,MN,Cà Mau,1,91652
2024-10-31,MN,Cà Mau,2,61096
2024-10-31,MN,Cà Mau,3,16130 - 39382 - 84930 - 45111 - 36760 - 23621
2024-10-31,MN,Cà Mau,4,86410 - 86059 - 69804 - 32075 - 37886 - 35732
2024-10-31,MN,Cà Mau,5,44545 - 28802 - 33229
2024-10-31,MN,Cà Mau,6,45087 - 45141 - 50569
2024-10-31,MN,Cà Mau,7,19627 - 46740 - 87014 - 58583
2024-10-31,MN,Cà Mau,8,56024
2024-11-01,MB,Hà Nội,ĐB,25547
2024-11-01,MB,Hà Nội,1,00988
2024-11-01,MB,Hà Nội,2,37909
2024-11-01,MB,Hà Nội,3,29868 - 21203 - 48236 - 71465 - 60415 - 01488
2024-11-01,MB,Hà Nội,4,23120 - 62759 - 00184 - 36847 - 64113 - 71294
2024-11-01,MB,Hà Nội,5,86062 - 99323 - 23885
2024-11-01,MB,Hà Nội,6,58200 - 65443 - 43446
2024-11-01,MB,Hà Nội,7,25144 - 56948 - 88271 - 59548
2024-11-01,MT,Đà Nẵng,ĐB,05220
2024-11-01,MT,Đà Nẵng,1,93792
2024-11-01,MT,Đà Nẵng,2,78220
2024-11-01,MT,Đà Nẵng,3,94554 - 65566 - 81705 - 43828 - 36827 - 72772
2024-11-01,MT,Đà Nẵng,4,89824 - 10480 - 50983 - 83499 - 37080 - 97834
2024-11-01,MT,Đà Nẵng,5,24759 - 18374 - 10648
2024-11-01,MT,Đà Nẵng,6,33223 - 39521 - 58548
2024-11-01,MT,Đà Nẵng,7,26592 - 45438 - 07547 - 82370
2024-11-01,MT,Đà Nẵng,8,38975
2024-11-01,MT,Khánh Hòa,ĐB,20130
2024-11-01,MT,Khánh Hòa,1,48635
2024-11-01,MT,Khánh Hòa,2,50990
2024-11-01,MT,Khánh Hòa,3,83034 - 01582 - 33269 - 88459 - 81410 - 62090
2024-11-01,MT,Khánh Hòa,4,03900 - 23800 - 81198 - 23953 - 90024 - 89159
2024-11-01,MT,Khánh Hòa,5,93591 - 22708 - 71552
2024-11-01,MT,Khánh Hòa,6,90932 - 99541 - 58546
2024-11-01,MT,Khánh Hòa,7,75448 - 82334 - 10925 - 77794
2024-11-01,MT,Khánh Hòa,8,34882
2024-11-01,MN,TP. HCM,ĐB,51077
2024-11-01,MN,TP. HCM,1,58469
2024-11-01,MN,TP. HCM,2,15326
2024-11-01,MN,TP. HCM,3,65185 - 96752 - 60560 - 37255 - 52488 - 10108
2024-11-01,MN,TP. HCM,4,17436 - 11463 - 19979 - 03967 - 82346 - 45126
2024-11-01,MN,TP. HCM,5,95085 - 42483 - 72695
2024-11-01,MN,TP. HCM,6,89523 - 95116 - 37191
2024-11-01,MN,TP. HCM,7,41648 - 01230 - 36556 - 88518
2024-11-01,MN,TP. HCM,8,61798
2024-11-01,MN,Đồng Tháp,ĐB,34830
2024-11-01,MN,Đồng Tháp,1,38554
2024-11-01,MN,Đồng Tháp,2,26656
2024-11-01,MN,Đồng Tháp,3,39958 - 08062 - 85711 - 62774 - 24819 - 77561
2024-11-01,MN,Đồng Tháp,4,43303 - 77227 - 68021 - 33635 - 90180 - 06367
2024-11-01,MN,Đồng Tháp,5,16368 - 59998 - 44220
2024-11-01,MN,Đồng Tháp,6,05931 - 85550 - 43590
2024-11-01,MN,Đồng Tháp,7,78117 - 45478 - 32642 - 04584
2024-11-01,MN,Đồng Tháp,8,70006
2024-11-01,MN,Cà Mau,ĐB,24224
2024-11-01,MN,Cà Mau,1,30325
2024-11-01,MN,Cà Mau,2,05516
2024-11-01,MN,Cà Mau,3,98642 - 72689 - 21430 - 29317 - 20107 - 84990
2024-11-01,MN,Cà Mau,4,99918 - 96433 - 22027 - 76554 - 89107 - 05751
2024-11-01,MN,Cà Mau,5,36651 - 65091 - 19330
2024-11-01,MN,Cà Mau,6,15277 - 84569 - 06755
2024-11-01,MN,Cà Mau,7,94613 - 98512 - 32143 - 88331
2024-11-01,MN,Cà Mau,8,43682
2024-11-02,MB,Hà Nội,ĐB,22416
2024-11-02,MB,Hà Nội,1,45998
2024-11-02,MB,Hà Nội,2,18402
2024-11-02,MB,Hà Nội,3,44532 - 38299 - 47504 - 86564 - 58020 - 09921
2024-11-02,MB,Hà Nội,4,58832 - 06518 - 56112 - 35045 - 59348 - 19186
2024-11-02,MB,Hà Nội,5,07660 - 02667 - 58518
2024-11-02,MB,Hà Nội,6,53142 - 27535 - 02317
2024-11-02,MB,Hà Nội,7,99653 - 70307 - 16478 - 91561
2024-11-02,MT,Đà Nẵng,ĐB,31876
2024-11-02,MT,Đà Nẵng,1,36336
2024-11-02,MT,Đà Nẵng,2,92219
2024-11-02,MT,Đà Nẵng,3,21112 - 82445 - 38909 - 53866 - 54005 - 81500
2024-11-02,MT,Đà Nẵng,4,39514 - 00780 - 46029 - 90407 - 11682 - 95078
2024-11-02,MT,Đà Nẵng,5,32749 - 35065 - 76274
2024-11-02,MT,Đà Nẵng,6,38659 - 20349 - 89954
2024-11-02,MT,Đà Nẵng,7,27546 - 79533 - 04393 - 38075
2024-11-02,MT,Đà Nẵng,8,99982
2024-11-02,MT,Khánh Hòa,ĐB,85404
2024-11-02,MT,Khánh Hòa,1,92482
2024-11-02,MT,Khánh Hòa,2,57515
2024-11-02,MT,Khánh Hòa,3,60721 - 86171 - 85090 - 75599 - 23572 - 29857
2024-11-02,MT,Khánh Hòa,4,17738 - 37726 - 93601 - 60043 - 64086 - 87099
2024-11-02,MT,Khánh Hòa,5,44250 - 50210 - 13940
2024-11-02,MT,Khánh Hòa,6,14515 - 71551 - 78481
2024-11-02,MT,Khánh Hòa,7,77560 - 07205 - 73565 - 27799
2024-11-02,MT,Khánh Hòa,8,73219
2024-11-02,MN,TP. HCM,ĐB,72907
2024-11-02,MN,TP. HCM,1,30035
2024-11-02,MN,TP. HCM,2,66928
2024-11-02,MN,TP. HCM,3,36464 - 25356 - 36557 - 17375 - 85450 - 91846
2024-11-02,MN,TP. HCM,4,86955 - 87010 - 84342 - 59715 - 60713 - 88627
2024-11-02,MN,TP. HCM,5,17813 - 45215 - 28035
2024-11-02,MN,TP. HCM,6,31578 - 71334 - 21267
2024-11-02,MN,TP. HCM,7,53027 - 93962 - 89640 - 02927
2024-11-02,MN,TP. HCM,8,35881
2024-11-02,MN,Đồng Tháp,ĐB,75486
2024-11-02,MN,Đồng Tháp,1,39894
2024-11-02,MN,Đồng Tháp,2,32197
2024-11-02,MN,Đồng Tháp,3,92910 - 42969 - 31238 - 26519 - 52213 - 40053
2024-11-02,MN,Đồng Tháp,4,26777 - 47348 - 77011 - 41227 - 35157 - 66614
2024-11-02,MN,Đồng Tháp,5,52424 - 53018 - 96539
2024-11-02,MN,Đồng Tháp,6,60075 - 62990 - 97611
2024-11-02,MN,Đồng Tháp,7,63669 - 09906 - 94149 - 98377
2024-11-02,MN,Đồng Tháp,8,14204
2024-11-02,MN,Cà Mau,ĐB,00539
2024-11-02,MN,Cà Mau,1,56637
2024-11-02,MN,Cà Mau,2,36588
2024-11-02,MN,Cà Mau,3,94392 - 84222 - 40564 - 45663 - 94095 - 41192
2024-11-02,MN,Cà Mau,4,54707 - 03644 - 43140 - 06767 - 67908 - 22566
2024-11-02,MN,Cà Mau,5,65873 - 10612 - 82928
2024-11-02,MN,Cà Mau,6,68402 - 96348 - 68031
2024-11-02,MN,Cà Mau,7,47173 - 79091 - 48613 - 85600
2024-11-02,MN,Cà Mau,8,65280
2024-11-03,MB,Hà Nội,ĐB,04611
2024-11-03,MB,Hà Nội,1,91712
2024-11-03,MB,Hà Nội,2,43350
2024-11-03,MB,Hà Nội,3,79129 - 26633 - 32630 - 96252 - 78740 - 66229
2024-11-03,MB,Hà Nội,4,55540 - 55964 - 62030 - 65425 - 68291 - 84688
2024-11-03,MB,Hà Nội,5,73234 - 37580 - 87778
2024-11-03,MB,Hà Nội,6,70329 - 50526 - 70320
2024-11-03,MB,Hà Nội,7,82272 - 18909 - 78079 - 48534
2024-11-03,MT,Đà Nẵng,ĐB,30254
2024-11-03,MT,Đà Nẵng,1,45988
2024-11-03,MT,Đà Nẵng,2,12875
2024-11-03,MT,Đà Nẵng,3,71569 - 19785 - 79016 - 58772 - 36669 - 95113
2024-11-03,MT,Đà Nẵng,4,33916 - 44982 - 79204 - 58366 - 08309 - 19305
2024-11-03,MT,Đà Nẵng,5,28623 - 62648 - 78656
2024-11-03,MT,Đà Nẵng,6,85447 - 05661 - 42777
2024-11-03,MT,Đà Nẵng,7,50095 - 02991 - 90370 - 29638
2024-11-03,MT,Đà Nẵng,8,81388
2024-11-03,MT,Khánh Hòa,ĐB,05020
2024-11-03,MT,Khánh Hòa,1,64134
2024-11-03,MT,Khánh Hòa,2,80322
2024-11-03,MT,Khánh Hòa,3,42617 - 96885 - 97741 - 89601 - 95570 - 47431
2024-11-03,MT,Khánh Hòa,4,09700 - 53698 - 50056 - 69338 - 31881 - 16415
2024-11-03,MT,Khánh Hòa,5,54919 - 81292 - 97493
2024-11-03,MT,Khánh Hòa,6,45764 - 99236 - 35301
2024-11-03,MT,Khánh Hòa,7,83219 - 99697 - 27371 - 31648
2024-11-03,MT,Khánh Hòa,8,21452
2024-11-03,MN,TP. HCM,ĐB,36792
2024-11-03,MN,TP. HCM,1,03865
2024-11-03,MN,TP. HCM,2,66170
2024-11-03,MN,TP. HCM,3,13191 - 33570 - 92973 - 01457 - 16400 - 13972
2024-11-03,MN,TP. HCM,4,40988 - 90811 - 74782 - 57742 - 54458 - 86021
2024-11-03,MN,TP. HCM,5,21393 - 22476 - 25018
2024-11-03,MN,TP. HCM,6,34431 - 05551 - 71980
2024-11-03,MN,TP. HCM,7,04098 - 89296 - 42311 - 59897
2024-11-03,MN,TP. HCM,8,32715
2024-11-03,MN,Đồng Tháp,ĐB,78132
2024-11-03,MN,Đồng Tháp,1,16319
2024-11-03,MN,Đồng Tháp,2,29187
2024-11-03,MN,Đồng Tháp,3,26474 - 88474 - 48150 - 42315 - 78112 - 60448
2024-11-03,MN,Đồng Tháp,4,98156 - 28033 - 43341 - 90789 - 39591 - 55762
2024-11-03,MN,Đồng Tháp,5,94419 - 80765 - 48410
2024-11-03,MN,Đồng Tháp,6,01262 - 73451 - 80562
2024-11-03,MN,Đồng Tháp,7,63022 - 29441 - 89506 - 02328
2024-11-03,MN,Đồng Tháp,8,37711
2024-11-03,MN,Cà Mau,ĐB,57757
2024-11-03,MN,Cà Mau,1,96060
2024-11-03,MN,Cà Mau,2,24233
2024-11-03,MN,Cà Mau,3,58610 - 87424 - 36075 - 22148 - 96879 - 74940
2024-11-03,MN,Cà Mau,4,01478 - 07525 - 36643 - 41379 - 07117 - 82052
2024-11-03,MN,Cà Mau,5,62778 - 51588 - 17318
2024-11-03,MN,Cà Mau,6,63924 - 92735 - 97018
2024-11-03,MN,Cà Mau,7,14925 - 35449 - 93805 - 31408
2024-11-03,MN,Cà Mau,8,29785
2024-11-04,MB,Hà Nội,ĐB,06829
2024-11-04,MB,Hà Nội,1,48751
2024-11-04,MB,Hà Nội,2,20851
2024-11-04,MB,Hà Nội,3,31500 - 81548 - 31526 - 12983 - 56078 - 92211
2024-11-04,MB,Hà Nội,4,47222 - 91507 - 61724 - 31986 - 26452 - 94991
2024-11-04,MB,Hà Nội,5,98173 - 11278 - 91108
2024-11-04,MB,Hà Nội,6,03877 - 42194 - 98379
2024-11-04,MB,Hà Nội,7,83346 - 06340 - 13989 - 81489
2024-11-04,MT,Đà Nẵng,ĐB,95410
2024-11-04,MT,Đà Nẵng,1,48845
2024-11-04,MT,Đà Nẵng,2,26474
2024-11-04,MT,Đà Nẵng,3,37912 - 15424 - 53988 - 70409 - 02453 - 30978
2024-11-04,MT,Đà Nẵng,4,75501 - 96886 - 12016 - 20961 - 89582 - 17893
2024-11-04,MT,Đà Nẵng,5,55522 - 69135 - 97664
2024-11-04,MT,Đà Nẵng,6,29332 - 74649 - 55489
2024-11-04,MT,Đà Nẵng,7,61675 - 26497 - 09910 - 24988
2024-11-04,MT,Đà Nẵng,8,10241
2024-11-04,MT,Khánh Hòa,ĐB,62680
2024-11-04,MT,Khánh Hòa,1,43610
2024-11-04,MT,Khánh Hòa,2,75519
2024-11-04,MT,Khánh Hòa,3,40184 - 39986 - 16995 - 72708 - 89898 - 30783
2024-11-04,MT,Khánh Hòa,4,80152 - 36333 - 36452 - 65227 - 79051 - 36180
2024-11-04,MT,Khánh Hòa,5,78083 - 69318 - 74695
2024-11-04,MT,Khánh Hòa,6,10582 - 80129 - 16520
2024-11-04,MT,Khánh Hòa,7,38320 - 28131 - 36671 - 97130
2024-11-04,MT,Khánh Hòa,8,55755
2024-11-04,MN,TP. HCM,ĐB,94424
2024-11-04,MN,TP. HCM,1,45585
2024-11-04,MN,TP. HCM,2,41697
2024-11-04,MN,TP. HCM,3,29103 - 37690 - 49383 - 22689 - 65449 - 92764
2024-11-04,MN,TP. HCM,4,55949 - 11187 - 27460 - 15684 - 66594 - 53230
2024-11-04,MN,TP. HCM,5,68668 - 74158 - 39393
2024-11-04,MN,TP. HCM,6,37802 - 22666 - 08737
2024-11-04,MN,TP. HCM,7,62235 - 85576 - 95710 - 03894
2024-11-04,MN,TP. HCM,8,71865
2024-11-04,MN,Đồng Tháp,ĐB,26339
2024-11-04,MN,Đồng Tháp,1,22655
2024-11-04,MN,Đồng Tháp,2,29187
2024-11-04,MN,Đồng Tháp,3,14265 - 21034 - 46549 - 16198 - 35138 - 07170
2024-11-04,MN,Đồng Tháp,4,17145 - 85130 - 53214 - 12155 - 24417 - 60211
2024-11-04,MN,Đồng Tháp,5,84368 - 56387 - 74021
2024-11-04,MN,Đồng Tháp,6,66247 - 60435 - 61954
2024-11-04,MN,Đồng Tháp,7,22250 - 91011 - 97626 - 01153
2024-11-04,MN,Đồng Tháp,8,51834
2024-11-04,MN,Cà Mau,ĐB,81544
2024-11-04,MN,Cà Mau,1,03781
2024-11-04,MN,Cà Mau,2,77947
2024-11-04,MN,Cà Mau,3,04148 - 95957 - 14066 - 70483 - 09519 - 05132
2024-11-04,MN,Cà Mau,4,56863 - 70596 - 18817 - 79302 - 51444 - 28637
2024-11-04,MN,Cà Mau,5,09397 - 06106 - 42365
2024-11-04,MN,Cà Mau,6,36230 - 30460 - 68521
2024-11-04,MN,Cà Mau,7,10592 - 04362 - 70788 - 15103
2024-11-04,MN,Cà Mau,8,57369
2024-11-05,MB,Hà Nội,ĐB,26785
2024-11-05,MB,Hà Nội,1,55104
2024-11-05,MB,Hà Nội,2,63121
2024-11-05,MB,Hà Nội,3,57009 - 75159 - 71982 - 42299 - 52131 - 94248
2024-11-05,MB,Hà Nội,4,58225 - 41992 - 00770 - 02953 - 66187 - 73549
2024-11-05,MB,Hà Nội,5,39891 - 25140 - 39856
2024-11-05,MB,Hà Nội,6,39631 - 33944 - 19939
2024-11-05,MB,Hà Nội,7,36956 - 59744 - 22250 - 78926
2024-11-05,MT,Đà Nẵng,ĐB,43551
2024-11-05,MT,Đà Nẵng,1,64570
2024-11-05,MT,Đà Nẵng,2,09687
2024-11-05,MT,Đà Nẵng,3,07839 - 92447 - 64745 - 47750 - 10879 - 49404
2024-11-05,MT,Đà Nẵng,4,10566 - 49558 - 14123 - 32556 - 38816 - 47987
2024-11-05,MT,Đà Nẵng,5,60602 - 93685 - 34541
2024-11-05,MT,Đà Nẵng,6,19518 - 57794 - 87824
2024-11-05,MT,Đà Nẵng,7,41544 - 90759 - 24737 - 15099
2024-11-05,MT,Đà Nẵng,8,22786
2024-11-05,MT,Khánh Hòa,ĐB,26651
2024-11-05,MT,Khánh Hòa,1,15268
2024-11-05,MT,Khánh Hòa,2,94902
2024-11-05,MT,Khánh Hòa,3,31588 - 73912 - 69853 - 52735 - 79711 - 35072
2024-11-05,MT,Khánh Hòa,4,98991 - 38956 - 11892 - 74510 - 87112 - 33465
2024-11-05,MT,Khánh Hòa,5,33528 - 27784 - 08926
2024-11-05,MT,Khánh Hòa,6,84245 - 11424 - 91676
2024-11-05,MT,Khánh Hòa,7,86823 - 60649 - 22787 - 39501
2024-11-05,MT,Khánh Hòa,8,69576
2024-11-05,MN,TP. HCM,ĐB,52945
2024-11-05,MN,TP. HCM,1,98661
2024-11-05,MN,TP. HCM,2,38774
2024-11-05,MN,TP. HCM,3,55819 - 86485 - 91815 - 24649 - 31044 - 75147
2024-11-05,MN,TP. HCM,4,68467 - 96225 - 46299 - 39252 - 26260 - 68341
2024-11-05,MN,TP. HCM,5,89218 - 62138 - 45905
2024-11-05,MN,TP. HCM,6,53577 - 58636 - 82654
2024-11-05,MN,TP. HCM,7,33188 - 54048 - 94445 - 99323
2024-11-05,MN,TP. HCM,8,96834
2024-11-05,MN,Đồng Tháp,ĐB,39817
2024-11-05,MN,Đồng Tháp,1,92403
2024-11-05,MN,Đồng Tháp,2,31946
2024-11-05,MN,Đồng Tháp,3,37509 - 98325 - 55323 - 34423 - 36032 - 98175
2024-11-05,MN,Đồng Tháp,4,70426 - 08949 - 37755 - 00662 - 60628 - 71832
2024-11-05,MN,Đồng Tháp,5,00734 - 34345 - 39504
2024-11-05,MN,Đồng Tháp,6,92757 - 79432 - 23081
2024-11-05,MN,Đồng Tháp,7,08380 - 52083 - 25305 - 13351
2024-11-05,MN,Đồng Tháp,8,55923
2024-11-05,MN,Cà Mau,ĐB,12091
2024-11-05,MN,Cà Mau,1,98069
2024-11-05,MN,Cà Mau,2,82500
2024-11-05,MN,Cà Mau,3,63332 - 95368 - 77389 - 88406 - 46668 - 13631
2024-11-05,MN,Cà Mau,4,41493 - 21816 - 97141 - 58811 - 71766 - 79220
2024-11-05,MN,Cà Mau,5,60664 - 49252 - 85417
2024-11-05,MN,Cà Mau,6,98808 - 43643 - 55237
2024-11-05,MN,Cà Mau,7,78727 - 97527 - 01270 - 29331
2024-11-05,MN,Cà Mau,8,50475
2024-11-06,MB,Hà Nội,ĐB,16008
2024-11-06,MB,Hà Nội,1,27720
2024-11-06,MB,Hà Nội,2,95609
2024-11-06,MB,Hà Nội,3,17647 - 12803 - 64387 - 16238 - 94293 - 33673
2024-11-06,MB,Hà Nội,4,58597 - 99042 - 71872 - 87545 - 68235 - 34978
2024-11-06,MB,Hà Nội,5,02239 - 94025 - 07724
2024-11-06,MB,Hà Nội,6,66011 - 46093 - 46361
2024-11-06,MB,Hà Nội,7,80894 - 65224 - 43559 - 81647
2024-11-06,MT,Đà Nẵng,ĐB,03743
2024-11-06,MT,Đà Nẵng,1,82803
2024-11-06,MT,Đà Nẵng,2,24457
2024-11-06,MT,Đà Nẵng,3,86707 - 49849 - 46311 - 00735 - 42775 - 70791
2024-11-06,MT,Đà Nẵng,4,25135 - 57922 - 44814 - 50597 - 21348 - 97168
2024-11-06,MT,Đà Nẵng,5,65126 - 64426 - 35859
2024-11-06,MT,Đà Nẵng,6,69490 - 28807 - 96248
2024-11-06,MT,Đà Nẵng,7,78463 - 59449 - 76403 - 97794
2024-11-06,MT,Đà Nẵng,8,74208
2024-11-06,MT,Khánh Hòa,ĐB,55514
2024-11-06,MT,Khánh Hòa,1,44467
2024-11-06,MT,Khánh Hòa,2,78102
2024-11-06,MT,Khánh Hòa,3,50349 - 60962 - 03186 - 36260 - 98261 - 39109
2024-11-06,MT,Khánh Hòa,4,71643 - 03240 - 52239 - 44072 - 10143 - 15865
2024-11-06,MT,Khánh Hòa,5,58609 - 31958 - 96757
2024-11-06,MT,Khánh Hòa,6,52583 - 67227 - 15871
2024-11-06,MT,Khánh Hòa,7,47407 - 67231 - 41945 - 36055
2024-11-06,MT,Khánh Hòa,8,81467
2024-11-06,MN,TP. HCM,ĐB,72679
2024-11-06,MN,TP. HCM,1,48936
2024-11-06,MN,TP. HCM,2,39258
2024-11-06,MN,TP. HCM,3,03990 - 94188 - 46591 - 41236 - 16125 - 05665
2024-11-06,MN,TP. HCM,4,14042 - 24956 - 30740 - 68994 - 75217 - 79057
2024-11-06,MN,TP. HCM,5,77299 - 30216 - 88293
2024-11-06,MN,TP. HCM,6,91524 - 33232 - 49709
2024-11-06,MN,TP. HCM,7,11158 - 31703 - 76739 - 87679
2024-11-06,MN,TP. HCM,8,91545
2024-11-06,MN,Đồng Tháp,ĐB,85464
2024-11-06,MN,Đồng Tháp,1,47579
2024-11-06,MN,Đồng Tháp,2,58497
2024-11-06,MN,Đồng Tháp,3,11409 - 64450 - 14992 - 46202 - 41668 - 13218
2024-11-06,MN,Đồng Tháp,4,70735 - 73160 - 44534 - 35593 - 14482 - 67718
2024-11-06,MN,Đồng Tháp,5,38692 - 26067 - 81844
2024-11-06,MN,Đồng Tháp,6,25192 - 23692 - 01482
2024-11-06,MN,Đồng Tháp,7,11824 - 07485 - 21056 - 89781
2024-11-06,MN,Đồng Tháp,8,45943
2024-11-06,MN,Cà Mau,ĐB,63237
2024-11-06,MN,Cà Mau,1,29751
2024-11-06,MN,Cà Mau,2,23506
2024-11-06,MN,Cà Mau,3,80407 - 70379 - 63222 - 61862 - 19234 - 99958
2024-11-06,MN,Cà Mau,4,45621 - 47942 - 70763 - 60602 - 50670 - 65904
2024-11-06,MN,Cà Mau,5,14366 - 32261 - 25561
2024-11-06,MN,Cà Mau,6,88656 - 31468 - 87608
2024-11-06,MN,Cà Mau,7,39938 - 18844 - 38624 - 42812
2024-11-06,MN,Cà Mau,8,53313
2024-11-07,MB,Hà Nội,ĐB,49000
2024-11-07,MB,Hà Nội,1,36481
2024-11-07,MB,Hà Nội,2,87419
2024-11-07,MB,Hà Nội,3,26011 - 88944 - 04633 - 99267 - 93732 - 53432
2024-11-07,MB,Hà Nội,4,29264 - 32249 - 05310 - 20797 - 59258 - 51010
2024-11-07,MB,Hà Nội,5,77518 - 10828 - 79638
2024-11-07,MB,Hà Nội,6,93397 - 23563 - 70275
2024-11-07,MB,Hà Nội,7,90018 - 93237 - 40749 - 24511
2024-11-07,MT,Đà Nẵng,ĐB,43933
2024-11-07,MT,Đà Nẵng,1,29402
2024-11-07,MT,Đà Nẵng,2,06190
2024-11-07,MT,Đà Nẵng,3,07964 - 75020 - 06787 - 36967 - 42335 - 15253
2024-11-07,MT,Đà Nẵng,4,37398 - 60465 - 38692 - 03409 - 95715 - 44781
2024-11-07,MT,Đà Nẵng,5,30378 - 91883 - 73436
2024-11-07,MT,Đà Nẵng,6,46330 - 31719 - 01970
2024-11-07,MT,Đà Nẵng,7,73976 - 40572 - 26104 - 99274
2024-11-07,MT,Đà Nẵng,8,63482
2024-11-07,MT,Khánh Hòa,ĐB,14218
2024-11-07,MT,Khánh Hòa,1,68571
2024-11-07,MT,Khánh Hòa,2,54560
2024-11-07,MT,Khánh Hòa,3,45410 - 92731 - 21902 - 62768 - 82489 - 17574
2024-11-07,MT,Khánh Hòa,4,98625 - 35127 - 63739 - 64963 - 63424 - 51906
2024-11-07,MT,Khánh Hòa,5,68163 - 10307 - 86891
2024-11-07,MT,Khánh Hòa,6,89421 - 01739 - 82131
2024-11-07,MT,Khánh Hòa,7,03072 - 23057 - 62683 - 28045
2024-11-07,MT,Khánh Hòa,8,32697
2024-11-07,MN,TP. HCM,ĐB,97250
2024-11-07,MN,TP. HCM,1,50244
2024-11-07,MN,TP. HCM,2,06042
2024-11-07,MN,TP. HCM,3,97164 - 12281 - 21574 - 31778 - 44886 - 50515
2024-11-07,MN,TP. HCM,4,71373 - 46960 - 06265 - 16681 - 60520 - 21844
2024-11-07,MN,TP. HCM,5,24598 - 51038 - 14414
2024-11-07,MN,TP. HCM,6,80838 - 63249 - 57398
2024-11-07,MN,TP. HCM,7,86581 - 58212 - 23199 - 77238
2024-11-07,MN,TP. HCM,8,12237
2024-11-07,MN,Đồng Tháp,ĐB,46232
2024-11-07,MN,Đồng Tháp,1,58049
2024-11-07,MN,Đồng Tháp,2,45433
2024-11-07,MN,Đồng Tháp,3,31910 - 66878 - 08989 - 65617 - 47412 - 27459
2024-11-07,MN,Đồng Tháp,4,33769 - 87495 - 87723 - 91057 - 58027 - 80423
2024-11-07,MN,Đồng Tháp,5,18185 - 39769 - 36019
2024-11-07,MN,Đồng Tháp,6,52387 - 87376 - 78151
2024-11-07,MN,Đồng Tháp,7,54346 - 78878 - 12695 - 04078
2024-11-07,MN,Đồng Tháp,8,54781
2024-11-07,MN,Cà Mau,ĐB,64520
2024-11-07,MN,Cà Mau,1,81890
2024-11-07,MN,Cà Mau,2,89823
2024-11-07,MN,Cà Mau,3,12832 - 11564 - 50607 - 94435 - 26363 - 06926
2024-11-07,MN,Cà Mau,4,75654 - 94767 - 85824 - 19935 - 47262 - 90627
2024-11-07,MN,Cà Mau,5,15862 - 29311 - 75810
2024-11-07,MN,Cà Mau,6,35248 - 76557 - 23435
2024-11-07,MN,Cà Mau,7,85376 - 42350 - 67232 - 41288
2024-11-07,MN,Cà Mau,8,95460
2024-11-08,MB,Hà Nội,ĐB,53181
2024-11-08,MB,Hà Nội,1,38095
2024-11-08,MB,Hà Nội,2,83928
2024-11-08,MB,Hà Nội,3,61089 - 19219 - 25965 - 12551 - 60999 - 54075
2024-11-08,MB,Hà Nội,4,61041 - 35767 - 52781 - 40343 - 49460 - 84341
2024-11-08,MB,Hà Nội,5,27202 - 92469 - 74161
2024-11-08,MB,Hà Nội,6,97599 - 37169 - 36210
2024-11-08,MB,Hà Nội,7,50671 - 38371 - 99468 - 41377
2024-11-08,MT,Đà Nẵng,ĐB,97454
2024-11-08,MT,Đà Nẵng,1,40010
2024-11-08,MT,Đà Nẵng,2,34730
2024-11-08,MT,Đà Nẵng,3,99282 - 13056 - 74320 - 80339 - 16864 - 38948
2024-11-08,MT,Đà Nẵng,4,48034 - 32695 - 42963 - 52285 - 28404 - 79918
2024-11-08,MT,Đà Nẵng,5,00066 - 65306 - 34067
2024-11-08,MT,Đà Nẵng,6,73249 - 24135 - 68523
2024-11-08,MT,Đà Nẵng,7,44518 - 63906 - 84404 - 82791
2024-11-08,MT,Đà Nẵng,8,98348
2024-11-08,MT,Khánh Hòa,ĐB,83211
2024-11-08,MT,Khánh Hòa,1,61888
2024-11-08,MT,Khánh Hòa,2,56468
2024-11-08,MT,Khánh Hòa,3,35287 - 51434 - 16055 - 65997 - 48264 - 46859
2024-11-08,MT,Khánh Hòa,4,05966 - 58196 - 03669 - 39599 - 65065 - 35041
2024-11-08,MT,Khánh Hòa,5,04213 - 83519 - 12451
2024-11-08,MT,Khánh Hòa,6,87011 - 16197 - 37919
2024-11-08,MT,Khánh Hòa,7,11859 - 74138 - 36824 - 93989
2024-11-08,MT,Khánh Hòa,8,88553
2024-11-08,MN,TP. HCM,ĐB,21855
2024-11-08,MN,TP. HCM,1,23271
2024-11-08,MN,TP. HCM,2,64314
2024-11-08,MN,TP. HCM,3,01090 - 98195 - 59971 - 98136 - 74344 - 26269
2024-11-08,MN,TP. HCM,4,18861 - 12233 - 67370 - 51800 - 68135 - 57561
2024-11-08,MN,TP. HCM,5,50038 - 38506 - 50323
2024-11-08,MN,TP. HCM,6,81485 - 98290 - 90797
2024-11-08,MN,TP. HCM,7,96601 - 34170 - 47379 - 29441
2024-11-08,MN,TP. HCM,8,66957
2024-11-08,MN,Đồng Tháp,ĐB,12460
2024-11-08,MN,Đồng Tháp,1,41658
2024-11-08,MN,Đồng Tháp,2,15208
2024-11-08,MN,Đồng Tháp,3,15540 - 04490 - 63007 - 38362 - 97410 - 65878
2024-11-08,MN,Đồng Tháp,4,97259 - 68531 - 69032 - 94417 - 48377 - 59413
2024-11-08,MN,Đồng Tháp,5,13235 - 75512 - 01867
2024-11-08,MN,Đồng Tháp,6,44077 - 83484 - 38447
2024-11-08,MN,Đồng Tháp,7,72415 - 36534 - 71054 - 72357
2024-11-08,MN,Đồng Tháp,8,11823
2024-11-08,MN,Cà Mau,ĐB,73569
2024-11-08,MN,Cà Mau,1,19690
2024-11-08,MN,Cà Mau,2,98026
2024-11-08,MN,Cà Mau,3,15485 - 69472 - 85846 - 89999 - 53189 - 94142
2024-11-08,MN,Cà Mau,4,44991 - 01533 - 93894 - 84985 - 85513 - 84040
2024-11-08,MN,Cà Mau,5,46422 - 38895 - 04462
2024-11-08,MN,Cà Mau,6,62001 - 23791 - 89850
2024-11-08,MN,Cà Mau,7,35921 - 49467 - 33208 - 14528
2024-11-08,MN,Cà Mau,8,12228
2024-11-09,MB,Hà Nội,ĐB,65740
2024-11-09,MB,Hà Nội,1,32087
2024-11-09,MB,Hà Nội,2,45261
2024-11-09,MB,Hà Nội,3,84300 - 42964 - 61447 - 81338 - 03392 - 42820
2024-11-09,MB,Hà Nội,4,34924 - 02830 - 55549 - 24181 - 49175 - 47839
2024-11-09,MB,Hà Nội,5,36092 - 03619 - 30509
2024-11-09,MB,Hà Nội,6,11972 - 61907 - 85455
2024-11-09,MB,Hà Nội,7,99124 - 71216 - 95032 - 50857
2024-11-09,MT,Đà Nẵng,ĐB,33634
2024-11-09,MT,Đà Nẵng,1,96993
2024-11-09,MT,Đà Nẵng,2,99507
2024-11-09,MT,Đà Nẵng,3,35104 - 12853 - 63854 - 16271 - 46251 - 27051
2024-11-09,MT,Đà Nẵng,4,09127 - 39591 - 86638 - 35861 - 25621 - 26942
2024-11-09,MT,Đà Nẵng,5,56892 - 33233 - 69797
2024-11-09,MT,Đà Nẵng,6,84676 - 65169 - 41652
2024-11-09,MT,Đà Nẵng,7,61161 - 69887 - 62856 - 96611
2024-11-09,MT,Đà Nẵng,8,12255
2024-11-09,MT,Khánh Hòa,ĐB,09168
2024-11-09,MT,Khánh Hòa,1,24216
2024-11-09,MT,Khánh Hòa,2,61209
2024-11-09,MT,Khánh Hòa,3,81204 - 94735 - 59432 - 77610 - 70684 - 06941
2024-11-09,MT,Khánh Hòa,4,44867 - 78184 - 91699 - 22527 - 28277 - 68185
2024-11-09,MT,Khánh Hòa,5,01836 - 28489 - 29522
2024-11-09,MT,Khánh Hòa,6,37505 - 65670 - 19551
2024-11-09,MT,Khánh Hòa,7,81600 - 82584 - 06836 - 45124
2024-11-09,MT,Khánh Hòa,8,79243
2024-11-09,MN,TP. HCM,ĐB,54140
2024-11-09,MN,TP. HCM,1,74479
2024-11-09,MN,TP. HCM,2,91918
2024-11-09,MN,TP. HCM,3,66133 - 24259 - 36155 - 19048 - 05641 - 69084
2024-11-09,MN,TP. HCM,4,95781 - 54226 - 86819 - 32298 - 01494 - 92665
2024-11-09,MN,TP. HCM,5,15363 - 35077 - 29213
2024-11-09,MN,TP. HCM,6,10689 - 08629 - 56928
2024-11-09,MN,TP. HCM,7,35334 - 93237 - 87925 - 46517
2024-11-09,MN,TP. HCM,8,35762
2024-11-09,MN,Đồng Tháp,ĐB,05139
2024-11-09,MN,Đồng Tháp,1,59167
2024-11-09,MN,Đồng Tháp,2,60345
2024-11-09,MN,Đồng Tháp,3,05392 - 92193 - 91282 - 67485 - 24954 - 44226
2024-11-09,MN,Đồng Tháp,4,66776 - 11503 - 32719 - 85132 - 70507 - 52082
2024-11-09,MN,Đồng Tháp,5,11595 - 46709 - 13213
2024-11-09,MN,Đồng Tháp,6,99877 - 25586 - 69928
2024-11-09,MN,Đồng Tháp,7,42957 - 89681 - 99515 - 96143
2024-11-09,MN,Đồng Tháp,8,52564
2024-11-09,MN,Cà Mau,ĐB,96612
2024-11-09,MN,Cà Mau,1,53030
2024-11-09,MN,Cà Mau,2,46561
2024-11-09,MN,Cà Mau,3,00174 - 06026 - 28787 - 13010 - 31159 - 93702
2024-11-09,MN,Cà Mau,4,17714 - 70453 - 85985 - 61132 - 65634 - 52983
2024-11-09,MN,Cà Mau,5,11853 - 11409 - 57330
2024-11-09,MN,Cà Mau,6,29419 - 41230 - 98942
2024-11-09,MN,Cà Mau,7,82109 - 97183 - 99805 - 77473
2024-11-09,MN,Cà Mau,8,47557
2024-11-10,MB,Hà Nội,ĐB,84426
2024-11-10,MB,Hà Nội,1,41786
2024-11-10,MB,Hà Nội,2,72133
2024-11-10,MB,Hà Nội,3,94989 - 28015 - 98512 - 93995 - 79636 - 29474
2024-11-10,MB,Hà Nội,4,80265 - 34022 - 91027 - 98836 - 53138 - 75782
2024-11-10,MB,Hà Nội,5,90083 - 05685 - 10435
2024-11-10,MB,Hà Nội,6,15957 - 07221 - 23565
2024-11-10,MB,Hà Nội,7,47833 - 36613 - 97243 - 60961
2024-11-10,MT,Đà Nẵng,ĐB,57334
2024-11-10,MT,Đà Nẵng,1,16875
2024-11-10,MT,Đà Nẵng,2,52293
2024-11-10,MT,Đà Nẵng,3,91904 - 07532 - 67852 - 31235 - 00166 - 04179
2024-11-10,MT,Đà Nẵng,4,33346 - 75261 - 13616 - 69608 - 35765 - 08779
2024-11-10,MT,Đà Nẵng,5,36913 - 71460 - 55984
2024-11-10,MT,Đà Nẵng,6,77037 - 58578 - 37714
2024-11-10,MT,Đà Nẵng,7,95249 - 08879 - 37512 - 60702
2024-11-10,MT,Đà Nẵng,8,71094
2024-11-10,MT,Khánh Hòa,ĐB,40882
2024-11-10,MT,Khánh Hòa,1,03903
2024-11-10,MT,Khánh Hòa,2,89250
2024-11-10,MT,Khánh Hòa,3,90103 - 24589 - 83387 - 35370 - 81808 - 15376
2024-11-10,MT,Khánh Hòa,4,34708 - 15831 - 72198 - 89209 - 10845 - 74680
2024-11-10,MT,Khánh Hòa,5,23488 - 62015 - 02318
2024-11-10,MT,Khánh Hòa,6,42387 - 85192 - 25335
2024-11-10,MT,Khánh Hòa,7,24547 - 59787 - 50291 - 45328
2024-11-10,MT,Khánh Hòa,8,94212
2024-11-10,MN,TP. HCM,ĐB,92188
2024-11-10,MN,TP. HCM,1,21846
2024-11-10,MN,TP. HCM,2,19782
2024-11-10,MN,TP. HCM,3,76540 - 13244 - 05162 - 26397 - 09994 - 85408
2024-11-10,MN,TP. HCM,4,11371 - 37301 - 03469 - 14918 - 84267 - 22809
2024-11-10,MN,TP. HCM,5,88404 - 08826 - 15840
2024-11-10,MN,TP. HCM,6,79662 - 55428 - 94004
2024-11-10,MN,TP. HCM,7,37499 - 54472 - 72222 - 63139
2024-11-10,MN,TP. HCM,8,40415
2024-11-10,MN,Đồng Tháp,ĐB,59768
2024-11-10,MN,Đồng Tháp,1,11101
2024-11-10,MN,Đồng Tháp,2,53505
2024-11-10,MN,Đồng Tháp,3,14855 - 39099 - 97819 - 90622 - 46074 - 19403
2024-11-10,MN,Đồng Tháp,4,35901 - 10160 - 98656 - 99177 - 59515 - 87484
2024-11-10,MN,Đồng Tháp,5,40519 - 76770 - 91251
2024-11-10,MN,Đồng Tháp,6,34845 - 73387 - 70943
2024-11-10,MN,Đồng Tháp,7,32614 - 83708 - 41829 - 15919
2024-11-10,MN,Đồng Tháp,8,91848
2024-11-10,MN,Cà Mau,ĐB,15166
2024-11-10,MN,Cà Mau,1,15626
2024-11-10,MN,Cà Mau,2,08057
2024-11-10,MN,Cà Mau,3,06389 - 28145 - 18415 - 74791 - 25452 - 50231
2024-11-10,MN,Cà Mau,4,57923 - 20858 - 82719 - 85790 - 60397 - 78813
2024-11-10,MN,Cà Mau,5,56733 - 94900 - 90510
2024-11-10,MN,Cà Mau,6,49268 - 14228 - 47177
2024-11-10,MN,Cà Mau,7,64927 - 47881 - 73984 - 54082
2024-11-10,MN,Cà Mau,8,90694
2024-11-11,MB,Hà Nội,ĐB,75264
2024-11-11,MB,Hà Nội,1,77028
2024-11-11,MB,Hà Nội,2,35488
2024-11-11,MB,Hà Nội,3,29525 - 27373 - 58370 - 74870 - 64211 - 72414
2024-11-11,MB,Hà Nội,4,13732 - 51121 - 37694 - 30639 - 64206 - 94328
2024-11-11,MB,Hà Nội,5,81047 - 11004 - 30435
2024-11-11,MB,Hà Nội,6,95561 - 15785 - 09776
2024-11-11,MB,Hà Nội,7,64841 - 17728 - 23973 - 67338
2024-11-11,MT,Đà Nẵng,ĐB,72334
2024-11-11,MT,Đà Nẵng,1,11784
2024-11-11,MT,Đà Nẵng,2,58653
2024-11-11,MT,Đà Nẵng,3,71898 - 40003 - 22536 - 27181 - 52803 - 80614
2024-11-11,MT,Đà Nẵng,4,66665 - 22273 - 54411 - 54614 - 68406 - 31141
2024-11-11,MT,Đà Nẵng,5,58418 - 30865 - 24799
2024-11-11,MT,Đà Nẵng,6,72795 - 71910 - 38418
2024-11-11,MT,Đà Nẵng,7,37729 - 72426 - 12620 - 99925
2024-11-11,MT,Đà Nẵng,8,01513
2024-11-11,MT,Khánh Hòa,ĐB,68245
2024-11-11,MT,Khánh Hòa,1,95323
2024-11-11,MT,Khánh Hòa,2,29617
2024-11-11,MT,Khánh Hòa,3,86070 - 83314 - 13112 - 55719 - 18084 - 74241
2024-11-11,MT,Khánh Hòa,4,56143 - 60621 - 15059 - 30044 - 24097 - 76312
2024-11-11,MT,Khánh Hòa,5,81817 - 59325 - 00044
2024-11-11,MT,Khánh Hòa,6,55024 - 18403 - 42192
2024-11-11,MT,Khánh Hòa,7,24080 - 58577 - 90379 - 66942
2024-11-11,MT,Khánh Hòa,8,76886
2024-11-11,MN,TP. HCM,ĐB,14776
2024-11-11,MN,TP. HCM,1,44080
2024-11-11,MN,TP. HCM,2,67220
2024-11-11,MN,TP. HCM,3,39910 - 18357 - 87818 - 95318 - 62361 - 98598
2024-11-11,MN,TP. HCM,4,72827 - 62690 - 01185 - 42248 - 41038 - 67881
2024-11-11,MN,TP. HCM,5,43920 - 58443 - 94042
2024-11-11,MN,TP. HCM,6,20442 - 08864 - 68986
2024-11-11,MN,TP. HCM,7,52269 - 06147 - 36145 - 74066
2024-11-11,MN,TP. HCM,8,21979
2024-11-11,MN,Đồng Tháp,ĐB,16577
2024-11-11,MN,Đồng Tháp,1,83101
2024-11-11,MN,Đồng Tháp,2,24743
2024-11-11,MN,Đồng Tháp,3,23310 - 43301 - 40909 - 89828 - 06615 - 45591
2024-11-11,MN,Đồng Tháp,4,58785 - 11182 - 70579 - 04736 - 52428 - 58174
2024-11-11,MN,Đồng Tháp,5,77909 - 65252 - 16865
2024-11-11,MN,Đồng Tháp,6,18353 - 03319 - 06902
2024-11-11,MN,Đồng Tháp,7,15238 - 58376 - 11561 - 72484
2024-11-11,MN,Đồng Tháp,8,51966
2024-11-11,MN,Cà Mau,ĐB,02857
2024-11-11,MN,Cà Mau,1,99753
2024-11-11,MN,Cà Mau,2,56022
2024-11-11,MN,Cà Mau,3,56261 - 33079 - 34390 - 14846 - 52318 - 06649
2024-11-11,MN,Cà Mau,4,77052 - 70694 - 23817 - 35779 - 21302 - 39353
2024-11-11,MN,Cà Mau,5,12636 - 38290 - 52053
2024-11-11,MN,Cà Mau,6,23856 - 51377 - 78164
2024-11-11,MN,Cà Mau,7,75988 - 13685 - 52694 - 82419
2024-11-11,MN,Cà Mau,8,39191
2024-11-12,MB,Hà Nội,ĐB,01851
2024-11-12,MB,Hà Nội,1,88156
2024-11-12,MB,Hà Nội,2,47822
2024-11-12,MB,Hà Nội,3,27751 - 59943 - 63648 - 40963 - 96319 - 30014
2024-11-12,MB,Hà Nội,4,07781 - 43519 - 65100 - 44338 - 16758 - 85390
2024-11-12,MB,Hà Nội,5,65425 - 60107 - 28378
2024-11-12,MB,Hà Nội,6,74076 - 58819 - 83012
2024-11-12,MB,Hà Nội,7,16265 - 23380 - 07155 - 03195
2024-11-12,MT,Đà Nẵng,ĐB,26244
2024-11-12,MT,Đà Nẵng,1,64690
2024-11-12,MT,Đà Nẵng,2,71476
2024-11-12,MT,Đà Nẵng,3,87965 - 84281 - 27442 - 33764 - 90335 - 21297
2024-11-12,MT,Đà Nẵng,4,29120 - 34796 - 38105 - 54123 - 00314 - 42057
2024-11-12,MT,Đà Nẵng,5,03451 - 33347 - 08090
2024-11-12,MT,Đà Nẵng,6,09704 - 75441 - 15083
2024-11-12,MT,Đà Nẵng,7,07354 - 98910 - 66166 - 36066
2024-11-12,MT,Đà Nẵng,8,16561
2024-11-12,MT,Khánh Hòa,ĐB,34072
2024-11-12,MT,Khánh Hòa,1,32711
2024-11-12,MT,Khánh Hòa,2,97340
2024-11-12,MT,Khánh Hòa,3,27770 - 92556 - 70179 - 18267 - 66707 - 45606
2024-11-12,MT,Khánh Hòa,4,39803 - 71277 - 90152 - 47580 - 93925 - 55687
2024-11-12,MT,Khánh Hòa,5,47139 - 70794 - 48474
2024-11-12,MT,Khánh Hòa,6,00119 - 71085 - 47129
2024-11-12,MT,Khánh Hòa,7,24780 - 79847 - 32172 - 66282
2024-11-12,MT,Khánh Hòa,8,01053
2024-11-12,MN,TP. HCM,ĐB,96077
2024-11-12,MN,TP. HCM,1,36132
2024-11-12,MN,TP. HCM,2,53062
2024-11-12,MN,TP. HCM,3,15466 - 65486 - 95714 - 00201 - 31094 - 45372
2024-11-12,MN,TP. HCM,4,42547 - 99096 - 72809 - 19668 - 66400 - 44595
2024-11-12,MN,TP. HCM,5,57254 - 18338 - 11186
2024-11-12,MN,TP. HCM,6,07964 - 98360 - 88234
2024-11-12,MN,TP. HCM,7,79035 - 41045 - 89493 - 01838
2024-11-12,MN,TP. HCM,8,97500
2024-11-12,MN,Đồng Tháp,ĐB,55734
2024-11-12,MN,Đồng Tháp,1,06253
2024-11-12,MN,Đồng Tháp,2,51738
2024-11-12,MN,Đồng Tháp,3,49135 - 72205 - 82177 - 72968 - 11336 - 12264
2024-11-12,MN,Đồng Tháp,4,03890 - 99118 - 84139 - 93944 - 92541 - 85722
2024-11-12,MN,Đồng Tháp,5,93095 - 19236 - 50705
2024-11-12,MN,Đồng Tháp,6,00759 - 87835 - 83148
2024-11-12,MN,Đồng Tháp,7,38644 - 63256 - 00479 - 51689
2024-11-12,MN,Đồng Tháp,8,50142
2024-11-12,MN,Cà Mau,ĐB,86567
2024-11-12,MN,Cà Mau,1,83552
2024-11-12,MN,Cà Mau,2,27975
2024-11-12,MN,Cà Mau,3,93605 - 69095 - 23248 - 87838 - 28678 - 64241
2024-11-12,MN,Cà Mau,4,31547 - 82055 - 85102 - 33723 - 42683 - 94057
2024-11-12,MN,Cà Mau,5,19990 - 29146 - 01788
2024-11-12,MN,Cà Mau,6,17488 - 26040 - 78893
2024-11-12,MN,Cà Mau,7,02790 - 89815 - 97217 - 20325
2024-11-12,MN,Cà Mau,8,61438
2024-11-13,MB,Hà Nội,ĐB,84790
2024-11-13,MB,Hà Nội,1,31415
2024-11-13,MB,Hà Nội,2,98182
2024-11-13,MB,Hà Nội,3,59156 - 09260 - 76165 - 76579 - 94941 - 25310
2024-11-13,MB,Hà Nội,4,82261 - 03077 - 98637 - 35233 - 30108 - 91380
2024-11-13,MB,Hà Nội,5,76388 - 37822 - 26237
2024-11-13,MB,Hà Nội,6,87507 - 37574 - 37074
2024-11-13,MB,Hà Nội,7,06915 - 42387 - 47738 - 00021
2024-11-13,MT,Đà Nẵng,ĐB,35222
2024-11-13,MT,Đà Nẵng,1,80661
2024-11-13,MT,Đà Nẵng,2,05798
2024-11-13,MT,Đà Nẵng,3,75441 - 54092 - 63380 - 49750 - 08965 - 35047
2024-11-13,MT,Đà Nẵng,4,17482 - 82187 - 04480 - 56597 - 39742 - 14129
2024-11-13,MT,Đà Nẵng,5,95905 - 61195 - 14418
2024-11-13,MT,Đà Nẵng,6,06113 - 25850 - 63035
2024-11-13,MT,Đà Nẵng,7,35622 - 60612 - 13176 - 34840
2024-11-13,MT,Đà Nẵng,8,94221
2024-11-13,MT,Khánh Hòa,ĐB,25093
2024-11-13,MT,Khánh Hòa,1,91460
2024-11-13,MT,Khánh Hòa,2,10021
2024-11-13,MT,Khánh Hòa,3,90942 - 34960 - 50093 - 08275 - 52599 - 66452
2024-11-13,MT,Khánh Hòa,4,19478 - 16706 - 59272 - 80464 - 47555 - 79180
2024-11-13,MT,Khánh Hòa,5,08607 - 30042 - 84473
2024-11-13,MT,Khánh Hòa,6,81507 - 37014 - 05079
2024-11-13,MT,Khánh Hòa,7,57317 - 58788 - 75571 - 69667
2024-11-13,MT,Khánh Hòa,8,77012
2024-11-13,MN,TP. HCM,ĐB,71626
2024-11-13,MN,TP. HCM,1,01680
2024-11-13,MN,TP. HCM,2,33731
2024-11-13,MN,TP. HCM,3,90472 - 85288 - 54112 - 37661 - 94969 - 52352
2024-11-13,MN,TP. HCM,4,93065 - 84539 - 19458 - 81098 - 27426 - 67982
2024-11-13,MN,TP. HCM,5,97067 - 23109 - 95140
2024-11-13,MN,TP. HCM,6,08948 - 79970 - 63194
2024-11-13,MN,TP. HCM,7,93632 - 50623 - 15380 - 94041
2024-11-13,MN,TP. HCM,8,37640
2024-11-13,MN,Đồng Tháp,ĐB,11067
2024-11-13,MN,Đồng Tháp,1,65602
2024-11-13,MN,Đồng Tháp,2,97088
2024-11-13,MN,Đồng Tháp,3,22837 - 92141 - 36756 - 94925 - 17841 - 75608
2024-11-13,MN,Đồng Tháp,4,39240 - 18273 - 44397 - 79538 - 66603 - 68602
2024-11-13,MN,Đồng Tháp,5,38453 - 07315 - 50121
2024-11-13,MN,Đồng Tháp,6,47030 - 71531 - 17214
2024-11-13,MN,Đồng Tháp,7,77324 - 63402 - 16094 - 53383
2024-11-13,MN,Đồng Tháp,8,95389
2024-11-13,MN,Cà Mau,ĐB,27672
2024-11-13,MN,Cà Mau,1,43539
2024-11-13,MN,Cà Mau,2,21866
2024-11-13,MN,Cà Mau,3,25251 - 04200 - 09837 - 94479 - 57745 - 16871
2024-11-13,MN,Cà Mau,4,81065 - 28718 - 62319 - 45067 - 42770 - 77521
2024-11-13,MN,Cà Mau,5,44685 - 77997 - 64753
2024-11-13,MN,Cà Mau,6,17054 - 81870 - 84376
2024-11-13,MN,Cà Mau,7,30224 - 33260 - 74677 - 10692
2024-11-13,MN,Cà Mau,8,87572
2024-11-14,MB,Hà Nội,ĐB,98701
2024-11-14,MB,Hà Nội,1,85205
2024-11-14,MB,Hà Nội,2,64580
2024-11-14,MB,Hà Nội,3,47648 - 09529 - 34504 - 02480 - 45950 - 06240
2024-11-14,MB,Hà Nội,4,14896 - 82018 - 38641 - 26910 - 47175 - 63332
2024-11-14,MB,Hà Nội,5,38366 - 06010 - 08001
2024-11-14,MB,Hà Nội,6,25121 - 63789 - 46267
2024-11-14,MB,Hà Nội,7,91702 - 12089 - 71753 - 27665
2024-11-14,MT,Đà Nẵng,ĐB,34697
2024-11-14,MT,Đà Nẵng,1,47358
2024-11-14,MT,Đà Nẵng,2,33713
2024-11-14,MT,Đà Nẵng,3,13757 - 45838 - 64431 - 44188 - 05763 - 91236
2024-11-14,MT,Đà Nẵng,4,89014 - 93284 - 17591 - 51732 - 53148 - 79940
2024-11-14,MT,Đà Nẵng,5,80500 - 35695 - 79189
2024-11-14,MT,Đà Nẵng,6,99392 - 78615 - 60085
2024-11-14,MT,Đà Nẵng,7,61564 - 41667 - 72250 - 53600
2024-11-14,MT,Đà Nẵng,8,20935
2024-11-14,MT,Khánh Hòa,ĐB,87487
2024-11-14,MT,Khánh Hòa,1,64940
2024-11-14,MT,Khánh Hòa,2,97313
2024-11-14,MT,Khánh Hòa,3,52959 - 24884 - 83850 - 84741 - 62476 - 20808
2024-11-14,MT,Khánh Hòa,4,79941 - 18018 - 81683 - 28231 - 71104 - 85972
2024-11-14,MT,Khánh Hòa,5,46878 - 18388 - 08919
2024-11-14,MT,Khánh Hòa,6,91886 - 15892 - 97397
2024-11-14,MT,Khánh Hòa,7,24863 - 36613 - 33416 - 32327
2024-11-14,MT,Khánh Hòa,8,06196
2024-11-14,MN,TP. HCM,ĐB,05066
2024-11-14,MN,TP. HCM,1,16807
2024-11-14,MN,TP. HCM,2,52094
2024-11-14,MN,TP. HCM,3,54108 - 23476 - 84493 - 38502 - 55830 - 62319
2024-11-14,MN,TP. HCM,4,09147 - 16338 - 88052 - 36663 - 42506 - 34478
2024-11-14,MN,TP. HCM,5,33222 - 50679 - 87264
2024-11-14,MN,TP. HCM,6,01233 - 16289 - 90912
2024-11-14,MN,TP. HCM,7,18930 - 70923 - 30221 - 47174
2024-11-14,MN,TP. HCM,8,57426
2024-11-14,MN,Đồng Tháp,ĐB,02138
2024-11-14,MN,Đồng Tháp,1,61732
2024-11-14,MN,Đồng Tháp,2,04135
2024-11-14,MN,Đồng Tháp,3,25209 - 03139 - 24824 - 05110 - 28980 - 10611
2024-11-14,MN,Đồng Tháp,4,83998 - 94322 - 38874 - 25627 - 86576 - 00362
2024-11-14,MN,Đồng Tháp,5,91264 - 80027 - 60496
2024-11-14,MN,Đồng Tháp,6,99418 - 37700 - 66352
2024-11-14,MN,Đồng Tháp,7,90311 - 25271 - 07020 - 11171
2024-11-14,MN,Đồng Tháp,8,32664
2024-11-14,MN,Cà Mau,ĐB,90234
2024-11-14,MN,Cà Mau,1,68213
2024-11-14,MN,Cà Mau,2,57204
2024-11-14,MN,Cà Mau,3,24593 - 34737 - 72687 - 02310 - 25919 - 69905
2024-11-14,MN,Cà Mau,4,52947 - 83667 - 69552 - 81885 - 10428 - 68476
2024-11-14,MN,Cà Mau,5,35412 - 53527 - 81741
2024-11-14,MN,Cà Mau,6,48276 - 85813 - 04665
2024-11-14,MN,Cà Mau,7,25866 - 07486 - 37476 - 88445
2024-11-14,MN,Cà Mau,8,63612
2024-11-15,MB,Hà Nội,ĐB,55089
2024-11-15,MB,Hà Nội,1,05115
2024-11-15,MB,Hà Nội,2,99446
2024-11-15,MB,Hà Nội,3,52203 - 76555 - 16547 - 05544 - 95360 - 73520
2024-11-15,MB,Hà Nội,4,03987 - 03109 - 40734 - 94325 - 65481 - 67946
2024-11-15,MB,Hà Nội,5,44417 - 20019 - 59246
2024-11-15,MB,Hà Nội,6,84693 - 39654 - 70277
2024-11-15,MB,Hà Nội,7,60106 - 17837 - 85751 - 21534
2024-11-15,MT,Đà Nẵng,ĐB,58036
2024-11-15,MT,Đà Nẵng,1,00737
2024-11-15,MT,Đà Nẵng,2,46828
2024-11-15,MT,Đà Nẵng,3,40818 - 04667 - 87086 - 91194 - 12061 - 77341
2024-11-15,MT,Đà Nẵng,4,28302 - 95787 - 92773 - 84394 - 84264 - 67671
2024-11-15,MT,Đà Nẵng,5,66387 - 41321 - 33000
2024-11-15,MT,Đà Nẵng,6,83220 - 70192 - 02175
2024-11-15,MT,Đà Nẵng,7,01036 - 66482 - 89801 - 25045
2024-11-15,MT,Đà Nẵng,8,15185
2024-11-15,MT,Khánh Hòa,ĐB,65481
2024-11-15,MT,Khánh Hòa,1,38953
2024-11-15,MT,Khánh Hòa,2,29247
2024-11-15,MT,Khánh Hòa,3,79647 - 66942 - 66311 - 85072 - 71302 - 26832
2024-11-15,MT,Khánh Hòa,4,71661 - 91109 - 50080 - 04430 - 38123 - 38282
2024-11-15,MT,Khánh Hòa,5,87270 - 92539 - 86417
2024-11-15,MT,Khánh Hòa,6,49010 - 90188 - 72727
2024-11-15,MT,Khánh Hòa,7,30090 - 87028 - 82522 - 73289
2024-11-15,MT,Khánh Hòa,8,72211
2024-11-15,MN,TP. HCM,ĐB,25140
2024-11-15,MN,TP. HCM,1,73784
2024-11-15,MN,TP. HCM,2,42534
2024-11-15,MN,TP. HCM,3,69539 - 34790 - 00821 - 00162 - 82186 - 01775
2024-11-15,MN,TP. HCM,4,59617 - 19449 - 93872 - 08753 - 15154 - 36247
2024-11-15,MN,TP. HCM,5,91371 - 04709 - 76017
2024-11-15,MN,TP. HCM,6,61761 - 02433 - 09773
2024-11-15,MN,TP. HCM,7,03739 - 79912 - 15101 - 68321
2024-11-15,MN,TP. HCM,8,84260
2024-11-15,MN,Đồng Tháp,ĐB,71183
2024-11-15,MN,Đồng Tháp,1,99193
2024-11-15,MN,Đồng Tháp,2,90499
2024-11-15,MN,Đồng Tháp,3,00916 - 88103 - 69306 - 65209 - 87121 - 47189
2024-11-15,MN,Đồng Tháp,4,69430 - 10550 - 45164 - 51337 - 25211 - 55847
2024-11-15,MN,Đồng Tháp,5,64917 - 56250 - 56592
2024-11-15,MN,Đồng Tháp,6,29906 - 34080 - 04786
2024-11-15,MN,Đồng Tháp,7,25224 - 23392 - 32041 - 45952
2024-11-15,MN,Đồng Tháp,8,97686
2024-11-15,MN,Cà Mau,ĐB,31491
2024-11-15,MN,Cà Mau,1,83926
2024-11-15,MN,Cà Mau,2,65533
2024-11-15,MN,Cà Mau,3,93510 - 98993 - 74358 - 45977 - 66149 - 38839
2024-11-15,MN,Cà Mau,4,81333 - 11804 - 29740 - 62541 - 06648 - 37450
2024-11-15,MN,Cà Mau,5,06219 - 68190 - 11993
2024-11-15,MN,Cà Mau,6,34579 - 74463 - 15962
2024-11-15,MN,Cà Mau,7,98732 - 07049 - 61530 - 19401
2024-11-15,MN,Cà Mau,8,61991
2024-11-16,MB,Hà Nội,ĐB,76433
2024-11-16,MB,Hà Nội,1,86666
2024-11-16,MB,Hà Nội,2,58061
2024-11-16,MB,Hà Nội,3,48035 - 21830 - 67972 - 70431 - 25786 - 73433
2024-11-16,MB,Hà Nội,4,67273 - 59567 - 41763 - 28851 - 84382 - 45063
2024-11-16,MB,Hà Nội,5,28801 - 94201 - 49782
2024-11-16,MB,Hà Nội,6,46245 - 47720 - 04196
2024-11-16,MB,Hà Nội,7,76080 - 07474 - 92700 - 69499
2024-11-16,MT,Đà Nẵng,ĐB,70451
2024-11-16,MT,Đà Nẵng,1,75719
2024-11-16,MT,Đà Nẵng,2,44851
2024-11-16,MT,Đà Nẵng,3,33615 - 74381 - 09293 - 05237 - 00808 - 49850
2024-11-16,MT,Đà Nẵng,4,16228 - 56752 - 30698 - 31159 - 05929 - 11345
2024-11-16,MT,Đà Nẵng,5,50785 - 75855 - 56603
2024-11-16,MT,Đà Nẵng,6,31904 - 57536 - 01618
2024-11-16,MT,Đà Nẵng,7,61893 - 48903 - 85619 - 14066
2024-11-16,MT,Đà Nẵng,8,29310
2024-11-16,MT,Khánh Hòa,ĐB,90183
2024-11-16,MT,Khánh Hòa,1,23665
2024-11-16,MT,Khánh Hòa,2,38794
2024-11-16,MT,Khánh Hòa,3,82210 - 50313 - 55986 - 42579 - 74251 - 91694
2024-11-16,MT,Khánh Hòa,4,55590 - 08470 - 38581 - 56439 - 53288 - 33237
2024-11-16,MT,Khánh Hòa,5,07016 - 49111 - 30254
2024-11-16,MT,Khánh Hòa,6,78630 - 41679 - 85571
2024-11-16,MT,Khánh Hòa,7,78298 - 51631 - 77086 - 88394
2024-11-16,MT,Khánh Hòa,8,24004
2024-11-16,MN,TP. HCM,ĐB,86396
2024-11-16,MN,TP. HCM,1,05603
2024-11-16,MN,TP. HCM,2,64765
2024-11-16,MN,TP. HCM,3,50338 - 88645 - 41532 - 71393 - 43515 - 30770
2024-11-16,MN,TP. HCM,4,33000 - 76605 - 99242 - 63963 - 86384 - 77615
2024-11-16,MN,TP. HCM,5,56490 - 61431 - 21904
2024-11-16,MN,TP. HCM,6,77223 - 90317 - 27090
2024-11-16,MN,TP. HCM,7,85057 - 55407 - 88681 - 75522
2024-11-16,MN,TP. HCM,8,29320
2024-11-16,MN,Đồng Tháp,ĐB,74547
2024-11-16,MN,Đồng Tháp,1,12637
2024-11-16,MN,Đồng Tháp,2,35210
2024-11-16,MN,Đồng Tháp,3,35187 - 85339 - 26379 - 26857 - 71536 - 11231
2024-11-16,MN,Đồng Tháp,4,64894 - 50973 - 60311 - 73157 - 59507 - 81095
2024-11-16,MN,Đồng Tháp,5,92396 - 31303 - 77530
2024-11-16,MN,Đồng Tháp,6,97459 - 04291 - 91856
2024-11-16,MN,Đồng Tháp,7,56244 - 92413 - 35992 - 26051
2024-11-16,MN,Đồng Tháp,8,45603
2024-11-16,MN,Cà Mau,ĐB,29477
2024-11-16,MN,Cà Mau,1,69775
2024-11-16,MN,Cà Mau,2,50861
2024-11-16,MN,Cà Mau,3,57348 - 78839 - 32715 - 52510 - 62527 - 82326
2024-11-16,MN,Cà Mau,4,26883 - 04826 - 34084 - 71698 - 81832 - 89438
2024-11-16,MN,Cà Mau,5,71167 - 57788 - 92212
2024-11-16,MN,Cà Mau,6,51425 - 06124 - 96665
2024-11-16,MN,Cà Mau,7,36788 - 59243 - 00759 - 05789
2024-11-16,MN,Cà Mau,8,97766
2024-11-17,MB,Hà Nội,ĐB,87125
2024-11-17,MB,Hà Nội,1,36045
2024-11-17,MB,Hà Nội,2,51467
2024-11-17,MB,Hà Nội,3,77302 - 05393 - 01915 - 45226 - 32080 - 31498
2024-11-17,MB,Hà Nội,4,18278 - 25411 - 50858 - 78908 - 70202 - 75583
2024-11-17,MB,Hà Nội,5,46185 - 95061 - 90691
2024-11-17,MB,Hà Nội,6,83683 - 11956 - 04093
2024-11-17,MB,Hà Nội,7,47245 - 58486 - 24632 - 70274
2024-11-17,MT,Đà Nẵng,ĐB,25765
2024-11-17,MT,Đà Nẵng,1,50463
2024-11-17,MT,Đà Nẵng,2,13465
2024-11-17,MT,Đà Nẵng,3,58137 - 97368 - 59894 - 19134 - 58718 - 57177
2024-11-17,MT,Đà Nẵng,4,45872 - 93834 - 37340 - 53061 - 40921 - 14776
2024-11-17,MT,Đà Nẵng,5,28661 - 74794 - 70299
2024-11-17,MT,Đà Nẵng,6,28458 - 62801 - 65072
2024-11-17,MT,Đà Nẵng,7,94142 - 17249 - 91001 - 11884
2024-11-17,MT,Đà Nẵng,8,61561
2024-11-17,MT,Khánh Hòa,ĐB,95213
2024-11-17,MT,Khánh Hòa,1,40321
2024-11-17,MT,Khánh Hòa,2,88672
2024-11-17,MT,Khánh Hòa,3,87764 - 64770 - 63755 - 21655 - 53645 - 86411
2024-11-17,MT,Khánh Hòa,4,56009 - 14382 - 19023 - 79261 - 52421 - 62120
2024-11-17,MT,Khánh Hòa,5,88700 - 45484 - 40416
2024-11-17,MT,Khánh Hòa,6,79389 - 26148 - 28405
2024-11-17,MT,Khánh Hòa,7,54726 - 42465 - 31436 - 21413
2024-11-17,MT,Khánh Hòa,8,16370
2024-11-17,MN,TP. HCM,ĐB,54087
2024-11-17,MN,TP. HCM,1,85819
2024-11-17,MN,TP. HCM,2,90983
2024-11-17,MN,TP. HCM,3,05330 - 68755 - 70104 - 44736 - 30461 - 42002
2024-11-17,MN,TP. HCM,4,05011 - 47468 - 00417 - 15124 - 74712 - 98343
2024-11-17,MN,TP. HCM,5,31960 - 70374 - 66544
2024-11-17,MN,TP. HCM,6,44993 - 74559 - 10802
2024-11-17,MN,TP. HCM,7,13027 - 38243 - 86214 - 90583
2024-11-17,MN,TP. HCM,8,23033
2024-11-17,MN,Đồng Tháp,ĐB,84120
2024-11-17,MN,Đồng Tháp,1,71657
2024-11-17,MN,Đồng Tháp,2,08471
2024-11-17,MN,Đồng Tháp,3,10018 - 33641 - 52038 - 54187 - 21790 - 82208
2024-11-17,MN,Đồng Tháp,4,18443 - 49962 - 93017 - 01687 - 09555 - 93282
2024-11-17,MN,Đồng Tháp,5,98266 - 30753 - 59612
2024-11-17,MN,Đồng Tháp,6,78857 - 90745 - 96769
2024-11-17,MN,Đồng Tháp,7,73194 - 98765 - 35454 - 85764
2024-11-17,MN,Đồng Tháp,8,62691
2024-11-17,MN,Cà Mau,ĐB,37823
2024-11-17,MN,Cà Mau,1,55722
2024-11-17,MN,Cà Mau,2,01237
2024-11-17,MN,Cà Mau,3,74747 - 81585 - 42306 - 16021 - 31034 - 76534
2024-11-17,MN,Cà Mau,4,22755 - 29980 - 89371 - 24018 - 99084 - 87621
2024-11-17,MN,Cà Mau,5,82296 - 64741 - 34807
2024-11-17,MN,Cà Mau,6,21293 - 28398 - 52672
2024-11-17,MN,Cà Mau,7,82360 - 67123 - 96015 - 15189
2024-11-17,MN,Cà Mau,8,81976
2024-11-18,MB,Hà Nội,ĐB,46951
2024-11-18,MB,Hà Nội,1,03163
2024-11-18,MB,Hà Nội,2,40679
2024-11-18,MB,Hà Nội,3,42196 - 12146 - 92070 - 20911 - 73920 - 79047
2024-11-18,MB,Hà Nội,4,94247 - 86619 - 84109 - 43420 - 70222 - 46191
2024-11-18,MB,Hà Nội,5,59940 - 34328 - 26074
2024-11-18,MB,Hà Nội,6,84907 - 63049 - 94743
2024-11-18,MB,Hà Nội,7,99765 - 02518 - 26919 - 60181
2024-11-18,MT,Đà Nẵng,ĐB,41187
2024-11-18,MT,Đà Nẵng,1,78421
2024-11-18,MT,Đà Nẵng,2,96335
2024-11-18,MT,Đà Nẵng,3,17170 - 35273 - 14560 - 12629 - 25044 - 31616
2024-11-18,MT,Đà Nẵng,4,03462 - 25871 - 08553 - 68567 - 13416 - 67237
2024-11-18,MT,Đà Nẵng,5,76004 - 81118 - 39063
2024-11-18,MT,Đà Nẵng,6,56048 - 59738 - 19748
2024-11-18,MT,Đà Nẵng,7,09452 - 86238 - 96670 - 11507
2024-11-18,MT,Đà Nẵng,8,83469
2024-11-18,MT,Khánh Hòa,ĐB,26574
2024-11-18,MT,Khánh Hòa,1,02647
2024-11-18,MT,Khánh Hòa,2,37885
2024-11-18,MT,Khánh Hòa,3,42328 - 84976 - 03921 - 82214 - 10425 - 83702
2024-11-18,MT,Khánh Hòa,4,21334 - 53550 - 38365 - 94112 - 48119 - 85137
2024-11-18,MT,Khánh Hòa,5,04494 - 28289 - 08946
2024-11-18,MT,Khánh Hòa,6,01884 - 77024 - 78191
2024-11-18,MT,Khánh Hòa,7,93755 - 60237 - 38713 - 28377
2024-11-18,MT,Khánh Hòa,8,15771
2024-11-18,MN,TP. HCM,ĐB,11146
2024-11-18,MN,TP. HCM,1,73493
2024-11-18,MN,TP. HCM,2,48612
2024-11-18,MN,TP. HCM,3,32252 - 04574 - 21089 - 48007 - 12983 - 35960
2024-11-18,MN,TP. HCM,4,07694 - 13512 - 06184 - 83006 - 69843 - 05628
2024-11-18,MN,TP. HCM,5,41177 - 21461 - 49643
2024-11-18,MN,TP. HCM,6,16152 - 77620 - 60067
2024-11-18,MN,TP. HCM,7,56594 - 31643 - 75263 - 72836
2024-11-18,MN,TP. HCM,8,81681
2024-11-18,MN,Đồng Tháp,ĐB,03777
2024-11-18,MN,Đồng Tháp,1,11875
2024-11-18,MN,Đồng Tháp,2,31082
2024-11-18,MN,Đồng Tháp,3,25250 - 01295 - 26344 - 80103 - 00981 - 93244
2024-11-18,MN,Đồng Tháp,4,28739 - 38516 - 95712 - 94848 - 18413 - 92345
2024-11-18,MN,Đồng Tháp,5,60042 - 90169 - 29121
2024-11-18,MN,Đồng Tháp,6,80938 - 33553 - 37630
2024-11-18,MN,Đồng Tháp,7,50181 - 86437 - 79644 - 91396
2024-11-18,MN,Đồng Tháp,8,60749
2024-11-18,MN,Cà Mau,ĐB,36055
2024-11-18,MN,Cà Mau,1,08933
2024-11-18,MN,Cà Mau,2,68377
2024-11-18,MN,Cà Mau,3,88211 - 26571 - 34056 - 09408 - 44979 - 26124
2024-11-18,MN,Cà Mau,4,90007 - 19216 - 40955 - 12964 - 11631 - 85743
2024-11-18,MN,Cà Mau,5,83273 - 80114 - 69830
2024-11-18,MN,Cà Mau,6,85504 - 46561 - 16777
2024-11-18,MN,Cà Mau,7,67573 - 33234 - 64633 - 80981
2024-11-18,MN,Cà Mau,8,29698
2024-11-19,MB,Hà Nội,ĐB,62829
2024-11-19,MB,Hà Nội,1,54641
2024-11-19,MB,Hà Nội,2,57737
2024-11-19,MB,Hà Nội,3,71324 - 50664 - 08470 - 06929 - 93345 - 53448
2024-11-19,MB,Hà Nội,4,21026 - 55445 - 47931 - 05743 - 76364 - 63814
2024-11-19,MB,Hà Nội,5,98933 - 67264 - 54573
2024-11-19,MB,Hà Nội,6,17810 - 77210 - 67780
2024-11-19,MB,Hà Nội,7,73559 - 74541 - 12957 - 00889
2024-11-19,MT,Đà Nẵng,ĐB,25520
2024-11-19,MT,Đà Nẵng,1,87275
2024-11-19,MT,Đà Nẵng,2,16226
2024-11-19,MT,Đà Nẵng,3,25162 - 29608 - 05326 - 30689 - 74829 - 03273
2024-11-19,MT,Đà Nẵng,4,48451 - 88230 - 78557 - 03324 - 47169 - 98760
2024-11-19,MT,Đà Nẵng,5,56799 - 64831 - 76886
2024-11-19,MT,Đà Nẵng,6,82173 - 48689 - 68935
2024-11-19,MT,Đà Nẵng,7,42597 - 37067 - 19276 - 57694
2024-11-19,MT,Đà Nẵng,8,32891
2024-11-19,MT,Khánh Hòa,ĐB,00170
2024-11-19,MT,Khánh Hòa,1,92382
2024-11-19,MT,Khánh Hòa,2,72109
2024-11-19,MT,Khánh Hòa,3,58138 - 20768 - 71305 - 51705 - 48589 - 69626
2024-11-19,MT,Khánh Hòa,4,95414 - 37609 - 39005 - 66153 - 16784 - 55002
2024-11-19,MT,Khánh Hòa,5,96576 - 08281 - 67995
2024-11-19,MT,Khánh Hòa,6,41669 - 87821 - 26053
2024-11-19,MT,Khánh Hòa,7,85998 - 89517 - 55906 - 72372
2024-11-19,MT,Khánh Hòa,8,36180
2024-11-19,MN,TP. HCM,ĐB,82490
2024-11-19,MN,TP. HCM,1,29160
2024-11-19,MN,TP. HCM,2,28823
2024-11-19,MN,TP. HCM,3,89939 - 65921 - 55177 - 51964 - 18253 - 51237
2024-11-19,MN,TP. HCM,4,46992 - 30570 - 12733 - 94107 - 38038 - 43670
2024-11-19,MN,TP. HCM,5,28320 - 93512 - 64145
2024-11-19,MN,TP. HCM,6,34408 - 22206 - 80206
2024-11-19,MN,TP. HCM,7,06709 - 25785 - 15532 - 37331
2024-11-19,MN,TP. HCM,8,62120
2024-11-19,MN,Đồng Tháp,ĐB,67092
2024-11-19,MN,Đồng Tháp,1,12201
2024-11-19,MN,Đồng Tháp,2,87012
2024-11-19,MN,Đồng Tháp,3,64146 - 42049 - 45085 - 68736 - 77686 - 40554
2024-11-19,MN,Đồng Tháp,4,03079 - 59610 - 68063 - 73757 - 55429 - 39634
2024-11-19,MN,Đồng Tháp,5,35512 - 06323 - 49857
2024-11-19,MN,Đồng Tháp,6,00174 - 02185 - 71289
2024-11-19,MN,Đồng Tháp,7,79868 - 30147 - 05965 - 36329
2024-11-19,MN,Đồng Tháp,8,52269
2024-11-19,MN,Cà Mau,ĐB,95883
2024-11-19,MN,Cà Mau,1,73614
2024-11-19,MN,Cà Mau,2,09414
2024-11-19,MN,Cà Mau,3,17904 - 29041 - 47166 - 53621 - 75337 - 47952
2024-11-19,MN,Cà Mau,4,58163 - 51987 - 33481 - 67959 - 67139 - 97793
2024-11-19,MN,Cà Mau,5,22574 - 01206 - 41091
2024-11-19,MN,Cà Mau,6,51981 - 74098 - 04052
2024-11-19,MN,Cà Mau,7,41155 - 83762 - 70035 - 67112
2024-11-19,MN,Cà Mau,8,19190
2024-11-20,MB,Hà Nội,ĐB,74448
2024-11-20,MB,Hà Nội,1,66502
2024-11-20,MB,Hà Nội,2,90455
2024-11-20,MB,Hà Nội,3,61277 - 52954 - 02602 - 57925 - 44611 - 34438
2024-11-20,MB,Hà Nội,4,53985 - 28535 - 45257 - 13159 - 01440 - 85179
2024-11-20,MB,Hà Nội,5,10047 - 86063 - 53825
2024-11-20,MB,Hà Nội,6,94386 - 30213 - 20213
2024-11-20,MB,Hà Nội,7,92146 - 63137 - 44715 - 43570
2024-11-20,MT,Đà Nẵng,ĐB,23637
2024-11-20,MT,Đà Nẵng,1,30186
2024-11-20,MT,Đà Nẵng,2,11171
2024-11-20,MT,Đà Nẵng,3,70253 - 28334 - 84259 - 45868 - 87084 - 79786
2024-11-20,MT,Đà Nẵng,4,68315 - 22688 - 50207 - 81198 - 94356 - 82760
2024-11-20,MT,Đà Nẵng,5,04592 - 06112 - 74996
2024-11-20,MT,Đà Nẵng,6,54464 - 86365 - 13109
2024-11-20,MT,Đà Nẵng,7,66095 - 79218 - 49655 - 47328
2024-11-20,MT,Đà Nẵng,8,63865
2024-11-20,MT,Khánh Hòa,ĐB,63132
2024-11-20,MT,Khánh Hòa,1,66761
2024-11-20,MT,Khánh Hòa,2,01558
2024-11-20,MT,Khánh Hòa,3,72041 - 48987 - 57355 - 28005 - 10551 - 03627
2024-11-20,MT,Khánh Hòa,4,66971 - 09174 - 51412 - 19673 - 23249 - 05941
2024-11-20,MT,Khánh Hòa,5,32021 - 96728 - 08752
2024-11-20,MT,Khánh Hòa,6,83058 - 70024 - 71760
2024-11-20,MT,Khánh Hòa,7,10604 - 30300 - 61659 - 93284
2024-11-20,MT,Khánh Hòa,8,95442
2024-11-20,MN,TP. HCM,ĐB,43645
2024-11-20,MN,TP. HCM,1,33495
2024-11-20,MN,TP. HCM,2,56850
2024-11-20,MN,TP. HCM,3,07787 - 93179 - 90545 - 51974 - 22971 - 58010
2024-11-20,MN,TP. HCM,4,55638 - 26553 - 74580 - 95474 - 98544 - 96549
2024-11-20,MN,TP. HCM,5,46873 - 63598 - 85650
2024-11-20,MN,TP. HCM,6,03336 - 80545 - 48585
2024-11-20,MN,TP. HCM,7,03650 - 29102 - 58567 - 70473
2024-11-20,MN,TP. HCM,8,25569
2024-11-20,MN,Đồng Tháp,ĐB,61198
2024-11-20,MN,Đồng Tháp,1,70092
2024-11-20,MN,Đồng Tháp,2,57101
2024-11-20,MN,Đồng Tháp,3,04347 - 75805 - 32110 - 42002 - 32792 - 34261
2024-11-20,MN,Đồng Tháp,4,19866 - 67018 - 94166 - 93502 - 62908 - 37071
2024-11-20,MN,Đồng Tháp,5,78033 - 25702 - 07029
2024-11-20,MN,Đồng Tháp,6,70028 - 00526 - 51923
2024-11-20,MN,Đồng Tháp,7,37355 - 24931 - 11361 - 12231
2024-11-20,MN,Đồng Tháp,8,22229
2024-11-20,MN,Cà Mau,ĐB,83421
2024-11-20,MN,Cà Mau,1,96163
2024-11-20,MN,Cà Mau,2,61491
2024-11-20,MN,Cà Mau,3,39002 - 84095 - 62912 - 36226 - 33620 - 72862
2024-11-20,MN,Cà Mau,4,44224 - 54286 - 64957 - 51431 - 15100 - 34955
2024-11-20,MN,Cà Mau,5,85436 - 83761 - 62905
2024-11-20,MN,Cà Mau,6,53668 - 44165 - 19836
2024-11-20,MN,Cà Mau,7,99510 - 48297 - 75031 - 55018
2024-11-20,MN,Cà Mau,8,56996
2024-11-21,MB,Hà Nội,ĐB,72373
2024-11-21,MB,Hà Nội,1,05569
2024-11-21,MB,Hà Nội,2,36672
2024-11-21,MB,Hà Nội,3,33689 - 05925 - 90262 - 06568 - 36479 - 10991
2024-11-21,MB,Hà Nội,4,43507 - 21820 - 24945 - 26511 - 36851 - 47245
2024-11-21,MB,Hà Nội,5,59783 - 32406 - 65015
2024-11-21,MB,Hà Nội,6,30984 - 48707 - 73047
2024-11-21,MB,Hà Nội,7,66299 - 64019 - 87101 - 70005
2024-11-21,MT,Đà Nẵng,ĐB,61304
2024-11-21,MT,Đà Nẵng,1,46653
2024-11-21,MT,Đà Nẵng,2,75822
2024-11-21,MT,Đà Nẵng,3,96023 - 02805 - 69316 - 11322 - 61981 - 50715
2024-11-21,MT,Đà Nẵng,4,93536 - 90783 - 04762 - 65322 - 50508 - 22354
2024-11-21,MT,Đà Nẵng,5,52463 - 21674 - 55936
2024-11-21,MT,Đà Nẵng,6,14537 - 18445 - 16254
2024-11-21,MT,Đà Nẵng,7,18558 - 33579 - 91232 - 14423
2024-11-21,MT,Đà Nẵng,8,37856
2024-11-21,MT,Khánh Hòa,ĐB,46290
2024-11-21,MT,Khánh Hòa,1,28395
2024-11-21,MT,Khánh Hòa,2,00584
2024-11-21,MT,Khánh Hòa,3,65620 - 31622 - 42582 - 86687 - 13758 - 19331
2024-11-21,MT,Khánh Hòa,4,87837 - 93906 - 12826 - 01011 - 79086 - 60555
2024-11-21,MT,Khánh Hòa,5,63624 - 25319 - 15682
2024-11-21,MT,Khánh Hòa,6,02714 - 77241 - 84613
2024-11-21,MT,Khánh Hòa,7,99773 - 40687 - 39277 - 37489
2024-11-21,MT,Khánh Hòa,8,99997
2024-11-21,MN,TP. HCM,ĐB,11775
2024-11-21,MN,TP. HCM,1,75419
2024-11-21,MN,TP. HCM,2,95993
2024-11-21,MN,TP. HCM,3,44790 - 52383 - 86438 - 20696 - 68316 - 41509
2024-11-21,MN,TP. HCM,4,40396 - 90204 - 56670 - 01280 - 34453 - 90152
2024-11-21,MN,TP. HCM,5,89814 - 61650 - 87483
2024-11-21,MN,TP. HCM,6,95184 - 10758 - 99784
2024-11-21,MN,TP. HCM,7,58491 - 15395 - 48681 - 09753
2024-11-21,MN,TP. HCM,8,88453
2024-11-21,MN,Đồng Tháp,ĐB,86411
2024-11-21,MN,Đồng Tháp,1,48886
2024-11-21,MN,Đồng Tháp,2,09944
2024-11-21,MN,Đồng Tháp,3,60977 - 67601 - 32184 - 10471 - 82571 - 84047
2024-11-21,MN,Đồng Tháp,4,34638 - 30689 - 01628 - 14379 - 17766 - 28680
2024-11-21,MN,Đồng Tháp,5,38703 - 60509 - 21816
2024-11-21,MN,Đồng Tháp,6,20719 - 61789 - 60842
2024-11-21,MN,Đồng Tháp,7,13741 - 66382 - 42863 - 08438
2024-11-21,MN,Đồng Tháp,8,59455
2024-11-21,MN,Cà Mau,ĐB,54503
2024-11-21,MN,Cà Mau,1,39660
2024-11-21,MN,Cà Mau,2,59980
2024-11-21,MN,Cà Mau,3,74573 - 49381 - 65703 - 36120 - 23280 - 38660
2024-11-21,MN,Cà Mau,4,54678 - 70748 - 40934 - 31392 - 25375 - 11019
2024-11-21,MN,Cà Mau,5,36353 - 28837 - 73106
2024-11-21,MN,Cà Mau,6,14266 - 93738 - 80572
2024-11-21,MN,Cà Mau,7,25929 - 16022 - 39471 - 53016
2024-11-21,MN,Cà Mau,8,08923
2024-11-22,MB,Hà Nội,ĐB,77050
2024-11-22,MB,Hà Nội,1,11500
2024-11-22,MB,Hà Nội,2,66853
2024-11-22,MB,Hà Nội,3,05093 - 67322 - 60037 - 37142 - 69457 - 52222
2024-11-22,MB,Hà Nội,4,27972 - 85093 - 87680 - 08372 - 71502 - 94227
2024-11-22,MB,Hà Nội,5,34344 - 21386 - 94254
2024-11-22,MB,Hà Nội,6,05964 - 41017 - 39827
2024-11-22,MB,Hà Nội,7,36424 - 72029 - 50403 - 20904
2024-11-22,MT,Đà Nẵng,ĐB,91142
2024-11-22,MT,Đà Nẵng,1,24905
2024-11-22,MT,Đà Nẵng,2,17763
2024-11-22,MT,Đà Nẵng,3,69429 - 19995 - 05446 - 98401 - 46642 - 04792
2024-11-22,MT,Đà Nẵng,4,47331 - 79239 - 64383 - 28433 - 73932 - 23048
2024-11-22,MT,Đà Nẵng,5,06012 - 65892 - 66653
2024-11-22,MT,Đà Nẵng,6,70359 - 55890 - 67247
2024-11-22,MT,Đà Nẵng,7,22641 - 20892 - 38879 - 73926
2024-11-22,MT,Đà Nẵng,8,14235
2024-11-22,MT,Khánh Hòa,ĐB,22300
2024-11-22,MT,Khánh Hòa,1,05631
2024-11-22,MT,Khánh Hòa,2,46287
2024-11-22,MT,Khánh Hòa,3,84149 - 91535 - 80757 - 30613 - 74943 - 34720
2024-11-22,MT,Khánh Hòa,4,02833 - 69468 - 06341 - 97190 - 55418 - 82024
2024-11-22,MT,Khánh Hòa,5,64395 - 62611 - 39651
2024-11-22,MT,Khánh Hòa,6,67842 - 92590 - 26142
2024-11-22,MT,Khánh Hòa,7,24189 - 94663 - 20043 - 17411
2024-11-22,MT,Khánh Hòa,8,91905
2024-11-22,MN,TP. HCM,ĐB,62365
2024-11-22,MN,TP. HCM,1,64702
2024-11-22,MN,TP. HCM,2,82779
2024-11-22,MN,TP. HCM,3,87928 - 02812 - 54497 - 15631 - 17070 - 56605
2024-11-22,MN,TP. HCM,4,04727 - 05671 - 77468 - 52363 - 77049 - 94334
2024-11-22,MN,TP. HCM,5,42544 - 22020 - 11428
2024-11-22,MN,TP. HCM,6,62615 - 46791 - 15810
2024-11-22,MN,TP. HCM,7,38814 - 14304 - 38459 - 78667
2024-11-22,MN,TP. HCM,8,00179
2024-11-22,MN,Đồng Tháp,ĐB,31179
2024-11-22,MN,Đồng Tháp,1,39386
2024-11-22,MN,Đồng Tháp,2,80360
2024-11-22,MN,Đồng Tháp,3,00570 - 01227 - 72095 - 63913 - 78716 - 86920
2024-11-22,MN,Đồng Tháp,4,88025 - 35871 - 89087 - 64873 - 36251 - 35308
2024-11-22,MN,Đồng Tháp,5,09483 - 81242 - 92585
2024-11-22,MN,Đồng Tháp,6,30205 - 82230 - 37153
2024-11-22,MN,Đồng Tháp,7,15655 - 87044 - 55040 - 83438
2024-11-22,MN,Đồng Tháp,8,40559
2024-11-22,MN,Cà Mau,ĐB,90580
2024-11-22,MN,Cà Mau,1,45572
2024-11-22,MN,Cà Mau,2,46548
2024-11-22,MN,Cà Mau,3,01931 - 73225 - 64564 - 44889 - 76753 - 58577
2024-11-22,MN,Cà Mau,4,90731 - 15529 - 00485 - 16733 - 41974 - 45025
2024-11-22,MN,Cà Mau,5,43582 - 30312 - 48217
2024-11-22,MN,Cà Mau,6,33992 - 91529 - 13357
2024-11-22,MN,Cà Mau,7,99055 - 60228 - 41004 - 61443
2024-11-22,MN,Cà Mau,8,11591
2024-11-23,MB,Hà Nội,ĐB,08505
2024-11-23,MB,Hà Nội,1,02835
2024-11-23,MB,Hà Nội,2,45017
2024-11-23,MB,Hà Nội,3,53463 - 96121 - 61163 - 76697 - 24974 - 83210
2024-11-23,MB,Hà Nội,4,17353 - 76562 - 68341 - 78444 - 62152 - 51498
2024-11-23,MB,Hà Nội,5,87835 - 99020 - 74336
2024-11-23,MB,Hà Nội,6,24219 - 14949 - 10667
2024-11-23,MB,Hà Nội,7,67225 - 47389 - 52051 - 99988
2024-11-23,MT,Đà Nẵng,ĐB,80444
2024-11-23,MT,Đà Nẵng,1,36489
2024-11-23,MT,Đà Nẵng,2,71332
2024-11-23,MT,Đà Nẵng,3,34893 - 58139 - 26278 - 26351 - 16657 - 92133
2024-11-23,MT,Đà Nẵng,4,40686 - 44804 - 21001 - 52288 - 65958 - 95723
2024-11-23,MT,Đà Nẵng,5,98394 - 77787 - 58305
2024-11-23,MT,Đà Nẵng,6,74102 - 18833 - 55974
2024-11-23,MT,Đà Nẵng,7,26397 - 25228 - 11750 - 23420
2024-11-23,MT,Đà Nẵng,8,56151
2024-11-23,MT,Khánh Hòa,ĐB,47438
2024-11-23,MT,Khánh Hòa,1,69771
2024-11-23,MT,Khánh Hòa,2,95122
2024-11-23,MT,Khánh Hòa,3,71266 - 16506 - 24302 - 36676 - 45260 - 38022
2024-11-23,MT,Khánh Hòa,4,52430 - 15224 - 14905 - 27218 - 88628 - 57601
2024-11-23,MT,Khánh Hòa,5,11546 - 35303 - 06666
2024-11-23,MT,Khánh Hòa,6,03169 - 37119 - 39122
2024-11-23,MT,Khánh Hòa,7,59558 - 71184 - 94729 - 21044
2024-11-23,MT,Khánh Hòa,8,41739
2024-11-23,MN,TP. HCM,ĐB,19866
2024-11-23,MN,TP. HCM,1,11055
2024-11-23,MN,TP. HCM,2,11072
2024-11-23,MN,TP. HCM,3,41154 - 40005 - 39192 - 91894 - 83382 - 49471
2024-11-23,MN,TP. HCM,4,18819 - 08130 - 21630 - 03730 - 57033 - 74246
2024-11-23,MN,TP. HCM,5,51662 - 71416 - 18630
2024-11-23,MN,TP. HCM,6,19981 - 53590 - 82665
2024-11-23,MN,TP. HCM,7,21089 - 28684 - 66965 - 22925
2024-11-23,MN,TP. HCM,8,75735
2024-11-23,MN,Đồng Tháp,ĐB,39201
2024-11-23,MN,Đồng Tháp,1,88456
2024-11-23,MN,Đồng Tháp,2,15724
2024-11-23,MN,Đồng Tháp,3,54281 - 54380 - 38425 - 58262 - 55357 - 24743
2024-11-23,MN,Đồng Tháp,4,29552 - 23077 - 43083 - 62852 - 29059 - 00432
2024-11-23,MN,Đồng Tháp,5,09560 - 44866 - 49396
2024-11-23,MN,Đồng Tháp,6,39249 - 15870 - 21896
2024-11-23,MN,Đồng Tháp,7,65558 - 57485 - 89862 - 79743
2024-11-23,MN,Đồng Tháp,8,07610
2024-11-23,MN,Cà Mau,ĐB,06710
2024-11-23,MN,Cà Mau,1,74828
2024-11-23,MN,Cà Mau,2,01483
2024-11-23,MN,Cà Mau,3,02132 - 72189 - 62261 - 49071 - 48086 - 88114
2024-11-23,MN,Cà Mau,4,93683 - 21456 - 79926 - 68966 - 92681 - 95465
2024-11-23,MN,Cà Mau,5,61432 - 28457 - 07982
2024-11-23,MN,Cà Mau,6,93017 - 24816 - 66880
2024-11-23,MN,Cà Mau,7,12352 - 14125 - 11300 - 74905
2024-11-23,MN,Cà Mau,8,88217
2024-11-24,MB,Hà Nội,ĐB,62466
2024-11-24,MB,Hà Nội,1,19143
2024-11-24,MB,Hà Nội,2,10864
2024-11-24,MB,Hà Nội,3,97247 - 57898 - 47256 - 20758 - 08079 - 02178
2024-11-24,MB,Hà Nội,4,71546 - 81921 - 17551 - 16563 - 33156 - 92900
2024-11-24,MB,Hà Nội,5,72655 - 07177 - 07393
2024-11-24,MB,Hà Nội,6,23454 - 52836 - 96355
2024-11-24,MB,Hà Nội,7,95496 - 79417 - 39108 - 73902
2024-11-24,MT,Đà Nẵng,ĐB,31235
2024-11-24,MT,Đà Nẵng,1,64347
2024-11-24,MT,Đà Nẵng,2,32039
2024-11-24,MT,Đà Nẵng,3,60380 - 24515 - 72094 - 74224 - 33430 - 95372
2024-11-24,MT,Đà Nẵng,4,99447 - 89276 - 33967 - 98849 - 36141 - 14273
2024-11-24,MT,Đà Nẵng,5,83513 - 09616 - 27170
2024-11-24,MT,Đà Nẵng,6,63939 - 02873 - 70255
2024-11-24,MT,Đà Nẵng,7,27809 - 88678 - 79030 - 49330
2024-11-24,MT,Đà Nẵng,8,69868
2024-11-24,MT,Khánh Hòa,ĐB,96852
2024-11-24,MT,Khánh Hòa,1,17076
2024-11-24,MT,Khánh Hòa,2,65344
2024-11-24,MT,Khánh Hòa,3,81264 - 90153 - 87325 - 66222 - 81081 - 48631
2024-11-24,MT,Khánh Hòa,4,11710 - 91680 - 10236 - 59790 - 44895 - 20245
2024-11-24,MT,Khánh Hòa,5,08908 - 75514 - 08665
2024-11-24,MT,Khánh Hòa,6,67956 - 35751 - 84395
2024-11-24,MT,Khánh Hòa,7,84689 - 05274 - 32107 - 85591
2024-11-24,MT,Khánh Hòa,8,60734
2024-11-24,MN,TP. HCM,ĐB,90064
2024-11-24,MN,TP. HCM,1,29605
2024-11-24,MN,TP. HCM,2,45743
2024-11-24,MN,TP. HCM,3,12693 - 23387 - 57910 - 70782 - 88276 - 49064
2024-11-24,MN,TP. HCM,4,28811 - 88440 - 89504 - 05595 - 95355 - 84099
2024-11-24,MN,TP. HCM,5,54359 - 06129 - 82718
2024-11-24,MN,TP. HCM,6,23779 - 23405 - 19731
2024-11-24,MN,TP. HCM,7,58621 - 37480 - 46655 - 07397
2024-11-24,MN,TP. HCM,8,43927
2024-11-24,MN,Đồng Tháp,ĐB,78557
2024-11-24,MN,Đồng Tháp,1,66712
2024-11-24,MN,Đồng Tháp,2,73330
2024-11-24,MN,Đồng Tháp,3,46944 - 47388 - 38507 - 75250 - 95223 - 74994
2024-11-24,MN,Đồng Tháp,4,48165 - 59249 - 23387 - 43663 - 54470 - 85386
2024-11-24,MN,Đồng Tháp,5,61025 - 55575 - 77899
2024-11-24,MN,Đồng Tháp,6,81667 - 61289 - 17349
2024-11-24,MN,Đồng Tháp,7,62314 - 04399 - 14071 - 74850
2024-11-24,MN,Đồng Tháp,8,16136
2024-11-24,MN,Cà Mau,ĐB,97888
2024-11-24,MN,Cà Mau,1,13508
2024-11-24,MN,Cà Mau,2,35698
2024-11-24,MN,Cà Mau,3,29960 - 95184 - 73388 - 94111 - 00697 - 94705
2024-11-24,MN,Cà Mau,4,31662 - 81707 - 44348 - 34272 - 25287 - 54984
2024-11-24,MN,Cà Mau,5,90007 - 10922 - 21109
2024-11-24,MN,Cà Mau,6,27342 - 02076 - 11339
2024-11-24,MN,Cà Mau,7,64010 - 56970 - 56531 - 58143
2024-11-24,MN,Cà Mau,8,57123
2024-11-25,MB,Hà Nội,ĐB,13638
2024-11-25,MB,Hà Nội,1,34677
2024-11-25,MB,Hà Nội,2,54435
2024-11-25,MB,Hà Nội,3,87794 - 48113 - 06996 - 97742 - 19045 - 42029
2024-11-25,MB,Hà Nội,4,36929 - 30298 - 22593 - 17825 - 46033 - 85456
2024-11-25,MB,Hà Nội,5,83594 - 91662 - 29451
2024-11-25,MB,Hà Nội,6,30367 - 81291 - 06796
2024-11-25,MB,Hà Nội,7,87555 - 73646 - 38734 - 75321
2024-11-25,MT,Đà Nẵng,ĐB,34138
2024-11-25,MT,Đà Nẵng,1,83224
2024-11-25,MT,Đà Nẵng,2,35232
2024-11-25,MT,Đà Nẵng,3,12813 - 69696 - 94577 - 69065 - 56825 - 36961
2024-11-25,MT,Đà Nẵng,4,58341 - 66807 - 41420 - 03780 - 26364 - 22126
2024-11-25,MT,Đà Nẵng,5,76980 - 33323 - 24379
2024-11-25,MT,Đà Nẵng,6,96473 - 07641 - 61806
2024-11-25,MT,Đà Nẵng,7,75844 - 61572 - 52651 - 76054
2024-11-25,MT,Đà Nẵng,8,29000
2024-11-25,MT,Khánh Hòa,ĐB,04267
2024-11-25,MT,Khánh Hòa,1,18566
2024-11-25,MT,Khánh Hòa,2,51554
2024-11-25,MT,Khánh Hòa,3,72947 - 52652 - 86594 - 79514 - 10039 - 24599
2024-11-25,MT,Khánh Hòa,4,03046 - 33097 - 33878 - 06161 - 84169 - 04095
2024-11-25,MT,Khánh Hòa,5,34912 - 05914 - 21288
2024-11-25,MT,Khánh Hòa,6,37588 - 62522 - 78233
2024-11-25,MT,Khánh Hòa,7,86617 - 24984 - 41158 - 56373
2024-11-25,MT,Khánh Hòa,8,75610
2024-11-25,MN,TP. HCM,ĐB,19592
2024-11-25,MN,TP. HCM,1,62599
2024-11-25,MN,TP. HCM,2,71529
2024-11-25,MN,TP. HCM,3,01646 - 84814 - 06324 - 61814 - 82886 - 07067
2024-11-25,MN,TP. HCM,4,95946 - 49212 - 35554 - 33975 - 35073 - 95595
2024-11-25,MN,TP. HCM,5,56773 - 18438 - 12159
2024-11-25,MN,TP. HCM,6,40037 - 57122 - 28083
2024-11-25,MN,TP. HCM,7,83507 - 30202 - 21410 - 67391
2024-11-25,MN,TP. HCM,8,55676
2024-11-25,MN,Đồng Tháp,ĐB,82059
2024-11-25,MN,Đồng Tháp,1,10355
2024-11-25,MN,Đồng Tháp,2,89248
2024-11-25,MN,Đồng Tháp,3,08165 - 98228 - 78203 - 01187 - 04090 - 68072
2024-11-25,MN,Đồng Tháp,4,49622 - 06115 - 26716 - 88535 - 45120 - 01371
2024-11-25,MN,Đồng Tháp,5,81327 - 88939 - 79429
2024-11-25,MN,Đồng Tháp,6,16339 - 56123 - 28429
2024-11-25,MN,Đồng Tháp,7,21207 - 15147 - 76572 - 55412
2024-11-25,MN,Đồng Tháp,8,28183
2024-11-25,MN,Cà Mau,ĐB,59293
2024-11-25,MN,Cà Mau,1,68351
2024-11-25,MN,Cà Mau,2,53578
2024-11-25,MN,Cà Mau,3,00849 - 63333 - 46382 - 32555 - 64292 - 72418
2024-11-25,MN,Cà Mau,4,23932 - 67582 - 77367 - 46164 - 26879 - 90765
2024-11-25,MN,Cà Mau,5,34727 - 29607 - 99636
2024-11-25,MN,Cà Mau,6,43952 - 27909 - 24956
2024-11-25,MN,Cà Mau,7,65080 - 37241 - 67544 - 65598
2024-11-25,MN,Cà Mau,8,57139
2024-11-26,MB,Hà Nội,ĐB,69263
2024-11-26,MB,Hà Nội,1,12799
2024-11-26,MB,Hà Nội,2,64748
2024-11-26,MB,Hà Nội,3,61895 - 64331 - 25069 - 06908 - 78325 - 74083
2024-11-26,MB,Hà Nội,4,91921 - 77977 - 00358 - 25043 - 19232 - 21989
2024-11-26,MB,Hà Nội,5,17391 - 81787 - 55728
2024-11-26,MB,Hà Nội,6,16488 - 09458 - 98142
2024-11-26,MB,Hà Nội,7,05108 - 00087 - 52132 - 68939
2024-11-26,MT,Đà Nẵng,ĐB,25416
2024-11-26,MT,Đà Nẵng,1,20734
2024-11-26,MT,Đà Nẵng,2,54022
2024-11-26,MT,Đà Nẵng,3,69099 - 11246 - 88697 - 69274 - 08801 - 60503
2024-11-26,MT,Đà Nẵng,4,66934 - 35465 - 67924 - 64653 - 12220 - 69311
2024-11-26,MT,Đà Nẵng,5,39487 - 36295 - 67322
2024-11-26,MT,Đà Nẵng,6,72008 - 32200 - 35386
2024-11-26,MT,Đà Nẵng,7,58673 - 29352 - 77289 - 31838
2024-11-26,MT,Đà Nẵng,8,03340
2024-11-26,MT,Khánh Hòa,ĐB,04611
2024-11-26,MT,Khánh Hòa,1,64304
2024-11-26,MT,Khánh Hòa,2,48780
2024-11-26,MT,Khánh Hòa,3,11929 - 88288 - 80600 - 51234 - 01984 - 40413
2024-11-26,MT,Khánh Hòa,4,35206 - 96717 - 62885 - 73287 - 71862 - 35624
2024-11-26,MT,Khánh Hòa,5,05254 - 37229 - 78524
2024-11-26,MT,Khánh Hòa,6,62287 - 75302 - 76254
2024-11-26,MT,Khánh Hòa,7,62696 - 56214 - 62531 - 64243
2024-11-26,MT,Khánh Hòa,8,88407
2024-11-26,MN,TP. HCM,ĐB,82205
2024-11-26,MN,TP. HCM,1,36083
2024-11-26,MN,TP. HCM,2,35949
2024-11-26,MN,TP. HCM,3,22521 - 01730 - 65719 - 00786 - 90040 - 68287
2024-11-26,MN,TP. HCM,4,29367 - 06850 - 40642 - 44812 - 83385 - 79628
2024-11-26,MN,TP. HCM,5,98705 - 26236 - 66240
2024-11-26,MN,TP. HCM,6,08858 - 22255 - 76143
2024-11-26,MN,TP. HCM,7,56592 - 38713 - 12927 - 39608
2024-11-26,MN,TP. HCM,8,86612
2024-11-26,MN,Đồng Tháp,ĐB,33610
2024-11-26,MN,Đồng Tháp,1,41081
2024-11-26,MN,Đồng Tháp,2,31415
2024-11-26,MN,Đồng Tháp,3,64902 - 42784 - 61926 - 65406 - 70051 - 12797
2024-11-26,MN,Đồng Tháp,4,82469 - 20861 - 52848 - 14865 - 18050 - 84571
2024-11-26,MN,Đồng Tháp,5,64110 - 75970 - 91907
2024-11-26,MN,Đồng Tháp,6,32033 - 74218 - 39583
2024-11-26,MN,Đồng Tháp,7,89877 - 49237 - 87115 - 06120
2024-11-26,MN,Đồng Tháp,8,07724
2024-11-26,MN,Cà Mau,ĐB,19714
2024-11-26,MN,Cà Mau,1,53121
2024-11-26,MN,Cà Mau,2,83142
2024-11-26,MN,Cà Mau,3,05171 - 18366 - 86523 - 42729 - 18118 - 42979
2024-11-26,MN,Cà Mau,4,53661 - 95903 - 56937 - 84321 - 38235 - 61415
2024-11-26,MN,Cà Mau,5,94561 - 37509 - 14533
2024-11-26,MN,Cà Mau,6,69781 - 96219 - 41415
2024-11-26,MN,Cà Mau,7,87314 - 26920 - 92466 - 63120
2024-11-26,MN,Cà Mau,8,41549
2024-11-27,MB,Hà Nội,ĐB,97207
2024-11-27,MB,Hà Nội,1,11085
2024-11-27,MB,Hà Nội,2,03670
2024-11-27,MB,Hà Nội,3,06250 - 89470 - 88582 - 24210 - 74503 - 98352
2024-11-27,MB,Hà Nội,4,44957 - 40685 - 84535 - 07495 - 10987 - 79780
2024-11-27,MB,Hà Nội,5,85359 - 13472 - 23650
2024-11-27,MB,Hà Nội,6,90785 - 34559 - 61579
2024-11-27,MB,Hà Nội,7,54803 - 21709 - 25483 - 19445
2024-11-27,MT,Đà Nẵng,ĐB,98031
2024-11-27,MT,Đà Nẵng,1,31379
2024-11-27,MT,Đà Nẵng,2,93516
2024-11-27,MT,Đà Nẵng,3,36317 - 28684 - 99589 - 30456 - 34076 - 27778
2024-11-27,MT,Đà Nẵng,4,95309 - 58340 - 59244 - 45675 - 78041 - 15976
2024-11-27,MT,Đà Nẵng,5,92026 - 85622 - 24741
2024-11-27,MT,Đà Nẵng,6,43544 - 84706 - 39480
2024-11-27,MT,Đà Nẵng,7,25107 - 14959 - 98758 - 98964
2024-11-27,MT,Đà Nẵng,8,66821
2024-11-27,MT,Khánh Hòa,ĐB,72523
2024-11-27,MT,Khánh Hòa,1,52158
2024-11-27,MT,Khánh Hòa,2,77589
2024-11-27,MT,Khánh Hòa,3,85160 - 42496 - 60154 - 20060 - 15834 - 40375
2024-11-27,MT,Khánh Hòa,4,49221 - 42152 - 79298 - 32715 - 28475 - 01422
2024-11-27,MT,Khánh Hòa,5,35599 - 09325 - 14364
2024-11-27,MT,Khánh Hòa,6,44192 - 25112 - 16717
2024-11-27,MT,Khánh Hòa,7,55663 - 04064 - 10958 - 74567
2024-11-27,MT,Khánh Hòa,8,08412
2024-11-27,MN,TP. HCM,ĐB,77892
2024-11-27,MN,TP. HCM,1,59931
2024-11-27,MN,TP. HCM,2,43516
2024-11-27,MN,TP. HCM,3,45930 - 35629 - 76607 - 18028 - 06353 - 76541
2024-11-27,MN,TP. HCM,4,46230 - 32545 - 98370 - 97459 - 58918 - 55434
2024-11-27,MN,TP. HCM,5,91195 - 56221 - 94269
2024-11-27,MN,TP. HCM,6,00359 - 75787 - 04315
2024-11-27,MN,TP. HCM,7,49850 - 44925 - 63702 - 00518
2024-11-27,MN,TP. HCM,8,13299
2024-11-27,MN,Đồng Tháp,ĐB,96229
2024-11-27,MN,Đồng Tháp,1,75670
2024-11-27,MN,Đồng Tháp,2,04700
2024-11-27,MN,Đồng Tháp,3,37302 - 53619 - 86560 - 50304 - 99190 - 63582
2024-11-27,MN,Đồng Tháp,4,51490 - 48934 - 52144 - 66397 - 41563 - 80261
2024-11-27,MN,Đồng Tháp,5,09342 - 63233 - 66477
2024-11-27,MN,Đồng Tháp,6,57692 - 27086 - 79625
2024-11-27,MN,Đồng Tháp,7,71597 - 49319 - 33478 - 29853
2024-11-27,MN,Đồng Tháp,8,12556
2024-11-27,MN,Cà Mau,ĐB,91493
2024-11-27,MN,Cà Mau,1,87279
2024-11-27,MN,Cà Mau,2,88682
2024-11-27,MN,Cà Mau,3,76767 - 33422 - 29716 - 42814 - 08684 - 58821
2024-11-27,MN,Cà Mau,4,33894 - 50744 - 85796 - 95533 - 13270 - 18350
2024-11-27,MN,Cà Mau,5,49050 - 81958 - 38482
2024-11-27,MN,Cà Mau,6,44538 - 65306 - 69529
2024-11-27,MN,Cà Mau,7,66216 - 15647 - 59032 - 97366
2024-11-27,MN,Cà Mau,8,39462
2024-11-28,MB,Hà Nội,ĐB,39028
2024-11-28,MB,Hà Nội,1,47917
2024-11-28,MB,Hà Nội,2,84014
2024-11-28,MB,Hà Nội,3,46756 - 75670 - 00661 - 16256 - 38338 - 19717
2024-11-28,MB,Hà Nội,4,23756 - 16315 - 57324 - 10977 - 74834 - 34750
2024-11-28,MB,Hà Nội,5,23643 - 67480 - 94029
2024-11-28,MB,Hà Nội,6,88051 - 61588 - 00674
2024-11-28,MB,Hà Nội,7,86928 - 21606 - 00557 - 53439
2024-11-28,MT,Đà Nẵng,ĐB,70169
2024-11-28,MT,Đà Nẵng,1,14744
2024-11-28,MT,Đà Nẵng,2,32407
2024-11-28,MT,Đà Nẵng,3,53597 - 38669 - 67611 - 09824 - 09235 - 81840
2024-11-28,MT,Đà Nẵng,4,28349 - 56134 - 36752 - 67843 - 12060 - 29611
2024-11-28,MT,Đà Nẵng,5,03937 - 10482 - 94994
2024-11-28,MT,Đà Nẵng,6,04722 - 48942 - 44579
2024-11-28,MT,Đà Nẵng,7,75442 - 76859 - 89821 - 90752
2024-11-28,MT,Đà Nẵng,8,46866
2024-11-28,MT,Khánh Hòa,ĐB,65909
2024-11-28,MT,Khánh Hòa,1,59124
2024-11-28,MT,Khánh Hòa,2,12526
2024-11-28,MT,Khánh Hòa,3,66296 - 83179 - 83634 - 33065 - 54234 - 22974
2024-11-28,MT,Khánh Hòa,4,11567 - 38396 - 88678 - 98741 - 31763 - 87357
2024-11-28,MT,Khánh Hòa,5,55723 - 85379 - 65522
2024-11-28,MT,Khánh Hòa,6,24168 - 53837 - 98188
2024-11-28,MT,Khánh Hòa,7,40728 - 01547 - 46526 - 86884
2024-11-28,MT,Khánh Hòa,8,61682
2024-11-28,MN,TP. HCM,ĐB,22695
2024-11-28,MN,TP. HCM,1,75697
2024-11-28,MN,TP. HCM,2,52475
2024-11-28,MN,TP. HCM,3,21594 - 47419 - 92940 - 98876 - 07674 - 16670
2024-11-28,MN,TP. HCM,4,29884 - 31659 - 19326 - 98249 - 65452 - 02197
2024-11-28,MN,TP. HCM,5,65639 - 19429 - 50092
2024-11-28,MN,TP. HCM,6,55142 - 73056 - 18301
2024-11-28,MN,TP. HCM,7,75247 - 45735 - 30040 - 59190
2024-11-28,MN,TP. HCM,8,31050
2024-11-28,MN,Đồng Tháp,ĐB,93844
2024-11-28,MN,Đồng Tháp,1,86543
2024-11-28,MN,Đồng Tháp,2,86000
2024-11-28,MN,Đồng Tháp,3,23783 - 20203 - 20774 - 05333 - 87206 - 49839
2024-11-28,MN,Đồng Tháp,4,04186 - 26028 - 19728 - 25434 - 38283 - 49290
2024-11-28,MN,Đồng Tháp,5,22862 - 02992 - 98989
2024-11-28,MN,Đồng Tháp,6,41120 - 92681 - 34088
2024-11-28,MN,Đồng Tháp,7,12016 - 62659 - 49443 - 22136
2024-11-28,MN,Đồng Tháp,8,13422
2024-11-28,MN,Cà Mau,ĐB,17704
2024-11-28,MN,Cà Mau,1,04689
2024-11-28,MN,Cà Mau,2,47491
2024-11-28,MN,Cà Mau,3,14989 - 72257 - 78657 - 96579 - 00134 - 08060
2024-11-28,MN,Cà Mau,4,61281 - 24341 - 69994 - 14602 - 64863 - 21687
2024-11-28,MN,Cà Mau,5,48260 - 25226 - 03511
2024-11-28,MN,Cà Mau,6,64124 - 44092 - 18229
2024-11-28,MN,Cà Mau,7,54715 - 90533 - 62656 - 01964
2024-11-28,MN,Cà Mau,8,90981
2024-11-29,MB,Hà Nội,ĐB,99302
2024-11-29,MB,Hà Nội,1,19399
2024-11-29,MB,Hà Nội,2,56254
2024-11-29,MB,Hà Nội,3,67776 - 27237 - 14153 - 69299 - 13086 - 08406
2024-11-29,MB,Hà Nội,4,66196 - 33026 - 76486 - 45717 - 75061 - 07643
2024-11-29,MB,Hà Nội,5,20653 - 39087 - 34018
2024-11-29,MB,Hà Nội,6,23476 - 30421 - 72005
2024-11-29,MB,Hà Nội,7,94403 - 19423 - 71973 - 18400
2024-11-29,MT,Đà Nẵng,ĐB,24043
2024-11-29,MT,Đà Nẵng,1,31856
2024-11-29,MT,Đà Nẵng,2,60973
2024-11-29,MT,Đà Nẵng,3,41805 - 77186 - 26903 - 79799 - 50439 - 91581
2024-11-29,MT,Đà Nẵng,4,80342 - 15054 - 15635 - 83183 - 23582 - 72944
2024-11-29,MT,Đà Nẵng,5,12664 - 63393 - 81831
2024-11-29,MT,Đà Nẵng,6,70344 - 57554 - 69323
2024-11-29,MT,Đà Nẵng,7,75721 - 64606 - 07226 - 43881
2024-11-29,MT,Đà Nẵng,8,89194
2024-11-29,MT,Khánh Hòa,ĐB,19102
2024-11-29,MT,Khánh Hòa,1,92511
2024-11-29,MT,Khánh Hòa,2,87319
2024-11-29,MT,Khánh Hòa,3,91343 - 74678 - 07301 - 30758 - 98828 - 54293
2024-11-29,MT,Khánh Hòa,4,26007 - 74701 - 17277 - 67777 - 45857 - 49596
2024-11-29,MT,Khánh Hòa,5,28821 - 16688 - 72735
2024-11-29,MT,Khánh Hòa,6,78028 - 67593 - 07654
2024-11-29,MT,Khánh Hòa,7,03530 - 99627 - 20552 - 50902
2024-11-29,MT,Khánh Hòa,8,31707
2024-11-29,MN,TP. HCM,ĐB,31282
2024-11-29,MN,TP. HCM,1,41086
2024-11-29,MN,TP. HCM,2,57480
2024-11-29,MN,TP. HCM,3,12577 - 90428 - 93631 - 70230 - 29295 - 94719
2024-11-29,MN,TP. HCM,4,24036 - 83163 - 28777 - 75064 - 64252 - 00273
2024-11-29,MN,TP. HCM,5,42145 - 67670 - 52682
2024-11-29,MN,TP. HCM,6,67738 - 13825 - 62366
2024-11-29,MN,TP. HCM,7,29417 - 24103 - 36362 - 07803
2024-11-29,MN,TP. HCM,8,75445
2024-11-29,MN,Đồng Tháp,ĐB,26918
2024-11-29,MN,Đồng Tháp,1,44415
2024-11-29,MN,Đồng Tháp,2,33764
2024-11-29,MN,Đồng Tháp,3,78215 - 75344 - 28975 - 20194 - 65127 - 69800
2024-11-29,MN,Đồng Tháp,4,80627 - 87633 - 22076 - 24227 - 39868 - 72033
2024-11-29,MN,Đồng Tháp,5,35153 - 58320 - 43726
2024-11-29,MN,Đồng Tháp,6,20980 - 89300 - 56148
2024-11-29,MN,Đồng Tháp,7,05049 - 99813 - 54848 - 67241
2024-11-29,MN,Đồng Tháp,8,47178
2024-11-29,MN,Cà Mau,ĐB,30639
2024-11-29,MN,Cà Mau,1,61016
2024-11-29,MN,Cà Mau,2,39883
2024-11-29,MN,Cà Mau,3,45711 - 11076 - 42319 - 17650 - 98758 - 71071
2024-11-29,MN,Cà Mau,4,34501 - 07275 - 27022 - 81560 - 11984 - 14021
2024-11-29,MN,Cà Mau,5,71196 - 53728 - 80166
2024-11-29,MN,Cà Mau,6,04412 - 90756 - 28738
2024-11-29,MN,Cà Mau,7,85833 - 98599 - 24913 - 48788
2024-11-29,MN,Cà Mau,8,84745
2024-11-30,MB,Hà Nội,ĐB,93258
2024-11-30,MB,Hà Nội,1,62652
2024-11-30,MB,Hà Nội,2,98036
2024-11-30,MB,Hà Nội,3,65670 - 88304 - 45483 - 33085 - 48182 - 41714
2024-11-30,MB,Hà Nội,4,76228 - 53065 - 46909 - 30252 - 03267 - 53116
2024-11-30,MB,Hà Nội,5,24008 - 46312 - 83326
2024-11-30,MB,Hà Nội,6,40184 - 54264 - 70516
2024-11-30,MB,Hà Nội,7,08147 - 28890 - 23357 - 82416
2024-11-30,MT,Đà Nẵng,ĐB,37061
2024-11-30,MT,Đà Nẵng,1,45209
2024-11-30,MT,Đà Nẵng,2,30747
2024-11-30,MT,Đà Nẵng,3,17130 - 47527 - 40491 - 48143 - 35226 - 55917
2024-11-30,MT,Đà Nẵng,4,77768 - 64671 - 13766 - 63479 - 36009 - 13221
2024-11-30,MT,Đà Nẵng,5,21204 - 88245 - 61491
2024-11-30,MT,Đà Nẵng,6,92126 - 61761 - 32571
2024-11-30,MT,Đà Nẵng,7,57486 - 68889 - 97345 - 27761
2024-11-30,MT,Đà Nẵng,8,03509
2024-11-30,MT,Khánh Hòa,ĐB,95686
2024-11-30,MT,Khánh Hòa,1,69538
2024-11-30,MT,Khánh Hòa,2,48323
2024-11-30,MT,Khánh Hòa,3,82779 - 93745 - 71422 - 33247 - 04511 - 04211
2024-11-30,MT,Khánh Hòa,4,87647 - 74612 - 21163 - 89752 - 86537 - 34977
2024-11-30,MT,Khánh Hòa,5,85643 - 96263 - 34421
2024-11-30,MT,Khánh Hòa,6,85222 - 39615 - 55921
2024-11-30,MT,Khánh Hòa,7,61467 - 80630 - 52068 - 21373
2024-11-30,MT,Khánh Hòa,8,45715
2024-11-30,MN,TP. HCM,ĐB,32491
2024-11-30,MN,TP. HCM,1,63697
2024-11-30,MN,TP. HCM,2,09666
2024-11-30,MN,TP. HCM,3,65159 - 11186 - 82069 - 66023 - 42125 - 30609
2024-11-30,MN,TP. HCM,4,75097 - 21116 - 24683 - 66758 - 45635 - 22632
2024-11-30,MN,TP. HCM,5,14286 - 35251 - 03113
2024-11-30,MN,TP. HCM,6,13943 - 28349 - 31754
2024-11-30,MN,TP. HCM,7,98251 - 18465 - 29306 - 87496
2024-11-30,MN,TP. HCM,8,02352
2024-11-30,MN,Đồng Tháp,ĐB,59172
2024-11-30,MN,Đồng Tháp,1,16663
2024-11-30,MN,Đồng Tháp,2,67987
2024-11-30,MN,Đồng Tháp,3,25186 - 10271 - 53394 - 53686 - 53584 - 05234
2024-11-30,MN,Đồng Tháp,4,47000 - 03033 - 36771 - 14620 - 68082 - 56913
2024-11-30,MN,Đồng Tháp,5,51162 - 59319 - 75676
2024-11-30,MN,Đồng Tháp,6,81127 - 34045 - 92834
2024-11-30,MN,Đồng Tháp,7,16258 - 13754 - 22070 - 97911
2024-11-30,MN,Đồng Tháp,8,95492
2024-11-30,MN,Cà Mau,ĐB,18144
2024-11-30,MN,Cà Mau,1,45530
2024-11-30,MN,Cà Mau,2,99435
2024-11-30,MN,Cà Mau,3,74164 - 86497 - 11600 - 61498 - 25104 - 61917
2024-11-30,MN,Cà Mau,4,43332 - 43873 - 83647 - 20939 - 30732 - 65140
2024-11-30,MN,Cà Mau,5,07976 - 39661 - 46177
2024-11-30,MN,Cà Mau,6,08382 - 86381 - 47814
2024-11-30,MN,Cà Mau,7,70120 - 95093 - 71992 - 27290
2024-11-30,MN,Cà Mau,8,94307
2024-12-01,MB,Hà Nội,ĐB,46527
2024-12-01,MB,Hà Nội,1,43236
2024-12-01,MB,Hà Nội,2,43919
2024-12-01,MB,Hà Nội,3,68194 - 27417 - 82905 - 71047 - 53221 - 05675
2024-12-01,MB,Hà Nội,4,93856 - 05284 - 16561 - 83456 - 11180 - 19664
2024-12-01,MB,Hà Nội,5,33172 - 36809 - 39274
2024-12-01,MB,Hà Nội,6,86338 - 17519 - 46076
2024-12-01,MB,Hà Nội,7,22731 - 98488 - 41992 - 58735
2024-12-01,MT,Đà Nẵng,ĐB,04411
2024-12-01,MT,Đà Nẵng,1,61367
2024-12-01,MT,Đà Nẵng,2,03176
2024-12-01,MT,Đà Nẵng,3,47942 - 97478 - 62809 - 81106 - 53800 - 78880
2024-12-01,MT,Đà Nẵng,4,76374 - 64487 - 23668 - 36623 - 63357 - 64862
2024-12-01,MT,Đà Nẵng,5,71601 - 96454 - 31518
2024-12-01,MT,Đà Nẵng,6,49078 - 52050 - 43917
2024-12-01,MT,Đà Nẵng,7,06704 - 94677 - 86620 - 23049
2024-12-01,MT,Đà Nẵng,8,14240
2024-12-01,MT,Khánh Hòa,ĐB,49772
2024-12-01,MT,Khánh Hòa,1,01331
2024-12-01,MT,Khánh Hòa,2,74745
2024-12-01,MT,Khánh Hòa,3,58458 - 33638 - 11266 - 06195 - 78176 - 45320
2024-12-01,MT,Khánh Hòa,4,60585 - 87825 - 26499 - 47223 - 14098 - 35484
2024-12-01,MT,Khánh Hòa,5,30604 - 88380 - 73894
2024-12-01,MT,Khánh Hòa,6,12876 - 89678 - 87614
2024-12-01,MT,Khánh Hòa,7,36637 - 35325 - 58425 - 18857
2024-12-01,MT,Khánh Hòa,8,85426
2024-12-01,MN,TP. HCM,ĐB,82762
2024-12-01,MN,TP. HCM,1,77656
2024-12-01,MN,TP. HCM,2,26949
2024-12-01,MN,TP. HCM,3,73720 - 49803 - 54331 - 38603 - 04528 - 46806
2024-12-01,MN,TP. HCM,4,70927 - 65396 - 22405 - 47173 - 25286 - 85474
2024-12-01,MN,TP. HCM,5,68124 - 80983 - 30741
2024-12-01,MN,TP. HCM,6,37363 - 35196 - 26881
2024-12-01,MN,TP. HCM,7,96405 - 42989 - 35695 - 43695
2024-12-01,MN,TP. HCM,8,12957
2024-12-01,MN,Đồng Tháp,ĐB,47962
2024-12-01,MN,Đồng Tháp,1,02906
2024-12-01,MN,Đồng Tháp,2,40535
2024-12-01,MN,Đồng Tháp,3,27808 - 58164 - 45708 - 69259 - 13006 - 55935
2024-12-01,MN,Đồng Tháp,4,24564 - 94724 - 70584 - 79450 - 52222 - 42748
2024-12-01,MN,Đồng Tháp,5,51428 - 96096 - 90580
2024-12-01,MN,Đồng Tháp,6,93784 - 30061 - 37376
2024-12-01,MN,Đồng Tháp,7,14601 - 56266 - 89101 - 79264
2024-12-01,MN,Đồng Tháp,8,61321
2024-12-01,MN,Cà Mau,ĐB,44236
2024-12-01,MN,Cà Mau,1,47258
2024-12-01,MN,Cà Mau,2,58743
2024-12-01,MN,Cà Mau,3,74472 - 37468 - 16760 - 35954 - 05069 - 38659
2024-12-01,MN,Cà Mau,4,51670 - 56842 - 52297 - 61794 - 48408 - 37721
2024-12-01,MN,Cà Mau,5,80989 - 64637 - 34219
2024-12-01,MN,Cà Mau,6,19593 - 79840 - 13918
2024-12-01,MN,Cà Mau,7,36567 - 90011 - 86227 - 21888
2024-12-01,MN,Cà Mau,8,84367
2024-12-02,MB,Hà Nội,ĐB,13917
2024-12-02,MB,Hà Nội,1,43769
2024-12-02,MB,Hà Nội,2,42659
2024-12-02,MB,Hà Nội,3,50580 - 81132 - 57755 - 99933 - 58325 - 96801
2024-12-02,MB,Hà Nội,4,52562 - 58311 - 31124 - 56772 - 75581 - 01232
2024-12-02,MB,Hà Nội,5,93665 - 69128 - 93706
2024-12-02,MB,Hà Nội,6,29674 - 56640 - 23078
2024-12-02,MB,Hà Nội,7,18641 - 51349 - 26609 - 53827
2024-12-02,MT,Đà Nẵng,ĐB,98540
2024-12-02,MT,Đà Nẵng,1,71943
2024-12-02,MT,Đà Nẵng,2,32697
2024-12-02,MT,Đà Nẵng,3,81148 - 21292 - 30013 - 13367 - 01654 - 93673
2024-12-02,MT,Đà Nẵng,4,51243 - 43009 - 50018 - 84800 - 57227 - 63307
2024-12-02,MT,Đà Nẵng,5,19558 - 56313 - 08602
2024-12-02,MT,Đà Nẵng,6,61059 - 84932 - 90797
2024-12-02,MT,Đà Nẵng,7,70672 - 86836 - 08919 - 37027
2024-12-02,MT,Đà Nẵng,8,01179
2024-12-02,MT,Khánh Hòa,ĐB,20632
2024-12-02,MT,Khánh Hòa,1,13982
2024-12-02,MT,Khánh Hòa,2,17154
2024-12-02,MT,Khánh Hòa,3,25523 - 89906 - 34161 - 55989 - 44987 - 65577
2024-12-02,MT,Khánh Hòa,4,89394 - 06021 - 02844 - 43141 - 22102 - 89170
2024-12-02,MT,Khánh Hòa,5,35982 - 43372 - 32391
2024-12-02,MT,Khánh Hòa,6,41526 - 91973 - 99788
2024-12-02,MT,Khánh Hòa,7,62872 - 29409 - 80947 - 93466
2024-12-02,MT,Khánh Hòa,8,52040
2024-12-02,MN,TP. HCM,ĐB,00318
2024-12-02,MN,TP. HCM,1,99606
2024-12-02,MN,TP. HCM,2,68675
2024-12-02,MN,TP. HCM,3,25540 - 25711 - 88448 - 20170 - 31217 - 19553
2024-12-02,MN,TP. HCM,4,96185 - 23735 - 00718 - 38343 - 22488 - 05323
2024-12-02,MN,TP. HCM,5,59087 - 96657 - 52718
2024-12-02,MN,TP. HCM,6,13547 - 61726 - 67564
2024-12-02,MN,TP. HCM,7,98031 - 10596 - 53795 - 52695
2024-12-02,MN,TP. HCM,8,07657
2024-12-02,MN,Đồng Tháp,ĐB,77864
2024-12-02,MN,Đồng Tháp,1,94545
2024-12-02,MN,Đồng Tháp,2,13679
2024-12-02,MN,Đồng Tháp,3,88445 - 82216 - 85603 - 53950 - 63299 - 18024
2024-12-02,MN,Đồng Tháp,4,45124 - 44693 - 64938 - 70948 - 58647 - 98918
2024-12-02,MN,Đồng Tháp,5,69526 - 94847 - 09966
2024-12-02,MN,Đồng Tháp,6,63489 - 80309 - 35822
2024-12-02,MN,Đồng Tháp,7,58710 - 85662 - 59602 - 11150
2024-12-02,MN,Đồng Tháp,8,26694
2024-12-02,MN,Cà Mau,ĐB,21289
2024-12-02,MN,Cà Mau,1,56012
2024-12-02,MN,Cà Mau,2,73396
2024-12-02,MN,Cà Mau,3,30018 - 47853 - 16031 - 08408 - 29374 - 58462
2024-12-02,MN,Cà Mau,4,78496 - 77453 - 66553 - 96423 - 51140 - 15267
2024-12-02,MN,Cà Mau,5,82309 - 64967 - 19300
2024-12-02,MN,Cà Mau,6,07375 - 47173 - 78662
2024-12-02,MN,Cà Mau,7,19437 - 16091 - 49562 - 21908
2024-12-02,MN,Cà Mau,8,18796
2024-12-03,MB,Hà Nội,ĐB,69316
2024-12-03,MB,Hà Nội,1,69016
2024-12-03,MB,Hà Nội,2,32564
2024-12-03,MB,Hà Nội,3,24436 - 73025 - 86291 - 42512 - 85051 - 24558
2024-12-03,MB,Hà Nội,4,33128 - 41378 - 39957 - 82453 - 06942 - 56269
2024-12-03,MB,Hà Nội,5,50974 - 09733 - 63949
2024-12-03,MB,Hà Nội,6,84539 - 37513 - 56721
2024-12-03,MB,Hà Nội,7,83595 - 17284 - 00019 - 36738
2024-12-03,MT,Đà Nẵng,ĐB,25903
2024-12-03,MT,Đà Nẵng,1,34399
2024-12-03,MT,Đà Nẵng,2,18948
2024-12-03,MT,Đà Nẵng,3,61829 - 54014 - 09675 - 89992 - 56210 - 27066
2024-12-03,MT,Đà Nẵng,4,75198 - 84392 - 34720 - 25617 - 12335 - 42854
2024-12-03,MT,Đà Nẵng,5,65871 - 09973 - 72071
2024-12-03,MT,Đà Nẵng,6,60225 - 39573 - 14290
2024-12-03,MT,Đà Nẵng,7,91370 - 88589 - 07476 - 23250
2024-12-03,MT,Đà Nẵng,8,42663
2024-12-03,MT,Khánh Hòa,ĐB,83099
2024-12-03,MT,Khánh Hòa,1,36609
2024-12-03,MT,Khánh Hòa,2,64013
2024-12-03,MT,Khánh Hòa,3,51927 - 04160 - 46639 - 27976 - 07340 - 17503
2024-12-03,MT,Khánh Hòa,4,45559 - 33309 - 29545 - 12211 - 22212 - 20529
2024-12-03,MT,Khánh Hòa,5,97671 - 37420 - 35519
2024-12-03,MT,Khánh Hòa,6,37894 - 88024 - 58261
2024-12-03,MT,Khánh Hòa,7,03530 - 44154 - 68397 - 18399
2024-12-03,MT,Khánh Hòa,8,39142
2024-12-03,MN,TP. HCM,ĐB,39927
2024-12-03,MN,TP. HCM,1,11431
2024-12-03,MN,TP. HCM,2,49590
2024-12-03,MN,TP. HCM,3,11322 - 79104 - 54125 - 11773 - 85831 - 77544
2024-12-03,MN,TP. HCM,4,06396 - 72713 - 36697 - 90805 - 64804 - 13491
2024-12-03,MN,TP. HCM,5,08258 - 55545 - 93072
2024-12-03,MN,TP. HCM,6,15595 - 23895 - 26148
2024-12-03,MN,TP. HCM,7,69860 - 21889 - 98572 - 04562
2024-12-03,MN,TP. HCM,8,29767
2024-12-03,MN,Đồng Tháp,ĐB,89881
2024-12-03,MN,Đồng Tháp,1,35558
2024-12-03,MN,Đồng Tháp,2,97709
2024-12-03,MN,Đồng Tháp,3,66064 - 84253 - 32461 - 42095 - 90586 - 13862
2024-12-03,MN,Đồng Tháp,4,24703 - 65055 - 08198 - 45636 - 87910 - 91395
2024-12-03,MN,Đồng Tháp,5,47819 - 69534 - 69494
2024-12-03,MN,Đồng Tháp,6,68571 - 78385 - 77543
2024-12-03,MN,Đồng Tháp,7,63443 - 19207 - 21455 - 31710
2024-12-03,MN,Đồng Tháp,8,64256
2024-12-03,MN,Cà Mau,ĐB,33579
2024-12-03,MN,Cà Mau,1,09212
2024-12-03,MN,Cà Mau,2,18330
2024-12-03,MN,Cà Mau,3,80417 - 58838 - 10655 - 94373 - 87069 - 12800
2024-12-03,MN,Cà Mau,4,62285 - 70801 - 04686 - 67164 - 21581 - 77079
2024-12-03,MN,Cà Mau,5,08736 - 75026 - 92138
2024-12-03,MN,Cà Mau,6,51785 - 25556 - 33328
2024-12-03,MN,Cà Mau,7,55407 - 08123 - 78532 - 31579
2024-12-03,MN,Cà Mau,8,43684
2024-12-04,MB,Hà Nội,ĐB,07148
2024-12-04,MB,Hà Nội,1,25029
2024-12-04,MB,Hà Nội,2,71715
2024-12-04,MB,Hà Nội,3,71012 - 19920 - 39904 - 86871 - 94036 - 38808
2024-12-04,MB,Hà Nội,4,93441 - 23628 - 65500 - 36344 - 98341 - 73255
2024-12-04,MB,Hà Nội,5,06146 - 84203 - 12012
2024-12-04,MB,Hà Nội,6,84942 - 96926 - 76964
2024-12-04,MB,Hà Nội,7,58760 - 22608 - 43354 - 13774
2024-12-04,MT,Đà Nẵng,ĐB,16330
2024-12-04,MT,Đà Nẵng,1,79206
2024-12-04,MT,Đà Nẵng,2,94598
2024-12-04,MT,Đà Nẵng,3,82581 - 20847 - 24281 - 91309 - 95120 - 54014
2024-12-04,MT,Đà Nẵng,4,25315 - 25531 - 32476 - 56522 - 33227 - 72488
2024-12-04,MT,Đà Nẵng,5,48516 - 73866 - 33065
2024-12-04,MT,Đà Nẵng,6,19756 - 06334 - 16918
2024-12-04,MT,Đà Nẵng,7,70097 - 30146 - 89687 - 71089
2024-12-04,MT,Đà Nẵng,8,81143
2024-12-04,MT,Khánh Hòa,ĐB,45921
2024-12-04,MT,Khánh Hòa,1,08208
2024-12-04,MT,Khánh Hòa,2,99768
2024-12-04,MT,Khánh Hòa,3,88307 - 81271 - 13764 - 80756 - 91378 - 03660
2024-12-04,MT,Khánh Hòa,4,09788 - 87818 - 69952 - 68769 - 75777 - 37681
2024-12-04,MT,Khánh Hòa,5,15362 - 02374 - 68848
2024-12-04,MT,Khánh Hòa,6,95233 - 56833 - 55415
2024-12-04,MT,Khánh Hòa,7,40529 - 10211 - 33396 - 24646
2024-12-04,MT,Khánh Hòa,8,92314
2024-12-04,MN,TP. HCM,ĐB,25069
2024-12-04,MN,TP. HCM,1,74679
2024-12-04,MN,TP. HCM,2,04297
2024-12-04,MN,TP. HCM,3,41607 - 51101 - 81715 - 56372 - 56916 - 48270
2024-12-04,MN,TP. HCM,4,17036 - 36788 - 42379 - 40823 - 30993 - 91926
2024-12-04,MN,TP. HCM,5,93172 - 76811 - 17630
2024-12-04,MN,TP. HCM,6,36607 - 89955 - 98791
2024-12-04,MN,TP. HCM,7,37510 - 57070 - 70871 - 34216
2024-12-04,MN,TP. HCM,8,44045
2024-12-04,MN,Đồng Tháp,ĐB,14190
2024-12-04,MN,Đồng Tháp,1,52093
2024-12-04,MN,Đồng Tháp,2,23695
2024-12-04,MN,Đồng Tháp,3,75230 - 24973 - 66676 - 08742 - 66167 - 72963
2024-12-04,MN,Đồng Tháp,4,68948 - 95597 - 58678 - 68086 - 28796 - 49249
2024-12-04,MN,Đồng Tháp,5,19376 - 13937 - 98127
2024-12-04,MN,Đồng Tháp,6,86437 - 70320 - 13391
2024-12-04,MN,Đồng Tháp,7,84739 - 39146 - 00223 - 46060
2024-12-04,MN,Đồng Tháp,8,30586
2024-12-04,MN,Cà Mau,ĐB,00363
2024-12-04,MN,Cà Mau,1,04802
2024-12-04,MN,Cà Mau,2,27167
2024-12-04,MN,Cà Mau,3,33173 - 53372 - 36556 - 19918 - 14912 - 53817
2024-12-04,MN,Cà Mau,4,72554 - 29205 - 10426 - 09931 - 01777 - 96023
2024-12-04,MN,Cà Mau,5,34933 - 56492 - 61846
2024-12-04,MN,Cà Mau,6,96462 - 70461 - 54520
2024-12-04,MN,Cà Mau,7,36436 - 26426 - 95730 - 61854
2024-12-04,MN,Cà Mau,8,95957
2024-12-05,MB,Hà Nội,ĐB,64761
2024-12-05,MB,Hà Nội,1,28239
2024-12-05,MB,Hà Nội,2,09300
2024-12-05,MB,Hà Nội,3,28162 - 09644 - 91671 - 17568 - 69565 - 78693
2024-12-05,MB,Hà Nội,4,14581 - 24077 - 04635 - 95708 - 57427 - 40291
2024-12-05,MB,Hà Nội,5,71201 - 80198 - 10037
2024-12-05,MB,Hà Nội,6,78459 - 27334 - 23613
2024-12-05,MB,Hà Nội,7,42150 - 65045 - 78694 - 98824
2024-12-05,MT,Đà Nẵng,ĐB,33388
2024-12-05,MT,Đà Nẵng,1,43141
2024-12-05,MT,Đà Nẵng,2,38506
2024-12-05,MT,Đà Nẵng,3,49738 - 36373 - 63888 - 97875 - 12313 - 28173
2024-12-05,MT,Đà Nẵng,4,42762 - 92746 - 79345 - 07445 - 50110 - 33325
2024-12-05,MT,Đà Nẵng,5,60783 - 28404 - 47489
2024-12-05,MT,Đà Nẵng,6,02011 - 49563 - 63443
2024-12-05,MT,Đà Nẵng,7,26960 - 12179 - 28837 - 91098
2024-12-05,MT,Đà Nẵng,8,12145
2024-12-05,MT,Khánh Hòa,ĐB,24491
2024-12-05,MT,Khánh Hòa,1,45774
2024-12-05,MT,Khánh Hòa,2,96967
2024-12-05,MT,Khánh Hòa,3,27201 - 72241 - 92373 - 13108 - 11880 - 63149
2024-12-05,MT,Khánh Hòa,4,33312 - 57227 - 84524 - 13698 - 76732 - 13742
2024-12-05,MT,Khánh Hòa,5,19030 - 87812 - 10833
2024-12-05,MT,Khánh Hòa,6,37524 - 91129 - 06840
2024-12-05,MT,Khánh Hòa,7,40405 - 98388 - 39976 - 16185
2024-12-05,MT,Khánh Hòa,8,76924
2024-12-05,MN,TP. HCM,ĐB,83071
2024-12-05,MN,TP. HCM,1,78895
2024-12-05,MN,TP. HCM,2,90777
2024-12-05,MN,TP. HCM,3,46381 - 41976 - 14872 - 30002 - 92978 - 92282
2024-12-05,MN,TP. HCM,4,04749 - 29567 - 43852 - 69833 - 21302 - 92151
2024-12-05,MN,TP. HCM,5,38563 - 94931 - 31702
2024-12-05,MN,TP. HCM,6,67202 - 94141 - 48423
2024-12-05,MN,TP. HCM,7,59943 - 47875 - 13691 - 18101
2024-12-05,MN,TP. HCM,8,75188
2024-12-05,MN,Đồng Tháp,ĐB,21408
2024-12-05,MN,Đồng Tháp,1,83054
2024-12-05,MN,Đồng Tháp,2,75886
2024-12-05,MN,Đồng Tháp,3,30165 - 30163 - 95489 - 33628 - 56498 - 36197
2024-12-05,MN,Đồng Tháp,4,23025 - 39402 - 14233 - 58937 - 40012 - 27800
2024-12-05,MN,Đồng Tháp,5,19266 - 88859 - 26191
2024-12-05,MN,Đồng Tháp,6,07536 - 63602 - 63941
2024-12-05,MN,Đồng Tháp,7,81862 - 01521 - 86702 - 51601
2024-12-05,MN,Đồng Tháp,8,29450
2024-12-05,MN,Cà Mau,ĐB,92355
2024-12-05,MN,Cà Mau,1,29121
2024-12-05,MN,Cà Mau,2,26222
2024-12-05,MN,Cà Mau,3,99309 - 77127 - 76071 - 78498 - 83911 - 09365
2024-12-05,MN,Cà Mau,4,03835 - 05235 - 41086 - 83318 - 53151 - 44728
2024-12-05,MN,Cà Mau,5,38503 - 47744 - 41425
2024-12-05,MN,Cà Mau,6,33132 - 18951 - 02312
2024-12-05,MN,Cà Mau,7,44701 - 70645 - 10010 - 78390
2024-12-05,MN,Cà Mau,8,59280
2024-12-06,MB,Hà Nội,ĐB,03949
2024-12-06,MB,Hà Nội,1,23213
2024-12-06,MB,Hà Nội,2,02218
2024-12-06,MB,Hà Nội,3,04948 - 76851 - 32499 - 77922 - 22955 - 09501
2024-12-06,MB,Hà Nội,4,76243 - 61639 - 18891 - 01289 - 85837 - 04051
2024-12-06,MB,Hà Nội,5,65470 - 63689 - 32959
2024-12-06,MB,Hà Nội,6,33728 - 84575 - 50227
2024-12-06,MB,Hà Nội,7,98200 - 93559 - 68843 - 72981
2024-12-06,MT,Đà Nẵng,ĐB,04840
2024-12-06,MT,Đà Nẵng,1,58877
2024-12-06,MT,Đà Nẵng,2,76264
2024-12-06,MT,Đà Nẵng,3,02539 - 76098 - 25399 - 97501 - 97947 - 56296
2024-12-06,MT,Đà Nẵng,4,90401 - 02888 - 94220 - 37155 - 16616 - 27500
2024-12-06,MT,Đà Nẵng,5,83972 - 38606 - 28961
2024-12-06,MT,Đà Nẵng,6,52227 - 52351 - 94414
2024-12-06,MT,Đà Nẵng,7,11065 - 06863 - 92870 - 82730
2024-12-06,MT,Đà Nẵng,8,00430
2024-12-06,MT,Khánh Hòa,ĐB,46709
2024-12-06,MT,Khánh Hòa,1,17322
2024-12-06,MT,Khánh Hòa,2,62116
2024-12-06,MT,Khánh Hòa,3,21245 - 73515 - 57303 - 68365 - 76614 - 13110
2024-12-06,MT,Khánh Hòa,4,99958 - 71391 - 28147 - 99952 - 10773 - 89480
2024-12-06,MT,Khánh Hòa,5,52986 - 50575 - 58354
2024-12-06,MT,Khánh Hòa,6,65166 - 30223 - 86567
2024-12-06,MT,Khánh Hòa,7,73094 - 48354 - 21872 - 26588
2024-12-06,MT,Khánh Hòa,8,80915
2024-12-06,MN,TP. HCM,ĐB,50320
2024-12-06,MN,TP. HCM,1,65638
2024-12-06,MN,TP. HCM,2,01155
2024-12-06,MN,TP. HCM,3,62085 - 22755 - 87765 - 56404 - 89079 - 54459
2024-12-06,MN,TP. HCM,4,62152 - 60705 - 27134 - 27696 - 04849 - 88199
2024-12-06,MN,TP. HCM,5,34090 - 05845 - 97317
2024-12-06,MN,TP. HCM,6,09155 - 11498 - 09117
2024-12-06,MN,TP. HCM,7,14049 - 58804 - 34252 - 97143
2024-12-06,MN,TP. HCM,8,21120
2024-12-06,MN,Đồng Tháp,ĐB,00105
2024-12-06,MN,Đồng Tháp,1,74710
2024-12-06,MN,Đồng Tháp,2,03028
2024-12-06,MN,Đồng Tháp,3,72068 - 85776 - 68279 - 67226 - 04331 - 20704
2024-12-06,MN,Đồng Tháp,4,34575 - 68466 - 85564 - 56578 - 13212 - 59639
2024-12-06,MN,Đồng Tháp,5,51873 - 64534 - 85359
2024-12-06,MN,Đồng Tháp,6,53902 - 32804 - 69167
2024-12-06,MN,Đồng Tháp,7,25984 - 39558 - 44297 - 78999
2024-12-06,MN,Đồng Tháp,8,45370
2024-12-06,MN,Cà Mau,ĐB,06060
2024-12-06,MN,Cà Mau,1,66161
2024-12-06,MN,Cà Mau,2,20281
2024-12-06,MN,Cà Mau,3,63918 - 10698 - 07121 - 61432 - 15867 - 11056
2024-12-06,MN,Cà Mau,4,93693 - 59007 - 78721 - 95157 - 69463 - 54860
2024-12-06,MN,Cà Mau,5,44696 - 17499 - 46657
2024-12-06,MN,Cà Mau,6,56217 - 98609 - 58164
2024-12-06,MN,Cà Mau,7,54683 - 44955 - 38830 - 01053
2024-12-06,MN,Cà Mau,8,13111
2024-12-07,MB,Hà Nội,ĐB,67175
2024-12-07,MB,Hà Nội,1,02503
2024-12-07,MB,Hà Nội,2,61234
2024-12-07,MB,Hà Nội,3,61401 - 83272 - 20650 - 09534 - 57846 - 52918
2024-12-07,MB,Hà Nội,4,57253 - 24213 - 03721 - 45604 - 75892 - 07285
2024-12-07,MB,Hà Nội,5,06151 - 23270 - 18207
2024-12-07,MB,Hà Nội,6,72397 - 06921 - 83191
2024-12-07,MB,Hà Nội,7,61317 - 83032 - 89164 - 81240
2024-12-07,MT,Đà Nẵng,ĐB,79203
2024-12-07,MT,Đà Nẵng,1,07339
2024-12-07,MT,Đà Nẵng,2,37735
2024-12-07,MT,Đà Nẵng,3,78166 - 23811 - 40016 - 58126 - 43764 - 86891
2024-12-07,MT,Đà Nẵng,4,39808 - 97149 - 51271 - 61167 - 51159 - 61616
2024-12-07,MT,Đà Nẵng,5,11506 - 61936 - 65073
2024-12-07,MT,Đà Nẵng,6,95263 - 74496 - 45169
2024-12-07,MT,Đà Nẵng,7,39309 - 49243 - 55657 - 40310
2024-12-07,MT,Đà Nẵng,8,75102
2024-12-07,MT,Khánh Hòa,ĐB,41836
2024-12-07,MT,Khánh Hòa,1,06069
2024-12-07,MT,Khánh Hòa,2,50242
2024-12-07,MT,Khánh Hòa,3,28044 - 29031 - 81271 - 02823 - 65609 - 46243
2024-12-07,MT,Khánh Hòa,4,67876 - 16084 - 47737 - 29147 - 30079 - 80559
2024-12-07,MT,Khánh Hòa,5,01049 - 24326 - 12330
2024-12-07,MT,Khánh Hòa,6,42483 - 17505 - 88856
2024-12-07,MT,Khánh Hòa,7,55792 - 70396 - 73234 - 52308
2024-12-07,MT,Khánh Hòa,8,58552
2024-12-07,MN,TP. HCM,ĐB,65872
2024-12-07,MN,TP. HCM,1,52615
2024-12-07,MN,TP. HCM,2,81717
2024-12-07,MN,TP. HCM,3,82617 - 74531 - 87978 - 55933 - 86965 - 08959
2024-12-07,MN,TP. HCM,4,43085 - 51054 - 48414 - 89099 - 22428 - 41602
2024-12-07,MN,TP. HCM,5,18216 - 08995 - 27454
2024-12-07,MN,TP. HCM,6,56970 - 38703 - 84789
2024-12-07,MN,TP. HCM,7,30448 - 32276 - 31640 - 63645
2024-12-07,MN,TP. HCM,8,83929
2024-12-07,MN,Đồng Tháp,ĐB,29043
2024-12-07,MN,Đồng Tháp,1,15623
2024-12-07,MN,Đồng Tháp,2,97040
2024-12-07,MN,Đồng Tháp,3,23099 - 36869 - 58918 - 32252 - 73259 - 49704
2024-12-07,MN,Đồng Tháp,4,63646 - 08049 - 71459 - 98478 - 84488 - 64903
2024-12-07,MN,Đồng Tháp,5,65298 - 22349 - 17520
2024-12-07,MN,Đồng Tháp,6,28238 - 74342 - 25741
2024-12-07,MN,Đồng Tháp,7,03377 - 89211 - 22593 - 08156
2024-12-07,MN,Đồng Tháp,8,81130
2024-12-07,MN,Cà Mau,ĐB,43410
2024-12-07,MN,Cà Mau,1,33909
2024-12-07,MN,Cà Mau,2,02713
2024-12-07,MN,Cà Mau,3,57401 - 35523 - 17429 - 42976 - 63808 - 12970
2024-12-07,MN,Cà Mau,4,81587 - 73402 - 83843 - 38881 - 02990 - 07052
2024-12-07,MN,Cà Mau,5,59098 - 51319 - 75948
2024-12-07,MN,Cà Mau,6,09907 - 33461 - 67407
2024-12-07,MN,Cà Mau,7,24367 - 84201 - 24931 - 39866
2024-12-07,MN,Cà Mau,8,11711
2024-12-08,MB,Hà Nội,ĐB,56145
2024-12-08,MB,Hà Nội,1,31985
2024-12-08,MB,Hà Nội,2,31081
2024-12-08,MB,Hà Nội,3,12762 - 59242 - 55107 - 65763 - 58358 - 98581
2024-12-08,MB,Hà Nội,4,68138 - 33595 - 62728 - 14499 - 44409 - 30179
2024-12-08,MB,Hà Nội,5,53455 - 33523 - 06859
2024-12-08,MB,Hà Nội,6,84822 - 80497 - 55919
2024-12-08,MB,Hà Nội,7,38881 - 57256 - 41872 - 79101
2024-12-08,MT,Đà Nẵng,ĐB,34868
2024-12-08,MT,Đà Nẵng,1,61716
2024-12-08,MT,Đà Nẵng,2,31749
2024-12-08,MT,Đà Nẵng,3,94283 - 34919 - 10603 - 47847 - 10602 - 25152
2024-12-08,MT,Đà Nẵng,4,19581 - 71578 - 64148 - 36132 - 83350 - 82054
2024-12-08,MT,Đà Nẵng,5,61731 - 36726 - 70338
2024-12-08,MT,Đà Nẵng,6,53883 - 46056 - 77248
2024-12-08,MT,Đà Nẵng,7,54106 - 54491 - 18877 - 13490
2024-12-08,MT,Đà Nẵng,8,72507
2024-12-08,MT,Khánh Hòa,ĐB,77739
2024-12-08,MT,Khánh Hòa,1,32647
2024-12-08,MT,Khánh Hòa,2,16381
2024-12-08,MT,Khánh Hòa,3,25363 - 78417 - 03161 - 53144 - 22208 - 05070
2024-12-08,MT,Khánh Hòa,4,54944 - 18634 - 27775 - 51239 - 34205 - 43514
2024-12-08,MT,Khánh Hòa,5,43019 - 91788 - 97978
2024-12-08,MT,Khánh Hòa,6,56716 - 35852 - 28609
2024-12-08,MT,Khánh Hòa,7,20657 - 99847 - 66070 - 65442
2024-12-08,MT,Khánh Hòa,8,72568
2024-12-08,MN,TP. HCM,ĐB,93114
2024-12-08,MN,TP. HCM,1,80159
2024-12-08,MN,TP. HCM,2,51914
2024-12-08,MN,TP. HCM,3,71423 - 33089 - 52078 - 78963 - 30436 - 60240
2024-12-08,MN,TP. HCM,4,14190 - 72307 - 83686 - 99622 - 27312 - 05084
2024-12-08,MN,TP. HCM,5,85290 - 40583 - 42115
2024-12-08,MN,TP. HCM,6,82888 - 76231 - 17780
2024-12-08,MN,TP. HCM,7,16699 - 91699 - 44308 - 78388
2024-12-08,MN,TP. HCM,8,25271
2024-12-08,MN,Đồng Tháp,ĐB,17740
2024-12-08,MN,Đồng Tháp,1,50113
2024-12-08,MN,Đồng Tháp,2,41689
2024-12-08,MN,Đồng Tháp,3,76251 - 18116 - 61763 - 16605 - 63049 - 22760
2024-12-08,MN,Đồng Tháp,4,22641 - 02711 - 73722 - 41646 - 71569 - 18921
2024-12-08,MN,Đồng Tháp,5,70568 - 83689 - 31630
2024-12-08,MN,Đồng Tháp,6,59829 - 36467 - 21745
2024-12-08,MN,Đồng Tháp,7,84867 - 71735 - 64930 - 70395
2024-12-08,MN,Đồng Tháp,8,80450
2024-12-08,MN,Cà Mau,ĐB,05195
2024-12-08,MN,Cà Mau,1,81746
2024-12-08,MN,Cà Mau,2,13054
2024-12-08,MN,Cà Mau,3,93898 - 10683 - 43534 - 74112 - 54991 - 16763
2024-12-08,MN,Cà Mau,4,79339 - 95011 - 85159 - 25640 - 65896 - 91071
2024-12-08,MN,Cà Mau,5,10634 - 12441 - 71187
2024-12-08,MN,Cà Mau,6,91766 - 03717 - 48026
2024-12-08,MN,Cà Mau,7,85002 - 35289 - 92322 - 31409
2024-12-08,MN,Cà Mau,8,18812
2024-12-09,MB,Hà Nội,ĐB,32131
2024-12-09,MB,Hà Nội,1,03393
2024-12-09,MB,Hà Nội,2,71745
2024-12-09,MB,Hà Nội,3,53077 - 66723 - 83314 - 01504 - 13138 - 94128
2024-12-09,MB,Hà Nội,4,17212 - 18578 - 71781 - 22376 - 46339 - 57595
2024-12-09,MB,Hà Nội,5,54388 - 67675 - 21412
2024-12-09,MB,Hà Nội,6,89873 - 31181 - 50679
2024-12-09,MB,Hà Nội,7,22999 - 80813 - 42283 - 75857
2024-12-09,MT,Đà Nẵng,ĐB,26500
2024-12-09,MT,Đà Nẵng,1,56004
2024-12-09,MT,Đà Nẵng,2,56347
2024-12-09,MT,Đà Nẵng,3,87534 - 93398 - 35875 - 83535 - 45668 - 51874
2024-12-09,MT,Đà Nẵng,4,81264 - 03310 - 59404 - 28532 - 61456 - 56910
2024-12-09,MT,Đà Nẵng,5,20244 - 47427 - 36875
2024-12-09,MT,Đà Nẵng,6,34243 - 24859 - 67894
2024-12-09,MT,Đà Nẵng,7,78998 - 23641 - 29157 - 11029
2024-12-09,MT,Đà Nẵng,8,62340
2024-12-09,MT,Khánh Hòa,ĐB,49224
2024-12-09,MT,Khánh Hòa,1,57666
2024-12-09,MT,Khánh Hòa,2,57370
2024-12-09,MT,Khánh Hòa,3,41491 - 39291 - 79122 - 24249 - 95556 - 96192
2024-12-09,MT,Khánh Hòa,4,36583 - 04594 - 85251 - 43040 - 91347 - 13462
2024-12-09,MT,Khánh Hòa,5,72302 - 76645 - 47832
2024-12-09,MT,Khánh Hòa,6,47893 - 81181 - 33560
2024-12-09,MT,Khánh Hòa,7,22523 - 91213 - 73296 - 39944
2024-12-09,MT,Khánh Hòa,8,58349
2024-12-09,MN,TP. HCM,ĐB,91464
2024-12-09,MN,TP. HCM,1,78006
2024-12-09,MN,TP. HCM,2,00206
2024-12-09,MN,TP. HCM,3,82487 - 54953 - 58869 - 98032 - 32975 - 36586
2024-12-09,MN,TP. HCM,4,80531 - 51857 - 50966 - 07776 - 63529 - 07391
2024-12-09,MN,TP. HCM,5,49873 - 63097 - 85470
2024-12-09,MN,TP. HCM,6,08203 - 05797 - 13308
2024-12-09,MN,TP. HCM,7,32205 - 46548 - 10932 - 08560
2024-12-09,MN,TP. HCM,8,40894
2024-12-09,MN,Đồng Tháp,ĐB,56908
2024-12-09,MN,Đồng Tháp,1,33253
2024-12-09,MN,Đồng Tháp,2,64304
2024-12-09,MN,Đồng Tháp,3,35690 - 91445 - 46790 - 27821 - 51452 - 32115
2024-12-09,MN,Đồng Tháp,4,32313 - 14690 - 76824 - 10059 - 25534 - 34574
2024-12-09,MN,Đồng Tháp,5,08515 - 10381 - 43461
2024-12-09,MN,Đồng Tháp,6,79748 - 35988 - 87169
2024-12-09,MN,Đồng Tháp,7,10799 - 22260 - 95291 - 31259
2024-12-09,MN,Đồng Tháp,8,31346
2024-12-09,MN,Cà Mau,ĐB,94240
2024-12-09,MN,Cà Mau,1,63944
2024-12-09,MN,Cà Mau,2,40426
2024-12-09,MN,Cà Mau,3,00989 - 48920 - 86835 - 97286 - 09562 - 09455
2024-12-09,MN,Cà Mau,4,14396 - 15472 - 35573 - 80920 - 98260 - 58248
2024-12-09,MN,Cà Mau,5,03588 - 86582 - 31737
2024-12-09,MN,Cà Mau,6,96649 - 19219 - 05778
2024-12-09,MN,Cà Mau,7,12121 - 01224 - 90111 - 46695
2024-12-09,MN,Cà Mau,8,43928
2024-12-10,MB,Hà Nội,ĐB,46571
2024-12-10,MB,Hà Nội,1,37205
2024-12-10,MB,Hà Nội,2,23320
2024-12-10,MB,Hà Nội,3,91563 - 96730 - 88891 - 62235 - 73817 - 65609
2024-12-10,MB,Hà Nội,4,09715 - 50285 - 31961 - 27839 - 07276 - 26159
2024-12-10,MB,Hà Nội,5,91907 - 99457 - 73002
2024-12-10,MB,Hà Nội,6,69680 - 40615 - 68662
2024-12-10,MB,Hà Nội,7,86886 - 35386 - 87435 - 70554
2024-12-10,MT,Đà Nẵng,ĐB,37123
2024-12-10,MT,Đà Nẵng,1,67763
2024-12-10,MT,Đà Nẵng,2,27746
2024-12-10,MT,Đà Nẵng,3,03406 - 04308 - 22302 - 82072 - 93995 - 08445
2024-12-10,MT,Đà Nẵng,4,09987 - 15108 - 06036 - 21871 - 10974 - 59202
2024-12-10,MT,Đà Nẵng,5,21655 - 93878 - 88197
2024-12-10,MT,Đà Nẵng,6,61112 - 17515 - 45442
2024-12-10,MT,Đà Nẵng,7,73975 - 03790 - 10727 - 83182
2024-12-10,MT,Đà Nẵng,8,17404
2024-12-10,MT,Khánh Hòa,ĐB,45152
2024-12-10,MT,Khánh Hòa,1,69528
2024-12-10,MT,Khánh Hòa,2,08372
2024-12-10,MT,Khánh Hòa,3,35043 - 58291 - 90937 - 75351 - 98571 - 25800
2024-12-10,MT,Khánh Hòa,4,16120 - 29018 - 55171 - 28735 - 72339 - 95566
2024-12-10,MT,Khánh Hòa,5,15012 - 08927 - 20813
2024-12-10,MT,Khánh Hòa,6,95701 - 98245 - 11590
2024-12-10,MT,Khánh Hòa,7,64976 - 65490 - 93286 - 24816
2024-12-10,MT,Khánh Hòa,8,75524
2024-12-10,MN,TP. HCM,ĐB,30784
2024-12-10,MN,TP. HCM,1,83663
2024-12-10,MN,TP. HCM,2,44642
2024-12-10,MN,TP. HCM,3,71850 - 72100 - 01059 - 56475 - 02972 - 51321
2024-12-10,MN,TP. HCM,4,41451 - 60717 - 83449 - 46289 - 80638 - 16924
2024-12-10,MN,TP. HCM,5,80048 - 83596 - 52581
2024-12-10,MN,TP. HCM,6,13806 - 66465 - 87806
2024-12-10,MN,TP. HCM,7,44895 - 76645 - 39841 - 04476
2024-12-10,MN,TP. HCM,8,82007
2024-12-10,MN,Đồng Tháp,ĐB,12503
2024-12-10,MN,Đồng Tháp,1,22153
2024-12-10,MN,Đồng Tháp,2,25391
2024-12-10,MN,Đồng Tháp,3,22377 - 14279 - 57986 - 47476 - 42443 - 48909
2024-12-10,MN,Đồng Tháp,4,46214 - 31346 - 69363 - 28961 - 16947 - 12421
2024-12-10,MN,Đồng Tháp,5,89016 - 43709 - 06016
2024-12-10,MN,Đồng Tháp,6,87265 - 51589 - 48889
2024-12-10,MN,Đồng Tháp,7,52643 - 85912 - 49298 - 72536
2024-12-10,MN,Đồng Tháp,8,46918
2024-12-10,MN,Cà Mau,ĐB,52417
2024-12-10,MN,Cà Mau,1,41582
2024-12-10,MN,Cà Mau,2,10720
2024-12-10,MN,Cà Mau,3,88700 - 56511 - 20714 - 34706 - 83164 - 44704
2024-12-10,MN,Cà Mau,4,51580 - 47531 - 71339 - 83940 - 03488 - 39296
2024-12-10,MN,Cà Mau,5,02707 - 44236 - 33800
2024-12-10,MN,Cà Mau,6,28119 - 71008 - 93937
2024-12-10,MN,Cà Mau,7,26901 - 92029 - 60589 - 81558
2024-12-10,MN,Cà Mau,8,91491
2024-12-11,MB,Hà Nội,ĐB,65164
2024-12-11,MB,Hà Nội,1,47431
2024-12-11,MB,Hà Nội,2,92628
2024-12-11,MB,Hà Nội,3,40775 - 07243 - 60569 - 74306 - 49870 - 01509
2024-12-11,MB,Hà Nội,4,44889 - 98843 - 00180 - 77269 - 30700 - 42939
2024-12-11,MB,Hà Nội,5,89558 - 94725 - 46012
2024-12-11,MB,Hà Nội,6,45122 - 96199 - 93832
2024-12-11,MB,Hà Nội,7,22127 - 32711 - 75472 - 98922
2024-12-11,MT,Đà Nẵng,ĐB,48056
2024-12-11,MT,Đà Nẵng,1,80219
2024-12-11,MT,Đà Nẵng,2,73072
2024-12-11,MT,Đà Nẵng,3,77270 - 50102 - 16100 - 86693 - 33399 - 79998
2024-12-11,MT,Đà Nẵng,4,22125 - 17712 - 75516 - 95298 - 22218 - 05983
2024-12-11,MT,Đà Nẵng,5,22606 - 21899 - 50753
2024-12-11,MT,Đà Nẵng,6,81348 - 77941 - 05952
2024-12-11,MT,Đà Nẵng,7,30558 - 57690 - 92923 - 29057
2024-12-11,MT,Đà Nẵng,8,57114
2024-12-11,MT,Khánh Hòa,ĐB,37098
2024-12-11,MT,Khánh Hòa,1,75746
2024-12-11,MT,Khánh Hòa,2,77803
2024-12-11,MT,Khánh Hòa,3,78822 - 76247 - 41827 - 47812 - 81237 - 24513
2024-12-11,MT,Khánh Hòa,4,28781 - 34117 - 94331 - 56703 - 29519 - 68816
2024-12-11,MT,Khánh Hòa,5,18020 - 96996 - 71351
2024-12-11,MT,Khánh Hòa,6,61392 - 83368 - 25761
2024-12-11,MT,Khánh Hòa,7,95998 - 18227 - 40699 - 89267
2024-12-11,MT,Khánh Hòa,8,59521
2024-12-11,MN,TP. HCM,ĐB,28500
2024-12-11,MN,TP. HCM,1,54018
2024-12-11,MN,TP. HCM,2,72938
2024-12-11,MN,TP. HCM,3,52933 - 45225 - 47644 - 02576 - 20850 - 85683
2024-12-11,MN,TP. HCM,4,53247 - 01680 - 82673 - 13837 - 70332 - 88417
2024-12-11,MN,TP. HCM,5,33673 - 66455 - 76776
2024-12-11,MN,TP. HCM,6,84344 - 76768 - 32622
2024-12-11,MN,TP. HCM,7,39247 - 88121 - 18455 - 41784
2024-12-11,MN,TP. HCM,8,81157
2024-12-11,MN,Đồng Tháp,ĐB,81463
2024-12-11,MN,Đồng Tháp,1,84524
2024-12-11,MN,Đồng Tháp,2,40836
2024-12-11,MN,Đồng Tháp,3,53000 - 68944 - 18626 - 41142 - 83220 - 28712
2024-12-11,MN,Đồng Tháp,4,23999 - 65115 - 33225 - 61853 - 05092 - 18268
2024-12-11,MN,Đồng Tháp,5,50646 - 83621 - 12416
2024-12-11,MN,Đồng Tháp,6,19377 - 11038 - 99018
2024-12-11,MN,Đồng Tháp,7,00162 - 27042 - 80956 - 36385
2024-12-11,MN,Đồng Tháp,8,18788
2024-12-11,MN,Cà Mau,ĐB,79998
2024-12-11,MN,Cà Mau,1,62389
2024-12-11,MN,Cà Mau,2,11953
2024-12-11,MN,Cà Mau,3,93193 - 45374 - 85065 - 48622 - 87216 - 39274
2024-12-11,MN,Cà Mau,4,27870 - 17037 - 14519 - 10927 - 29403 - 20237
2024-12-11,MN,Cà Mau,5,02753 - 68110 - 14121
2024-12-11,MN,Cà Mau,6,55876 - 19873 - 19393
2024-12-11,MN,Cà Mau,7,39480 - 69044 - 26829 - 30682
2024-12-11,MN,Cà Mau,8,08717
2024-12-12,MB,Hà Nội,ĐB,92428
2024-12-12,MB,Hà Nội,1,33981
2024-12-12,MB,Hà Nội,2,24237
2024-12-12,MB,Hà Nội,3,27475 - 48589 - 55240 - 97010 - 15616 - 28221
2024-12-12,MB,Hà Nội,4,03078 - 46540 - 22628 - 57424 - 34929 - 45635
2024-12-12,MB,Hà Nội,5,23747 - 91942 - 48369
2024-12-12,MB,Hà Nội,6,29849 - 53703 - 46101
2024-12-12,MB,Hà Nội,7,68795 - 59523 - 28801 - 51854
2024-12-12,MT,Đà Nẵng,ĐB,54039
2024-12-12,MT,Đà Nẵng,1,67488
2024-12-12,MT,Đà Nẵng,2,69252
2024-12-12,MT,Đà Nẵng,3,41119 - 32175 - 02440 - 57354 - 67640 - 04844
2024-12-12,MT,Đà Nẵng,4,01941 - 23256 - 16268 - 97707 - 40229 - 43813
2024-12-12,MT,Đà Nẵng,5,85908 - 81199 - 83460
2024-12-12,MT,Đà Nẵng,6,48698 - 63989 - 59767
2024-12-12,MT,Đà Nẵng,7,03092 - 68961 - 30269 - 97986
2024-12-12,MT,Đà Nẵng,8,76492
2024-12-12,MT,Khánh Hòa,ĐB,30706
2024-12-12,MT,Khánh Hòa,1,34668
2024-12-12,MT,Khánh Hòa,2,60942
2024-12-12,MT,Khánh Hòa,3,50840 - 21110 - 71176 - 32037 - 44809 - 52342
2024-12-12,MT,Khánh Hòa,4,97634 - 93034 - 20763 - 73478 - 30247 - 60726
2024-12-12,MT,Khánh Hòa,5,39791 - 78487 - 94924
2024-12-12,MT,Khánh Hòa,6,09409 - 58001 - 43742
2024-12-12,MT,Khánh Hòa,7,07477 - 57371 - 69155 - 81061
2024-12-12,MT,Khánh Hòa,8,50620
2024-12-12,MN,TP. HCM,ĐB,94263
2024-12-12,MN,TP. HCM,1,08397
2024-12-12,MN,TP. HCM,2,22542
2024-12-12,MN,TP. HCM,3,08627 - 01602 - 45040 - 34198 - 73109 - 82417
2024-12-12,MN,TP. HCM,4,21344 - 04763 - 85556 - 74062 - 37630 - 41221
2024-12-12,MN,TP. HCM,5,21051 - 75769 - 08273
2024-12-12,MN,TP. HCM,6,73268 - 83847 - 53159
2024-12-12,MN,TP. HCM,7,88450 - 15425 - 59993 - 23410
2024-12-12,MN,TP. HCM,8,81889
2024-12-12,MN,Đồng Tháp,ĐB,72295
2024-12-12,MN,Đồng Tháp,1,62830
2024-12-12,MN,Đồng Tháp,2,23997
2024-12-12,MN,Đồng Tháp,3,12357 - 04829 - 19555 - 26455 - 36467 - 33159
2024-12-12,MN,Đồng Tháp,4,58606 - 34623 - 64585 - 35559 - 47484 - 39828
2024-12-12,MN,Đồng Tháp,5,76867 - 80348 - 29703
2024-12-12,MN,Đồng Tháp,6,51597 - 68920 - 07754
2024-12-12,MN,Đồng Tháp,7,71099 - 23260 - 81828 - 27399
2024-12-12,MN,Đồng Tháp,8,31744
2024-12-12,MN,Cà Mau,ĐB,61652
2024-12-12,MN,Cà Mau,1,71264
2024-12-12,MN,Cà Mau,2,09513
2024-12-12,MN,Cà Mau,3,94661 - 05190 - 75177 - 45747 - 54550 - 07280
2024-12-12,MN,Cà Mau,4,78686 - 97204 - 94004 - 48463 - 92483 - 99830
2024-12-12,MN,Cà Mau,5,52927 - 61414 - 37398
2024-12-12,MN,Cà Mau,6,76304 - 75305 - 90144
2024-12-12,MN,Cà Mau,7,72326 - 51366 - 66726 - 08162
2024-12-12,MN,Cà Mau,8,80534
2024-12-13,MB,Hà Nội,ĐB,13535
2024-12-13,MB,Hà Nội,1,39508
2024-12-13,MB,Hà Nội,2,27311
2024-12-13,MB,Hà Nội,3,26617 - 91535 - 32616 - 92059 - 51093 - 98875
2024-12-13,MB,Hà Nội,4,82143 - 79760 - 39607 - 28821 - 49633 - 20339
2024-12-13,MB,Hà Nội,5,68498 - 12637 - 72746
2024-12-13,MB,Hà Nội,6,64400 - 04340 - 99901
2024-12-13,MB,Hà Nội,7,45417 - 87861 - 25906 - 18050
2024-12-13,MT,Đà Nẵng,ĐB,26814
2024-12-13,MT,Đà Nẵng,1,03411
2024-12-13,MT,Đà Nẵng,2,67864
2024-12-13,MT,Đà Nẵng,3,17662 - 79616 - 29223 - 03085 - 41732 - 63919
2024-12-13,MT,Đà Nẵng,4,51360 - 89149 - 40331 - 78272 - 40407 - 34113
2024-12-13,MT,Đà Nẵng,5,58733 - 03583 - 67052
2024-12-13,MT,Đà Nẵng,6,26756 - 37567 - 03065
2024-12-13,MT,Đà Nẵng,7,43911 - 97101 - 00390 - 85703
2024-12-13,MT,Đà Nẵng,8,41620
2024-12-13,MT,Khánh Hòa,ĐB,21489
2024-12-13,MT,Khánh Hòa,1,85688
2024-12-13,MT,Khánh Hòa,2,29569
2024-12-13,MT,Khánh Hòa,3,28561 - 62551 - 67222 - 87628 - 79058 - 25727
2024-12-13,MT,Khánh Hòa,4,29172 - 90921 - 65381 - 24814 - 30216 - 85142
2024-12-13,MT,Khánh Hòa,5,22888 - 19683 - 21697
2024-12-13,MT,Khánh Hòa,6,72930 - 09459 - 19492
2024-12-13,MT,Khánh Hòa,7,31250 - 34580 - 86700 - 67665
2024-12-13,MT,Khánh Hòa,8,65277
2024-12-13,MN,TP. HCM,ĐB,31212
2024-12-13,MN,TP. HCM,1,08587
2024-12-13,MN,TP. HCM,2,80400
2024-12-13,MN,TP. HCM,3,66283 - 55456 - 78230 - 51263 - 20036 - 55983
2024-12-13,MN,TP. HCM,4,68187 - 55385 - 65882 - 06570 - 74510 - 15713
2024-12-13,MN,TP. HCM,5,92870 - 33403 - 16112
2024-12-13,MN,TP. HCM,6,87503 - 90060 - 80036
2024-12-13,MN,TP. HCM,7,48335 - 52333 - 35407 - 48802
2024-12-13,MN,TP. HCM,8,48741
2024-12-13,MN,Đồng Tháp,ĐB,70363
2024-12-13,MN,Đồng Tháp,1,72921
2024-12-13,MN,Đồng Tháp,2,31701
2024-12-13,MN,Đồng Tháp,3,25825 - 45183 - 37017 - 67781 - 01155 - 51030
2024-12-13,MN,Đồng Tháp,4,36383 - 05246 - 82550 - 20711 - 15347 - 53036
2024-12-13,MN,Đồng Tháp,5,90518 - 38030 - 41484
2024-12-13,MN,Đồng Tháp,6,84472 - 10786 - 70053
2024-12-13,MN,Đồng Tháp,7,10330 - 09960 - 29643 - 45675
2024-12-13,MN,Đồng Tháp,8,83112
2024-12-13,MN,Cà Mau,ĐB,06224
2024-12-13,MN,Cà Mau,1,16112
2024-12-13,MN,Cà Mau,2,49713
2024-12-13,MN,Cà Mau,3,48242 - 31681 - 41804 - 13356 - 39528 - 07942
2024-12-13,MN,Cà Mau,4,82648 - 42355 - 80889 - 25275 - 59301 - 42082
2024-12-13,MN,Cà Mau,5,17939 - 66877 - 29030
2024-12-13,MN,Cà Mau,6,92475 - 26755 - 79924
2024-12-13,MN,Cà Mau,7,38301 - 87385 - 13237 - 97311
2024-12-13,MN,Cà Mau,8,11234
2024-12-14,MB,Hà Nội,ĐB,44140
2024-12-14,MB,Hà Nội,1,11853
2024-12-14,MB,Hà Nội,2,85024
2024-12-14,MB,Hà Nội,3,91813 - 18639 - 56016 - 00933 - 58088 - 92620
2024-12-14,MB,Hà Nội,4,34182 - 92330 - 33911 - 42431 - 71600 - 01296
2024-12-14,MB,Hà Nội,5,63065 - 53255 - 77855
2024-12-14,MB,Hà Nội,6,66985 - 69025 - 21622
2024-12-14,MB,Hà Nội,7,84315 - 96089 - 60822 - 84344
2024-12-14,MT,Đà Nẵng,ĐB,33231
2024-12-14,MT,Đà Nẵng,1,72476
2024-12-14,MT,Đà Nẵng,2,82147
2024-12-14,MT,Đà Nẵng,3,07218 - 79990 - 26267 - 33244 - 57424 - 83239
2024-12-14,MT,Đà Nẵng,4,85592 - 69606 - 96195 - 24720 - 29742 - 24665
2024-12-14,MT,Đà Nẵng,5,49052 - 54505 - 37164
2024-12-14,MT,Đà Nẵng,6,54160 - 61713 - 86997
2024-12-14,MT,Đà Nẵng,7,56411 - 86153 - 67595 - 48988
2024-12-14,MT,Đà Nẵng,8,70009
2024-12-14,MT,Khánh Hòa,ĐB,72226
2024-12-14,MT,Khánh Hòa,1,37380
2024-12-14,MT,Khánh Hòa,2,91799
2024-12-14,MT,Khánh Hòa,3,57119 - 59897 - 95643 - 66402 - 45748 - 35666
2024-12-14,MT,Khánh Hòa,4,82184 - 71541 - 44880 - 92764 - 61597 - 16683
2024-12-14,MT,Khánh Hòa,5,08890 - 21664 - 18608
2024-12-14,MT,Khánh Hòa,6,50981 - 79703 - 40654
2024-12-14,MT,Khánh Hòa,7,04138 - 37322 - 64694 - 64067
2024-12-14,MT,Khánh Hòa,8,74895
2024-12-14,MN,TP. HCM,ĐB,25981
2024-12-14,MN,TP. HCM,1,40813
2024-12-14,MN,TP. HCM,2,13764
2024-12-14,MN,TP. HCM,3,44353 - 33823 - 44045 - 66889 - 39531 - 12967
2024-12-14,MN,TP. HCM,4,90359 - 06660 - 07717 - 08929 - 83209 - 81338
2024-12-14,MN,TP. HCM,5,45320 - 13901 - 11181
2024-12-14,MN,TP. HCM,6,06671 - 57031 - 22519
2024-12-14,MN,TP. HCM,7,27842 - 33390 - 10533 - 63377
2024-12-14,MN,TP. HCM,8,35790
2024-12-14,MN,Đồng Tháp,ĐB,86536
2024-12-14,MN,Đồng Tháp,1,32484
2024-12-14,MN,Đồng Tháp,2,71280
2024-12-14,MN,Đồng Tháp,3,75973 - 10861 - 83585 - 06300 - 06316 - 20489
2024-12-14,MN,Đồng Tháp,4,39460 - 42591 - 28187 - 89646 - 96584 - 12561
2024-12-14,MN,Đồng Tháp,5,14146 - 11293 - 99567
2024-12-14,MN,Đồng Tháp,6,88105 - 32132 - 35496
2024-12-14,MN,Đồng Tháp,7,76666 - 28578 - 33547 - 83431
2024-12-14,MN,Đồng Tháp,8,21750
2024-12-14,MN,Cà Mau,ĐB,36735
2024-12-14,MN,Cà Mau,1,96766
2024-12-14,MN,Cà Mau,2,04134
2024-12-14,MN,Cà Mau,3,14528 - 51515 - 29308 - 30036 - 85497 - 31013
2024-12-14,MN,Cà Mau,4,58971 - 08152 - 49725 - 14803 - 68445 - 48663
2024-12-14,MN,Cà Mau,5,21319 - 82754 - 81190
2024-12-14,MN,Cà Mau,6,59582 - 39304 - 59854
2024-12-14,MN,Cà Mau,7,09014 - 55700 - 80876 - 62854
2024-12-14,MN,Cà Mau,8,01738
2024-12-15,MB,Hà Nội,ĐB,62746
2024-12-15,MB,Hà Nội,1,92521
2024-12-15,MB,Hà Nội,2,66996
2024-12-15,MB,Hà Nội,3,15028 - 21536 - 55060 - 28014 - 11176 - 54353
2024-12-15,MB,Hà Nội,4,99842 - 45174 - 27466 - 72383 - 84466 - 60504
2024-12-15,MB,Hà Nội,5,59886 - 27917 - 61548
2024-12-15,MB,Hà Nội,6,57465 - 80999 - 01756
2024-12-15,MB,Hà Nội,7,98076 - 23741 - 66828 - 92532
2024-12-15,MT,Đà Nẵng,ĐB,69447
2024-12-15,MT,Đà Nẵng,1,25224
2024-12-15,MT,Đà Nẵng,2,57871
2024-12-15,MT,Đà Nẵng,3,60246 - 70957 - 92907 - 99979 - 45706 - 64604
2024-12-15,MT,Đà Nẵng,4,10485 - 09695 - 68421 - 90918 - 24195 - 43682
2024-12-15,MT,Đà Nẵng,5,05763 - 61518 - 45855
2024-12-15,MT,Đà Nẵng,6,84343 - 76171 - 73169
2024-12-15,MT,Đà Nẵng,7,47299 - 98807 - 22248 - 90197
2024-12-15,MT,Đà Nẵng,8,30145
2024-12-15,MT,Khánh Hòa,ĐB,60414
2024-12-15,MT,Khánh Hòa,1,43796
2024-12-15,MT,Khánh Hòa,2,53168
2024-12-15,MT,Khánh Hòa,3,50937 - 71559 - 21665 - 36668 - 90895 - 07188
2024-12-15,MT,Khánh Hòa,4,56202 - 94383 - 83817 - 14724 - 21486 - 82515
2024-12-15,MT,Khánh Hòa,5,33912 - 55874 - 88491
2024-12-15,MT,Khánh Hòa,6,83621 - 00878 - 98414
2024-12-15,MT,Khánh Hòa,7,17838 - 14858 - 15500 - 48218
2024-12-15,MT,Khánh Hòa,8,64637
2024-12-15,MN,TP. HCM,ĐB,34507
2024-12-15,MN,TP. HCM,1,03818
2024-12-15,MN,TP. HCM,2,30652
2024-12-15,MN,TP. HCM,3,86265 - 35703 - 45907 - 31034 - 80505 - 31286
2024-12-15,MN,TP. HCM,4,07456 - 32287 - 64913 - 33542 - 51252 - 48435
2024-12-15,MN,TP. HCM,5,70039 - 24443 - 44951
2024-12-15,MN,TP. HCM,6,76286 - 88686 - 42765
2024-12-15,MN,TP. HCM,7,34580 - 31207 - 60525 - 64882
2024-12-15,MN,TP. HCM,8,92644
2024-12-15,MN,Đồng Tháp,ĐB,28039
2024-12-15,MN,Đồng Tháp,1,73389
2024-12-15,MN,Đồng Tháp,2,34097
2024-12-15,MN,Đồng Tháp,3,32675 - 40201 - 77060 - 00931 - 68356 - 26346
2024-12-15,MN,Đồng Tháp,4,36756 - 37223 - 81833 - 26290 - 19411 - 21960
2024-12-15,MN,Đồng Tháp,5,90822 - 29528 - 07270
2024-12-15,MN,Đồng Tháp,6,82012 - 01503 - 55860
2024-12-15,MN,Đồng Tháp,7,19872 - 90030 - 92528 - 92387
2024-12-15,MN,Đồng Tháp,8,22099
2024-12-15,MN,Cà Mau,ĐB,70637
2024-12-15,MN,Cà Mau,1,40338
2024-12-15,MN,Cà Mau,2,92991
2024-12-15,MN,Cà Mau,3,45604 - 85485 - 95754 - 56199 - 46275 - 20394
2024-12-15,MN,Cà Mau,4,31086 - 77639 - 82061 - 34429 - 81949 - 01476
2024-12-15,MN,Cà Mau,5,44795 - 08596 - 74476
2024-12-15,MN,Cà Mau,6,46776 - 60155 - 31603
2024-12-15,MN,Cà Mau,7,51311 - 92864 - 18145 - 20787
2024-12-15,MN,Cà Mau,8,11337
2024-12-16,MB,Hà Nội,ĐB,03586
2024-12-16,MB,Hà Nội,1,15751
2024-12-16,MB,Hà Nội,2,99886
2024-12-16,MB,Hà Nội,3,92166 - 64007 - 70631 - 86933 - 85512 - 64007
2024-12-16,MB,Hà Nội,4,72762 - 52099 - 89616 - 72701 - 56621 - 54524
2024-12-16,MB,Hà Nội,5,49020 - 49123 - 34116
2024-12-16,MB,Hà Nội,6,01824 - 27699 - 67428
2024-12-16,MB,Hà Nội,7,38154 - 90194 - 40512 - 13255
2024-12-16,MT,Đà Nẵng,ĐB,53668
2024-12-16,MT,Đà Nẵng,1,59625
2024-12-16,MT,Đà Nẵng,2,99729
2024-12-16,MT,Đà Nẵng,3,20484 - 55886 - 79275 - 84650 - 77342 - 52542
2024-12-16,MT,Đà Nẵng,4,46192 - 59873 - 32935 - 90488 - 81023 - 42834
2024-12-16,MT,Đà Nẵng,5,92946 - 68825 - 52621
2024-12-16,MT,Đà Nẵng,6,04493 - 57103 - 67850
2024-12-16,MT,Đà Nẵng,7,15765 - 15002 - 15936 - 27675
2024-12-16,MT,Đà Nẵng,8,18226
2024-12-16,MT,Khánh Hòa,ĐB,09214
2024-12-16,MT,Khánh Hòa,1,09519
2024-12-16,MT,Khánh Hòa,2,52297
2024-12-16,MT,Khánh Hòa,3,58217 - 24457 - 69852 - 75284 - 92437 - 95953
2024-12-16,MT,Khánh Hòa,4,13407 - 69645 - 34788 - 32980 - 23579 - 87872
2024-12-16,MT,Khánh Hòa,5,31186 - 72337 - 35731
2024-12-16,MT,Khánh Hòa,6,79453 - 38270 - 18370
2024-12-16,MT,Khánh Hòa,7,28710 - 13334 - 61345 - 87841
2024-12-16,MT,Khánh Hòa,8,80065
2024-12-16,MN,TP. HCM,ĐB,55212
2024-12-16,MN,TP. HCM,1,35501
2024-12-16,MN,TP. HCM,2,91919
2024-12-16,MN,TP. HCM,3,32055 - 73500 - 58898 - 57017 - 75764 - 30234
2024-12-16,MN,TP. HCM,4,70948 - 22419 - 43191 - 48375 - 41871 - 17725
2024-12-16,MN,TP. HCM,5,88779 - 51261 - 45014
2024-12-16,MN,TP. HCM,6,91273 - 55307 - 37746
2024-12-16,MN,TP. HCM,7,17424 - 62155 - 26900 - 77747
2024-12-16,MN,TP. HCM,8,00768
2024-12-16,MN,Đồng Tháp,ĐB,86898
2024-12-16,MN,Đồng Tháp,1,58425
2024-12-16,MN,Đồng Tháp,2,89884
2024-12-16,MN,Đồng Tháp,3,76711 - 77855 - 43623 - 59131 - 55566 - 71480
2024-12-16,MN,Đồng Tháp,4,73819 - 86394 - 36317 - 52394 - 72383 - 56596
2024-12-16,MN,Đồng Tháp,5,94582 - 95276 - 07234
2024-12-16,MN,Đồng Tháp,6,67131 - 44457 - 51800
2024-12-16,MN,Đồng Tháp,7,29222 - 70572 - 96880 - 42852
2024-12-16,MN,Đồng Tháp,8,50266
2024-12-16,MN,Cà Mau,ĐB,95434
2024-12-16,MN,Cà Mau,1,46595
2024-12-16,MN,Cà Mau,2,42661
2024-12-16,MN,Cà Mau,3,33456 - 37833 - 93989 - 56148 - 13186 - 33558
2024-12-16,MN,Cà Mau,4,00310 - 55111 - 48325 - 07148 - 43705 - 62754
2024-12-16,MN,Cà Mau,5,25857 - 24469 - 35262
2024-12-16,MN,Cà Mau,6,80708 - 21561 - 25511
2024-12-16,MN,Cà Mau,7,48554 - 12454 - 45978 - 94862
2024-12-16,MN,Cà Mau,8,58155
2024-12-17,MB,Hà Nội,ĐB,82586
2024-12-17,MB,Hà Nội,1,63155
2024-12-17,MB,Hà Nội,2,66428
2024-12-17,MB,Hà Nội,3,14232 - 73383 - 25327 - 18273 - 19755 - 87839
2024-12-17,MB,Hà Nội,4,05192 - 34921 - 14708 - 07587 - 81318 - 36665
2024-12-17,MB,Hà Nội,5,46707 - 43743 - 35698
2024-12-17,MB,Hà Nội,6,49329 - 68392 - 89692
2024-12-17,MB,Hà Nội,7,14877 - 05351 - 66389 - 52031
2024-12-17,MT,Đà Nẵng,ĐB,07852
2024-12-17,MT,Đà Nẵng,1,07762
2024-12-17,MT,Đà Nẵng,2,40097
2024-12-17,MT,Đà Nẵng,3,63710 - 33298 - 69429 - 85659 - 49750 - 94300
2024-12-17,MT,Đà Nẵng,4,30527 - 79490 - 96323 - 16096 - 91220 - 59501
2024-12-17,MT,Đà Nẵng,5,84718 - 16973 - 83073
2024-12-17,MT,Đà Nẵng,6,94951 - 28527 - 76643
2024-12-17,MT,Đà Nẵng,7,61276 - 97793 - 05566 - 86322
2024-12-17,MT,Đà Nẵng,8,30708
2024-12-17,MT,Khánh Hòa,ĐB,52673
2024-12-17,MT,Khánh Hòa,1,35637
2024-12-17,MT,Khánh Hòa,2,08782
2024-12-17,MT,Khánh Hòa,3,55694 - 03258 - 87801 - 38595 - 90655 - 69776
2024-12-17,MT,Khánh Hòa,4,45234 - 02693 - 59936 - 18335 - 66987 - 17854
2024-12-17,MT,Khánh Hòa,5,81219 - 26137 - 82204
2024-12-17,MT,Khánh Hòa,6,33062 - 82919 - 10609
2024-12-17,MT,Khánh Hòa,7,97408 - 18954 - 82149 - 99834
2024-12-17,MT,Khánh Hòa,8,96562
2024-12-17,MN,TP. HCM,ĐB,12309
2024-12-17,MN,TP. HCM,1,51126
2024-12-17,MN,TP. HCM,2,29273
2024-12-17,MN,TP. HCM,3,87262 - 41623 - 49521 - 61055 - 25398 - 39070
2024-12-17,MN,TP. HCM,4,02152 - 23641 - 44525 - 88150 - 76044 - 42266
2024-12-17,MN,TP. HCM,5,22508 - 39923 - 30383
2024-12-17,MN,TP. HCM,6,28626 - 78229 - 03460
2024-12-17,MN,TP. HCM,7,38119 - 06238 - 57988 - 88179
2024-12-17,MN,TP. HCM,8,11232
2024-12-17,MN,Đồng Tháp,ĐB,21409
2024-12-17,MN,Đồng Tháp,1,56526
2024-12-17,MN,Đồng Tháp,2,20614
2024-12-17,MN,Đồng Tháp,3,54031 - 25485 - 48556 - 44864 - 17555 - 41819
2024-12-17,MN,Đồng Tháp,4,59268 - 88579 - 32323 - 17117 - 85440 - 07698
2024-12-17,MN,Đồng Tháp,5,50191 - 56923 - 13722
2024-12-17,MN,Đồng Tháp,6,62012 - 76261 - 17861
2024-12-17,MN,Đồng Tháp,7,05577 - 30377 - 87285 - 87419
2024-12-17,MN,Đồng Tháp,8,61295
2024-12-17,MN,Cà Mau,ĐB,27968
2024-12-17,MN,Cà Mau,1,67579
2024-12-17,MN,Cà Mau,2,18713
2024-12-17,MN,Cà Mau,3,15433 - 00189 - 54585 - 76923 - 67878 - 40173
2024-12-17,MN,Cà Mau,4,10876 - 23647 - 57079 - 23871 - 17852 - 92206
2024-12-17,MN,Cà Mau,5,91345 - 15087 - 83613
2024-12-17,MN,Cà Mau,6,94024 - 94419 - 14058
2024-12-17,MN,Cà Mau,7,91864 - 51867 - 73830 - 92583
2024-12-17,MN,Cà Mau,8,88316
2024-12-18,MB,Hà Nội,ĐB,04436
2024-12-18,MB,Hà Nội,1,85869
2024-12-18,MB,Hà Nội,2,13317
2024-12-18,MB,Hà Nội,3,37546 - 27960 - 52140 - 37740 - 98980 - 08070
2024-12-18,MB,Hà Nội,4,40795 - 11530 - 94138 - 35358 - 11685 - 88979
2024-12-18,MB,Hà Nội,5,52186 - 18058 - 34083
2024-12-18,MB,Hà Nội,6,10733 - 58598 - 58262
2024-12-18,MB,Hà Nội,7,26925 - 55246 - 02254 - 68039
2024-12-18,MT,Đà Nẵng,ĐB,46703
2024-12-18,MT,Đà Nẵng,1,28686
2024-12-18,MT,Đà Nẵng,2,09279
2024-12-18,MT,Đà Nẵng,3,40979 - 36343 - 18899 - 55522 - 15751 - 77398
2024-12-18,MT,Đà Nẵng,4,04598 - 96497 - 88547 - 12999 - 37671 - 54948
2024-12-18,MT,Đà Nẵng,5,11589 - 28838 - 40666
2024-12-18,MT,Đà Nẵng,6,34760 - 68973 - 59869
2024-12-18,MT,Đà Nẵng,7,85358 - 11911 - 43969 - 46692
2024-12-18,MT,Đà Nẵng,8,98406
2024-12-18,MT,Khánh Hòa,ĐB,04727
2024-12-18,MT,Khánh Hòa,1,17736
2024-12-18,MT,Khánh Hòa,2,78508
2024-12-18,MT,Khánh Hòa,3,43035 - 45354 - 83842 - 83536 - 45734 - 21595
2024-12-18,MT,Khánh Hòa,4,74122 - 28357 - 12137 - 97355 - 09252 - 07326
2024-12-18,MT,Khánh Hòa,5,27090 - 84824 - 54343
2024-12-18,MT,Khánh Hòa,6,90042 - 96342 - 89420
2024-12-18,MT,Khánh Hòa,7,82763 - 48255 - 48069 - 63615
2024-12-18,MT,Khánh Hòa,8,84892
2024-12-18,MN,TP. HCM,ĐB,29294
2024-12-18,MN,TP. HCM,1,08144
2024-12-18,MN,TP. HCM,2,52933
2024-12-18,MN,TP. HCM,3,55077 - 53040 - 61472 - 30928 - 79145 - 03737
2024-12-18,MN,TP. HCM,4,90937 - 27530 - 21532 - 58617 - 49987 - 16060
2024-12-18,MN,TP. HCM,5,01157 - 47999 - 88306
2024-12-18,MN,TP. HCM,6,23588 - 20405 - 29316
2024-12-18,MN,TP. HCM,7,17674 - 54656 - 50894 - 29644
2024-12-18,MN,TP. HCM,8,75918
2024-12-18,MN,Đồng Tháp,ĐB,29803
2024-12-18,MN,Đồng Tháp,1,28134
2024-12-18,MN,Đồng Tháp,2,90847
2024-12-18,MN,Đồng Tháp,3,15469 - 26715 - 12703 - 54628 - 10158 - 81722
2024-12-18,MN,Đồng Tháp,4,00505 - 50896 - 04380 - 65863 - 24739 - 40117
2024-12-18,MN,Đồng Tháp,5,70353 - 46982 - 44821
2024-12-18,MN,Đồng Tháp,6,15238 - 51513 - 87405
2024-12-18,MN,Đồng Tháp,7,23820 - 02997 - 49046 - 04760
2024-12-18,MN,Đồng Tháp,8,47743
2024-12-18,MN,Cà Mau,ĐB,13817
2024-12-18,MN,Cà Mau,1,77464
2024-12-18,MN,Cà Mau,2,66752
2024-12-18,MN,Cà Mau,3,38611 - 10107 - 74639 - 86715 - 30710 - 20651
2024-12-18,MN,Cà Mau,4,00323 - 51748 - 18222 - 50372 - 75065 - 72713
2024-12-18,MN,Cà Mau,5,47913 - 61756 - 66075
2024-12-18,MN,Cà Mau,6,55060 - 70127 - 22787
2024-12-18,MN,Cà Mau,7,40803 - 73929 - 27636 - 06314
2024-12-18,MN,Cà Mau,8,64280
2024-12-19,MB,Hà Nội,ĐB,94081
2024-12-19,MB,Hà Nội,1,08046
2024-12-19,MB,Hà Nội,2,98222
2024-12-19,MB,Hà Nội,3,71137 - 47290 - 54059 - 22828 - 49496 - 92633
2024-12-19,MB,Hà Nội,4,95789 - 34684 - 93321 - 71510 - 34538 - 74304
2024-12-19,MB,Hà Nội,5,27680 - 57428 - 11889
2024-12-19,MB,Hà Nội,6,79906 - 72962 - 36475
2024-12-19,MB,Hà Nội,7,26557 - 72759 - 91241 - 23473
2024-12-19,MT,Đà Nẵng,ĐB,86452
2024-12-19,MT,Đà Nẵng,1,34576
2024-12-19,MT,Đà Nẵng,2,87984
2024-12-19,MT,Đà Nẵng,3,67060 - 56507 - 07630 - 73546 - 04101 - 40800
2024-12-19,MT,Đà Nẵng,4,11476 - 32784 - 64695 - 34077 - 78164 - 71784
2024-12-19,MT,Đà Nẵng,5,08170 - 14560 - 35090
2024-12-19,MT,Đà Nẵng,6,89940 - 58682 - 22507
2024-12-19,MT,Đà Nẵng,7,47086 - 77165 - 03174 - 46425
2024-12-19,MT,Đà Nẵng,8,45517
2024-12-19,MT,Khánh Hòa,ĐB,52691
2024-12-19,MT,Khánh Hòa,1,02623
2024-12-19,MT,Khánh Hòa,2,51196
2024-12-19,MT,Khánh Hòa,3,07797 - 02172 - 90271 - 54215 - 34950 - 08478
2024-12-19,MT,Khánh Hòa,4,56573 - 41806 - 19817 - 66430 - 24358 - 43949
2024-12-19,MT,Khánh Hòa,5,21737 - 06159 - 65216
2024-12-19,MT,Khánh Hòa,6,90115 - 31555 - 41150
2024-12-19,MT,Khánh Hòa,7,45630 - 49133 - 27169 - 77355
2024-12-19,MT,Khánh Hòa,8,15604
2024-12-19,MN,TP. HCM,ĐB,00426
2024-12-19,MN,TP. HCM,1,61496
2024-12-19,MN,TP. HCM,2,78936
2024-12-19,MN,TP. HCM,3,37533 - 45726 - 73499 - 46858 - 77817 - 06101
2024-12-19,MN,TP. HCM,4,05647 - 68823 - 12177 - 06998 - 35843 - 58328
2024-12-19,MN,TP. HCM,5,97439 - 29523 - 24357
2024-12-19,MN,TP. HCM,6,18541 - 79341 - 34719
2024-12-19,MN,TP. HCM,7,57960 - 27212 - 21169 - 80682
2024-12-19,MN,TP. HCM,8,14100
2024-12-19,MN,Đồng Tháp,ĐB,00462
2024-12-19,MN,Đồng Tháp,1,32626
2024-12-19,MN,Đồng Tháp,2,96075
2024-12-19,MN,Đồng Tháp,3,43051 - 14668 - 51845 - 11740 - 28747 - 35463
2024-12-19,MN,Đồng Tháp,4,91721 - 62045 - 49529 - 66343 - 99237 - 01312
2024-12-19,MN,Đồng Tháp,5,55524 - 84634 - 02406
2024-12-19,MN,Đồng Tháp,6,30853 - 52455 - 68628
2024-12-19,MN,Đồng Tháp,7,68796 - 63861 - 28780 - 83606
2024-12-19,MN,Đồng Tháp,8,73390
2024-12-19,MN,Cà Mau,ĐB,10909
2024-12-19,MN,Cà Mau,1,17657
2024-12-19,MN,Cà Mau,2,62068
2024-12-19,MN,Cà Mau,3,16802 - 50342 - 84293 - 18108 - 18262 - 33048
2024-12-19,MN,Cà Mau,4,77933 - 89586 - 37309 - 12782 - 17436 - 19186
2024-12-19,MN,Cà Mau,5,44068 - 11438 - 17776
2024-12-19,MN,Cà Mau,6,11844 - 39564 - 43885
2024-12-19,MN,Cà Mau,7,91670 - 80134 - 27732 - 67877
2024-12-19,MN,Cà Mau,8,06368
2024-12-20,MB,Hà Nội,ĐB,58055
2024-12-20,MB,Hà Nội,1,12379
2024-12-20,MB,Hà Nội,2,55012
2024-12-20,MB,Hà Nội,3,47133 - 76569 - 16963 - 53835 - 43785 - 11952
2024-12-20,MB,Hà Nội,4,22160 - 05250 - 03421 - 26557 - 19337 - 52211
2024-12-20,MB,Hà Nội,5,64355 - 03363 - 17543
2024-12-20,MB,Hà Nội,6,75418 - 17809 - 59456
2024-12-20,MB,Hà Nội,7,89150 - 89625 - 41134 - 58258
2024-12-20,MT,Đà Nẵng,ĐB,14335
2024-12-20,MT,Đà Nẵng,1,50836
2024-12-20,MT,Đà Nẵng,2,79207
2024-12-20,MT,Đà Nẵng,3,88180 - 16791 - 92319 - 10468 - 63883 - 05821
2024-12-20,MT,Đà Nẵng,4,16278 - 76977 - 11503 - 65837 - 17880 - 20125
2024-12-20,MT,Đà Nẵng,5,09866 - 49333 - 82797
2024-12-20,MT,Đà Nẵng,6,98451 - 72607 - 97130
2024-12-20,MT,Đà Nẵng,7,51627 - 10401 - 36213 - 03603
2024-12-20,MT,Đà Nẵng,8,54032
2024-12-20,MT,Khánh Hòa,ĐB,60742
2024-12-20,MT,Khánh Hòa,1,08216
2024-12-20,MT,Khánh Hòa,2,53907
2024-12-20,MT,Khánh Hòa,3,22054 - 26803 - 96742 - 20690 - 06231 - 44444
2024-12-20,MT,Khánh Hòa,4,65760 - 50869 - 41902 - 74181 - 86752 - 49162
2024-12-20,MT,Khánh Hòa,5,46751 - 49806 - 20450
2024-12-20,MT,Khánh Hòa,6,31691 - 74874 - 76302
2024-12-20,MT,Khánh Hòa,7,49319 - 25665 - 88168 - 52383
2024-12-20,MT,Khánh Hòa,8,59923
2024-12-20,MN,TP. HCM,ĐB,02612
2024-12-20,MN,TP. HCM,1,09478
2024-12-20,MN,TP. HCM,2,96630
2024-12-20,MN,TP. HCM,3,61247 - 23265 - 90420 - 66915 - 58203 - 50735
2024-12-20,MN,TP. HCM,4,41301 - 60710 - 41773 - 18723 - 29349 - 23970
2024-12-20,MN,TP. HCM,5,69277 - 38172 - 13080
2024-12-20,MN,TP. HCM,6,96831 - 78775 - 36362
2024-12-20,MN,TP. HCM,7,47772 - 39670 - 14332 - 68718
2024-12-20,MN,TP. HCM,8,75135
2024-12-20,MN,Đồng Tháp,ĐB,86106
2024-12-20,MN,Đồng Tháp,1,61430
2024-12-20,MN,Đồng Tháp,2,19269
2024-12-20,MN,Đồng Tháp,3,87132 - 61940 - 77138 - 53394 - 39052 - 80310
2024-12-20,MN,Đồng Tháp,4,90587 - 04478 - 54136 - 00842 - 51657 - 51569
2024-12-20,MN,Đồng Tháp,5,12820 - 27028 - 41349
2024-12-20,MN,Đồng Tháp,6,87552 - 44005 - 88475
2024-12-20,MN,Đồng Tháp,7,30831 - 18619 - 68361 - 05515
2024-12-20,MN,Đồng Tháp,8,86501
2024-12-20,MN,Cà Mau,ĐB,19855
2024-12-20,MN,Cà Mau,1,61384
2024-12-20,MN,Cà Mau,2,66427
2024-12-20,MN,Cà Mau,3,73481 - 68731 - 04262 - 44316 - 81314 - 31531
2024-12-20,MN,Cà Mau,4,81313 - 66122 - 30692 - 65406 - 10799 - 77462
2024-12-20,MN,Cà Mau,5,34848 - 08908 - 40922
2024-12-20,MN,Cà Mau,6,46185 - 44501 - 88148
2024-12-20,MN,Cà Mau,7,13097 - 50407 - 32673 - 42308
2024-12-20,MN,Cà Mau,8,33834
2024-12-21,MB,Hà Nội,ĐB,49037
2024-12-21,MB,Hà Nội,1,90919
2024-12-21,MB,Hà Nội,2,14797
2024-12-21,MB,Hà Nội,3,60623 - 39481 - 95772 - 69606 - 96585 - 18764
2024-12-21,MB,Hà Nội,4,71745 - 80874 - 73160 - 06977 - 77887 - 95331
2024-12-21,MB,Hà Nội,5,13390 - 65770 - 83692
2024-12-21,MB,Hà Nội,6,80603 - 76454 - 02180
2024-12-21,MB,Hà Nội,7,71030 - 61582 - 34926 - 01050
2024-12-21,MT,Đà Nẵng,ĐB,23081
2024-12-21,MT,Đà Nẵng,1,81442
2024-12-21,MT,Đà Nẵng,2,41355
2024-12-21,MT,Đà Nẵng,3,46591 - 91083 - 58335 - 37128 - 57118 - 84858
2024-12-21,MT,Đà Nẵng,4,54442 - 83396 - 00197 - 09441 - 84355 - 73084
2024-12-21,MT,Đà Nẵng,5,91247 - 18054 - 04691
2024-12-21,MT,Đà Nẵng,6,27577 - 58108 - 47806
2024-12-21,MT,Đà Nẵng,7,97017 - 64131 - 26741 - 66533
2024-12-21,MT,Đà Nẵng,8,30185
2024-12-21,MT,Khánh Hòa,ĐB,13788
2024-12-21,MT,Khánh Hòa,1,55567
2024-12-21,MT,Khánh Hòa,2,05781
2024-12-21,MT,Khánh Hòa,3,76792 - 81963 - 76894 - 80777 - 28212 - 23381
2024-12-21,MT,Khánh Hòa,4,20134 - 70437 - 21381 - 71261 - 48599 - 05865
2024-12-21,MT,Khánh Hòa,5,66865 - 39607 - 14581
2024-12-21,MT,Khánh Hòa,6,13631 - 34127 - 69359
2024-12-21,MT,Khánh Hòa,7,88941 - 46589 - 31344 - 25920
2024-12-21,MT,Khánh Hòa,8,23498
2024-12-21,MN,TP. HCM,ĐB,22432
2024-12-21,MN,TP. HCM,1,68367
2024-12-21,MN,TP. HCM,2,69597
2024-12-21,MN,TP. HCM,3,12082 - 80138 - 07172 - 39112 - 56440 - 63316
2024-12-21,MN,TP. HCM,4,78249 - 70127 - 51295 - 43645 - 15520 - 75240
2024-12-21,MN,TP. HCM,5,78055 - 43585 - 35286
2024-12-21,MN,TP. HCM,6,43247 - 81979 - 90653
2024-12-21,MN,TP. HCM,7,90448 - 49698 - 02231 - 94541
2024-12-21,MN,TP. HCM,8,24993
2024-12-21,MN,Đồng Tháp,ĐB,61780
2024-12-21,MN,Đồng Tháp,1,48013
2024-12-21,MN,Đồng Tháp,2,43676
2024-12-21,MN,Đồng Tháp,3,38386 - 37705 - 97097 - 53724 - 57634 - 34278
2024-12-21,MN,Đồng Tháp,4,92636 - 09590 - 43462 - 60691 - 53375 - 70576
2024-12-21,MN,Đồng Tháp,5,85510 - 52730 - 44503
2024-12-21,MN,Đồng Tháp,6,46650 - 87039 - 45787
2024-12-21,MN,Đồng Tháp,7,96460 - 25321 - 00567 - 97853
2024-12-21,MN,Đồng Tháp,8,62040
2024-12-21,MN,Cà Mau,ĐB,08539
2024-12-21,MN,Cà Mau,1,54949
2024-12-21,MN,Cà Mau,2,37785
2024-12-21,MN,Cà Mau,3,64821 - 86719 - 82345 - 32404 - 78907 - 72747
2024-12-21,MN,Cà Mau,4,97325 - 68805 - 56684 - 92755 - 57576 - 82952
2024-12-21,MN,Cà Mau,5,65379 - 43064 - 00091
2024-12-21,MN,Cà Mau,6,93168 - 74633 - 95618
2024-12-21,MN,Cà Mau,7,92353 - 84400 - 77641 - 54575
2024-12-21,MN,Cà Mau,8,70018
2024-12-22,MB,Hà Nội,ĐB,64662
2024-12-22,MB,Hà Nội,1,58968
2024-12-22,MB,Hà Nội,2,66998
2024-12-22,MB,Hà Nội,3,52090 - 85079 - 09808 - 46919 - 40843 - 07028
2024-12-22,MB,Hà Nội,4,18455 - 22406 - 55503 - 29636 - 01237 - 56537
2024-12-22,MB,Hà Nội,5,08922 - 13884 - 44861
2024-12-22,MB,Hà Nội,6,95931 - 80875 - 36132
2024-12-22,MB,Hà Nội,7,91033 - 92471 - 94141 - 66453
2024-12-22,MT,Đà Nẵng,ĐB,12670
2024-12-22,MT,Đà Nẵng,1,39834
2024-12-22,MT,Đà Nẵng,2,17376
2024-12-22,MT,Đà Nẵng,3,17604 - 16397 - 45896 - 46693 - 82635 - 54810
2024-12-22,MT,Đà Nẵng,4,38441 - 89835 - 51125 - 74980 - 33181 - 26592
2024-12-22,MT,Đà Nẵng,5,81860 - 49956 - 33731
2024-12-22,MT,Đà Nẵng,6,90926 - 59202 - 98578
2024-12-22,MT,Đà Nẵng,7,94899 - 33790 - 65478 - 87723
2024-12-22,MT,Đà Nẵng,8,26665
2024-12-22,MT,Khánh Hòa,ĐB,47437
2024-12-22,MT,Khánh Hòa,1,73678
2024-12-22,MT,Khánh Hòa,2,87469
2024-12-22,MT,Khánh Hòa,3,43618 - 37585 - 81836 - 65750 - 36542 - 71863
2024-12-22,MT,Khánh Hòa,4,18142 - 53531 - 45087 - 05483 - 48867 - 88208
2024-12-22,MT,Khánh Hòa,5,53737 - 29402 - 81731
2024-12-22,MT,Khánh Hòa,6,78296 - 30232 - 18624
2024-12-22,MT,Khánh Hòa,7,99281 - 65018 - 98977 - 06700
2024-12-22,MT,Khánh Hòa,8,80015
2024-12-22,MN,TP. HCM,ĐB,34819
2024-12-22,MN,TP. HCM,1,36517
2024-12-22,MN,TP. HCM,2,19027
2024-12-22,MN,TP. HCM,3,85214 - 82539 - 08391 - 14005 - 51833 - 99272
2024-12-22,MN,TP. HCM,4,31844 - 12108 - 81982 - 21697 - 00642 - 49738
2024-12-22,MN,TP. HCM,5,37824 - 88235 - 89924
2024-12-22,MN,TP. HCM,6,24813 - 92536 - 17002
2024-12-22,MN,TP. HCM,7,69368 - 55239 - 12879 - 09490
2024-12-22,MN,TP. HCM,8,96143
2024-12-22,MN,Đồng Tháp,ĐB,01519
2024-12-22,MN,Đồng Tháp,1,73523
2024-12-22,MN,Đồng Tháp,2,09645
2024-12-22,MN,Đồng Tháp,3,42532 - 64232 - 69540 - 98499 - 89632 - 61372
2024-12-22,MN,Đồng Tháp,4,20455 - 48171 - 61975 - 85042 - 11835 - 26741
2024-12-22,MN,Đồng Tháp,5,18697 - 05834 - 37083
2024-12-22,MN,Đồng Tháp,6,39166 - 10086 - 54845
2024-12-22,MN,Đồng Tháp,7,64110 - 88663 - 33998 - 15537
2024-12-22,MN,Đồng Tháp,8,58874
2024-12-22,MN,Cà Mau,ĐB,75241
2024-12-22,MN,Cà Mau,1,20719
2024-12-22,MN,Cà Mau,2,58707
2024-12-22,MN,Cà Mau,3,71983 - 11418 - 51177 - 30624 - 25052 - 09522
2024-12-22,MN,Cà Mau,4,49080 - 11811 - 68497 - 20450 - 62708 - 94826
2024-12-22,MN,Cà Mau,5,39596 - 40437 - 63358
2024-12-22,MN,Cà Mau,6,44384 - 36278 - 02647
2024-12-22,MN,Cà Mau,7,76472 - 10868 - 69785 - 78069
2024-12-22,MN,Cà Mau,8,26363
2024-12-23,MB,Hà Nội,ĐB,12795
2024-12-23,MB,Hà Nội,1,91715
2024-12-23,MB,Hà Nội,2,98598
2024-12-23,MB,Hà Nội,3,01821 - 78683 - 20804 - 79907 - 04452 - 99857
2024-12-23,MB,Hà Nội,4,37198 - 28579 - 18523 - 20960 - 71333 - 05048
2024-12-23,MB,Hà Nội,5,33741 - 62469 - 82876
2024-12-23,MB,Hà Nội,6,53053 - 19688 - 96028
2024-12-23,MB,Hà Nội,7,46283 - 19932 - 68812 - 24464
2024-12-23,MT,Đà Nẵng,ĐB,87485
2024-12-23,MT,Đà Nẵng,1,91768
2024-12-23,MT,Đà Nẵng,2,78835
2024-12-23,MT,Đà Nẵng,3,60842 - 08490 - 81572 - 76221 - 70511 - 72309
2024-12-23,MT,Đà Nẵng,4,70741 - 73012 - 67275 - 23566 - 72775 - 10262
2024-12-23,MT,Đà Nẵng,5,67295 - 79060 - 56605
2024-12-23,MT,Đà Nẵng,6,72474 - 73535 - 40954
2024-12-23,MT,Đà Nẵng,7,86678 - 24582 - 01156 - 12723
2024-12-23,MT,Đà Nẵng,8,84821
2024-12-23,MT,Khánh Hòa,ĐB,46040
2024-12-23,MT,Khánh Hòa,1,29873
2024-12-23,MT,Khánh Hòa,2,90312
2024-12-23,MT,Khánh Hòa,3,95950 - 16654 - 92798 - 51947 - 08367 - 10170
2024-12-23,MT,Khánh Hòa,4,56787 - 66214 - 08403 - 31447 - 47880 - 09573
2024-12-23,MT,Khánh Hòa,5,14686 - 22284 - 91751
2024-12-23,MT,Khánh Hòa,6,46082 - 79552 - 60574
2024-12-23,MT,Khánh Hòa,7,70066 - 39076 - 37979 - 94748
2024-12-23,MT,Khánh Hòa,8,76197
2024-12-23,MN,TP. HCM,ĐB,38494
2024-12-23,MN,TP. HCM,1,89557
2024-12-23,MN,TP. HCM,2,20017
2024-12-23,MN,TP. HCM,3,59261 - 46130 - 94874 - 16605 - 09000 - 23431
2024-12-23,MN,TP. HCM,4,40215 - 86774 - 51188 - 09802 - 11499 - 30916
2024-12-23,MN,TP. HCM,5,61861 - 12995 - 89779
2024-12-23,MN,TP. HCM,6,82416 - 41918 - 33927
2024-12-23,MN,TP. HCM,7,44065 - 53371 - 30582 - 75135
2024-12-23,MN,TP. HCM,8,15384
2024-12-23,MN,Đồng Tháp,ĐB,81131
2024-12-23,MN,Đồng Tháp,1,09993
2024-12-23,MN,Đồng Tháp,2,64138
2024-12-23,MN,Đồng Tháp,3,23609 - 25346 - 51078 - 71240 - 28838 - 26227
2024-12-23,MN,Đồng Tháp,4,37428 - 65812 - 90526 - 77759 - 00800 - 28795
2024-12-23,MN,Đồng Tháp,5,92694 - 24992 - 22714
2024-12-23,MN,Đồng Tháp,6,99840 - 65424 - 05313
2024-12-23,MN,Đồng Tháp,7,89183 - 97342 - 09634 - 40724
2024-12-23,MN,Đồng Tháp,8,95264
2024-12-23,MN,Cà Mau,ĐB,27658
2024-12-23,MN,Cà Mau,1,83542
2024-12-23,MN,Cà Mau,2,70098
2024-12-23,MN,Cà Mau,3,36850 - 57708 - 29091 - 29760 - 80526 - 57620
2024-12-23,MN,Cà Mau,4,00484 - 42167 - 72612 - 90803 - 25097 - 63955
2024-12-23,MN,Cà Mau,5,92216 - 51772 - 89927
2024-12-23,MN,Cà Mau,6,10225 - 75693 - 81864
2024-12-23,MN,Cà Mau,7,96508 - 83144 - 51388 - 44292
2024-12-23,MN,Cà Mau,8,70645
2024-12-24,MB,Hà Nội,ĐB,51863
2024-12-24,MB,Hà Nội,1,73230
2024-12-24,MB,Hà Nội,2,61124
2024-12-24,MB,Hà Nội,3,02072 - 89669 - 75652 - 28087 - 35343 - 50525
2024-12-24,MB,Hà Nội,4,15249 - 25011 - 87269 - 06313 - 18059 - 29412
2024-12-24,MB,Hà Nội,5,75315 - 04108 - 62079
2024-12-24,MB,Hà Nội,6,36724 - 53424 - 26451
2024-12-24,MB,Hà Nội,7,69155 - 54765 - 87576 - 99766
2024-12-24,MT,Đà Nẵng,ĐB,93297
2024-12-24,MT,Đà Nẵng,1,80932
2024-12-24,MT,Đà Nẵng,2,21805
2024-12-24,MT,Đà Nẵng,3,87624 - 53390 - 44179 - 09548 - 12117 - 66707
2024-12-24,MT,Đà Nẵng,4,84933 - 15284 - 38205 - 20736 - 47782 - 93610
2024-12-24,MT,Đà Nẵng,5,86319 - 55738 - 60494
2024-12-24,MT,Đà Nẵng,6,21343 - 22091 - 68194
2024-12-24,MT,Đà Nẵng,7,32245 - 41323 - 91516 - 99163
2024-12-24,MT,Đà Nẵng,8,58599
2024-12-24,MT,Khánh Hòa,ĐB,92293
2024-12-24,MT,Khánh Hòa,1,75706
2024-12-24,MT,Khánh Hòa,2,49929
2024-12-24,MT,Khánh Hòa,3,15662 - 58428 - 47653 - 86699 - 42690 - 97747
2024-12-24,MT,Khánh Hòa,4,46277 - 34265 - 39820 - 27712 - 65519 - 32484
2024-12-24,MT,Khánh Hòa,5,88151 - 14488 - 68304
2024-12-24,MT,Khánh Hòa,6,41823 - 35497 - 45892
2024-12-24,MT,Khánh Hòa,7,59988 - 05461 - 02495 - 84505
2024-12-24,MT,Khánh Hòa,8,11670
2024-12-24,MN,TP. HCM,ĐB,64240
2024-12-24,MN,TP. HCM,1,75991
2024-12-24,MN,TP. HCM,2,70422
2024-12-24,MN,TP. HCM,3,20447 - 71661 - 47064 - 23940 - 39873 - 23483
2024-12-24,MN,TP. HCM,4,24766 - 74530 - 84867 - 65446 - 98121 - 89294
2024-12-24,MN,TP. HCM,5,84395 - 88682 - 16992
2024-12-24,MN,TP. HCM,6,28715 - 45912 - 72287
2024-12-24,MN,TP. HCM,7,04074 - 88800 - 57786 - 96203
2024-12-24,MN,TP. HCM,8,40183
2024-12-24,MN,Đồng Tháp,ĐB,17136
2024-12-24,MN,Đồng Tháp,1,25774
2024-12-24,MN,Đồng Tháp,2,65937
2024-12-24,MN,Đồng Tháp,3,15812 - 28292 - 23029 - 19253 - 01581 - 74159
2024-12-24,MN,Đồng Tháp,4,39563 - 43617 - 03831 - 16691 - 32501 - 41431
2024-12-24,MN,Đồng Tháp,5,81832 - 83548 - 21179
2024-12-24,MN,Đồng Tháp,6,08489 - 50490 - 98053
2024-12-24,MN,Đồng Tháp,7,56240 - 28715 - 69515 - 67755
2024-12-24,MN,Đồng Tháp,8,56116
2024-12-24,MN,Cà Mau,ĐB,02692
2024-12-24,MN,Cà Mau,1,87119
2024-12-24,MN,Cà Mau,2,37322
2024-12-24,MN,Cà Mau,3,40890 - 88083 - 38010 - 82880 - 34385 - 07697
2024-12-24,MN,Cà Mau,4,52336 - 22468 - 99797 - 67148 - 13431 - 41059
2024-12-24,MN,Cà Mau,5,75239 - 75167 - 75226
2024-12-24,MN,Cà Mau,6,44582 - 72053 - 00011
2024-12-24,MN,Cà Mau,7,17932 - 39069 - 32908 - 34106
2024-12-24,MN,Cà Mau,8,41336
2024-12-25,MB,Hà Nội,ĐB,59595
2024-12-25,MB,Hà Nội,1,53019
2024-12-25,MB,Hà Nội,2,61454
2024-12-25,MB,Hà Nội,3,36374 - 20706 - 89350 - 13312 - 14201 - 26584
2024-12-25,MB,Hà Nội,4,03431 - 73116 - 36316 - 78634 - 33240 - 81243
2024-12-25,MB,Hà Nội,5,62008 - 79217 - 99464
2024-12-25,MB,Hà Nội,6,07367 - 69786 - 15269
2024-12-25,MB,Hà Nội,7,31875 - 42401 - 45018 - 36741
2024-12-25,MT,Đà Nẵng,ĐB,09717
2024-12-25,MT,Đà Nẵng,1,22560
2024-12-25,MT,Đà Nẵng,2,93964
2024-12-25,MT,Đà Nẵng,3,01077 - 67399 - 64210 - 75878 - 97688 - 97577
2024-12-25,MT,Đà Nẵng,4,52394 - 60686 - 13148 - 55424 - 67650 - 84760
2024-12-25,MT,Đà Nẵng,5,37127 - 74084 - 66662
2024-12-25,MT,Đà Nẵng,6,65215 - 51176 - 48178
2024-12-25,MT,Đà Nẵng,7,77819 - 75103 - 72730 - 49822
2024-12-25,MT,Đà Nẵng,8,48639
2024-12-25,MT,Khánh Hòa,ĐB,63154
2024-12-25,MT,Khánh Hòa,1,54518
2024-12-25,MT,Khánh Hòa,2,48632
2024-12-25,MT,Khánh Hòa,3,68541 - 57550 - 14649 - 77530 - 90071 - 57416
2024-12-25,MT,Khánh Hòa,4,06387 - 76657 - 20110 - 42037 - 00905 - 08296
2024-12-25,MT,Khánh Hòa,5,21707 - 98419 - 85981
2024-12-25,MT,Khánh Hòa,6,02208 - 55307 - 02022
2024-12-25,MT,Khánh Hòa,7,57823 - 32453 - 95080 - 29984
2024-12-25,MT,Khánh Hòa,8,16165
2024-12-25,MN,TP. HCM,ĐB,82462
2024-12-25,MN,TP. HCM,1,16687
2024-12-25,MN,TP. HCM,2,44877
2024-12-25,MN,TP. HCM,3,16061 - 53803 - 36788 - 05034 - 11473 - 62774
2024-12-25,MN,TP. HCM,4,88532 - 75088 - 44367 - 18793 - 06507 - 89186
2024-12-25,MN,TP. HCM,5,60714 - 54857 - 95589
2024-12-25,MN,TP. HCM,6,31154 - 02001 - 89456
2024-12-25,MN,TP. HCM,7,38985 - 00284 - 66850 - 85829
2024-12-25,MN,TP. HCM,8,73306
2024-12-25,MN,Đồng Tháp,ĐB,02307
2024-12-25,MN,Đồng Tháp,1,56857
2024-12-25,MN,Đồng Tháp,2,54506
2024-12-25,MN,Đồng Tháp,3,11125 - 78546 - 64512 - 26757 - 28174 - 65635
2024-12-25,MN,Đồng Tháp,4,13281 - 24751 - 95677 - 67073 - 68453 - 20744
2024-12-25,MN,Đồng Tháp,5,90457 - 72200 - 90910
2024-12-25,MN,Đồng Tháp,6,86346 - 79371 - 77358
2024-12-25,MN,Đồng Tháp,7,92629 - 76486 - 16309 - 14295
2024-12-25,MN,Đồng Tháp,8,13184
2024-12-25,MN,Cà Mau,ĐB,65937
2024-12-25,MN,Cà Mau,1,37093
2024-12-25,MN,Cà Mau,2,20034
2024-12-25,MN,Cà Mau,3,84977 - 21423 - 49568 - 68073 - 40010 - 20843
2024-12-25,MN,Cà Mau,4,85156 - 01747 - 55023 - 86252 - 55308 - 26761
2024-12-25,MN,Cà Mau,5,72867 - 60084 - 71036
2024-12-25,MN,Cà Mau,6,55440 - 89685 - 77598
2024-12-25,MN,Cà Mau,7,41826 - 78803 - 12065 - 01693
2024-12-25,MN,Cà Mau,8,63381
2024-12-26,MB,Hà Nội,ĐB,19259
2024-12-26,MB,Hà Nội,1,70772
2024-12-26,MB,Hà Nội,2,88873
2024-12-26,MB,Hà Nội,3,12154 - 97741 - 64505 - 14633 - 04855 - 92201
2024-12-26,MB,Hà Nội,4,20315 - 07160 - 30709 - 44880 - 20495 - 09888
2024-12-26,MB,Hà Nội,5,58849 - 45529 - 59324
2024-12-26,MB,Hà Nội,6,20639 - 59852 - 20314
2024-12-26,MB,Hà Nội,7,92389 - 61209 - 22349 - 26414
2024-12-26,MT,Đà Nẵng,ĐB,21768
2024-12-26,MT,Đà Nẵng,1,27582
2024-12-26,MT,Đà Nẵng,2,51310
2024-12-26,MT,Đà Nẵng,3,08954 - 56207 - 31289 - 22631 - 58490 - 15090
2024-12-26,MT,Đà Nẵng,4,81175 - 63072 - 38068 - 42141 - 28472 - 16844
2024-12-26,MT,Đà Nẵng,5,46975 - 88005 - 77039
2024-12-26,MT,Đà Nẵng,6,59619 - 28011 - 75645
2024-12-26,MT,Đà Nẵng,7,82411 - 65215 - 86929 - 80642
2024-12-26,MT,Đà Nẵng,8,61377
2024-12-26,MT,Khánh Hòa,ĐB,66253
2024-12-26,MT,Khánh Hòa,1,97663
2024-12-26,MT,Khánh Hòa,2,41319
2024-12-26,MT,Khánh Hòa,3,46065 - 47543 - 86106 - 67853 - 25506 - 25479
2024-12-26,MT,Khánh Hòa,4,94261 - 48373 - 38744 - 63160 - 39843 - 12695
2024-12-26,MT,Khánh Hòa,5,03204 - 07763 - 91510
2024-12-26,MT,Khánh Hòa,6,35457 - 29992 - 06619
2024-12-26,MT,Khánh Hòa,7,08019 - 94527 - 09050 - 02658
2024-12-26,MT,Khánh Hòa,8,67714
2024-12-26,MN,TP. HCM,ĐB,66235
2024-12-26,MN,TP. HCM,1,47080
2024-12-26,MN,TP. HCM,2,11449
2024-12-26,MN,TP. HCM,3,88376 - 43520 - 11949 - 23040 - 08823 - 66776
2024-12-26,MN,TP. HCM,4,79051 - 72093 - 78737 - 68134 - 04270 - 97501
2024-12-26,MN,TP. HCM,5,93845 - 47568 - 87721
2024-12-26,MN,TP. HCM,6,90234 - 55862 - 33234
2024-12-26,MN,TP. HCM,7,72647 - 14107 - 58966 - 96678
2024-12-26,MN,TP. HCM,8,72537
2024-12-26,MN,Đồng Tháp,ĐB,52400
2024-12-26,MN,Đồng Tháp,1,30573
2024-12-26,MN,Đồng Tháp,2,06817
2024-12-26,MN,Đồng Tháp,3,78056 - 22212 - 18943 - 02164 - 11255 - 07866
2024-12-26,MN,Đồng Tháp,4,17895 - 31939 - 24964 - 34470 - 08346 - 59906
2024-12-26,MN,Đồng Tháp,5,48900 - 20741 - 14772
2024-12-26,MN,Đồng Tháp,6,66126 - 11864 - 54823
2024-12-26,MN,Đồng Tháp,7,46192 - 51709 - 26440 - 20744
2024-12-26,MN,Đồng Tháp,8,96101
2024-12-26,MN,Cà Mau,ĐB,05187
2024-12-26,MN,Cà Mau,1,28007
2024-12-26,MN,Cà Mau,2,73246
2024-12-26,MN,Cà Mau,3,03095 - 73460 - 69187 - 64808 - 97907 - 97251
2024-12-26,MN,Cà Mau,4,67838 - 80360 - 85624 - 32536 - 22169 - 48215
2024-12-26,MN,Cà Mau,5,68476 - 80794 - 46728
2024-12-26,MN,Cà Mau,6,41817 - 61258 - 91971
2024-12-26,MN,Cà Mau,7,57417 - 67461 - 49870 - 88364
2024-12-26,MN,Cà Mau,8,44334
2024-12-27,MB,Hà Nội,ĐB,54531
2024-12-27,MB,Hà Nội,1,59082
2024-12-27,MB,Hà Nội,2,93563
2024-12-27,MB,Hà Nội,3,69890 - 44754 - 02569 - 28260 - 48676 - 89321
2024-12-27,MB,Hà Nội,4,74288 - 28305 - 79382 - 50072 - 97498 - 96117
2024-12-27,MB,Hà Nội,5,66158 - 43420 - 01793
2024-12-27,MB,Hà Nội,6,64483 - 42406 - 17819
2024-12-27,MB,Hà Nội,7,04821 - 63558 - 85570 - 09409
2024-12-27,MT,Đà Nẵng,ĐB,05073
2024-12-27,MT,Đà Nẵng,1,56117
2024-12-27,MT,Đà Nẵng,2,98493
2024-12-27,MT,Đà Nẵng,3,46678 - 34931 - 68767 - 52634 - 22548 - 40488
2024-12-27,MT,Đà Nẵng,4,15237 - 37838 - 66266 - 22909 - 97419 - 19250
2024-12-27,MT,Đà Nẵng,5,94136 - 44432 - 20704
2024-12-27,MT,Đà Nẵng,6,57550 - 81671 - 10439
2024-12-27,MT,Đà Nẵng,7,18051 - 16003 - 72061 - 42162
2024-12-27,MT,Đà Nẵng,8,84099
2024-12-27,MT,Khánh Hòa,ĐB,80072
2024-12-27,MT,Khánh Hòa,1,92875
2024-12-27,MT,Khánh Hòa,2,44809
2024-12-27,MT,Khánh Hòa,3,07770 - 49577 - 75702 - 90167 - 62878 - 19138
2024-12-27,MT,Khánh Hòa,4,48547 - 89321 - 80463 - 03138 - 58221 - 53099
2024-12-27,MT,Khánh Hòa,5,30712 - 95005 - 36987
2024-12-27,MT,Khánh Hòa,6,99739 - 20574 - 84789
2024-12-27,MT,Khánh Hòa,7,15480 - 79039 - 96800 - 70094
2024-12-27,MT,Khánh Hòa,8,74020
2024-12-27,MN,TP. HCM,ĐB,90793
2024-12-27,MN,TP. HCM,1,27925
2024-12-27,MN,TP. HCM,2,42964
2024-12-27,MN,TP. HCM,3,41774 - 32684 - 72742 - 48166 - 41218 - 37656
2024-12-27,MN,TP. HCM,4,32158 - 10661 - 55127 - 02127 - 37974 - 30178
2024-12-27,MN,TP. HCM,5,23622 - 40917 - 86360
2024-12-27,MN,TP. HCM,6,98389 - 08175 - 18158
2024-12-27,MN,TP. HCM,7,12525 - 06655 - 54848 - 64769
2024-12-27,MN,TP. HCM,8,63915
2024-12-27,MN,Đồng Tháp,ĐB,30455
2024-12-27,MN,Đồng Tháp,1,35151
2024-12-27,MN,Đồng Tháp,2,49598
2024-12-27,MN,Đồng Tháp,3,58882 - 47681 - 71967 - 29898 - 95154 - 14289
2024-12-27,MN,Đồng Tháp,4,86566 - 62008 - 69842 - 42659 - 15646 - 56364
2024-12-27,MN,Đồng Tháp,5,34310 - 21203 - 97356
2024-12-27,MN,Đồng Tháp,6,08186 - 85114 - 69213
2024-12-27,MN,Đồng Tháp,7,10913 - 89396 - 00120 - 98796
2024-12-27,MN,Đồng Tháp,8,71551
2024-12-27,MN,Cà Mau,ĐB,39854
2024-12-27,MN,Cà Mau,1,02825
2024-12-27,MN,Cà Mau,2,52981
2024-12-27,MN,Cà Mau,3,43824 - 90377 - 73806 - 43914 - 90623 - 81312
2024-12-27,MN,Cà Mau,4,16026 - 56663 - 00400 - 88598 - 74800 - 71039
2024-12-27,MN,Cà Mau,5,96003 - 24430 - 75623
2024-12-27,MN,Cà Mau,6,31520 - 46641 - 15426
2024-12-27,MN,Cà Mau,7,70570 - 66409 - 41476 - 07175
2024-12-27,MN,Cà Mau,8,02439
2024-12-28,MB,Hà Nội,ĐB,24027
2024-12-28,MB,Hà Nội,1,04432
2024-12-28,MB,Hà Nội,2,01715
2024-12-28,MB,Hà Nội,3,27264 - 86269 - 36140 - 07888 - 70552 - 11620
2024-12-28,MB,Hà Nội,4,22675 - 25883 - 36885 - 54588 - 41968 - 76005
2024-12-28,MB,Hà Nội,5,00698 - 01834 - 54621
2024-12-28,MB,Hà Nội,6,52868 - 29124 - 55139
2024-12-28,MB,Hà Nội,7,38718 - 42516 - 52475 - 24859
2024-12-28,MT,Đà Nẵng,ĐB,77068
2024-12-28,MT,Đà Nẵng,1,11155
2024-12-28,MT,Đà Nẵng,2,25961
2024-12-28,MT,Đà Nẵng,3,36636 - 26270 - 17065 - 42363 - 39642 - 85787
2024-12-28,MT,Đà Nẵng,4,77825 - 44622 - 08610 - 74445 - 97073 - 86467
2024-12-28,MT,Đà Nẵng,5,47650 - 44014 - 25740
2024-12-28,MT,Đà Nẵng,6,27464 - 64474 - 69711
2024-12-28,MT,Đà Nẵng,7,92403 - 93221 - 99373 - 48243
2024-12-28,MT,Đà Nẵng,8,73171
2024-12-28,MT,Khánh Hòa,ĐB,20356
2024-12-28,MT,Khánh Hòa,1,91749
2024-12-28,MT,Khánh Hòa,2,61972
2024-12-28,MT,Khánh Hòa,3,94052 - 75447 - 20725 - 95505 - 97581 - 44834
2024-12-28,MT,Khánh Hòa,4,47618 - 72320 - 09510 - 82450 - 68073 - 55503
2024-12-28,MT,Khánh Hòa,5,34937 - 76779 - 22579
2024-12-28,MT,Khánh Hòa,6,04627 - 29619 - 70305
2024-12-28,MT,Khánh Hòa,7,69704 - 30551 - 48959 - 64561
2024-12-28,MT,Khánh Hòa,8,56338
2024-12-28,MN,TP. HCM,ĐB,47149
2024-12-28,MN,TP. HCM,1,98358
2024-12-28,MN,TP. HCM,2,57335
2024-12-28,MN,TP. HCM,3,90096 - 41089 - 67394 - 56611 - 17418 - 13332
2024-12-28,MN,TP. HCM,4,45336 - 33581 - 13492 - 14090 - 72263 - 67404
2024-12-28,MN,TP. HCM,5,62441 - 34291 - 75072
2024-12-28,MN,TP. HCM,6,63430 - 54461 - 82882
2024-12-28,MN,TP. HCM,7,20620 - 93235 - 41171 - 73303
2024-12-28,MN,TP. HCM,8,26547
2024-12-28,MN,Đồng Tháp,ĐB,84065
2024-12-28,MN,Đồng Tháp,1,18547
2024-12-28,MN,Đồng Tháp,2,85405
2024-12-28,MN,Đồng Tháp,3,09274 - 25464 - 02313 - 87892 - 05137 - 30651
2024-12-28,MN,Đồng Tháp,4,33162 - 77708 - 27984 - 61496 - 13903 - 48832
2024-12-28,MN,Đồng Tháp,5,76717 - 31333 - 63587
2024-12-28,MN,Đồng Tháp,6,97005 - 51729 - 36993
2024-12-28,MN,Đồng Tháp,7,71095 - 16981 - 33140 - 92200
2024-12-28,MN,Đồng Tháp,8,96740
2024-12-28,MN,Cà Mau,ĐB,43682
2024-12-28,MN,Cà Mau,1,54749
2024-12-28,MN,Cà Mau,2,26707
2024-12-28,MN,Cà Mau,3,65825 - 17947 - 10122 - 66068 - 54429 - 70141
2024-12-28,MN,Cà Mau,4,70934 - 18123 - 36721 - 57329 - 90856 - 05361
2024-12-28,MN,Cà Mau,5,98259 - 34430 - 24062
2024-12-28,MN,Cà Mau,6,20774 - 26609 - 00452
2024-12-28,MN,Cà Mau,7,07802 - 00059 - 39226 - 38449
2024-12-28,MN,Cà Mau,8,91560
2024-12-29,MB,Hà Nội,ĐB,83300
2024-12-29,MB,Hà Nội,1,84621
2024-12-29,MB,Hà Nội,2,40646
2024-12-29,MB,Hà Nội,3,77920 - 85006 - 03992 - 27083 - 69230 - 74434
2024-12-29,MB,Hà Nội,4,15065 - 24784 - 95996 - 17970 - 09105 - 64353
2024-12-29,MB,Hà Nội,5,94975 - 25947 - 14934
2024-12-29,MB,Hà Nội,6,11902 - 32334 - 03251
2024-12-29,MB,Hà Nội,7,74820 - 51562 - 43919 - 66423
2024-12-29,MT,Đà Nẵng,ĐB,88874
2024-12-29,MT,Đà Nẵng,1,26216
2024-12-29,MT,Đà Nẵng,2,19418
2024-12-29,MT,Đà Nẵng,3,70410 - 99915 - 17372 - 84204 - 99251 - 03971
2024-12-29,MT,Đà Nẵng,4,40480 - 76653 - 94467 - 67902 - 52310 - 76384
2024-12-29,MT,Đà Nẵng,5,53815 - 23180 - 99453
2024-12-29,MT,Đà Nẵng,6,66053 - 71172 - 95649
2024-12-29,MT,Đà Nẵng,7,84238 - 87484 - 33896 - 44061
2024-12-29,MT,Đà Nẵng,8,47064
2024-12-29,MT,Khánh Hòa,ĐB,82924
2024-12-29,MT,Khánh Hòa,1,90376
2024-12-29,MT,Khánh Hòa,2,10174
2024-12-29,MT,Khánh Hòa,3,71146 - 56097 - 64178 - 12250 - 79401 - 57216
2024-12-29,MT,Khánh Hòa,4,82310 - 76121 - 42184 - 02234 - 23940 - 13423
2024-12-29,MT,Khánh Hòa,5,75469 - 20949 - 52528
2024-12-29,MT,Khánh Hòa,6,78420 - 02786 - 79153
2024-12-29,MT,Khánh Hòa,7,89061 - 90921 - 21087 - 45792
2024-12-29,MT,Khánh Hòa,8,24143
2024-12-29,MN,TP. HCM,ĐB,95227
2024-12-29,MN,TP. HCM,1,99598
2024-12-29,MN,TP. HCM,2,36342
2024-12-29,MN,TP. HCM,3,83706 - 26855 - 13771 - 03494 - 52634 - 30344
2024-12-29,MN,TP. HCM,4,45202 - 33662 - 54775 - 55089 - 39092 - 22176
2024-12-29,MN,TP. HCM,5,31123 - 10601 - 68352
2024-12-29,MN,TP. HCM,6,26506 - 75270 - 35284
2024-12-29,MN,TP. HCM,7,93155 - 85254 - 33015 - 13258
2024-12-29,MN,TP. HCM,8,57614
2024-12-29,MN,Đồng Tháp,ĐB,00929
2024-12-29,MN,Đồng Tháp,1,48109
2024-12-29,MN,Đồng Tháp,2,71204
2024-12-29,MN,Đồng Tháp,3,78321 - 84658 - 58055 - 20890 - 35150 - 04004
2024-12-29,MN,Đồng Tháp,4,62602 - 06294 - 22369 - 22502 - 95813 - 52764
2024-12-29,MN,Đồng Tháp,5,90546 - 93212 - 96273
2024-12-29,MN,Đồng Tháp,6,00202 - 03334 - 13862
2024-12-29,MN,Đồng Tháp,7,89217 - 54145 - 62506 - 04371
2024-12-29,MN,Đồng Tháp,8,10571
2024-12-29,MN,Cà Mau,ĐB,82142
2024-12-29,MN,Cà Mau,1,14403
2024-12-29,MN,Cà Mau,2,58782
2024-12-29,MN,Cà Mau,3,58319 - 34875 - 54973 - 84280 - 69121 - 41688
2024-12-29,MN,Cà Mau,4,07872 - 01440 - 13480 - 38965 - 70720 - 28098
2024-12-29,MN,Cà Mau,5,32190 - 74773 - 74852
2024-12-29,MN,Cà Mau,6,25328 - 30928 - 66448
2024-12-29,MN,Cà Mau,7,52351 - 75324 - 93878 - 17412
2024-12-29,MN,Cà Mau,8,77277
2024-12-30,MB,Hà Nội,ĐB,69655
2024-12-30,MB,Hà Nội,1,26039
2024-12-30,MB,Hà Nội,2,55012
2024-12-30,MB,Hà Nội,3,06884 - 28791 - 99919 - 74170 - 20095 - 21423
2024-12-30,MB,Hà Nội,4,42785 - 33660 - 23683 - 20682 - 32360 - 81510
2024-12-30,MB,Hà Nội,5,60900 - 29759 - 70315
2024-12-30,MB,Hà Nội,6,77247 - 95557 - 18563
2024-12-30,MB,Hà Nội,7,57064 - 96440 - 13124 - 48946
2024-12-30,MT,Đà Nẵng,ĐB,07565
2024-12-30,MT,Đà Nẵng,1,90772
2024-12-30,MT,Đà Nẵng,2,17513
2024-12-30,MT,Đà Nẵng,3,89474 - 69694 - 84498 - 80341 - 38973 - 51707
2024-12-30,MT,Đà Nẵng,4,47444 - 85453 - 13170 - 43428 - 37880 - 55375
2024-12-30,MT,Đà Nẵng,5,60098 - 32608 - 18222
2024-12-30,MT,Đà Nẵng,6,52420 - 64857 - 26326
2024-12-30,MT,Đà Nẵng,7,55895 - 01257 - 09127 - 38585
2024-12-30,MT,Đà Nẵng,8,66240
2024-12-30,MT,Khánh Hòa,ĐB,87134
2024-12-30,MT,Khánh Hòa,1,21590
2024-12-30,MT,Khánh Hòa,2,34364
2024-12-30,MT,Khánh Hòa,3,19792 - 87937 - 68997 - 94094 - 88313 - 80376
2024-12-30,MT,Khánh Hòa,4,30768 - 38360 - 48722 - 26726 - 05200 - 59567
2024-12-30,MT,Khánh Hòa,5,32828 - 90827 - 64907
2024-12-30,MT,Khánh Hòa,6,74542 - 49215 - 90769
2024-12-30,MT,Khánh Hòa,7,88654 - 89868 - 01361 - 53611
2024-12-30,MT,Khánh Hòa,8,45725
2024-12-30,MN,TP. HCM,ĐB,68570
2024-12-30,MN,TP. HCM,1,45495
2024-12-30,MN,TP. HCM,2,98055
2024-12-30,MN,TP. HCM,3,96275 - 89832 - 63854 - 23460 - 38837 - 68821
2024-12-30,MN,TP. HCM,4,35229 - 80141 - 55516 - 78174 - 52890 - 99929
2024-12-30,MN,TP. HCM,5,32585 - 23033 - 28714
2024-12-30,MN,TP. HCM,6,18129 - 19273 - 23237
2024-12-30,MN,TP. HCM,7,38924 - 49548 - 70079 - 09757
2024-12-30,MN,TP. HCM,8,75373
2024-12-30,MN,Đồng Tháp,ĐB,86091
2024-12-30,MN,Đồng Tháp,1,59847
2024-12-30,MN,Đồng Tháp,2,44797
2024-12-30,MN,Đồng Tháp,3,00137 - 38717 - 15631 - 59823 - 67374 - 09314
2024-12-30,MN,Đồng Tháp,4,52083 - 91518 - 60678 - 97353 - 29159 - 28200
2024-12-30,MN,Đồng Tháp,5,28497 - 91662 - 81539
2024-12-30,MN,Đồng Tháp,6,88942 - 68787 - 07967
2024-12-30,MN,Đồng Tháp,7,94363 - 33768 - 52261 - 79618
2024-12-30,MN,Đồng Tháp,8,11549
2024-12-30,MN,Cà Mau,ĐB,85962
2024-12-30,MN,Cà Mau,1,46184
2024-12-30,MN,Cà Mau,2,29550
2024-12-30,MN,Cà Mau,3,23113 - 15616 - 37147 - 12791 - 87371 - 93665
2024-12-30,MN,Cà Mau,4,46986 - 55903 - 86220 - 37960 - 06073 - 37189
2024-12-30,MN,Cà Mau,5,27264 - 43841 - 37930
2024-12-30,MN,Cà Mau,6,38833 - 66411 - 93055
2024-12-30,MN,Cà Mau,7,03961 - 85679 - 46652 - 94216
2024-12-30,MN,Cà Mau,8,26674
2024-12-31,MB,Hà Nội,ĐB,39356
2024-12-31,MB,Hà Nội,1,33585
2024-12-31,MB,Hà Nội,2,94342
2024-12-31,MB,Hà Nội,3,04285 - 30410 - 07651 - 31201 - 57043 - 73064
2024-12-31,MB,Hà Nội,4,23219 - 42541 - 30861 - 46188 - 59961 - 43463
2024-12-31,MB,Hà Nội,5,13552 - 00493 - 08525
2024-12-31,MB,Hà Nội,6,35581 - 39927 - 07938
2024-12-31,MB,Hà Nội,7,87378 - 63047 - 12405 - 35162
2024-12-31,MT,Đà Nẵng,ĐB,58899
2024-12-31,MT,Đà Nẵng,1,27747
2024-12-31,MT,Đà Nẵng,2,15949
2024-12-31,MT,Đà Nẵng,3,77684 - 52362 - 58782 - 73556 - 61302 - 41976
2024-12-31,MT,Đà Nẵng,4,87720 - 60117 - 01200 - 98433 - 15474 - 80073
2024-12-31,MT,Đà Nẵng,5,53190 - 06236 - 90588
2024-12-31,MT,Đà Nẵng,6,72854 - 49159 - 65399
2024-12-31,MT,Đà Nẵng,7,33507 - 12272 - 44696 - 38548
2024-12-31,MT,Đà Nẵng,8,48780
2024-12-31,MT,Khánh Hòa,ĐB,18257
2024-12-31,MT,Khánh Hòa,1,95655
2024-12-31,MT,Khánh Hòa,2,97969
2024-12-31,MT,Khánh Hòa,3,65445 - 83234 - 69420 - 12994 - 98128 - 98339
2024-12-31,MT,Khánh Hòa,4,84105 - 21030 - 79220 - 49701 - 21868 - 62829
2024-12-31,MT,Khánh Hòa,5,87819 - 76115 - 16783
2024-12-31,MT,Khánh Hòa,6,12119 - 04380 - 63366
2024-12-31,MT,Khánh Hòa,7,46855 - 02184 - 78499 - 72230
2024-12-31,MT,Khánh Hòa,8,99154
2024-12-31,MN,TP. HCM,ĐB,79479
2024-12-31,MN,TP. HCM,1,71591
2024-12-31,MN,TP. HCM,2,20915
2024-12-31,MN,TP. HCM,3,23993 - 92101 - 38343 - 60211 - 78611 - 48769
2024-12-31,MN,TP. HCM,4,76166 - 62831 - 08280 - 81717 - 46339 - 91166
2024-12-31,MN,TP. HCM,5,54578 - 87325 - 60595
2024-12-31,MN,TP. HCM,6,59933 - 08991 - 05795
2024-12-31,MN,TP. HCM,7,04241 - 25653 - 14595 - 70683
2024-12-31,MN,TP. HCM,8,25191
2024-12-31,MN,Đồng Tháp,ĐB,68226
2024-12-31,MN,Đồng Tháp,1,69445
2024-12-31,MN,Đồng Tháp,2,51159
2024-12-31,MN,Đồng Tháp,3,17044 - 50636 - 97473 - 52907 - 48388 - 29434
2024-12-31,MN,Đồng Tháp,4,87875 - 28698 - 41160 - 27435 - 73754 - 28835
2024-12-31,MN,Đồng Tháp,5,97699 - 65955 - 30135
2024-12-31,MN,Đồng Tháp,6,67587 - 96496 - 48394
2024-12-31,MN,Đồng Tháp,7,02905 - 18694 - 47962 - 63452
2024-12-31,MN,Đồng Tháp,8,65329
2024-12-31,MN,Cà Mau,ĐB,35849
2024-12-31,MN,Cà Mau,1,90799
2024-12-31,MN,Cà Mau,2,17108
2024-12-31,MN,Cà Mau,3,24850 - 41301 - 47716 - 79883 - 00413 - 42323
2024-12-31,MN,Cà Mau,4,08260 - 07770 - 27756 - 08105 - 53240 - 23958
2024-12-31,MN,Cà Mau,5,03319 - 55015 - 41150
2024-12-31,MN,Cà Mau,6,60730 - 65220 - 48646
2024-12-31,MN,Cà Mau,7,14195 - 62427 - 27114 - 57762
2024-12-31,MN,Cà Mau,8,02281
