Date,Region,Province,Prize,Numbers
2025-01-01,MB,Hà Nội,ĐB,82076
2025-01-01,MB,Hà Nội,1,95096
2025-01-01,MB,Hà Nội,2,87507
2025-01-01,MB,Hà Nội,3,52318 - 60671 - 99646 - 83482 - 57242 - 67769
2025-01-01,MB,Hà Nội,4,94107 - 89254 - 26242 - 99525 - 40251 - 32878
2025-01-01,MB,Hà Nội,5,60983 - 69512 - 18062
2025-01-01,MB,Hà Nội,6,98410 - 83259 - 42570
2025-01-01,MB,Hà Nội,7,29715 - 89755 - 19285 - 98961
2025-01-01,MT,Đà Nẵng,ĐB,07327
2025-01-01,MT,Đà Nẵng,1,84503
2025-01-01,MT,Đà Nẵng,2,29930
2025-01-01,MT,Đà Nẵng,3,29430 - 17511 - 69416 - 29548 - 03893 - 63885
2025-01-01,MT,Đà Nẵng,4,52501 - 10430 - 40827 - 47234 - 17583 - 84045
2025-01-01,MT,Đà Nẵng,5,24300 - 15122 - 64782
2025-01-01,MT,Đà Nẵng,6,43853 - 17197 - 13026
2025-01-01,MT,Đà Nẵng,7,34139 - 61265 - 02477 - 85115
2025-01-01,MT,Đà Nẵng,8,31820
2025-01-01,MT,Khánh Hòa,ĐB,97557
2025-01-01,MT,Khánh Hòa,1,04188
2025-01-01,MT,Khánh Hòa,2,42758
2025-01-01,MT,Khánh Hòa,3,82634 - 55034 - 93802 - 89459 - 62808 - 31052
2025-01-01,MT,Khánh Hòa,4,82034 - 01749 - 55826 - 52186 - 36197 - 94225
2025-01-01,MT,Khánh Hòa,5,50845 - 41967 - 40373
2025-01-01,MT,Khánh Hòa,6,94633 - 54943 - 00867
2025-01-01,MT,Khánh Hòa,7,52699 - 77021 - 42793 - 51915
2025-01-01,MT,Khánh Hòa,8,49440
2025-01-01,MN,TP. HCM,ĐB,44760
2025-01-01,MN,TP. HCM,1,64474
2025-01-01,MN,TP. HCM,2,06829
2025-01-01,MN,TP. HCM,3,70505 - 06183 - 44485 - 64390 - 33162 - 64886
2025-01-01,MN,TP. HCM,4,88642 - 56816 - 19862 - 93221 - 09571 - 44531
2025-01-01,MN,TP. HCM,5,66396 - 19316 - 29860
2025-01-01,MN,TP. HCM,6,37762 - 35664 - 30970
2025-01-01,MN,TP. HCM,7,81099 - 08406 - 49376 - 81653
2025-01-01,MN,TP. HCM,8,54492
2025-01-01,MN,Đồng Tháp,ĐB,43538
2025-01-01,MN,Đồng Tháp,1,51034
2025-01-01,MN,Đồng Tháp,2,49279
2025-01-01,MN,Đồng Tháp,3,40029 - 86232 - 19043 - 38830 - 41614 - 20214
2025-01-01,MN,Đồng Tháp,4,89013 - 57267 - 17731 - 54798 - 85654 - 23907
2025-01-01,MN,Đồng Tháp,5,11956 - 76946 - 20121
2025-01-01,MN,Đồng Tháp,6,89664 - 34377 - 28372
2025-01-01,MN,Đồng Tháp,7,67530 - 87719 - 29093 - 29835
2025-01-01,MN,Đồng Tháp,8,08746
2025-01-01,MN,Cà Mau,ĐB,07972
2025-01-01,MN,Cà Mau,1,27259
2025-01-01,MN,Cà Mau,2,56313
2025-01-01,MN,Cà Mau,3,52335 - 27318 - 50423 - 15722 - 70049 - 50874
2025-01-01,MN,Cà Mau,4,61089 - 34619 - 52019 - 88274 - 93708 - 73211
2025-01-01,MN,Cà Mau,5,35440 - 75536 - 48515
2025-01-01,MN,Cà Mau,6,38088 - 99845 - 08143
2025-01-01,MN,Cà Mau,7,45162 - 51352 - 10553 - 39379
2025-01-01,MN,Cà Mau,8,21547
2025-01-02,MB,Hà Nội,ĐB,62522
2025-01-02,MB,Hà Nội,1,76496
2025-01-02,MB,Hà Nội,2,76175
2025-01-02,MB,Hà Nội,3,80570 - 30390 - 44777 - 55974 - 07978 - 20884
2025-01-02,MB,Hà Nội,4,63763 - 32650 - 24164 - 88309 - 20467 - 05840
2025-01-02,MB,Hà Nội,5,44959 - 99036 - 52590
2025-01-02,MB,Hà Nội,6,09995 - 68663 - 56473
2025-01-02,MB,Hà Nội,7,48548 - 27298 - 19322 - 37903
2025-01-02,MT,Đà Nẵng,ĐB,37927
2025-01-02,MT,Đà Nẵng,1,58389
2025-01-02,MT,Đà Nẵng,2,87478
2025-01-02,MT,Đà Nẵng,3,56526 - 95619 - 70214 - 08276 - 78453 - 55003
2025-01-02,MT,Đà Nẵng,4,71497 - 00892 - 82339 - 19245 - 86498 - 34288
2025-01-02,MT,Đà Nẵng,5,41379 - 15820 - 63920
2025-01-02,MT,Đà Nẵng,6,23599 - 50628 - 53718
2025-01-02,MT,Đà Nẵng,7,18365 - 54936 - 99605 - 29485
2025-01-02,MT,Đà Nẵng,8,06368
2025-01-02,MT,Khánh Hòa,ĐB,91840
2025-01-02,MT,Khánh Hòa,1,98492
2025-01-02,MT,Khánh Hòa,2,22204
2025-01-02,MT,Khánh Hòa,3,90751 - 61895 - 88784 - 66262 - 07897 - 93041
2025-01-02,MT,Khánh Hòa,4,52529 - 72454 - 01254 - 49595 - 38709 - 35685
2025-01-02,MT,Khánh Hòa,5,69407 - 54429 - 87614
2025-01-02,MT,Khánh Hòa,6,49519 - 47693 - 16321
2025-01-02,MT,Khánh Hòa,7,08154 - 92032 - 02870 - 89593
2025-01-02,MT,Khánh Hòa,8,18755
2025-01-02,MN,TP. HCM,ĐB,76457
2025-01-02,MN,TP. HCM,1,08554
2025-01-02,MN,TP. HCM,2,98389
2025-01-02,MN,TP. HCM,3,77255 - 67610 - 30125 - 01791 - 00357 - 52089
2025-01-02,MN,TP. HCM,4,04587 - 78500 - 08336 - 77489 - 78414 - 03051
2025-01-02,MN,TP. HCM,5,33575 - 39896 - 59534
2025-01-02,MN,TP. HCM,6,87348 - 62144 - 55892
2025-01-02,MN,TP. HCM,7,32820 - 37895 - 65256 - 30721
2025-01-02,MN,TP. HCM,8,09152
2025-01-02,MN,Đồng Tháp,ĐB,19260
2025-01-02,MN,Đồng Tháp,1,53913
2025-01-02,MN,Đồng Tháp,2,18326
2025-01-02,MN,Đồng Tháp,3,38568 - 17931 - 04340 - 24693 - 83468 - 25341
2025-01-02,MN,Đồng Tháp,4,46269 - 42648 - 67270 - 39586 - 05777 - 17034
2025-01-02,MN,Đồng Tháp,5,79913 - 41929 - 59398
2025-01-02,MN,Đồng Tháp,6,44238 - 82319 - 91939
2025-01-02,MN,Đồng Tháp,7,44235 - 33624 - 66119 - 59760
2025-01-02,MN,Đồng Tháp,8,44944
2025-01-02,MN,Cà Mau,ĐB,50149
2025-01-02,MN,Cà Mau,1,68686
2025-01-02,MN,Cà Mau,2,53696
2025-01-02,MN,Cà Mau,3,51532 - 99779 - 12705 - 95898 - 90688 - 89711
2025-01-02,MN,Cà Mau,4,77621 - 37814 - 59847 - 34826 - 03439 - 76247
2025-01-02,MN,Cà Mau,5,60972 - 87010 - 06107
2025-01-02,MN,Cà Mau,6,95898 - 42593 - 17986
2025-01-02,MN,Cà Mau,7,38858 - 92218 - 67883 - 03763
2025-01-02,MN,Cà Mau,8,20379
2025-01-03,MB,Hà Nội,ĐB,41271
2025-01-03,MB,Hà Nội,1,86564
2025-01-03,MB,Hà Nội,2,57352
2025-01-03,MB,Hà Nội,3,54665 - 62109 - 13655 - 05143 - 00638 - 87196
2025-01-03,MB,Hà Nội,4,50619 - 64379 - 99800 - 66968 - 21481 - 16696
2025-01-03,MB,Hà Nội,5,26502 - 39600 - 99134
2025-01-03,MB,Hà Nội,6,80630 - 14913 - 58535
2025-01-03,MB,Hà Nội,7,52026 - 15853 - 66585 - 36535
2025-01-03,MT,Đà Nẵng,ĐB,19490
2025-01-03,MT,Đà Nẵng,1,84987
2025-01-03,MT,Đà Nẵng,2,25931
2025-01-03,MT,Đà Nẵng,3,99313 - 98711 - 68760 - 35395 - 24797 - 88798
2025-01-03,MT,Đà Nẵng,4,98501 - 73257 - 19718 - 55634 - 10801 - 89485
2025-01-03,MT,Đà Nẵng,5,50757 - 46380 - 77360
2025-01-03,MT,Đà Nẵng,6,29821 - 07036 - 80118
2025-01-03,MT,Đà Nẵng,7,83246 - 00527 - 98112 - 73137
2025-01-03,MT,Đà Nẵng,8,49446
2025-01-03,MT,Khánh Hòa,ĐB,21535
2025-01-03,MT,Khánh Hòa,1,37686
2025-01-03,MT,Khánh Hòa,2,93913
2025-01-03,MT,Khánh Hòa,3,80529 - 51030 - 64218 - 42277 - 09038 - 78900
2025-01-03,MT,Khánh Hòa,4,44208 - 45521 - 30918 - 39497 - 04798 - 05199
2025-01-03,MT,Khánh Hòa,5,37336 - 70693 - 75585
2025-01-03,MT,Khánh Hòa,6,08609 - 51537 - 45171
2025-01-03,MT,Khánh Hòa,7,79710 - 71116 - 96634 - 23212
2025-01-03,MT,Khánh Hòa,8,07694
2025-01-03,MN,TP. HCM,ĐB,05171
2025-01-03,MN,TP. HCM,1,54728
2025-01-03,MN,TP. HCM,2,49553
2025-01-03,MN,TP. HCM,3,06438 - 03878 - 38141 - 39946 - 12363 - 60989
2025-01-03,MN,TP. HCM,4,84409 - 87849 - 79475 - 21911 - 59265 - 46261
2025-01-03,MN,TP. HCM,5,82170 - 09125 - 58287
2025-01-03,MN,TP. HCM,6,91462 - 81379 - 66384
2025-01-03,MN,TP. HCM,7,01696 - 95565 - 80276 - 08162
2025-01-03,MN,TP. HCM,8,41081
2025-01-03,MN,Đồng Tháp,ĐB,46640
2025-01-03,MN,Đồng Tháp,1,32628
2025-01-03,MN,Đồng Tháp,2,85070
2025-01-03,MN,Đồng Tháp,3,21682 - 38896 - 48851 - 47730 - 64409 - 74624
2025-01-03,MN,Đồng Tháp,4,92454 - 69409 - 09448 - 22805 - 35337 - 98775
2025-01-03,MN,Đồng Tháp,5,38662 - 68551 - 34363
2025-01-03,MN,Đồng Tháp,6,66566 - 46331 - 30005
2025-01-03,MN,Đồng Tháp,7,75267 - 94073 - 11144 - 32036
2025-01-03,MN,Đồng Tháp,8,16620
2025-01-03,MN,Cà Mau,ĐB,33318
2025-01-03,MN,Cà Mau,1,86597
2025-01-03,MN,Cà Mau,2,94937
2025-01-03,MN,Cà Mau,3,59764 - 97337 - 58975 - 93466 - 47269 - 95606
2025-01-03,MN,Cà Mau,4,68533 - 23243 - 97515 - 95735 - 96562 - 48156
2025-01-03,MN,Cà Mau,5,81544 - 15561 - 79303
2025-01-03,MN,Cà Mau,6,80909 - 56221 - 35017
2025-01-03,MN,Cà Mau,7,83736 - 92485 - 73624 - 54633
2025-01-03,MN,Cà Mau,8,51419
2025-01-04,MB,Hà Nội,ĐB,72266
2025-01-04,MB,Hà Nội,1,17730
2025-01-04,MB,Hà Nội,2,45959
2025-01-04,MB,Hà Nội,3,92091 - 41366 - 85648 - 08293 - 52033 - 43713
2025-01-04,MB,Hà Nội,4,19346 - 17454 - 09391 - 68461 - 42437 - 24452
2025-01-04,MB,Hà Nội,5,47430 - 97019 - 63674
2025-01-04,MB,Hà Nội,6,95127 - 16064 - 92952
2025-01-04,MB,Hà Nội,7,78347 - 72228 - 00193 - 53090
2025-01-04,MT,Đà Nẵng,ĐB,85256
2025-01-04,MT,Đà Nẵng,1,09639
2025-01-04,MT,Đà Nẵng,2,58076
2025-01-04,MT,Đà Nẵng,3,90617 - 22936 - 98679 - 77049 - 95571 - 95592
2025-01-04,MT,Đà Nẵng,4,74167 - 10599 - 75458 - 23113 - 51599 - 01127
2025-01-04,MT,Đà Nẵng,5,77351 - 62959 - 03024
2025-01-04,MT,Đà Nẵng,6,78568 - 66880 - 10722
2025-01-04,MT,Đà Nẵng,7,25493 - 70804 - 80918 - 71880
2025-01-04,MT,Đà Nẵng,8,14176
2025-01-04,MT,Khánh Hòa,ĐB,56577
2025-01-04,MT,Khánh Hòa,1,27098
2025-01-04,MT,Khánh Hòa,2,71971
2025-01-04,MT,Khánh Hòa,3,96863 - 74275 - 75777 - 87778 - 45749 - 20812
2025-01-04,MT,Khánh Hòa,4,78911 - 70452 - 72664 - 29726 - 89916 - 00587
2025-01-04,MT,Khánh Hòa,5,16372 - 93944 - 16917
2025-01-04,MT,Khánh Hòa,6,06152 - 58578 - 94110
2025-01-04,MT,Khánh Hòa,7,20411 - 89305 - 08429 - 59732
2025-01-04,MT,Khánh Hòa,8,19848
2025-01-04,MN,TP. HCM,ĐB,81759
2025-01-04,MN,TP. HCM,1,02809
2025-01-04,MN,TP. HCM,2,82666
2025-01-04,MN,TP. HCM,3,52914 - 09638 - 35538 - 00325 - 98007 - 55235
2025-01-04,MN,TP. HCM,4,44440 - 47201 - 14437 - 01870 - 08713 - 27248
2025-01-04,MN,TP. HCM,5,34934 - 04858 - 03878
2025-01-04,MN,TP. HCM,6,87005 - 08083 - 85182
2025-01-04,MN,TP. HCM,7,47469 - 64068 - 83124 - 88868
2025-01-04,MN,TP. HCM,8,79557
2025-01-04,MN,Đồng Tháp,ĐB,97733
2025-01-04,MN,Đồng Tháp,1,06815
2025-01-04,MN,Đồng Tháp,2,80352
2025-01-04,MN,Đồng Tháp,3,38593 - 31222 - 09253 - 42276 - 84295 - 79003
2025-01-04,MN,Đồng Tháp,4,53774 - 10886 - 98723 - 33578 - 59022 - 23602
2025-01-04,MN,Đồng Tháp,5,33899 - 47816 - 23083
2025-01-04,MN,Đồng Tháp,6,30690 - 08125 - 09925
2025-01-04,MN,Đồng Tháp,7,11565 - 00873 - 16451 - 00029
2025-01-04,MN,Đồng Tháp,8,84504
2025-01-04,MN,Cà Mau,ĐB,49595
2025-01-04,MN,Cà Mau,1,43600
2025-01-04,MN,Cà Mau,2,54881
2025-01-04,MN,Cà Mau,3,69818 - 65688 - 14292 - 82569 - 32000 - 19119
2025-01-04,MN,Cà Mau,4,48145 - 40451 - 22286 - 06639 - 59086 - 31469
2025-01-04,MN,Cà Mau,5,69834 - 96952 - 01573
2025-01-04,MN,Cà Mau,6,87472 - 43861 - 01401
2025-01-04,MN,Cà Mau,7,82537 - 96319 - 06551 - 48868
2025-01-04,MN,Cà Mau,8,10188
2025-01-05,MB,Hà Nội,ĐB,84709
2025-01-05,MB,Hà Nội,1,91392
2025-01-05,MB,Hà Nội,2,85515
2025-01-05,MB,Hà Nội,3,99063 - 04110 - 37669 - 21134 - 08430 - 29644
2025-01-05,MB,Hà Nội,4,22969 - 16453 - 56553 - 79177 - 48782 - 48957
2025-01-05,MB,Hà Nội,5,46190 - 11960 - 89883
2025-01-05,MB,Hà Nội,6,78587 - 59306 - 81571
2025-01-05,MB,Hà Nội,7,86177 - 85623 - 97487 - 13323
2025-01-05,MT,Đà Nẵng,ĐB,08337
2025-01-05,MT,Đà Nẵng,1,93465
2025-01-05,MT,Đà Nẵng,2,34894
2025-01-05,MT,Đà Nẵng,3,36247 - 95569 - 09267 - 81006 - 64406 - 42875
2025-01-05,MT,Đà Nẵng,4,89634 - 73016 - 10216 - 07213 - 20231 - 12398
2025-01-05,MT,Đà Nẵng,5,19806 - 41095 - 35944
2025-01-05,MT,Đà Nẵng,6,59807 - 80463 - 63589
2025-01-05,MT,Đà Nẵng,7,11288 - 39801 - 31552 - 15372
2025-01-05,MT,Đà Nẵng,8,00129
2025-01-05,MT,Khánh Hòa,ĐB,74359
2025-01-05,MT,Khánh Hòa,1,56559
2025-01-05,MT,Khánh Hòa,2,18217
2025-01-05,MT,Khánh Hòa,3,31520 - 34873 - 60264 - 25458 - 83773 - 38499
2025-01-05,MT,Khánh Hòa,4,42299 - 79022 - 87420 - 41055 - 20618 - 87450
2025-01-05,MT,Khánh Hòa,5,40480 - 33977 - 97145
2025-01-05,MT,Khánh Hòa,6,72206 - 52067 - 48771
2025-01-05,MT,Khánh Hòa,7,22473 - 94803 - 01037 - 38044
2025-01-05,MT,Khánh Hòa,8,23655
2025-01-05,MN,TP. HCM,ĐB,66396
2025-01-05,MN,TP. HCM,1,13505
2025-01-05,MN,TP. HCM,2,93502
2025-01-05,MN,TP. HCM,3,06685 - 68242 - 63493 - 21485 - 90547 - 47885
2025-01-05,MN,TP. HCM,4,42716 - 60711 - 28433 - 36601 - 44331 - 32957
2025-01-05,MN,TP. HCM,5,50560 - 04333 - 24045
2025-01-05,MN,TP. HCM,6,69823 - 67493 - 38990
2025-01-05,MN,TP. HCM,7,52026 - 94495 - 90093 - 44545
2025-01-05,MN,TP. HCM,8,75741
2025-01-05,MN,Đồng Tháp,ĐB,04627
2025-01-05,MN,Đồng Tháp,1,80939
2025-01-05,MN,Đồng Tháp,2,33989
2025-01-05,MN,Đồng Tháp,3,93446 - 68988 - 43107 - 33717 - 76851 - 60440
2025-01-05,MN,Đồng Tháp,4,70184 - 55463 - 42937 - 63095 - 49766 - 61640
2025-01-05,MN,Đồng Tháp,5,81219 - 84411 - 75382
2025-01-05,MN,Đồng Tháp,6,40614 - 45180 - 46908
2025-01-05,MN,Đồng Tháp,7,46464 - 52729 - 72264 - 95621
2025-01-05,MN,Đồng Tháp,8,19613
2025-01-05,MN,Cà Mau,ĐB,46067
2025-01-05,MN,Cà Mau,1,12916
2025-01-05,MN,Cà Mau,2,03172
2025-01-05,MN,Cà Mau,3,43636 - 87977 - 64225 - 34899 - 31045 - 70783
2025-01-05,MN,Cà Mau,4,63041 - 40786 - 77551 - 87198 - 88849 - 14669
2025-01-05,MN,Cà Mau,5,78054 - 72379 - 81749
2025-01-05,MN,Cà Mau,6,36349 - 36868 - 37433
2025-01-05,MN,Cà Mau,7,80776 - 57761 - 23350 - 83789
2025-01-05,MN,Cà Mau,8,53314
2025-01-06,MB,Hà Nội,ĐB,37425
2025-01-06,MB,Hà Nội,1,21497
2025-01-06,MB,Hà Nội,2,10305
2025-01-06,MB,Hà Nội,3,95837 - 62230 - 49703 - 75747 - 95562 - 77359
2025-01-06,MB,Hà Nội,4,29504 - 22040 - 77484 - 03558 - 30324 - 82408
2025-01-06,MB,Hà Nội,5,44039 - 69122 - 31006
2025-01-06,MB,Hà Nội,6,29037 - 99588 - 87258
2025-01-06,MB,Hà Nội,7,26970 - 46457 - 91054 - 44148
2025-01-06,MT,Đà Nẵng,ĐB,61955
2025-01-06,MT,Đà Nẵng,1,78375
2025-01-06,MT,Đà Nẵng,2,48032
2025-01-06,MT,Đà Nẵng,3,78249 - 88090 - 43299 - 57651 - 57562 - 16242
2025-01-06,MT,Đà Nẵng,4,54606 - 06739 - 37468 - 11532 - 69546 - 50470
2025-01-06,MT,Đà Nẵng,5,31727 - 74570 - 53723
2025-01-06,MT,Đà Nẵng,6,47942 - 92669 - 04056
2025-01-06,MT,Đà Nẵng,7,81140 - 71159 - 48690 - 31098
2025-01-06,MT,Đà Nẵng,8,00393
2025-01-06,MT,Khánh Hòa,ĐB,05455
2025-01-06,MT,Khánh Hòa,1,51576
2025-01-06,MT,Khánh Hòa,2,39075
2025-01-06,MT,Khánh Hòa,3,61447 - 72398 - 32011 - 22850 - 11986 - 41231
2025-01-06,MT,Khánh Hòa,4,38897 - 11553 - 26343 - 21003 - 63133 - 46722
2025-01-06,MT,Khánh Hòa,5,67743 - 84798 - 27607
2025-01-06,MT,Khánh Hòa,6,92159 - 05362 - 14682
2025-01-06,MT,Khánh Hòa,7,55792 - 86123 - 86040 - 38125
2025-01-06,MT,Khánh Hòa,8,49020
2025-01-06,MN,TP. HCM,ĐB,34293
2025-01-06,MN,TP. HCM,1,62198
2025-01-06,MN,TP. HCM,2,93118
2025-01-06,MN,TP. HCM,3,13255 - 91678 - 78873 - 27598 - 64301 - 86963
2025-01-06,MN,TP. HCM,4,15826 - 45858 - 47716 - 69904 - 35722 - 41110
2025-01-06,MN,TP. HCM,5,70737 - 58283 - 15020
2025-01-06,MN,TP. HCM,6,07942 - 88851 - 40049
2025-01-06,MN,TP. HCM,7,44695 - 31116 - 52671 - 45462
2025-01-06,MN,TP. HCM,8,03367
2025-01-06,MN,Đồng Tháp,ĐB,88060
2025-01-06,MN,Đồng Tháp,1,95582
2025-01-06,MN,Đồng Tháp,2,58290
2025-01-06,MN,Đồng Tháp,3,52015 - 82006 - 09715 - 62753 - 96199 - 48861
2025-01-06,MN,Đồng Tháp,4,52886 - 71212 - 47203 - 56357 - 00053 - 38342
2025-01-06,MN,Đồng Tháp,5,23515 - 26976 - 48256
2025-01-06,MN,Đồng Tháp,6,86738 - 40952 - 53076
2025-01-06,MN,Đồng Tháp,7,14835 - 55527 - 64215 - 81332
2025-01-06,MN,Đồng Tháp,8,96893
2025-01-06,MN,Cà Mau,ĐB,56638
2025-01-06,MN,Cà Mau,1,92435
2025-01-06,MN,Cà Mau,2,66340
2025-01-06,MN,Cà Mau,3,97908 - 19917 - 89611 - 39280 - 58014 - 04672
2025-01-06,MN,Cà Mau,4,80333 - 85624 - 81649 - 42640 - 55753 - 35792
2025-01-06,MN,Cà Mau,5,40449 - 93516 - 34191
2025-01-06,MN,Cà Mau,6,30780 - 37761 - 23242
2025-01-06,MN,Cà Mau,7,76535 - 39392 - 38430 - 03097
2025-01-06,MN,Cà Mau,8,39640
2025-01-07,MB,Hà Nội,ĐB,38613
2025-01-07,MB,Hà Nội,1,68495
2025-01-07,MB,Hà Nội,2,95380
2025-01-07,MB,Hà Nội,3,07910 - 20742 - 12039 - 38591 - 61675 - 86427
2025-01-07,MB,Hà Nội,4,58818 - 51324 - 29610 - 67884 - 80580 - 78712
2025-01-07,MB,Hà Nội,5,65826 - 04533 - 86714
2025-01-07,MB,Hà Nội,6,26150 - 65810 - 74914
2025-01-07,MB,Hà Nội,7,20282 - 96596 - 95362 - 43237
2025-01-07,MT,Đà Nẵng,ĐB,30114
2025-01-07,MT,Đà Nẵng,1,46944
2025-01-07,MT,Đà Nẵng,2,31436
2025-01-07,MT,Đà Nẵng,3,27919 - 53682 - 78891 - 88487 - 23364 - 60559
2025-01-07,MT,Đà Nẵng,4,02438 - 76753 - 40659 - 47372 - 01833 - 87216
2025-01-07,MT,Đà Nẵng,5,36521 - 67036 - 36556
2025-01-07,MT,Đà Nẵng,6,56327 - 64310 - 33114
2025-01-07,MT,Đà Nẵng,7,80202 - 37130 - 71271 - 43958
2025-01-07,MT,Đà Nẵng,8,34655
2025-01-07,MT,Khánh Hòa,ĐB,30041
2025-01-07,MT,Khánh Hòa,1,54543
2025-01-07,MT,Khánh Hòa,2,97036
2025-01-07,MT,Khánh Hòa,3,61235 - 77944 - 56843 - 95845 - 96024 - 29828
2025-01-07,MT,Khánh Hòa,4,68495 - 36615 - 04636 - 97663 - 34984 - 75718
2025-01-07,MT,Khánh Hòa,5,30281 - 81782 - 00539
2025-01-07,MT,Khánh Hòa,6,00881 - 05506 - 04598
2025-01-07,MT,Khánh Hòa,7,66409 - 44227 - 85725 - 43091
2025-01-07,MT,Khánh Hòa,8,90380
2025-01-07,MN,TP. HCM,ĐB,31008
2025-01-07,MN,TP. HCM,1,13821
2025-01-07,MN,TP. HCM,2,11333
2025-01-07,MN,TP. HCM,3,75565 - 73979 - 91818 - 54317 - 74711 - 78152
2025-01-07,MN,TP. HCM,4,93477 - 72160 - 71246 - 70490 - 34247 - 94369
2025-01-07,MN,TP. HCM,5,10584 - 35273 - 54399
2025-01-07,MN,TP. HCM,6,66572 - 71287 - 50366
2025-01-07,MN,TP. HCM,7,63818 - 57279 - 25934 - 98352
2025-01-07,MN,TP. HCM,8,08886
2025-01-07,MN,Đồng Tháp,ĐB,68680
2025-01-07,MN,Đồng Tháp,1,69988
2025-01-07,MN,Đồng Tháp,2,03492
2025-01-07,MN,Đồng Tháp,3,43008 - 42071 - 60428 - 85093 - 29430 - 69295
2025-01-07,MN,Đồng Tháp,4,48410 - 14669 - 50210 - 84312 - 21116 - 01779
2025-01-07,MN,Đồng Tháp,5,82858 - 69653 - 97688
2025-01-07,MN,Đồng Tháp,6,59069 - 22355 - 43336
2025-01-07,MN,Đồng Tháp,7,11131 - 28011 - 48020 - 54600
2025-01-07,MN,Đồng Tháp,8,48783
2025-01-07,MN,Cà Mau,ĐB,74521
2025-01-07,MN,Cà Mau,1,68754
2025-01-07,MN,Cà Mau,2,91374
2025-01-07,MN,Cà Mau,3,29301 - 28684 - 01167 - 62592 - 92540 - 37673
2025-01-07,MN,Cà Mau,4,83084 - 41193 - 92658 - 95686 - 67502 - 70970
2025-01-07,MN,Cà Mau,5,51596 - 64811 - 23689
2025-01-07,MN,Cà Mau,6,93144 - 68683 - 08195
2025-01-07,MN,Cà Mau,7,40167 - 27814 - 81110 - 40969
2025-01-07,MN,Cà Mau,8,44546
2025-01-08,MB,Hà Nội,ĐB,43708
2025-01-08,MB,Hà Nội,1,73927
2025-01-08,MB,Hà Nội,2,96318
2025-01-08,MB,Hà Nội,3,78999 - 21349 - 33129 - 10411 - 04932 - 29406
2025-01-08,MB,Hà Nội,4,37546 - 95296 - 40612 - 21499 - 45256 - 97111
2025-01-08,MB,Hà Nội,5,45710 - 27314 - 89887
2025-01-08,MB,Hà Nội,6,36657 - 72471 - 36530
2025-01-08,MB,Hà Nội,7,23689 - 64206 - 04847 - 74311
2025-01-08,MT,Đà Nẵng,ĐB,82342
2025-01-08,MT,Đà Nẵng,1,74766
2025-01-08,MT,Đà Nẵng,2,78595
2025-01-08,MT,Đà Nẵng,3,07536 - 67887 - 98427 - 60339 - 58373 - 46195
2025-01-08,MT,Đà Nẵng,4,66907 - 67467 - 53888 - 19896 - 17063 - 40071
2025-01-08,MT,Đà Nẵng,5,50872 - 46705 - 98303
2025-01-08,MT,Đà Nẵng,6,09762 - 24696 - 31738
2025-01-08,MT,Đà Nẵng,7,25720 - 13005 - 30191 - 72441
2025-01-08,MT,Đà Nẵng,8,45325
2025-01-08,MT,Khánh Hòa,ĐB,59186
2025-01-08,MT,Khánh Hòa,1,07725
2025-01-08,MT,Khánh Hòa,2,88816
2025-01-08,MT,Khánh Hòa,3,06735 - 41940 - 75655 - 94065 - 29519 - 18727
2025-01-08,MT,Khánh Hòa,4,86743 - 07430 - 78700 - 96853 - 35036 - 54894
2025-01-08,MT,Khánh Hòa,5,91605 - 21855 - 23780
2025-01-08,MT,Khánh Hòa,6,69674 - 02962 - 79990
2025-01-08,MT,Khánh Hòa,7,74117 - 74696 - 78083 - 36936
2025-01-08,MT,Khánh Hòa,8,41708
2025-01-08,MN,TP. HCM,ĐB,06774
2025-01-08,MN,TP. HCM,1,43591
2025-01-08,MN,TP. HCM,2,04049
2025-01-08,MN,TP. HCM,3,24897 - 26065 - 13526 - 07514 - 46293 - 80350
2025-01-08,MN,TP. HCM,4,03121 - 92138 - 59636 - 20243 - 80032 - 76924
2025-01-08,MN,TP. HCM,5,02918 - 65550 - 79377
2025-01-08,MN,TP. HCM,6,76191 - 66095 - 41231
2025-01-08,MN,TP. HCM,7,88962 - 96967 - 80308 - 59463
2025-01-08,MN,TP. HCM,8,56232
2025-01-08,MN,Đồng Tháp,ĐB,22998
2025-01-08,MN,Đồng Tháp,1,16023
2025-01-08,MN,Đồng Tháp,2,01381
2025-01-08,MN,Đồng Tháp,3,80329 - 49270 - 05744 - 07760 - 97667 - 07743
2025-01-08,MN,Đồng Tháp,4,13770 - 96942 - 17921 - 65467 - 64491 - 60181
2025-01-08,MN,Đồng Tháp,5,04691 - 61205 - 47991
2025-01-08,MN,Đồng Tháp,6,29451 - 57323 - 78823
2025-01-08,MN,Đồng Tháp,7,11271 - 72292 - 34937 - 70347
2025-01-08,MN,Đồng Tháp,8,91826
2025-01-08,MN,Cà Mau,ĐB,37239
2025-01-08,MN,Cà Mau,1,57630
2025-01-08,MN,Cà Mau,2,26727
2025-01-08,MN,Cà Mau,3,37262 - 69164 - 29193 - 33403 - 11775 - 48311
2025-01-08,MN,Cà Mau,4,19448 - 47763 - 86005 - 63836 - 27476 - 67548
2025-01-08,MN,Cà Mau,5,65767 - 93225 - 92600
2025-01-08,MN,Cà Mau,6,24511 - 21465 - 13704
2025-01-08,MN,Cà Mau,7,32209 - 32510 - 65212 - 80823
2025-01-08,MN,Cà Mau,8,07475
2025-01-09,MB,Hà Nội,ĐB,63554
2025-01-09,MB,Hà Nội,1,05164
2025-01-09,MB,Hà Nội,2,43391
2025-01-09,MB,Hà Nội,3,66753 - 28959 - 76929 - 40888 - 14496 - 64263
2025-01-09,MB,Hà Nội,4,85105 - 57887 - 11244 - 39440 - 62648 - 78328
2025-01-09,MB,Hà Nội,5,95048 - 98382 - 11462
2025-01-09,MB,Hà Nội,6,52074 - 92856 - 46113
2025-01-09,MB,Hà Nội,7,06168 - 04602 - 56095 - 78536
2025-01-09,MT,Đà Nẵng,ĐB,00154
2025-01-09,MT,Đà Nẵng,1,40449
2025-01-09,MT,Đà Nẵng,2,05348
2025-01-09,MT,Đà Nẵng,3,70740 - 59230 - 29551 - 58626 - 10745 - 15654
2025-01-09,MT,Đà Nẵng,4,69943 - 03312 - 53252 - 93749 - 32084 - 78422
2025-01-09,MT,Đà Nẵng,5,24963 - 09319 - 69365
2025-01-09,MT,Đà Nẵng,6,21431 - 64577 - 66253
2025-01-09,MT,Đà Nẵng,7,27402 - 57295 - 99333 - 73960
2025-01-09,MT,Đà Nẵng,8,19173
2025-01-09,MT,Khánh Hòa,ĐB,59000
2025-01-09,MT,Khánh Hòa,1,22714
2025-01-09,MT,Khánh Hòa,2,39619
2025-01-09,MT,Khánh Hòa,3,72365 - 36020 - 17654 - 15310 - 43354 - 79666
2025-01-09,MT,Khánh Hòa,4,15193 - 76951 - 38458 - 01541 - 99493 - 29811
2025-01-09,MT,Khánh Hòa,5,66209 - 71247 - 05067
2025-01-09,MT,Khánh Hòa,6,43651 - 78954 - 60438
2025-01-09,MT,Khánh Hòa,7,88779 - 92107 - 73667 - 00555
2025-01-09,MT,Khánh Hòa,8,31980
2025-01-09,MN,TP. HCM,ĐB,65804
2025-01-09,MN,TP. HCM,1,80163
2025-01-09,MN,TP. HCM,2,58243
2025-01-09,MN,TP. HCM,3,15869 - 80949 - 43708 - 32335 - 06685 - 60353
2025-01-09,MN,TP. HCM,4,09769 - 92550 - 70891 - 47153 - 09180 - 44224
2025-01-09,MN,TP. HCM,5,73761 - 47764 - 36486
2025-01-09,MN,TP. HCM,6,06292 - 56064 - 93047
2025-01-09,MN,TP. HCM,7,15106 - 63712 - 91327 - 75111
2025-01-09,MN,TP. HCM,8,78010
2025-01-09,MN,Đồng Tháp,ĐB,34811
2025-01-09,MN,Đồng Tháp,1,43257
2025-01-09,MN,Đồng Tháp,2,31092
2025-01-09,MN,Đồng Tháp,3,64704 - 81916 - 12090 - 36814 - 42044 - 50102
2025-01-09,MN,Đồng Tháp,4,55258 - 32761 - 57738 - 21765 - 66480 - 01180
2025-01-09,MN,Đồng Tháp,5,88036 - 98728 - 70906
2025-01-09,MN,Đồng Tháp,6,46580 - 03795 - 32886
2025-01-09,MN,Đồng Tháp,7,47744 - 95807 - 55330 - 18171
2025-01-09,MN,Đồng Tháp,8,77780
2025-01-09,MN,Cà Mau,ĐB,51089
2025-01-09,MN,Cà Mau,1,94970
2025-01-09,MN,Cà Mau,2,47361
2025-01-09,MN,Cà Mau,3,58366 - 54006 - 35306 - 96555 - 70698 - 01706
2025-01-09,MN,Cà Mau,4,75201 - 07227 - 32171 - 89696 - 67217 - 60574
2025-01-09,MN,Cà Mau,5,03991 - 31919 - 22333
2025-01-09,MN,Cà Mau,6,39941 - 64657 - 58083
2025-01-09,MN,Cà Mau,7,94277 - 18766 - 67144 - 10869
2025-01-09,MN,Cà Mau,8,53910
2025-01-10,MB,Hà Nội,ĐB,35048
2025-01-10,MB,Hà Nội,1,41052
2025-01-10,MB,Hà Nội,2,48171
2025-01-10,MB,Hà Nội,3,07582 - 23296 - 02689 - 75830 - 38334 - 80698
2025-01-10,MB,Hà Nội,4,53423 - 79622 - 00863 - 60842 - 31710 - 36894
2025-01-10,MB,Hà Nội,5,61848 - 46669 - 07650
2025-01-10,MB,Hà Nội,6,97617 - 17912 - 01891
2025-01-10,MB,Hà Nội,7,46408 - 98626 - 20253 - 56682
2025-01-10,MT,Đà Nẵng,ĐB,10346
2025-01-10,MT,Đà Nẵng,1,77523
2025-01-10,MT,Đà Nẵng,2,23510
2025-01-10,MT,Đà Nẵng,3,42174 - 05876 - 43926 - 96216 - 89186 - 28441
2025-01-10,MT,Đà Nẵng,4,95215 - 81594 - 44872 - 12660 - 07612 - 24210
2025-01-10,MT,Đà Nẵng,5,74807 - 48981 - 72057
2025-01-10,MT,Đà Nẵng,6,97055 - 17535 - 09896
2025-01-10,MT,Đà Nẵng,7,90559 - 38140 - 44389 - 30029
2025-01-10,MT,Đà Nẵng,8,54993
2025-01-10,MT,Khánh Hòa,ĐB,70519
2025-01-10,MT,Khánh Hòa,1,10927
2025-01-10,MT,Khánh Hòa,2,37673
2025-01-10,MT,Khánh Hòa,3,29057 - 11573 - 22921 - 26983 - 50816 - 67774
2025-01-10,MT,Khánh Hòa,4,76278 - 96022 - 35343 - 44579 - 69293 - 74653
2025-01-10,MT,Khánh Hòa,5,96187 - 03235 - 70993
2025-01-10,MT,Khánh Hòa,6,56045 - 05088 - 54599
2025-01-10,MT,Khánh Hòa,7,60363 - 73529 - 18825 - 33437
2025-01-10,MT,Khánh Hòa,8,98419
2025-01-10,MN,TP. HCM,ĐB,66384
2025-01-10,MN,TP. HCM,1,83930
2025-01-10,MN,TP. HCM,2,47479
2025-01-10,MN,TP. HCM,3,22038 - 57469 - 19028 - 01402 - 08201 - 08437
2025-01-10,MN,TP. HCM,4,65827 - 68979 - 44442 - 82189 - 40315 - 96803
2025-01-10,MN,TP. HCM,5,53490 - 84198 - 38111
2025-01-10,MN,TP. HCM,6,06401 - 13446 - 19885
2025-01-10,MN,TP. HCM,7,52060 - 22159 - 01998 - 85214
2025-01-10,MN,TP. HCM,8,55039
2025-01-10,MN,Đồng Tháp,ĐB,21957
2025-01-10,MN,Đồng Tháp,1,26698
2025-01-10,MN,Đồng Tháp,2,76733
2025-01-10,MN,Đồng Tháp,3,53770 - 41763 - 51837 - 20547 - 75066 - 55553
2025-01-10,MN,Đồng Tháp,4,01904 - 79004 - 45777 - 09792 - 57800 - 93215
2025-01-10,MN,Đồng Tháp,5,38145 - 41357 - 75310
2025-01-10,MN,Đồng Tháp,6,20295 - 19496 - 75789
2025-01-10,MN,Đồng Tháp,7,13207 - 28481 - 45520 - 68401
2025-01-10,MN,Đồng Tháp,8,29689
2025-01-10,MN,Cà Mau,ĐB,10498
2025-01-10,MN,Cà Mau,1,07797
2025-01-10,MN,Cà Mau,2,82401
2025-01-10,MN,Cà Mau,3,80073 - 54907 - 54128 - 33863 - 15260 - 09213
2025-01-10,MN,Cà Mau,4,62916 - 83846 - 87771 - 20110 - 49175 - 29088
2025-01-10,MN,Cà Mau,5,35237 - 69118 - 35016
2025-01-10,MN,Cà Mau,6,45883 - 20572 - 75560
2025-01-10,MN,Cà Mau,7,13878 - 21024 - 09521 - 49191
2025-01-10,MN,Cà Mau,8,46956
2025-01-11,MB,Hà Nội,ĐB,94410
2025-01-11,MB,Hà Nội,1,91867
2025-01-11,MB,Hà Nội,2,62435
2025-01-11,MB,Hà Nội,3,43388 - 40099 - 64652 - 90759 - 90386 - 82470
2025-01-11,MB,Hà Nội,4,44261 - 35312 - 55057 - 31340 - 40390 - 35952
2025-01-11,MB,Hà Nội,5,34690 - 17453 - 70559
2025-01-11,MB,Hà Nội,6,12793 - 50778 - 20417
2025-01-11,MB,Hà Nội,7,01511 - 03271 - 12891 - 75537
2025-01-11,MT,Đà Nẵng,ĐB,14947
2025-01-11,MT,Đà Nẵng,1,01302
2025-01-11,MT,Đà Nẵng,2,56532
2025-01-11,MT,Đà Nẵng,3,31950 - 30665 - 79036 - 41037 - 05506 - 40369
2025-01-11,MT,Đà Nẵng,4,47713 - 97599 - 08740 - 80943 - 06484 - 09093
2025-01-11,MT,Đà Nẵng,5,33073 - 96195 - 57978
2025-01-11,MT,Đà Nẵng,6,07130 - 62442 - 19406
2025-01-11,MT,Đà Nẵng,7,19799 - 81594 - 60968 - 05193
2025-01-11,MT,Đà Nẵng,8,37548
2025-01-11,MT,Khánh Hòa,ĐB,76066
2025-01-11,MT,Khánh Hòa,1,42236
2025-01-11,MT,Khánh Hòa,2,21227
2025-01-11,MT,Khánh Hòa,3,71726 - 42808 - 49960 - 56698 - 71881 - 40628
2025-01-11,MT,Khánh Hòa,4,91161 - 87865 - 44760 - 26113 - 48633 - 64816
2025-01-11,MT,Khánh Hòa,5,64795 - 85040 - 82491
2025-01-11,MT,Khánh Hòa,6,91653 - 91426 - 80452
2025-01-11,MT,Khánh Hòa,7,90130 - 81693 - 75019 - 91025
2025-01-11,MT,Khánh Hòa,8,97327
2025-01-11,MN,TP. HCM,ĐB,04827
2025-01-11,MN,TP. HCM,1,50787
2025-01-11,MN,TP. HCM,2,45532
2025-01-11,MN,TP. HCM,3,91344 - 04419 - 63641 - 80919 - 43481 - 71033
2025-01-11,MN,TP. HCM,4,27313 - 09993 - 12540 - 72453 - 13443 - 74900
2025-01-11,MN,TP. HCM,5,86932 - 97712 - 57003
2025-01-11,MN,TP. HCM,6,01586 - 19469 - 82936
2025-01-11,MN,TP. HCM,7,77906 - 15382 - 63477 - 23783
2025-01-11,MN,TP. HCM,8,07984
2025-01-11,MN,Đồng Tháp,ĐB,70811
2025-01-11,MN,Đồng Tháp,1,44603
2025-01-11,MN,Đồng Tháp,2,63647
2025-01-11,MN,Đồng Tháp,3,74096 - 37639 - 88810 - 05620 - 79837 - 20134
2025-01-11,MN,Đồng Tháp,4,74565 - 55425 - 90130 - 31202 - 45162 - 12899
2025-01-11,MN,Đồng Tháp,5,17912 - 26057 - 27449
2025-01-11,MN,Đồng Tháp,6,51268 - 17018 - 62729
2025-01-11,MN,Đồng Tháp,7,22578 - 77973 - 22866 - 27997
2025-01-11,MN,Đồng Tháp,8,85797
2025-01-11,MN,Cà Mau,ĐB,27094
2025-01-11,MN,Cà Mau,1,25903
2025-01-11,MN,Cà Mau,2,90374
2025-01-11,MN,Cà Mau,3,04722 - 97480 - 09045 - 00527 - 28894 - 55909
2025-01-11,MN,Cà Mau,4,31283 - 89146 - 99463 - 05905 - 02520 - 63528
2025-01-11,MN,Cà Mau,5,35258 - 53070 - 40206
2025-01-11,MN,Cà Mau,6,63103 - 79761 - 38890
2025-01-11,MN,Cà Mau,7,20691 - 40700 - 32204 - 54359
2025-01-11,MN,Cà Mau,8,46140
2025-01-12,MB,Hà Nội,ĐB,42503
2025-01-12,MB,Hà Nội,1,30130
2025-01-12,MB,Hà Nội,2,17838
2025-01-12,MB,Hà Nội,3,08968 - 18438 - 55788 - 01682 - 30226 - 71716
2025-01-12,MB,Hà Nội,4,79617 - 59115 - 95509 - 99695 - 19876 - 25970
2025-01-12,MB,Hà Nội,5,40448 - 04450 - 60189
2025-01-12,MB,Hà Nội,6,10900 - 43531 - 18618
2025-01-12,MB,Hà Nội,7,91548 - 42184 - 04939 - 97383
2025-01-12,MT,Đà Nẵng,ĐB,56121
2025-01-12,MT,Đà Nẵng,1,86689
2025-01-12,MT,Đà Nẵng,2,60546
2025-01-12,MT,Đà Nẵng,3,67615 - 85820 - 34921 - 63171 - 43925 - 38238
2025-01-12,MT,Đà Nẵng,4,78376 - 16878 - 05955 - 22500 - 14050 - 70991
2025-01-12,MT,Đà Nẵng,5,47993 - 93635 - 26832
2025-01-12,MT,Đà Nẵng,6,88491 - 63513 - 13788
2025-01-12,MT,Đà Nẵng,7,44911 - 34722 - 15410 - 51328
2025-01-12,MT,Đà Nẵng,8,63605
2025-01-12,MT,Khánh Hòa,ĐB,22907
2025-01-12,MT,Khánh Hòa,1,42380
2025-01-12,MT,Khánh Hòa,2,47828
2025-01-12,MT,Khánh Hòa,3,76677 - 55298 - 68465 - 14840 - 90519 - 26081
2025-01-12,MT,Khánh Hòa,4,09795 - 53278 - 46490 - 90898 - 03787 - 15544
2025-01-12,MT,Khánh Hòa,5,73065 - 97006 - 45795
2025-01-12,MT,Khánh Hòa,6,41460 - 74875 - 05035
2025-01-12,MT,Khánh Hòa,7,97792 - 34650 - 51934 - 56252
2025-01-12,MT,Khánh Hòa,8,59622
2025-01-12,MN,TP. HCM,ĐB,05321
2025-01-12,MN,TP. HCM,1,54111
2025-01-12,MN,TP. HCM,2,76834
2025-01-12,MN,TP. HCM,3,47297 - 73027 - 57624 - 42828 - 22931 - 07713
2025-01-12,MN,TP. HCM,4,16955 - 96820 - 13217 - 64000 - 11501 - 43419
2025-01-12,MN,TP. HCM,5,04843 - 78314 - 83479
2025-01-12,MN,TP. HCM,6,28470 - 77999 - 77841
2025-01-12,MN,TP. HCM,7,29264 - 44797 - 73528 - 06957
2025-01-12,MN,TP. HCM,8,07347
2025-01-12,MN,Đồng Tháp,ĐB,40263
2025-01-12,MN,Đồng Tháp,1,55967
2025-01-12,MN,Đồng Tháp,2,83385
2025-01-12,MN,Đồng Tháp,3,58339 - 79307 - 24350 - 45766 - 08158 - 86237
2025-01-12,MN,Đồng Tháp,4,45119 - 12476 - 74598 - 92592 - 77975 - 78372
2025-01-12,MN,Đồng Tháp,5,94239 - 79465 - 02013
2025-01-12,MN,Đồng Tháp,6,62257 - 70791 - 90989
2025-01-12,MN,Đồng Tháp,7,13216 - 43574 - 62010 - 26209
2025-01-12,MN,Đồng Tháp,8,87187
2025-01-12,MN,Cà Mau,ĐB,45199
2025-01-12,MN,Cà Mau,1,87048
2025-01-12,MN,Cà Mau,2,21746
2025-01-12,MN,Cà Mau,3,66147 - 77156 - 35593 - 19673 - 43304 - 55414
2025-01-12,MN,Cà Mau,4,16139 - 56061 - 66061 - 70856 - 97537 - 23829
2025-01-12,MN,Cà Mau,5,35930 - 69042 - 06908
2025-01-12,MN,Cà Mau,6,17267 - 89500 - 05780
2025-01-12,MN,Cà Mau,7,32476 - 59693 - 08431 - 91070
2025-01-12,MN,Cà Mau,8,37962
2025-01-13,MB,Hà Nội,ĐB,99079
2025-01-13,MB,Hà Nội,1,76356
2025-01-13,MB,Hà Nội,2,40712
2025-01-13,MB,Hà Nội,3,73166 - 76982 - 90277 - 43304 - 00471 - 86435
2025-01-13,MB,Hà Nội,4,70773 - 95733 - 30236 - 36218 - 15728 - 42078
2025-01-13,MB,Hà Nội,5,32544 - 10713 - 39103
2025-01-13,MB,Hà Nội,6,21341 - 14450 - 06937
2025-01-13,MB,Hà Nội,7,89848 - 97633 - 81162 - 49461
2025-01-13,MT,Đà Nẵng,ĐB,97209
2025-01-13,MT,Đà Nẵng,1,10434
2025-01-13,MT,Đà Nẵng,2,87129
2025-01-13,MT,Đà Nẵng,3,83401 - 87954 - 24137 - 67783 - 81558 - 48682
2025-01-13,MT,Đà Nẵng,4,66069 - 50478 - 70041 - 76247 - 11405 - 37658
2025-01-13,MT,Đà Nẵng,5,24322 - 37001 - 97678
2025-01-13,MT,Đà Nẵng,6,35863 - 27305 - 69255
2025-01-13,MT,Đà Nẵng,7,95493 - 65425 - 18806 - 36560
2025-01-13,MT,Đà Nẵng,8,45322
2025-01-13,MT,Khánh Hòa,ĐB,52542
2025-01-13,MT,Khánh Hòa,1,45904
2025-01-13,MT,Khánh Hòa,2,15366
2025-01-13,MT,Khánh Hòa,3,63827 - 12840 - 65542 - 05508 - 72222 - 59613
2025-01-13,MT,Khánh Hòa,4,70165 - 43593 - 03187 - 80888 - 22386 - 28954
2025-01-13,MT,Khánh Hòa,5,20424 - 76460 - 65541
2025-01-13,MT,Khánh Hòa,6,39790 - 39913 - 26949
2025-01-13,MT,Khánh Hòa,7,97498 - 30509 - 78057 - 48894
2025-01-13,MT,Khánh Hòa,8,77972
2025-01-13,MN,TP. HCM,ĐB,99843
2025-01-13,MN,TP. HCM,1,03572
2025-01-13,MN,TP. HCM,2,65840
2025-01-13,MN,TP. HCM,3,67161 - 56225 - 03087 - 15622 - 84903 - 57557
2025-01-13,MN,TP. HCM,4,24488 - 32899 - 99534 - 43849 - 63779 - 91697
2025-01-13,MN,TP. HCM,5,94906 - 18013 - 83739
2025-01-13,MN,TP. HCM,6,98999 - 38874 - 97934
2025-01-13,MN,TP. HCM,7,26388 - 80720 - 86407 - 78380
2025-01-13,MN,TP. HCM,8,71345
2025-01-13,MN,Đồng Tháp,ĐB,52741
2025-01-13,MN,Đồng Tháp,1,10615
2025-01-13,MN,Đồng Tháp,2,78912
2025-01-13,MN,Đồng Tháp,3,25685 - 59601 - 54101 - 81624 - 68556 - 52080
2025-01-13,MN,Đồng Tháp,4,38440 - 75132 - 52864 - 16072 - 84621 - 72910
2025-01-13,MN,Đồng Tháp,5,75534 - 57509 - 62115
2025-01-13,MN,Đồng Tháp,6,70688 - 62214 - 69576
2025-01-13,MN,Đồng Tháp,7,11235 - 86314 - 44995 - 88239
2025-01-13,MN,Đồng Tháp,8,00859
2025-01-13,MN,Cà Mau,ĐB,83958
2025-01-13,MN,Cà Mau,1,84965
2025-01-13,MN,Cà Mau,2,00937
2025-01-13,MN,Cà Mau,3,96960 - 35074 - 17161 - 88264 - 61166 - 36310
2025-01-13,MN,Cà Mau,4,92592 - 23447 - 27728 - 65261 - 40515 - 57252
2025-01-13,MN,Cà Mau,5,27314 - 53727 - 13586
2025-01-13,MN,Cà Mau,6,91819 - 20527 - 80926
2025-01-13,MN,Cà Mau,7,00270 - 53536 - 79583 - 63666
2025-01-13,MN,Cà Mau,8,06589
2025-01-14,MB,Hà Nội,ĐB,72889
2025-01-14,MB,Hà Nội,1,79767
2025-01-14,MB,Hà Nội,2,07248
2025-01-14,MB,Hà Nội,3,56858 - 18797 - 36236 - 61353 - 94473 - 47567
2025-01-14,MB,Hà Nội,4,98761 - 63443 - 86564 - 82661 - 23054 - 04792
2025-01-14,MB,Hà Nội,5,71512 - 22151 - 04019
2025-01-14,MB,Hà Nội,6,48154 - 12325 - 00912
2025-01-14,MB,Hà Nội,7,01688 - 98846 - 21014 - 14960
2025-01-14,MT,Đà Nẵng,ĐB,68976
2025-01-14,MT,Đà Nẵng,1,06331
2025-01-14,MT,Đà Nẵng,2,33039
2025-01-14,MT,Đà Nẵng,3,35743 - 25923 - 94491 - 64994 - 16974 - 63554
2025-01-14,MT,Đà Nẵng,4,53867 - 04614 - 95180 - 87117 - 05834 - 95291
2025-01-14,MT,Đà Nẵng,5,96697 - 37807 - 35218
2025-01-14,MT,Đà Nẵng,6,97295 - 98878 - 03315
2025-01-14,MT,Đà Nẵng,7,11328 - 77896 - 78577 - 74431
2025-01-14,MT,Đà Nẵng,8,47971
2025-01-14,MT,Khánh Hòa,ĐB,91738
2025-01-14,MT,Khánh Hòa,1,35007
2025-01-14,MT,Khánh Hòa,2,63234
2025-01-14,MT,Khánh Hòa,3,52496 - 03599 - 93973 - 65962 - 03304 - 63810
2025-01-14,MT,Khánh Hòa,4,16537 - 03556 - 10237 - 18587 - 24081 - 11241
2025-01-14,MT,Khánh Hòa,5,11977 - 87519 - 60691
2025-01-14,MT,Khánh Hòa,6,67694 - 08468 - 48002
2025-01-14,MT,Khánh Hòa,7,59862 - 08894 - 69049 - 30397
2025-01-14,MT,Khánh Hòa,8,76763
2025-01-14,MN,TP. HCM,ĐB,48187
2025-01-14,MN,TP. HCM,1,83793
2025-01-14,MN,TP. HCM,2,02024
2025-01-14,MN,TP. HCM,3,43415 - 17995 - 03278 - 57500 - 13695 - 16000
2025-01-14,MN,TP. HCM,4,41814 - 42352 - 12791 - 68459 - 44248 - 71140
2025-01-14,MN,TP. HCM,5,91064 - 35979 - 63017
2025-01-14,MN,TP. HCM,6,53818 - 08645 - 50259
2025-01-14,MN,TP. HCM,7,64774 - 82444 - 84915 - 08586
2025-01-14,MN,TP. HCM,8,91031
2025-01-14,MN,Đồng Tháp,ĐB,24419
2025-01-14,MN,Đồng Tháp,1,55050
2025-01-14,MN,Đồng Tháp,2,21980
2025-01-14,MN,Đồng Tháp,3,63589 - 90303 - 31471 - 14325 - 21557 - 58180
2025-01-14,MN,Đồng Tháp,4,52525 - 03214 - 56083 - 21585 - 65795 - 37658
2025-01-14,MN,Đồng Tháp,5,80230 - 44153 - 92232
2025-01-14,MN,Đồng Tháp,6,53510 - 37113 - 63239
2025-01-14,MN,Đồng Tháp,7,80418 - 15973 - 05622 - 80953
2025-01-14,MN,Đồng Tháp,8,16757
2025-01-14,MN,Cà Mau,ĐB,42725
2025-01-14,MN,Cà Mau,1,27862
2025-01-14,MN,Cà Mau,2,27291
2025-01-14,MN,Cà Mau,3,35437 - 06333 - 97879 - 82317 - 38342 - 45973
2025-01-14,MN,Cà Mau,4,06842 - 44260 - 61117 - 88323 - 23217 - 25647
2025-01-14,MN,Cà Mau,5,59650 - 80714 - 36084
2025-01-14,MN,Cà Mau,6,05042 - 80637 - 18878
2025-01-14,MN,Cà Mau,7,10119 - 44642 - 42543 - 20036
2025-01-14,MN,Cà Mau,8,46888
2025-01-15,MB,Hà Nội,ĐB,05515
2025-01-15,MB,Hà Nội,1,47984
2025-01-15,MB,Hà Nội,2,48866
2025-01-15,MB,Hà Nội,3,39709 - 44569 - 32436 - 10750 - 80781 - 18732
2025-01-15,MB,Hà Nội,4,96682 - 93684 - 10754 - 71261 - 34920 - 41953
2025-01-15,MB,Hà Nội,5,16368 - 01348 - 57201
2025-01-15,MB,Hà Nội,6,34786 - 18106 - 33081
2025-01-15,MB,Hà Nội,7,03138 - 74145 - 21443 - 36183
2025-01-15,MT,Đà Nẵng,ĐB,72787
2025-01-15,MT,Đà Nẵng,1,58062
2025-01-15,MT,Đà Nẵng,2,13548
2025-01-15,MT,Đà Nẵng,3,35834 - 29192 - 17050 - 89060 - 64001 - 17461
2025-01-15,MT,Đà Nẵng,4,13855 - 21326 - 17621 - 07903 - 71210 - 21742
2025-01-15,MT,Đà Nẵng,5,62950 - 29757 - 75484
2025-01-15,MT,Đà Nẵng,6,67898 - 19462 - 41370
2025-01-15,MT,Đà Nẵng,7,48140 - 90733 - 32106 - 57620
2025-01-15,MT,Đà Nẵng,8,03164
2025-01-15,MT,Khánh Hòa,ĐB,59461
2025-01-15,MT,Khánh Hòa,1,30403
2025-01-15,MT,Khánh Hòa,2,64414
2025-01-15,MT,Khánh Hòa,3,10931 - 85319 - 24175 - 77557 - 30679 - 94863
2025-01-15,MT,Khánh Hòa,4,78901 - 78604 - 23957 - 71246 - 83317 - 11247
2025-01-15,MT,Khánh Hòa,5,63453 - 79979 - 66889
2025-01-15,MT,Khánh Hòa,6,38016 - 87433 - 71703
2025-01-15,MT,Khánh Hòa,7,56833 - 58336 - 97048 - 77289
2025-01-15,MT,Khánh Hòa,8,29172
2025-01-15,MN,TP. HCM,ĐB,02995
2025-01-15,MN,TP. HCM,1,98169
2025-01-15,MN,TP. HCM,2,29032
2025-01-15,MN,TP. HCM,3,28363 - 99737 - 17349 - 92835 - 18833 - 02874
2025-01-15,MN,TP. HCM,4,99156 - 82657 - 15421 - 29787 - 24179 - 35355
2025-01-15,MN,TP. HCM,5,07640 - 68849 - 60648
2025-01-15,MN,TP. HCM,6,91245 - 94987 - 09741
2025-01-15,MN,TP. HCM,7,07898 - 73566 - 05542 - 33450
2025-01-15,MN,TP. HCM,8,11353
2025-01-15,MN,Đồng Tháp,ĐB,62271
2025-01-15,MN,Đồng Tháp,1,87248
2025-01-15,MN,Đồng Tháp,2,47386
2025-01-15,MN,Đồng Tháp,3,12478 - 61000 - 03685 - 31667 - 58562 - 73204
2025-01-15,MN,Đồng Tháp,4,17923 - 48738 - 80156 - 02857 - 82894 - 77243
2025-01-15,MN,Đồng Tháp,5,32505 - 45044 - 22654
2025-01-15,MN,Đồng Tháp,6,71135 - 72367 - 91524
2025-01-15,MN,Đồng Tháp,7,49002 - 46558 - 84885 - 27634
2025-01-15,MN,Đồng Tháp,8,61457
2025-01-15,MN,Cà Mau,ĐB,71617
2025-01-15,MN,Cà Mau,1,43670
2025-01-15,MN,Cà Mau,2,25125
2025-01-15,MN,Cà Mau,3,72701 - 05877 - 84386 - 01765 - 58614 - 45999
2025-01-15,MN,Cà Mau,4,79156 - 42481 - 15649 - 13797 - 21932 - 03155
2025-01-15,MN,Cà Mau,5,34377 - 21718 - 08975
2025-01-15,MN,Cà Mau,6,07122 - 36131 - 93659
2025-01-15,MN,Cà Mau,7,49619 - 42808 - 30806 - 26839
2025-01-15,MN,Cà Mau,8,80230
2025-01-16,MB,Hà Nội,ĐB,96044
2025-01-16,MB,Hà Nội,1,61191
2025-01-16,MB,Hà Nội,2,54765
2025-01-16,MB,Hà Nội,3,33634 - 95483 - 35270 - 25168 - 08737 - 63530
2025-01-16,MB,Hà Nội,4,47920 - 25018 - 49279 - 98389 - 12461 - 61150
2025-01-16,MB,Hà Nội,5,77614 - 19896 - 82760
2025-01-16,MB,Hà Nội,6,96955 - 93669 - 36290
2025-01-16,MB,Hà Nội,7,46664 - 24661 - 23741 - 21902
2025-01-16,MT,Đà Nẵng,ĐB,55704
2025-01-16,MT,Đà Nẵng,1,42635
2025-01-16,MT,Đà Nẵng,2,55393
2025-01-16,MT,Đà Nẵng,3,95500 - 87950 - 34831 - 07679 - 71023 - 14133
2025-01-16,MT,Đà Nẵng,4,97713 - 14490 - 75338 - 56026 - 00412 - 39078
2025-01-16,MT,Đà Nẵng,5,65949 - 04456 - 65582
2025-01-16,MT,Đà Nẵng,6,42238 - 58256 - 12642
2025-01-16,MT,Đà Nẵng,7,98814 - 35708 - 52650 - 52431
2025-01-16,MT,Đà Nẵng,8,52541
2025-01-16,MT,Khánh Hòa,ĐB,19796
2025-01-16,MT,Khánh Hòa,1,66281
2025-01-16,MT,Khánh Hòa,2,46101
2025-01-16,MT,Khánh Hòa,3,32596 - 16775 - 11807 - 92843 - 48517 - 72128
2025-01-16,MT,Khánh Hòa,4,11654 - 17139 - 32043 - 05161 - 47704 - 38260
2025-01-16,MT,Khánh Hòa,5,04541 - 11234 - 90949
2025-01-16,MT,Khánh Hòa,6,01750 - 49507 - 45376
2025-01-16,MT,Khánh Hòa,7,65553 - 72376 - 28784 - 51753
2025-01-16,MT,Khánh Hòa,8,65156
2025-01-16,MN,TP. HCM,ĐB,25085
2025-01-16,MN,TP. HCM,1,36977
2025-01-16,MN,TP. HCM,2,91346
2025-01-16,MN,TP. HCM,3,09060 - 33272 - 46940 - 90616 - 70196 - 54155
2025-01-16,MN,TP. HCM,4,82990 - 64316 - 09053 - 80818 - 39120 - 51161
2025-01-16,MN,TP. HCM,5,26991 - 82928 - 23411
2025-01-16,MN,TP. HCM,6,72121 - 66732 - 39843
2025-01-16,MN,TP. HCM,7,41657 - 01633 - 87274 - 98440
2025-01-16,MN,TP. HCM,8,11905
2025-01-16,MN,Đồng Tháp,ĐB,06542
2025-01-16,MN,Đồng Tháp,1,65138
2025-01-16,MN,Đồng Tháp,2,62880
2025-01-16,MN,Đồng Tháp,3,36543 - 05531 - 11529 - 89379 - 72916 - 82934
2025-01-16,MN,Đồng Tháp,4,51772 - 10862 - 63967 - 36069 - 02981 - 33639
2025-01-16,MN,Đồng Tháp,5,80483 - 03778 - 57384
2025-01-16,MN,Đồng Tháp,6,27779 - 77329 - 68966
2025-01-16,MN,Đồng Tháp,7,54811 - 12730 - 59277 - 74667
2025-01-16,MN,Đồng Tháp,8,86684
2025-01-16,MN,Cà Mau,ĐB,03580
2025-01-16,MN,Cà Mau,1,23009
2025-01-16,MN,Cà Mau,2,56828
2025-01-16,MN,Cà Mau,3,11661 - 75336 - 75325 - 28705 - 90767 - 23328
2025-01-16,MN,Cà Mau,4,57592 - 54791 - 49775 - 98030 - 88977 - 35977
2025-01-16,MN,Cà Mau,5,43421 - 77440 - 67351
2025-01-16,MN,Cà Mau,6,29779 - 41191 - 53725
2025-01-16,MN,Cà Mau,7,84883 - 80099 - 20789 - 41552
2025-01-16,MN,Cà Mau,8,19523
2025-01-17,MB,Hà Nội,ĐB,07830
2025-01-17,MB,Hà Nội,1,30665
2025-01-17,MB,Hà Nội,2,36492
2025-01-17,MB,Hà Nội,3,51899 - 65125 - 37689 - 49404 - 52184 - 34173
2025-01-17,MB,Hà Nội,4,11980 - 23989 - 97389 - 07313 - 98056 - 40986
2025-01-17,MB,Hà Nội,5,66964 - 01231 - 81002
2025-01-17,MB,Hà Nội,6,80322 - 03853 - 12813
2025-01-17,MB,Hà Nội,7,40860 - 91454 - 33601 - 94201
2025-01-17,MT,Đà Nẵng,ĐB,93906
2025-01-17,MT,Đà Nẵng,1,68794
2025-01-17,MT,Đà Nẵng,2,81698
2025-01-17,MT,Đà Nẵng,3,71967 - 89597 - 98626 - 78439 - 05143 - 07386
2025-01-17,MT,Đà Nẵng,4,43243 - 83159 - 17230 - 01268 - 24738 - 15359
2025-01-17,MT,Đà Nẵng,5,43768 - 50910 - 96577
2025-01-17,MT,Đà Nẵng,6,13097 - 97910 - 65089
2025-01-17,MT,Đà Nẵng,7,08295 - 05580 - 21435 - 81997
2025-01-17,MT,Đà Nẵng,8,46925
2025-01-17,MT,Khánh Hòa,ĐB,55641
2025-01-17,MT,Khánh Hòa,1,75705
2025-01-17,MT,Khánh Hòa,2,02867
2025-01-17,MT,Khánh Hòa,3,63045 - 98963 - 73585 - 37325 - 05195 - 95775
2025-01-17,MT,Khánh Hòa,4,22979 - 33689 - 64903 - 61794 - 81855 - 51655
2025-01-17,MT,Khánh Hòa,5,39163 - 85358 - 79923
2025-01-17,MT,Khánh Hòa,6,54168 - 03181 - 70200
2025-01-17,MT,Khánh Hòa,7,60101 - 24906 - 59167 - 00069
2025-01-17,MT,Khánh Hòa,8,29065
2025-01-17,MN,TP. HCM,ĐB,94096
2025-01-17,MN,TP. HCM,1,70809
2025-01-17,MN,TP. HCM,2,20654
2025-01-17,MN,TP. HCM,3,37646 - 48145 - 53044 - 33362 - 58685 - 96401
2025-01-17,MN,TP. HCM,4,68829 - 67289 - 04454 - 38131 - 80698 - 17622
2025-01-17,MN,TP. HCM,5,46084 - 84098 - 41744
2025-01-17,MN,TP. HCM,6,68254 - 09302 - 75087
2025-01-17,MN,TP. HCM,7,29759 - 50347 - 25703 - 58512
2025-01-17,MN,TP. HCM,8,60079
2025-01-17,MN,Đồng Tháp,ĐB,10867
2025-01-17,MN,Đồng Tháp,1,76105
2025-01-17,MN,Đồng Tháp,2,11316
2025-01-17,MN,Đồng Tháp,3,44838 - 74884 - 93978 - 32216 - 54320 - 99432
2025-01-17,MN,Đồng Tháp,4,79915 - 69732 - 70450 - 73053 - 98407 - 72273
2025-01-17,MN,Đồng Tháp,5,33703 - 06086 - 20318
2025-01-17,MN,Đồng Tháp,6,03542 - 75278 - 88264
2025-01-17,MN,Đồng Tháp,7,91358 - 28839 - 22242 - 40773
2025-01-17,MN,Đồng Tháp,8,12312
2025-01-17,MN,Cà Mau,ĐB,85899
2025-01-17,MN,Cà Mau,1,69083
2025-01-17,MN,Cà Mau,2,64620
2025-01-17,MN,Cà Mau,3,66852 - 12442 - 98815 - 66227 - 33089 - 56987
2025-01-17,MN,Cà Mau,4,17846 - 81576 - 05664 - 11131 - 37969 - 85391
2025-01-17,MN,Cà Mau,5,89081 - 38068 - 93934
2025-01-17,MN,Cà Mau,6,49147 - 71852 - 75006
2025-01-17,MN,Cà Mau,7,63080 - 33072 - 39229 - 34056
2025-01-17,MN,Cà Mau,8,26087
2025-01-18,MB,Hà Nội,ĐB,25744
2025-01-18,MB,Hà Nội,1,82302
2025-01-18,MB,Hà Nội,2,50513
2025-01-18,MB,Hà Nội,3,65483 - 13244 - 85685 - 36471 - 06077 - 01847
2025-01-18,MB,Hà Nội,4,39465 - 94349 - 08692 - 98521 - 41748 - 17966
2025-01-18,MB,Hà Nội,5,67591 - 94415 - 89811
2025-01-18,MB,Hà Nội,6,35110 - 98775 - 43859
2025-01-18,MB,Hà Nội,7,61122 - 18614 - 97420 - 77858
2025-01-18,MT,Đà Nẵng,ĐB,05022
2025-01-18,MT,Đà Nẵng,1,76453
2025-01-18,MT,Đà Nẵng,2,35546
2025-01-18,MT,Đà Nẵng,3,61393 - 18137 - 07020 - 74646 - 98977 - 65909
2025-01-18,MT,Đà Nẵng,4,57337 - 41647 - 84408 - 19601 - 38009 - 56475
2025-01-18,MT,Đà Nẵng,5,85969 - 16719 - 90391
2025-01-18,MT,Đà Nẵng,6,41725 - 96082 - 95477
2025-01-18,MT,Đà Nẵng,7,16093 - 14003 - 64251 - 12604
2025-01-18,MT,Đà Nẵng,8,49531
2025-01-18,MT,Khánh Hòa,ĐB,68842
2025-01-18,MT,Khánh Hòa,1,29680
2025-01-18,MT,Khánh Hòa,2,66937
2025-01-18,MT,Khánh Hòa,3,47204 - 83596 - 32210 - 10189 - 21905 - 73027
2025-01-18,MT,Khánh Hòa,4,85028 - 74493 - 03762 - 81726 - 62731 - 08267
2025-01-18,MT,Khánh Hòa,5,95589 - 67465 - 18677
2025-01-18,MT,Khánh Hòa,6,88024 - 54941 - 37280
2025-01-18,MT,Khánh Hòa,7,65128 - 54510 - 10679 - 37133
2025-01-18,MT,Khánh Hòa,8,96946
2025-01-18,MN,TP. HCM,ĐB,77402
2025-01-18,MN,TP. HCM,1,09187
2025-01-18,MN,TP. HCM,2,49335
2025-01-18,MN,TP. HCM,3,07297 - 42025 - 62028 - 79607 - 01730 - 72791
2025-01-18,MN,TP. HCM,4,71933 - 76914 - 47544 - 24320 - 16397 - 07165
2025-01-18,MN,TP. HCM,5,80079 - 71195 - 10496
2025-01-18,MN,TP. HCM,6,46966 - 03605 - 43391
2025-01-18,MN,TP. HCM,7,78679 - 26867 - 31706 - 34536
2025-01-18,MN,TP. HCM,8,44465
2025-01-18,MN,Đồng Tháp,ĐB,09421
2025-01-18,MN,Đồng Tháp,1,07939
2025-01-18,MN,Đồng Tháp,2,77153
2025-01-18,MN,Đồng Tháp,3,27126 - 62806 - 84769 - 18928 - 32410 - 03208
2025-01-18,MN,Đồng Tháp,4,19327 - 94829 - 90389 - 35130 - 41259 - 43946
2025-01-18,MN,Đồng Tháp,5,12626 - 21282 - 68244
2025-01-18,MN,Đồng Tháp,6,42454 - 72715 - 15269
2025-01-18,MN,Đồng Tháp,7,23194 - 96750 - 15537 - 23387
2025-01-18,MN,Đồng Tháp,8,12048
2025-01-18,MN,Cà Mau,ĐB,78423
2025-01-18,MN,Cà Mau,1,03508
2025-01-18,MN,Cà Mau,2,86050
2025-01-18,MN,Cà Mau,3,42025 - 32614 - 86964 - 42291 - 93150 - 46437
2025-01-18,MN,Cà Mau,4,65215 - 39589 - 44604 - 38177 - 71655 - 78251
2025-01-18,MN,Cà Mau,5,27109 - 04434 - 24117
2025-01-18,MN,Cà Mau,6,28355 - 34355 - 86190
2025-01-18,MN,Cà Mau,7,74924 - 51682 - 71907 - 97138
2025-01-18,MN,Cà Mau,8,80907
2025-01-19,MB,Hà Nội,ĐB,14407
2025-01-19,MB,Hà Nội,1,27659
2025-01-19,MB,Hà Nội,2,15743
2025-01-19,MB,Hà Nội,3,89888 - 82842 - 88217 - 96440 - 61525 - 65087
2025-01-19,MB,Hà Nội,4,04945 - 44787 - 12812 - 90696 - 27893 - 30615
2025-01-19,MB,Hà Nội,5,90062 - 02593 - 00959
2025-01-19,MB,Hà Nội,6,01585 - 64354 - 07091
2025-01-19,MB,Hà Nội,7,33218 - 94066 - 85343 - 09744
2025-01-19,MT,Đà Nẵng,ĐB,75815
2025-01-19,MT,Đà Nẵng,1,24561
2025-01-19,MT,Đà Nẵng,2,97088
2025-01-19,MT,Đà Nẵng,3,51670 - 46319 - 24634 - 89413 - 19965 - 84890
2025-01-19,MT,Đà Nẵng,4,45229 - 59784 - 83990 - 79893 - 91944 - 97246
2025-01-19,MT,Đà Nẵng,5,34317 - 70442 - 43856
2025-01-19,MT,Đà Nẵng,6,17601 - 33409 - 66989
2025-01-19,MT,Đà Nẵng,7,04155 - 98771 - 16692 - 67907
2025-01-19,MT,Đà Nẵng,8,40350
2025-01-19,MT,Khánh Hòa,ĐB,88675
2025-01-19,MT,Khánh Hòa,1,97687
2025-01-19,MT,Khánh Hòa,2,39936
2025-01-19,MT,Khánh Hòa,3,09764 - 18398 - 35589 - 09371 - 79262 - 17547
2025-01-19,MT,Khánh Hòa,4,24181 - 36260 - 39378 - 64546 - 25654 - 39129
2025-01-19,MT,Khánh Hòa,5,51789 - 45362 - 19476
2025-01-19,MT,Khánh Hòa,6,68746 - 85335 - 79651
2025-01-19,MT,Khánh Hòa,7,90374 - 63374 - 50794 - 55178
2025-01-19,MT,Khánh Hòa,8,22395
2025-01-19,MN,TP. HCM,ĐB,50800
2025-01-19,MN,TP. HCM,1,10655
2025-01-19,MN,TP. HCM,2,92472
2025-01-19,MN,TP. HCM,3,56480 - 85449 - 71496 - 40410 - 69525 - 39414
2025-01-19,MN,TP. HCM,4,79638 - 45367 - 69475 - 57224 - 46819 - 24595
2025-01-19,MN,TP. HCM,5,19214 - 35007 - 80274
2025-01-19,MN,TP. HCM,6,89718 - 41261 - 26783
2025-01-19,MN,TP. HCM,7,65343 - 87632 - 26973 - 39744
2025-01-19,MN,TP. HCM,8,39560
2025-01-19,MN,Đồng Tháp,ĐB,46252
2025-01-19,MN,Đồng Tháp,1,24660
2025-01-19,MN,Đồng Tháp,2,70138
2025-01-19,MN,Đồng Tháp,3,28209 - 01647 - 50868 - 62369 - 59988 - 43400
2025-01-19,MN,Đồng Tháp,4,74689 - 47962 - 98530 - 66152 - 54706 - 97613
2025-01-19,MN,Đồng Tháp,5,88890 - 62228 - 17697
2025-01-19,MN,Đồng Tháp,6,12761 - 88423 - 81324
2025-01-19,MN,Đồng Tháp,7,73966 - 11061 - 99647 - 46206
2025-01-19,MN,Đồng Tháp,8,05414
2025-01-19,MN,Cà Mau,ĐB,13301
2025-01-19,MN,Cà Mau,1,53122
2025-01-19,MN,Cà Mau,2,23156
2025-01-19,MN,Cà Mau,3,21640 - 60232 - 10268 - 63905 - 60426 - 37113
2025-01-19,MN,Cà Mau,4,09141 - 50832 - 99770 - 87859 - 14529 - 95442
2025-01-19,MN,Cà Mau,5,90942 - 67916 - 59624
2025-01-19,MN,Cà Mau,6,48532 - 62060 - 41772
2025-01-19,MN,Cà Mau,7,93842 - 40014 - 70608 - 04041
2025-01-19,MN,Cà Mau,8,35450
2025-01-20,MB,Hà Nội,ĐB,36075
2025-01-20,MB,Hà Nội,1,89074
2025-01-20,MB,Hà Nội,2,24827
2025-01-20,MB,Hà Nội,3,78774 - 15053 - 78637 - 38712 - 20627 - 48894
2025-01-20,MB,Hà Nội,4,76932 - 21095 - 76287 - 14813 - 60112 - 35601
2025-01-20,MB,Hà Nội,5,77916 - 75327 - 62976
2025-01-20,MB,Hà Nội,6,43874 - 31469 - 18417
2025-01-20,MB,Hà Nội,7,15510 - 26996 - 78656 - 65119
2025-01-20,MT,Đà Nẵng,ĐB,38596
2025-01-20,MT,Đà Nẵng,1,71110
2025-01-20,MT,Đà Nẵng,2,84492
2025-01-20,MT,Đà Nẵng,3,92849 - 21122 - 88893 - 83957 - 09032 - 20754
2025-01-20,MT,Đà Nẵng,4,92846 - 84527 - 41296 - 59345 - 76957 - 42478
2025-01-20,MT,Đà Nẵng,5,13739 - 47257 - 80391
2025-01-20,MT,Đà Nẵng,6,60705 - 16302 - 63308
2025-01-20,MT,Đà Nẵng,7,72550 - 79810 - 58398 - 53268
2025-01-20,MT,Đà Nẵng,8,50517
2025-01-20,MT,Khánh Hòa,ĐB,96324
2025-01-20,MT,Khánh Hòa,1,77360
2025-01-20,MT,Khánh Hòa,2,27291
2025-01-20,MT,Khánh Hòa,3,91627 - 97316 - 11048 - 53678 - 44028 - 10654
2025-01-20,MT,Khánh Hòa,4,45250 - 72998 - 63254 - 83818 - 32663 - 93757
2025-01-20,MT,Khánh Hòa,5,95057 - 89000 - 24336
2025-01-20,MT,Khánh Hòa,6,59859 - 73197 - 44882
2025-01-20,MT,Khánh Hòa,7,97216 - 21746 - 33344 - 20529
2025-01-20,MT,Khánh Hòa,8,64196
2025-01-20,MN,TP. HCM,ĐB,40198
2025-01-20,MN,TP. HCM,1,89889
2025-01-20,MN,TP. HCM,2,40087
2025-01-20,MN,TP. HCM,3,57061 - 98123 - 55428 - 92923 - 86635 - 23187
2025-01-20,MN,TP. HCM,4,37223 - 58775 - 36578 - 46095 - 07521 - 77534
2025-01-20,MN,TP. HCM,5,30348 - 09192 - 41171
2025-01-20,MN,TP. HCM,6,43803 - 50076 - 05144
2025-01-20,MN,TP. HCM,7,63877 - 24760 - 01184 - 76215
2025-01-20,MN,TP. HCM,8,21007
2025-01-20,MN,Đồng Tháp,ĐB,79149
2025-01-20,MN,Đồng Tháp,1,91715
2025-01-20,MN,Đồng Tháp,2,70260
2025-01-20,MN,Đồng Tháp,3,73389 - 32299 - 44235 - 85094 - 15535 - 10387
2025-01-20,MN,Đồng Tháp,4,63318 - 51876 - 99004 - 09907 - 65976 - 42285
2025-01-20,MN,Đồng Tháp,5,05348 - 33821 - 69407
2025-01-20,MN,Đồng Tháp,6,50691 - 56363 - 06820
2025-01-20,MN,Đồng Tháp,7,34454 - 63584 - 80259 - 02167
2025-01-20,MN,Đồng Tháp,8,49655
2025-01-20,MN,Cà Mau,ĐB,59897
2025-01-20,MN,Cà Mau,1,59045
2025-01-20,MN,Cà Mau,2,12403
2025-01-20,MN,Cà Mau,3,45390 - 23445 - 71930 - 45799 - 90753 - 77554
2025-01-20,MN,Cà Mau,4,24177 - 86075 - 26840 - 79377 - 61205 - 28568
2025-01-20,MN,Cà Mau,5,76750 - 37795 - 82191
2025-01-20,MN,Cà Mau,6,96789 - 89567 - 61759
2025-01-20,MN,Cà Mau,7,18623 - 52197 - 32697 - 31006
2025-01-20,MN,Cà Mau,8,19101
2025-01-21,MB,Hà Nội,ĐB,49168
2025-01-21,MB,Hà Nội,1,10298
2025-01-21,MB,Hà Nội,2,34370
2025-01-21,MB,Hà Nội,3,21362 - 47220 - 58519 - 95078 - 32640 - 75761
2025-01-21,MB,Hà Nội,4,61382 - 55035 - 76026 - 01109 - 25662 - 80902
2025-01-21,MB,Hà Nội,5,24545 - 03107 - 00881
2025-01-21,MB,Hà Nội,6,81037 - 85788 - 56272
2025-01-21,MB,Hà Nội,7,33774 - 98708 - 08039 - 28809
2025-01-21,MT,Đà Nẵng,ĐB,86816
2025-01-21,MT,Đà Nẵng,1,80720
2025-01-21,MT,Đà Nẵng,2,12342
2025-01-21,MT,Đà Nẵng,3,50112 - 29809 - 76936 - 49230 - 92571 - 27028
2025-01-21,MT,Đà Nẵng,4,76860 - 82618 - 21249 - 99112 - 81244 - 00900
2025-01-21,MT,Đà Nẵng,5,63204 - 98979 - 08536
2025-01-21,MT,Đà Nẵng,6,23673 - 85228 - 96134
2025-01-21,MT,Đà Nẵng,7,15786 - 91718 - 73522 - 24489
2025-01-21,MT,Đà Nẵng,8,07947
2025-01-21,MT,Khánh Hòa,ĐB,02571
2025-01-21,MT,Khánh Hòa,1,31019
2025-01-21,MT,Khánh Hòa,2,56373
2025-01-21,MT,Khánh Hòa,3,35506 - 98973 - 17684 - 01004 - 04706 - 14331
2025-01-21,MT,Khánh Hòa,4,91954 - 93945 - 28205 - 70267 - 51372 - 58971
2025-01-21,MT,Khánh Hòa,5,47664 - 81495 - 19623
2025-01-21,MT,Khánh Hòa,6,28156 - 42804 - 04360
2025-01-21,MT,Khánh Hòa,7,54086 - 06479 - 10068 - 33602
2025-01-21,MT,Khánh Hòa,8,50699
2025-01-21,MN,TP. HCM,ĐB,28585
2025-01-21,MN,TP. HCM,1,57211
2025-01-21,MN,TP. HCM,2,73770
2025-01-21,MN,TP. HCM,3,11268 - 79612 - 94068 - 76529 - 78376 - 56341
2025-01-21,MN,TP. HCM,4,20229 - 27672 - 35313 - 84856 - 92956 - 67266
2025-01-21,MN,TP. HCM,5,02430 - 05941 - 90785
2025-01-21,MN,TP. HCM,6,43291 - 96999 - 89170
2025-01-21,MN,TP. HCM,7,21089 - 85218 - 92719 - 69010
2025-01-21,MN,TP. HCM,8,84213
2025-01-21,MN,Đồng Tháp,ĐB,14653
2025-01-21,MN,Đồng Tháp,1,88764
2025-01-21,MN,Đồng Tháp,2,68966
2025-01-21,MN,Đồng Tháp,3,42358 - 83648 - 98033 - 70302 - 66905 - 43573
2025-01-21,MN,Đồng Tháp,4,48911 - 08470 - 71952 - 69564 - 01623 - 98578
2025-01-21,MN,Đồng Tháp,5,69469 - 74791 - 72037
2025-01-21,MN,Đồng Tháp,6,38512 - 70886 - 22869
2025-01-21,MN,Đồng Tháp,7,36214 - 64399 - 87268 - 32039
2025-01-21,MN,Đồng Tháp,8,33871
2025-01-21,MN,Cà Mau,ĐB,89872
2025-01-21,MN,Cà Mau,1,62792
2025-01-21,MN,Cà Mau,2,63918
2025-01-21,MN,Cà Mau,3,49725 - 74010 - 50599 - 50915 - 61565 - 88708
2025-01-21,MN,Cà Mau,4,28204 - 54277 - 37732 - 21506 - 72323 - 59739
2025-01-21,MN,Cà Mau,5,68920 - 93175 - 09290
2025-01-21,MN,Cà Mau,6,64405 - 15834 - 47935
2025-01-21,MN,Cà Mau,7,15073 - 99642 - 15176 - 89878
2025-01-21,MN,Cà Mau,8,29309
2025-01-22,MB,Hà Nội,ĐB,80870
2025-01-22,MB,Hà Nội,1,15639
2025-01-22,MB,Hà Nội,2,13307
2025-01-22,MB,Hà Nội,3,54819 - 05168 - 16366 - 72080 - 83849 - 98329
2025-01-22,MB,Hà Nội,4,66449 - 58312 - 19320 - 69647 - 21107 - 26432
2025-01-22,MB,Hà Nội,5,66134 - 20057 - 26469
2025-01-22,MB,Hà Nội,6,79714 - 27621 - 65225
2025-01-22,MB,Hà Nội,7,54798 - 72333 - 32248 - 87568
2025-01-22,MT,Đà Nẵng,ĐB,17271
2025-01-22,MT,Đà Nẵng,1,20784
2025-01-22,MT,Đà Nẵng,2,56066
2025-01-22,MT,Đà Nẵng,3,20228 - 77967 - 41044 - 57811 - 85780 - 66082
2025-01-22,MT,Đà Nẵng,4,41939 - 34545 - 92225 - 24382 - 10555 - 28291
2025-01-22,MT,Đà Nẵng,5,39570 - 09319 - 42942
2025-01-22,MT,Đà Nẵng,6,07793 - 27086 - 50501
2025-01-22,MT,Đà Nẵng,7,77792 - 90069 - 46053 - 44608
2025-01-22,MT,Đà Nẵng,8,72317
2025-01-22,MT,Khánh Hòa,ĐB,39839
2025-01-22,MT,Khánh Hòa,1,94114
2025-01-22,MT,Khánh Hòa,2,79350
2025-01-22,MT,Khánh Hòa,3,19572 - 73949 - 84336 - 72944 - 00446 - 77874
2025-01-22,MT,Khánh Hòa,4,88819 - 84865 - 36117 - 65983 - 06250 - 00982
2025-01-22,MT,Khánh Hòa,5,85717 - 99246 - 89162
2025-01-22,MT,Khánh Hòa,6,83822 - 38493 - 75130
2025-01-22,MT,Khánh Hòa,7,12936 - 80355 - 03912 - 34611
2025-01-22,MT,Khánh Hòa,8,86979
2025-01-22,MN,TP. HCM,ĐB,79506
2025-01-22,MN,TP. HCM,1,13209
2025-01-22,MN,TP. HCM,2,11459
2025-01-22,MN,TP. HCM,3,25231 - 38355 - 61695 - 86318 - 72319 - 95338
2025-01-22,MN,TP. HCM,4,21100 - 07128 - 15456 - 04999 - 33098 - 65478
2025-01-22,MN,TP. HCM,5,61934 - 80827 - 76607
2025-01-22,MN,TP. HCM,6,93429 - 24317 - 80020
2025-01-22,MN,TP. HCM,7,50064 - 55702 - 92373 - 57902
2025-01-22,MN,TP. HCM,8,59092
2025-01-22,MN,Đồng Tháp,ĐB,64136
2025-01-22,MN,Đồng Tháp,1,47512
2025-01-22,MN,Đồng Tháp,2,48229
2025-01-22,MN,Đồng Tháp,3,80633 - 61694 - 02652 - 52672 - 05627 - 87246
2025-01-22,MN,Đồng Tháp,4,05174 - 90653 - 49024 - 65960 - 30513 - 13992
2025-01-22,MN,Đồng Tháp,5,29398 - 10171 - 35343
2025-01-22,MN,Đồng Tháp,6,43010 - 75655 - 29722
2025-01-22,MN,Đồng Tháp,7,09259 - 70093 - 41428 - 78905
2025-01-22,MN,Đồng Tháp,8,18977
2025-01-22,MN,Cà Mau,ĐB,51875
2025-01-22,MN,Cà Mau,1,80694
2025-01-22,MN,Cà Mau,2,65609
2025-01-22,MN,Cà Mau,3,73596 - 17541 - 35450 - 87459 - 54947 - 38884
2025-01-22,MN,Cà Mau,4,34224 - 96254 - 52160 - 79354 - 80612 - 81082
2025-01-22,MN,Cà Mau,5,96858 - 15826 - 92345
2025-01-22,MN,Cà Mau,6,66199 - 32626 - 60047
2025-01-22,MN,Cà Mau,7,94329 - 09448 - 17793 - 65930
2025-01-22,MN,Cà Mau,8,18568
2025-01-23,MB,Hà Nội,ĐB,96574
2025-01-23,MB,Hà Nội,1,32372
2025-01-23,MB,Hà Nội,2,05061
2025-01-23,MB,Hà Nội,3,83669 - 89029 - 53536 - 42535 - 72731 - 23567
2025-01-23,MB,Hà Nội,4,41623 - 15113 - 24728 - 01906 - 10987 - 19394
2025-01-23,MB,Hà Nội,5,14798 - 94325 - 43028
2025-01-23,MB,Hà Nội,6,97448 - 08713 - 45105
2025-01-23,MB,Hà Nội,7,11505 - 32035 - 23860 - 60543
2025-01-23,MT,Đà Nẵng,ĐB,43041
2025-01-23,MT,Đà Nẵng,1,94006
2025-01-23,MT,Đà Nẵng,2,45724
2025-01-23,MT,Đà Nẵng,3,36226 - 86960 - 51586 - 44337 - 32425 - 90142
2025-01-23,MT,Đà Nẵng,4,89433 - 85059 - 69031 - 16719 - 25977 - 48622
2025-01-23,MT,Đà Nẵng,5,81942 - 25780 - 44808
2025-01-23,MT,Đà Nẵng,6,84513 - 32592 - 67315
2025-01-23,MT,Đà Nẵng,7,30121 - 24059 - 75253 - 70931
2025-01-23,MT,Đà Nẵng,8,43530
2025-01-23,MT,Khánh Hòa,ĐB,96270
2025-01-23,MT,Khánh Hòa,1,66899
2025-01-23,MT,Khánh Hòa,2,64480
2025-01-23,MT,Khánh Hòa,3,35207 - 13318 - 17121 - 34402 - 86905 - 55470
2025-01-23,MT,Khánh Hòa,4,86427 - 51939 - 21487 - 22882 - 42807 - 84355
2025-01-23,MT,Khánh Hòa,5,77009 - 83283 - 78588
2025-01-23,MT,Khánh Hòa,6,86946 - 01847 - 27239
2025-01-23,MT,Khánh Hòa,7,92283 - 04434 - 24268 - 68917
2025-01-23,MT,Khánh Hòa,8,30031
2025-01-23,MN,TP. HCM,ĐB,40709
2025-01-23,MN,TP. HCM,1,39388
2025-01-23,MN,TP. HCM,2,10311
2025-01-23,MN,TP. HCM,3,23523 - 09840 - 12380 - 06204 - 35978 - 05733
2025-01-23,MN,TP. HCM,4,95477 - 17791 - 07086 - 69639 - 46175 - 93818
2025-01-23,MN,TP. HCM,5,51400 - 05470 - 87516
2025-01-23,MN,TP. HCM,6,96187 - 47534 - 03127
2025-01-23,MN,TP. HCM,7,27546 - 75288 - 76735 - 44459
2025-01-23,MN,TP. HCM,8,60365
2025-01-23,MN,Đồng Tháp,ĐB,08338
2025-01-23,MN,Đồng Tháp,1,24476
2025-01-23,MN,Đồng Tháp,2,12571
2025-01-23,MN,Đồng Tháp,3,99772 - 77508 - 05437 - 15821 - 01488 - 58461
2025-01-23,MN,Đồng Tháp,4,78592 - 76858 - 93118 - 12463 - 57127 - 77739
2025-01-23,MN,Đồng Tháp,5,57870 - 90077 - 25101
2025-01-23,MN,Đồng Tháp,6,64134 - 90329 - 90419
2025-01-23,MN,Đồng Tháp,7,10625 - 75486 - 49488 - 29040
2025-01-23,MN,Đồng Tháp,8,80707
2025-01-23,MN,Cà Mau,ĐB,13555
2025-01-23,MN,Cà Mau,1,44121
2025-01-23,MN,Cà Mau,2,61243
2025-01-23,MN,Cà Mau,3,26910 - 44207 - 74558 - 22420 - 93361 - 68321
2025-01-23,MN,Cà Mau,4,73311 - 88188 - 47787 - 64362 - 56406 - 84875
2025-01-23,MN,Cà Mau,5,60168 - 18381 - 36502
2025-01-23,MN,Cà Mau,6,50551 - 80517 - 38712
2025-01-23,MN,Cà Mau,7,61440 - 61655 - 05619 - 28372
2025-01-23,MN,Cà Mau,8,36358
2025-01-24,MB,Hà Nội,ĐB,08247
2025-01-24,MB,Hà Nội,1,87504
2025-01-24,MB,Hà Nội,2,95042
2025-01-24,MB,Hà Nội,3,59520 - 65671 - 59675 - 00355 - 45869 - 32857
2025-01-24,MB,Hà Nội,4,06779 - 09881 - 00329 - 47477 - 57473 - 53373
2025-01-24,MB,Hà Nội,5,84785 - 31753 - 48842
2025-01-24,MB,Hà Nội,6,68403 - 11201 - 25320
2025-01-24,MB,Hà Nội,7,89078 - 34337 - 15495 - 93370
2025-01-24,MT,Đà Nẵng,ĐB,43436
2025-01-24,MT,Đà Nẵng,1,08882
2025-01-24,MT,Đà Nẵng,2,47715
2025-01-24,MT,Đà Nẵng,3,51469 - 90353 - 12086 - 34029 - 83030 - 51969
2025-01-24,MT,Đà Nẵng,4,53036 - 79078 - 29485 - 23529 - 58018 - 45879
2025-01-24,MT,Đà Nẵng,5,26154 - 60399 - 48442
2025-01-24,MT,Đà Nẵng,6,17401 - 47031 - 53679
2025-01-24,MT,Đà Nẵng,7,40226 - 12685 - 62076 - 12412
2025-01-24,MT,Đà Nẵng,8,29303
2025-01-24,MT,Khánh Hòa,ĐB,74373
2025-01-24,MT,Khánh Hòa,1,10037
2025-01-24,MT,Khánh Hòa,2,81738
2025-01-24,MT,Khánh Hòa,3,16609 - 91047 - 66958 - 15648 - 39452 - 64009
2025-01-24,MT,Khánh Hòa,4,91466 - 10379 - 03782 - 74665 - 15773 - 03600
2025-01-24,MT,Khánh Hòa,5,72191 - 97801 - 72284
2025-01-24,MT,Khánh Hòa,6,45581 - 88002 - 10231
2025-01-24,MT,Khánh Hòa,7,76410 - 66089 - 19895 - 24107
2025-01-24,MT,Khánh Hòa,8,84287
2025-01-24,MN,TP. HCM,ĐB,59076
2025-01-24,MN,TP. HCM,1,73725
2025-01-24,MN,TP. HCM,2,22171
2025-01-24,MN,TP. HCM,3,15013 - 75330 - 47194 - 43473 - 14207 - 83302
2025-01-24,MN,TP. HCM,4,08539 - 26076 - 40324 - 01370 - 10199 - 65285
2025-01-24,MN,TP. HCM,5,72311 - 75035 - 72060
2025-01-24,MN,TP. HCM,6,60597 - 26174 - 70669
2025-01-24,MN,TP. HCM,7,27617 - 62667 - 16244 - 70436
2025-01-24,MN,TP. HCM,8,89231
2025-01-24,MN,Đồng Tháp,ĐB,77831
2025-01-24,MN,Đồng Tháp,1,23675
2025-01-24,MN,Đồng Tháp,2,87331
2025-01-24,MN,Đồng Tháp,3,21731 - 15318 - 35974 - 76084 - 36879 - 11996
2025-01-24,MN,Đồng Tháp,4,67417 - 32981 - 71933 - 44471 - 47946 - 59967
2025-01-24,MN,Đồng Tháp,5,98257 - 50598 - 04846
2025-01-24,MN,Đồng Tháp,6,48475 - 73372 - 27124
2025-01-24,MN,Đồng Tháp,7,54780 - 06176 - 71685 - 76971
2025-01-24,MN,Đồng Tháp,8,36316
2025-01-24,MN,Cà Mau,ĐB,24971
2025-01-24,MN,Cà Mau,1,98459
2025-01-24,MN,Cà Mau,2,36292
2025-01-24,MN,Cà Mau,3,04777 - 02962 - 54057 - 45352 - 90816 - 39157
2025-01-24,MN,Cà Mau,4,41380 - 48291 - 17032 - 13859 - 52714 - 48525
2025-01-24,MN,Cà Mau,5,64664 - 01632 - 24064
2025-01-24,MN,Cà Mau,6,34563 - 31516 - 70464
2025-01-24,MN,Cà Mau,7,90088 - 73607 - 97837 - 85398
2025-01-24,MN,Cà Mau,8,44865
2025-01-25,MB,Hà Nội,ĐB,20267
2025-01-25,MB,Hà Nội,1,32711
2025-01-25,MB,Hà Nội,2,51201
2025-01-25,MB,Hà Nội,3,30941 - 07094 - 19462 - 70350 - 14347 - 58429
2025-01-25,MB,Hà Nội,4,70669 - 44684 - 55846 - 80120 - 79730 - 90505
2025-01-25,MB,Hà Nội,5,90308 - 66258 - 77016
2025-01-25,MB,Hà Nội,6,89054 - 55383 - 48127
2025-01-25,MB,Hà Nội,7,34320 - 60215 - 69342 - 66941
2025-01-25,MT,Đà Nẵng,ĐB,45700
2025-01-25,MT,Đà Nẵng,1,29381
2025-01-25,MT,Đà Nẵng,2,42868
2025-01-25,MT,Đà Nẵng,3,24788 - 06034 - 87734 - 47531 - 71230 - 68317
2025-01-25,MT,Đà Nẵng,4,74167 - 02268 - 62527 - 87170 - 35307 - 99514
2025-01-25,MT,Đà Nẵng,5,00107 - 01062 - 58247
2025-01-25,MT,Đà Nẵng,6,48630 - 53187 - 41011
2025-01-25,MT,Đà Nẵng,7,86707 - 26486 - 04307 - 35161
2025-01-25,MT,Đà Nẵng,8,93570
2025-01-25,MT,Khánh Hòa,ĐB,07601
2025-01-25,MT,Khánh Hòa,1,32462
2025-01-25,MT,Khánh Hòa,2,29664
2025-01-25,MT,Khánh Hòa,3,08687 - 94059 - 36160 - 06828 - 79813 - 82370
2025-01-25,MT,Khánh Hòa,4,13148 - 30212 - 35171 - 02185 - 38211 - 17400
2025-01-25,MT,Khánh Hòa,5,42857 - 15767 - 77625
2025-01-25,MT,Khánh Hòa,6,62628 - 28553 - 72735
2025-01-25,MT,Khánh Hòa,7,75078 - 47855 - 62557 - 48842
2025-01-25,MT,Khánh Hòa,8,43135
2025-01-25,MN,TP. HCM,ĐB,47386
2025-01-25,MN,TP. HCM,1,23223
2025-01-25,MN,TP. HCM,2,39232
2025-01-25,MN,TP. HCM,3,81550 - 70204 - 02031 - 19569 - 72315 - 15844
2025-01-25,MN,TP. HCM,4,37695 - 88162 - 93876 - 82064 - 40233 - 39075
2025-01-25,MN,TP. HCM,5,23932 - 34447 - 00251
2025-01-25,MN,TP. HCM,6,79287 - 54205 - 90391
2025-01-25,MN,TP. HCM,7,93544 - 08748 - 43869 - 29592
2025-01-25,MN,TP. HCM,8,43505
2025-01-25,MN,Đồng Tháp,ĐB,49422
2025-01-25,MN,Đồng Tháp,1,95791
2025-01-25,MN,Đồng Tháp,2,36791
2025-01-25,MN,Đồng Tháp,3,80258 - 83719 - 25734 - 76923 - 56208 - 02849
2025-01-25,MN,Đồng Tháp,4,41693 - 30708 - 80687 - 49846 - 97567 - 51352
2025-01-25,MN,Đồng Tháp,5,52815 - 98644 - 40602
2025-01-25,MN,Đồng Tháp,6,24435 - 04487 - 98891
2025-01-25,MN,Đồng Tháp,7,80462 - 79365 - 81539 - 08206
2025-01-25,MN,Đồng Tháp,8,79759
2025-01-25,MN,Cà Mau,ĐB,57054
2025-01-25,MN,Cà Mau,1,22522
2025-01-25,MN,Cà Mau,2,03660
2025-01-25,MN,Cà Mau,3,70745 - 24543 - 98555 - 28242 - 66395 - 62543
2025-01-25,MN,Cà Mau,4,85185 - 76293 - 24837 - 23238 - 59346 - 61519
2025-01-25,MN,Cà Mau,5,30632 - 31283 - 50350
2025-01-25,MN,Cà Mau,6,03810 - 46117 - 50731
2025-01-25,MN,Cà Mau,7,98047 - 85864 - 50934 - 99452
2025-01-25,MN,Cà Mau,8,69399
2025-01-26,MB,Hà Nội,ĐB,60505
2025-01-26,MB,Hà Nội,1,59057
2025-01-26,MB,Hà Nội,2,14615
2025-01-26,MB,Hà Nội,3,09914 - 27354 - 59603 - 25305 - 15109 - 69897
2025-01-26,MB,Hà Nội,4,02038 - 85840 - 98780 - 91251 - 76260 - 02639
2025-01-26,MB,Hà Nội,5,70850 - 43053 - 52788
2025-01-26,MB,Hà Nội,6,35159 - 90043 - 93566
2025-01-26,MB,Hà Nội,7,33757 - 66831 - 55803 - 51570
2025-01-26,MT,Đà Nẵng,ĐB,69377
2025-01-26,MT,Đà Nẵng,1,08218
2025-01-26,MT,Đà Nẵng,2,61202
2025-01-26,MT,Đà Nẵng,3,00587 - 75531 - 64971 - 63643 - 77435 - 57502
2025-01-26,MT,Đà Nẵng,4,34766 - 38091 - 21517 - 64760 - 49574 - 52338
2025-01-26,MT,Đà Nẵng,5,27992 - 69762 - 38911
2025-01-26,MT,Đà Nẵng,6,76286 - 76464 - 83964
2025-01-26,MT,Đà Nẵng,7,98547 - 82692 - 23554 - 63589
2025-01-26,MT,Đà Nẵng,8,45765
2025-01-26,MT,Khánh Hòa,ĐB,76857
2025-01-26,MT,Khánh Hòa,1,60528
2025-01-26,MT,Khánh Hòa,2,36736
2025-01-26,MT,Khánh Hòa,3,38430 - 72160 - 22350 - 36231 - 04480 - 85125
2025-01-26,MT,Khánh Hòa,4,99700 - 39874 - 30945 - 32317 - 49389 - 43612
2025-01-26,MT,Khánh Hòa,5,78076 - 76142 - 05206
2025-01-26,MT,Khánh Hòa,6,37251 - 91458 - 65638
2025-01-26,MT,Khánh Hòa,7,39228 - 13527 - 36916 - 12844
2025-01-26,MT,Khánh Hòa,8,76851
2025-01-26,MN,TP. HCM,ĐB,18028
2025-01-26,MN,TP. HCM,1,91183
2025-01-26,MN,TP. HCM,2,89882
2025-01-26,MN,TP. HCM,3,52422 - 38964 - 45644 - 28203 - 26625 - 98804
2025-01-26,MN,TP. HCM,4,86318 - 37445 - 57256 - 08357 - 37259 - 37404
2025-01-26,MN,TP. HCM,5,14416 - 50013 - 45629
2025-01-26,MN,TP. HCM,6,47565 - 87859 - 38586
2025-01-26,MN,TP. HCM,7,95673 - 11758 - 13700 - 65496
2025-01-26,MN,TP. HCM,8,46053
2025-01-26,MN,Đồng Tháp,ĐB,00369
2025-01-26,MN,Đồng Tháp,1,60840
2025-01-26,MN,Đồng Tháp,2,26604
2025-01-26,MN,Đồng Tháp,3,55362 - 16240 - 20005 - 28813 - 29955 - 65312
2025-01-26,MN,Đồng Tháp,4,97190 - 84775 - 96636 - 11319 - 64016 - 20722
2025-01-26,MN,Đồng Tháp,5,81844 - 74539 - 58413
2025-01-26,MN,Đồng Tháp,6,39728 - 33684 - 15114
2025-01-26,MN,Đồng Tháp,7,62813 - 26444 - 02488 - 16802
2025-01-26,MN,Đồng Tháp,8,33579
2025-01-26,MN,Cà Mau,ĐB,90738
2025-01-26,MN,Cà Mau,1,25954
2025-01-26,MN,Cà Mau,2,16727
2025-01-26,MN,Cà Mau,3,47896 - 39230 - 44284 - 56915 - 12255 - 38359
2025-01-26,MN,Cà Mau,4,22629 - 75108 - 25270 - 90924 - 19566 - 68681
2025-01-26,MN,Cà Mau,5,19621 - 45123 - 86100
2025-01-26,MN,Cà Mau,6,45716 - 60656 - 26606
2025-01-26,MN,Cà Mau,7,02034 - 65710 - 06723 - 42467
2025-01-26,MN,Cà Mau,8,50147
2025-01-27,MB,Hà Nội,ĐB,37553
2025-01-27,MB,Hà Nội,1,39549
2025-01-27,MB,Hà Nội,2,22447
2025-01-27,MB,Hà Nội,3,23349 - 10501 - 01720 - 86004 - 90060 - 58462
2025-01-27,MB,Hà Nội,4,18164 - 04318 - 79524 - 23557 - 50101 - 36265
2025-01-27,MB,Hà Nội,5,65440 - 48704 - 30509
2025-01-27,MB,Hà Nội,6,58293 - 82213 - 91055
2025-01-27,MB,Hà Nội,7,56007 - 81290 - 03966 - 66117
2025-01-27,MT,Đà Nẵng,ĐB,84424
2025-01-27,MT,Đà Nẵng,1,64100
2025-01-27,MT,Đà Nẵng,2,20737
2025-01-27,MT,Đà Nẵng,3,87703 - 86207 - 85519 - 57324 - 37731 - 67362
2025-01-27,MT,Đà Nẵng,4,30107 - 08744 - 09907 - 23411 - 48363 - 82412
2025-01-27,MT,Đà Nẵng,5,89077 - 17970 - 59357
2025-01-27,MT,Đà Nẵng,6,76739 - 96959 - 18528
2025-01-27,MT,Đà Nẵng,7,86813 - 13140 - 79608 - 48998
2025-01-27,MT,Đà Nẵng,8,52781
2025-01-27,MT,Khánh Hòa,ĐB,77192
2025-01-27,MT,Khánh Hòa,1,63762
2025-01-27,MT,Khánh Hòa,2,24986
2025-01-27,MT,Khánh Hòa,3,01098 - 28926 - 94144 - 90881 - 44536 - 90732
2025-01-27,MT,Khánh Hòa,4,33927 - 21490 - 68417 - 84674 - 00623 - 57143
2025-01-27,MT,Khánh Hòa,5,36897 - 37122 - 37060
2025-01-27,MT,Khánh Hòa,6,22213 - 30899 - 70739
2025-01-27,MT,Khánh Hòa,7,50103 - 05706 - 99278 - 71109
2025-01-27,MT,Khánh Hòa,8,02998
2025-01-27,MN,TP. HCM,ĐB,25232
2025-01-27,MN,TP. HCM,1,52180
2025-01-27,MN,TP. HCM,2,16363
2025-01-27,MN,TP. HCM,3,12504 - 37150 - 47464 - 77806 - 23743 - 53387
2025-01-27,MN,TP. HCM,4,91758 - 40921 - 03016 - 27380 - 96449 - 91564
2025-01-27,MN,TP. HCM,5,21378 - 68737 - 91719
2025-01-27,MN,TP. HCM,6,53129 - 27691 - 35070
2025-01-27,MN,TP. HCM,7,98232 - 07071 - 54386 - 20278
2025-01-27,MN,TP. HCM,8,45025
2025-01-27,MN,Đồng Tháp,ĐB,02916
2025-01-27,MN,Đồng Tháp,1,96323
2025-01-27,MN,Đồng Tháp,2,11596
2025-01-27,MN,Đồng Tháp,3,89398 - 30183 - 27527 - 35369 - 09228 - 67636
2025-01-27,MN,Đồng Tháp,4,64725 - 01091 - 49783 - 10190 - 21711 - 92735
2025-01-27,MN,Đồng Tháp,5,12297 - 91455 - 41008
2025-01-27,MN,Đồng Tháp,6,48062 - 95096 - 53415
2025-01-27,MN,Đồng Tháp,7,44661 - 40619 - 61123 - 99981
2025-01-27,MN,Đồng Tháp,8,26648
2025-01-27,MN,Cà Mau,ĐB,91850
2025-01-27,MN,Cà Mau,1,81001
2025-01-27,MN,Cà Mau,2,54751
2025-01-27,MN,Cà Mau,3,19417 - 63473 - 78628 - 76825 - 04685 - 15997
2025-01-27,MN,Cà Mau,4,78812 - 56982 - 70850 - 57275 - 35350 - 30843
2025-01-27,MN,Cà Mau,5,42323 - 80244 - 72888
2025-01-27,MN,Cà Mau,6,20679 - 48796 - 01281
2025-01-27,MN,Cà Mau,7,42367 - 67680 - 56808 - 56102
2025-01-27,MN,Cà Mau,8,38949
2025-01-28,MB,Hà Nội,ĐB,37298
2025-01-28,MB,Hà Nội,1,60216
2025-01-28,MB,Hà Nội,2,88323
2025-01-28,MB,Hà Nội,3,52709 - 65642 - 76799 - 78878 - 59373 - 73439
2025-01-28,MB,Hà Nội,4,51287 - 09974 - 08412 - 35986 - 82434 - 53015
2025-01-28,MB,Hà Nội,5,36414 - 74246 - 77053
2025-01-28,MB,Hà Nội,6,33030 - 01635 - 12853
2025-01-28,MB,Hà Nội,7,63459 - 16962 - 74416 - 97678
2025-01-28,MT,Đà Nẵng,ĐB,57704
2025-01-28,MT,Đà Nẵng,1,16060
2025-01-28,MT,Đà Nẵng,2,39045
2025-01-28,MT,Đà Nẵng,3,67701 - 09771 - 44986 - 46355 - 72369 - 18408
2025-01-28,MT,Đà Nẵng,4,51553 - 12747 - 04236 - 98804 - 57915 - 25846
2025-01-28,MT,Đà Nẵng,5,37515 - 08295 - 24924
2025-01-28,MT,Đà Nẵng,6,71396 - 53046 - 81900
2025-01-28,MT,Đà Nẵng,7,87977 - 60645 - 65754 - 58313
2025-01-28,MT,Đà Nẵng,8,31764
2025-01-28,MT,Khánh Hòa,ĐB,14723
2025-01-28,MT,Khánh Hòa,1,39992
2025-01-28,MT,Khánh Hòa,2,32649
2025-01-28,MT,Khánh Hòa,3,74666 - 21134 - 04751 - 40101 - 38495 - 18022
2025-01-28,MT,Khánh Hòa,4,55183 - 81804 - 01433 - 71313 - 17725 - 04697
2025-01-28,MT,Khánh Hòa,5,59008 - 24607 - 97020
2025-01-28,MT,Khánh Hòa,6,61363 - 91211 - 52857
2025-01-28,MT,Khánh Hòa,7,63017 - 72132 - 75739 - 29668
2025-01-28,MT,Khánh Hòa,8,97719
2025-01-28,MN,TP. HCM,ĐB,83912
2025-01-28,MN,TP. HCM,1,84644
2025-01-28,MN,TP. HCM,2,62837
2025-01-28,MN,TP. HCM,3,11347 - 92440 - 42416 - 89490 - 55492 - 74254
2025-01-28,MN,TP. HCM,4,64756 - 23311 - 74999 - 06596 - 13126 - 57349
2025-01-28,MN,TP. HCM,5,34364 - 22048 - 83466
2025-01-28,MN,TP. HCM,6,66187 - 75735 - 22888
2025-01-28,MN,TP. HCM,7,86634 - 31792 - 03793 - 15481
2025-01-28,MN,TP. HCM,8,05683
2025-01-28,MN,Đồng Tháp,ĐB,70874
2025-01-28,MN,Đồng Tháp,1,08350
2025-01-28,MN,Đồng Tháp,2,50596
2025-01-28,MN,Đồng Tháp,3,88206 - 57543 - 10171 - 08739 - 57445 - 56485
2025-01-28,MN,Đồng Tháp,4,96139 - 98509 - 15544 - 55263 - 08021 - 38065
2025-01-28,MN,Đồng Tháp,5,27929 - 09657 - 61932
2025-01-28,MN,Đồng Tháp,6,56896 - 27456 - 11402
2025-01-28,MN,Đồng Tháp,7,06434 - 61327 - 16196 - 14581
2025-01-28,MN,Đồng Tháp,8,38900
2025-01-28,MN,Cà Mau,ĐB,35856
2025-01-28,MN,Cà Mau,1,17190
2025-01-28,MN,Cà Mau,2,87059
2025-01-28,MN,Cà Mau,3,49193 - 11283 - 82308 - 59193 - 94173 - 16096
2025-01-28,MN,Cà Mau,4,43902 - 66035 - 35105 - 30660 - 57003 - 70815
2025-01-28,MN,Cà Mau,5,16443 - 26150 - 98614
2025-01-28,MN,Cà Mau,6,14131 - 89090 - 72227
2025-01-28,MN,Cà Mau,7,17927 - 18782 - 73549 - 70735
2025-01-28,MN,Cà Mau,8,46719
2025-01-29,MB,Hà Nội,ĐB,81546
2025-01-29,MB,Hà Nội,1,73452
2025-01-29,MB,Hà Nội,2,71579
2025-01-29,MB,Hà Nội,3,75254 - 53948 - 36489 - 03394 - 82596 - 26085
2025-01-29,MB,Hà Nội,4,57813 - 22937 - 13365 - 37709 - 12449 - 69001
2025-01-29,MB,Hà Nội,5,33249 - 39181 - 62704
2025-01-29,MB,Hà Nội,6,39645 - 20947 - 63591
2025-01-29,MB,Hà Nội,7,97846 - 86851 - 41150 - 47805
2025-01-29,MT,Đà Nẵng,ĐB,27032
2025-01-29,MT,Đà Nẵng,1,03831
2025-01-29,MT,Đà Nẵng,2,47673
2025-01-29,MT,Đà Nẵng,3,40363 - 51640 - 76839 - 26379 - 95231 - 05802
2025-01-29,MT,Đà Nẵng,4,25068 - 19300 - 25877 - 74431 - 51287 - 88056
2025-01-29,MT,Đà Nẵng,5,47504 - 67703 - 74157
2025-01-29,MT,Đà Nẵng,6,91078 - 13319 - 56687
2025-01-29,MT,Đà Nẵng,7,82951 - 51083 - 67150 - 23168
2025-01-29,MT,Đà Nẵng,8,89260
2025-01-29,MT,Khánh Hòa,ĐB,09157
2025-01-29,MT,Khánh Hòa,1,05481
2025-01-29,MT,Khánh Hòa,2,27571
2025-01-29,MT,Khánh Hòa,3,37996 - 65054 - 87512 - 35577 - 19532 - 34081
2025-01-29,MT,Khánh Hòa,4,31515 - 51561 - 47425 - 88245 - 47841 - 35558
2025-01-29,MT,Khánh Hòa,5,72088 - 36870 - 31491
2025-01-29,MT,Khánh Hòa,6,83062 - 71184 - 20010
2025-01-29,MT,Khánh Hòa,7,97496 - 72260 - 28355 - 06167
2025-01-29,MT,Khánh Hòa,8,67062
2025-01-29,MN,TP. HCM,ĐB,40046
2025-01-29,MN,TP. HCM,1,19768
2025-01-29,MN,TP. HCM,2,12805
2025-01-29,MN,TP. HCM,3,00623 - 64305 - 32136 - 46596 - 34307 - 09631
2025-01-29,MN,TP. HCM,4,91407 - 22525 - 29801 - 91610 - 84607 - 72219
2025-01-29,MN,TP. HCM,5,75516 - 54680 - 75199
2025-01-29,MN,TP. HCM,6,04329 - 63893 - 84668
2025-01-29,MN,TP. HCM,7,93854 - 21094 - 08637 - 81417
2025-01-29,MN,TP. HCM,8,39947
2025-01-29,MN,Đồng Tháp,ĐB,48100
2025-01-29,MN,Đồng Tháp,1,55379
2025-01-29,MN,Đồng Tháp,2,05172
2025-01-29,MN,Đồng Tháp,3,26977 - 31206 - 28860 - 27183 - 52071 - 37410
2025-01-29,MN,Đồng Tháp,4,91842 - 13844 - 09082 - 22890 - 64420 - 47196
2025-01-29,MN,Đồng Tháp,5,70899 - 16202 - 56935
2025-01-29,MN,Đồng Tháp,6,75704 - 08700 - 64771
2025-01-29,MN,Đồng Tháp,7,02152 - 91017 - 70235 - 23946
2025-01-29,MN,Đồng Tháp,8,64079
2025-01-29,MN,Cà Mau,ĐB,33238
2025-01-29,MN,Cà Mau,1,50605
2025-01-29,MN,Cà Mau,2,18823
2025-01-29,MN,Cà Mau,3,45102 - 19243 - 15011 - 52538 - 65268 - 00746
2025-01-29,MN,Cà Mau,4,56548 - 17377 - 92006 - 87753 - 64658 - 66512
2025-01-29,MN,Cà Mau,5,03321 - 34386 - 94038
2025-01-29,MN,Cà Mau,6,44614 - 48503 - 05716
2025-01-29,MN,Cà Mau,7,10108 - 63146 - 35458 - 49202
2025-01-29,MN,Cà Mau,8,75127
2025-01-30,MB,Hà Nội,ĐB,75601
2025-01-30,MB,Hà Nội,1,22010
2025-01-30,MB,Hà Nội,2,56562
2025-01-30,MB,Hà Nội,3,45659 - 68794 - 33478 - 63207 - 55393 - 82919
2025-01-30,MB,Hà Nội,4,71421 - 99981 - 03321 - 67529 - 89253 - 44510
2025-01-30,MB,Hà Nội,5,31407 - 83116 - 79113
2025-01-30,MB,Hà Nội,6,54532 - 68535 - 69887
2025-01-30,MB,Hà Nội,7,70062 - 48706 - 40046 - 10286
2025-01-30,MT,Đà Nẵng,ĐB,22500
2025-01-30,MT,Đà Nẵng,1,39659
2025-01-30,MT,Đà Nẵng,2,17033
2025-01-30,MT,Đà Nẵng,3,01563 - 18819 - 79855 - 33428 - 13307 - 00170
2025-01-30,MT,Đà Nẵng,4,51268 - 29125 - 50552 - 99076 - 09881 - 40046
2025-01-30,MT,Đà Nẵng,5,50183 - 68134 - 64836
2025-01-30,MT,Đà Nẵng,6,12537 - 14333 - 80997
2025-01-30,MT,Đà Nẵng,7,42574 - 26587 - 35870 - 49333
2025-01-30,MT,Đà Nẵng,8,45290
2025-01-30,MT,Khánh Hòa,ĐB,98902
2025-01-30,MT,Khánh Hòa,1,98542
2025-01-30,MT,Khánh Hòa,2,39067
2025-01-30,MT,Khánh Hòa,3,92531 - 51026 - 52922 - 13097 - 45657 - 37228
2025-01-30,MT,Khánh Hòa,4,55672 - 57178 - 41269 - 84154 - 31695 - 57643
2025-01-30,MT,Khánh Hòa,5,62739 - 04695 - 10044
2025-01-30,MT,Khánh Hòa,6,07052 - 16666 - 93626
2025-01-30,MT,Khánh Hòa,7,34599 - 89474 - 48844 - 20059
2025-01-30,MT,Khánh Hòa,8,92525
2025-01-30,MN,TP. HCM,ĐB,42760
2025-01-30,MN,TP. HCM,1,14780
2025-01-30,MN,TP. HCM,2,19772
2025-01-30,MN,TP. HCM,3,50095 - 33488 - 54673 - 93250 - 48024 - 29991
2025-01-30,MN,TP. HCM,4,10443 - 52482 - 00786 - 85805 - 38095 - 46580
2025-01-30,MN,TP. HCM,5,07125 - 42209 - 58220
2025-01-30,MN,TP. HCM,6,94761 - 87355 - 01029
2025-01-30,MN,TP. HCM,7,12884 - 94493 - 52893 - 95210
2025-01-30,MN,TP. HCM,8,73803
2025-01-30,MN,Đồng Tháp,ĐB,50219
2025-01-30,MN,Đồng Tháp,1,19106
2025-01-30,MN,Đồng Tháp,2,85576
2025-01-30,MN,Đồng Tháp,3,11137 - 93327 - 59569 - 67832 - 30918 - 68979
2025-01-30,MN,Đồng Tháp,4,05408 - 70583 - 21594 - 06347 - 33649 - 59763
2025-01-30,MN,Đồng Tháp,5,82078 - 11828 - 15020
2025-01-30,MN,Đồng Tháp,6,10209 - 67744 - 49151
2025-01-30,MN,Đồng Tháp,7,18492 - 69307 - 39262 - 38993
2025-01-30,MN,Đồng Tháp,8,15437
2025-01-30,MN,Cà Mau,ĐB,00802
2025-01-30,MN,Cà Mau,1,31916
2025-01-30,MN,Cà Mau,2,67075
2025-01-30,MN,Cà Mau,3,60983 - 92314 - 26019 - 44962 - 78414 - 57940
2025-01-30,MN,Cà Mau,4,16579 - 27406 - 26951 - 13904 - 52452 - 12678
2025-01-30,MN,Cà Mau,5,85090 - 25191 - 37967
2025-01-30,MN,Cà Mau,6,74456 - 81774 - 99077
2025-01-30,MN,Cà Mau,7,40349 - 95228 - 83832 - 25064
2025-01-30,MN,Cà Mau,8,15769
2025-01-31,MB,Hà Nội,ĐB,52815
2025-01-31,MB,Hà Nội,1,76002
2025-01-31,MB,Hà Nội,2,45138
2025-01-31,MB,Hà Nội,3,31268 - 94591 - 20248 - 61712 - 53982 - 02717
2025-01-31,MB,Hà Nội,4,33502 - 56290 - 66226 - 08813 - 34590 - 69471
2025-01-31,MB,Hà Nội,5,10358 - 90655 - 95769
2025-01-31,MB,Hà Nội,6,06759 - 39860 - 73406
2025-01-31,MB,Hà Nội,7,63255 - 33582 - 86836 - 09516
2025-01-31,MT,Đà Nẵng,ĐB,37215
2025-01-31,MT,Đà Nẵng,1,25229
2025-01-31,MT,Đà Nẵng,2,09601
2025-01-31,MT,Đà Nẵng,3,72121 - 99563 - 38118 - 66096 - 33255 - 79354
2025-01-31,MT,Đà Nẵng,4,43915 - 33503 - 07101 - 23629 - 37215 - 35264
2025-01-31,MT,Đà Nẵng,5,70422 - 47077 - 18701
2025-01-31,MT,Đà Nẵng,6,07355 - 82680 - 67851
2025-01-31,MT,Đà Nẵng,7,73726 - 90879 - 32639 - 06943
2025-01-31,MT,Đà Nẵng,8,12024
2025-01-31,MT,Khánh Hòa,ĐB,83868
2025-01-31,MT,Khánh Hòa,1,48576
2025-01-31,MT,Khánh Hòa,2,38290
2025-01-31,MT,Khánh Hòa,3,79588 - 27205 - 69759 - 04880 - 18597 - 09599
2025-01-31,MT,Khánh Hòa,4,04407 - 89304 - 36803 - 25214 - 55621 - 61650
2025-01-31,MT,Khánh Hòa,5,81665 - 83264 - 71506
2025-01-31,MT,Khánh Hòa,6,52273 - 94290 - 99334
2025-01-31,MT,Khánh Hòa,7,35922 - 26406 - 29013 - 80128
2025-01-31,MT,Khánh Hòa,8,09283
2025-01-31,MN,TP. HCM,ĐB,48388
2025-01-31,MN,TP. HCM,1,96743
2025-01-31,MN,TP. HCM,2,85575
2025-01-31,MN,TP. HCM,3,64929 - 52598 - 78475 - 18525 - 85941 - 78438
2025-01-31,MN,TP. HCM,4,55583 - 20580 - 33800 - 43667 - 17476 - 41800
2025-01-31,MN,TP. HCM,5,37461 - 73296 - 26240
2025-01-31,MN,TP. HCM,6,30382 - 84050 - 21523
2025-01-31,MN,TP. HCM,7,37380 - 52476 - 99960 - 36626
2025-01-31,MN,TP. HCM,8,87951
2025-01-31,MN,Đồng Tháp,ĐB,86986
2025-01-31,MN,Đồng Tháp,1,52886
2025-01-31,MN,Đồng Tháp,2,25612
2025-01-31,MN,Đồng Tháp,3,87416 - 55144 - 03828 - 72510 - 09957 - 02439
2025-01-31,MN,Đồng Tháp,4,42905 - 40509 - 87050 - 51830 - 95589 - 06021
2025-01-31,MN,Đồng Tháp,5,58826 - 35157 - 63458
2025-01-31,MN,Đồng Tháp,6,02017 - 59209 - 12266
2025-01-31,MN,Đồng Tháp,7,39065 - 33206 - 80214 - 68862
2025-01-31,MN,Đồng Tháp,8,66624
2025-01-31,MN,Cà Mau,ĐB,20223
2025-01-31,MN,Cà Mau,1,16170
2025-01-31,MN,Cà Mau,2,98519
2025-01-31,MN,Cà Mau,3,00711 - 79407 - 53068 - 91436 - 83727 - 04074
2025-01-31,MN,Cà Mau,4,09634 - 41405 - 67503 - 50726 - 52523 - 96618
2025-01-31,MN,Cà Mau,5,75345 - 13515 - 86793
2025-01-31,MN,Cà Mau,6,41870 - 54745 - 17429
2025-01-31,MN,Cà Mau,7,47201 - 85999 - 54580 - 91135
2025-01-31,MN,Cà Mau,8,92033
2025-02-01,MB,Hà Nội,ĐB,45764
2025-02-01,MB,Hà Nội,1,26433
2025-02-01,MB,Hà Nội,2,06492
2025-02-01,MB,Hà Nội,3,29669 - 61708 - 03097 - 77266 - 15733 - 35693
2025-02-01,MB,Hà Nội,4,89864 - 34523 - 73344 - 61482 - 30732 - 62594
2025-02-01,MB,Hà Nội,5,16691 - 13412 - 99545
2025-02-01,MB,Hà Nội,6,92181 - 45835 - 71096
2025-02-01,MB,Hà Nội,7,54932 - 52908 - 27018 - 29880
2025-02-01,MT,Đà Nẵng,ĐB,24298
2025-02-01,MT,Đà Nẵng,1,33105
2025-02-01,MT,Đà Nẵng,2,03874
2025-02-01,MT,Đà Nẵng,3,17208 - 77935 - 28554 - 31484 - 34071 - 59031
2025-02-01,MT,Đà Nẵng,4,52457 - 75092 - 31088 - 99970 - 26430 - 89145
2025-02-01,MT,Đà Nẵng,5,15304 - 37054 - 96348
2025-02-01,MT,Đà Nẵng,6,70782 - 62032 - 14951
2025-02-01,MT,Đà Nẵng,7,09968 - 04368 - 07492 - 38088
2025-02-01,MT,Đà Nẵng,8,81599
2025-02-01,MT,Khánh Hòa,ĐB,57126
2025-02-01,MT,Khánh Hòa,1,03439
2025-02-01,MT,Khánh Hòa,2,65782
2025-02-01,MT,Khánh Hòa,3,65219 - 34046 - 21012 - 20113 - 61027 - 08516
2025-02-01,MT,Khánh Hòa,4,17539 - 55105 - 15078 - 54723 - 14859 - 87050
2025-02-01,MT,Khánh Hòa,5,14848 - 55511 - 99329
2025-02-01,MT,Khánh Hòa,6,94217 - 88933 - 12054
2025-02-01,MT,Khánh Hòa,7,25808 - 74722 - 01735 - 69878
2025-02-01,MT,Khánh Hòa,8,33737
2025-02-01,MN,TP. HCM,ĐB,75462
2025-02-01,MN,TP. HCM,1,56294
2025-02-01,MN,TP. HCM,2,81040
2025-02-01,MN,TP. HCM,3,75659 - 56795 - 37664 - 28872 - 39185 - 53684
2025-02-01,MN,TP. HCM,4,51593 - 84058 - 75132 - 69742 - 49681 - 24759
2025-02-01,MN,TP. HCM,5,54012 - 50100 - 03875
2025-02-01,MN,TP. HCM,6,70198 - 67070 - 80170
2025-02-01,MN,TP. HCM,7,08329 - 91352 - 84908 - 68906
2025-02-01,MN,TP. HCM,8,97879
2025-02-01,MN,Đồng Tháp,ĐB,86876
2025-02-01,MN,Đồng Tháp,1,08647
2025-02-01,MN,Đồng Tháp,2,90937
2025-02-01,MN,Đồng Tháp,3,88281 - 94650 - 65046 - 95938 - 29835 - 86581
2025-02-01,MN,Đồng Tháp,4,63222 - 75776 - 14969 - 70503 - 88665 - 73119
2025-02-01,MN,Đồng Tháp,5,64873 - 97603 - 48467
2025-02-01,MN,Đồng Tháp,6,43541 - 42544 - 00676
2025-02-01,MN,Đồng Tháp,7,37881 - 85229 - 36010 - 66068
2025-02-01,MN,Đồng Tháp,8,56174
2025-02-01,MN,Cà Mau,ĐB,33563
2025-02-01,MN,Cà Mau,1,63328
2025-02-01,MN,Cà Mau,2,45788
2025-02-01,MN,Cà Mau,3,00458 - 52910 - 18089 - 95757 - 47519 - 65109
2025-02-01,MN,Cà Mau,4,12371 - 54448 - 80768 - 00504 - 46490 - 98204
2025-02-01,MN,Cà Mau,5,30714 - 39545 - 03724
2025-02-01,MN,Cà Mau,6,93995 - 47442 - 11428
2025-02-01,MN,Cà Mau,7,63948 - 26340 - 14946 - 64781
2025-02-01,MN,Cà Mau,8,56630
2025-02-02,MB,Hà Nội,ĐB,52256
2025-02-02,MB,Hà Nội,1,56091
2025-02-02,MB,Hà Nội,2,25670
2025-02-02,MB,Hà Nội,3,42776 - 86159 - 91328 - 85333 - 97808 - 43869
2025-02-02,MB,Hà Nội,4,85897 - 69307 - 01851 - 02955 - 38688 - 81395
2025-02-02,MB,Hà Nội,5,77755 - 44535 - 60622
2025-02-02,MB,Hà Nội,6,51625 - 02676 - 85739
2025-02-02,MB,Hà Nội,7,57059 - 68904 - 65560 - 58767
2025-02-02,MT,Đà Nẵng,ĐB,24769
2025-02-02,MT,Đà Nẵng,1,61904
2025-02-02,MT,Đà Nẵng,2,22595
2025-02-02,MT,Đà Nẵng,3,39067 - 06323 - 70341 - 99290 - 53814 - 66478
2025-02-02,MT,Đà Nẵng,4,59575 - 10660 - 16154 - 63831 - 12991 - 69003
2025-02-02,MT,Đà Nẵng,5,10768 - 41552 - 62255
2025-02-02,MT,Đà Nẵng,6,75824 - 49285 - 64332
2025-02-02,MT,Đà Nẵng,7,32471 - 88797 - 14101 - 84407
2025-02-02,MT,Đà Nẵng,8,89577
2025-02-02,MT,Khánh Hòa,ĐB,50143
2025-02-02,MT,Khánh Hòa,1,71805
2025-02-02,MT,Khánh Hòa,2,38423
2025-02-02,MT,Khánh Hòa,3,25461 - 02705 - 21590 - 76172 - 84484 - 81942
2025-02-02,MT,Khánh Hòa,4,92062 - 22183 - 24959 - 88996 - 41210 - 52697
2025-02-02,MT,Khánh Hòa,5,91496 - 18801 - 90414
2025-02-02,MT,Khánh Hòa,6,31471 - 86994 - 49597
2025-02-02,MT,Khánh Hòa,7,08440 - 40541 - 84360 - 80439
2025-02-02,MT,Khánh Hòa,8,62027
2025-02-02,MN,TP. HCM,ĐB,90689
2025-02-02,MN,TP. HCM,1,08934
2025-02-02,MN,TP. HCM,2,75243
2025-02-02,MN,TP. HCM,3,36301 - 09094 - 16292 - 92548 - 76373 - 37421
2025-02-02,MN,TP. HCM,4,04604 - 15369 - 68663 - 41873 - 52238 - 91458
2025-02-02,MN,TP. HCM,5,18982 - 51612 - 51589
2025-02-02,MN,TP. HCM,6,34090 - 38073 - 18944
2025-02-02,MN,TP. HCM,7,78855 - 88687 - 73064 - 81606
2025-02-02,MN,TP. HCM,8,43993
2025-02-02,MN,Đồng Tháp,ĐB,98853
2025-02-02,MN,Đồng Tháp,1,37654
2025-02-02,MN,Đồng Tháp,2,57115
2025-02-02,MN,Đồng Tháp,3,80922 - 31816 - 96691 - 57754 - 96157 - 15302
2025-02-02,MN,Đồng Tháp,4,50711 - 14711 - 37961 - 04016 - 75706 - 04159
2025-02-02,MN,Đồng Tháp,5,07730 - 90726 - 68344
2025-02-02,MN,Đồng Tháp,6,72433 - 91016 - 68772
2025-02-02,MN,Đồng Tháp,7,60472 - 82243 - 98096 - 24301
2025-02-02,MN,Đồng Tháp,8,05480
2025-02-02,MN,Cà Mau,ĐB,50771
2025-02-02,MN,Cà Mau,1,07518
2025-02-02,MN,Cà Mau,2,82793
2025-02-02,MN,Cà Mau,3,75942 - 67902 - 88683 - 69559 - 79500 - 09412
2025-02-02,MN,Cà Mau,4,42696 - 05887 - 84578 - 50922 - 60359 - 57539
2025-02-02,MN,Cà Mau,5,57480 - 45373 - 34933
2025-02-02,MN,Cà Mau,6,48458 - 40982 - 13650
2025-02-02,MN,Cà Mau,7,05895 - 77730 - 32897 - 28009
2025-02-02,MN,Cà Mau,8,99394
2025-02-03,MB,Hà Nội,ĐB,07776
2025-02-03,MB,Hà Nội,1,97828
2025-02-03,MB,Hà Nội,2,49667
2025-02-03,MB,Hà Nội,3,91582 - 12220 - 55416 - 99529 - 54405 - 98669
2025-02-03,MB,Hà Nội,4,64571 - 94770 - 13717 - 62968 - 61187 - 71444
2025-02-03,MB,Hà Nội,5,03762 - 43691 - 66204
2025-02-03,MB,Hà Nội,6,43701 - 72618 - 02789
2025-02-03,MB,Hà Nội,7,60280 - 04370 - 46392 - 13507
2025-02-03,MT,Đà Nẵng,ĐB,90766
2025-02-03,MT,Đà Nẵng,1,30220
2025-02-03,MT,Đà Nẵng,2,43749
2025-02-03,MT,Đà Nẵng,3,10285 - 14086 - 46158 - 15363 - 45330 - 90025
2025-02-03,MT,Đà Nẵng,4,36888 - 31462 - 88446 - 73387 - 00675 - 76233
2025-02-03,MT,Đà Nẵng,5,69046 - 27469 - 62188
2025-02-03,MT,Đà Nẵng,6,58972 - 79323 - 90338
2025-02-03,MT,Đà Nẵng,7,97329 - 70052 - 35757 - 54118
2025-02-03,MT,Đà Nẵng,8,51115
2025-02-03,MT,Khánh Hòa,ĐB,97600
2025-02-03,MT,Khánh Hòa,1,16901
2025-02-03,MT,Khánh Hòa,2,70962
2025-02-03,MT,Khánh Hòa,3,51687 - 93647 - 99530 - 31262 - 88202 - 96476
2025-02-03,MT,Khánh Hòa,4,22325 - 41862 - 67730 - 83536 - 88788 - 27626
2025-02-03,MT,Khánh Hòa,5,13781 - 00769 - 46975
2025-02-03,MT,Khánh Hòa,6,31506 - 45706 - 56613
2025-02-03,MT,Khánh Hòa,7,64562 - 71942 - 22427 - 23820
2025-02-03,MT,Khánh Hòa,8,24449
2025-02-03,MN,TP. HCM,ĐB,68243
2025-02-03,MN,TP. HCM,1,35199
2025-02-03,MN,TP. HCM,2,61329
2025-02-03,MN,TP. HCM,3,57985 - 44595 - 30888 - 52560 - 34844 - 41869
2025-02-03,MN,TP. HCM,4,24583 - 55832 - 95271 - 25803 - 87230 - 26454
2025-02-03,MN,TP. HCM,5,82957 - 59883 - 09043
2025-02-03,MN,TP. HCM,6,51196 - 79536 - 84490
2025-02-03,MN,TP. HCM,7,69536 - 41030 - 79854 - 49928
2025-02-03,MN,TP. HCM,8,14300
2025-02-03,MN,Đồng Tháp,ĐB,75607
2025-02-03,MN,Đồng Tháp,1,16028
2025-02-03,MN,Đồng Tháp,2,84481
2025-02-03,MN,Đồng Tháp,3,00056 - 48624 - 64391 - 22489 - 71770 - 74870
2025-02-03,MN,Đồng Tháp,4,45085 - 61388 - 17755 - 87473 - 65890 - 84921
2025-02-03,MN,Đồng Tháp,5,73382 - 42357 - 45690
2025-02-03,MN,Đồng Tháp,6,66171 - 52706 - 34484
2025-02-03,MN,Đồng Tháp,7,14905 - 73780 - 66456 - 95197
2025-02-03,MN,Đồng Tháp,8,74966
2025-02-03,MN,Cà Mau,ĐB,63337
2025-02-03,MN,Cà Mau,1,01689
2025-02-03,MN,Cà Mau,2,23045
2025-02-03,MN,Cà Mau,3,75676 - 04461 - 24986 - 23965 - 18886 - 32834
2025-02-03,MN,Cà Mau,4,41068 - 63731 - 58923 - 95714 - 89912 - 10313
2025-02-03,MN,Cà Mau,5,06988 - 96732 - 44347
2025-02-03,MN,Cà Mau,6,43142 - 15879 - 24397
2025-02-03,MN,Cà Mau,7,58980 - 14573 - 43500 - 25729
2025-02-03,MN,Cà Mau,8,08343
2025-02-04,MB,Hà Nội,ĐB,08281
2025-02-04,MB,Hà Nội,1,32710
2025-02-04,MB,Hà Nội,2,65680
2025-02-04,MB,Hà Nội,3,23582 - 93397 - 12202 - 71628 - 33688 - 81355
2025-02-04,MB,Hà Nội,4,88941 - 61498 - 50087 - 78549 - 93711 - 85947
2025-02-04,MB,Hà Nội,5,41613 - 62736 - 79820
2025-02-04,MB,Hà Nội,6,66179 - 38486 - 52037
2025-02-04,MB,Hà Nội,7,00690 - 14231 - 53822 - 05323
2025-02-04,MT,Đà Nẵng,ĐB,61976
2025-02-04,MT,Đà Nẵng,1,17314
2025-02-04,MT,Đà Nẵng,2,80401
2025-02-04,MT,Đà Nẵng,3,17218 - 93891 - 36642 - 56951 - 87378 - 23785
2025-02-04,MT,Đà Nẵng,4,34925 - 27906 - 42424 - 57547 - 01421 - 10093
2025-02-04,MT,Đà Nẵng,5,23765 - 48294 - 51418
2025-02-04,MT,Đà Nẵng,6,89154 - 34576 - 67732
2025-02-04,MT,Đà Nẵng,7,84011 - 28134 - 18693 - 20330
2025-02-04,MT,Đà Nẵng,8,48964
2025-02-04,MT,Khánh Hòa,ĐB,21769
2025-02-04,MT,Khánh Hòa,1,35590
2025-02-04,MT,Khánh Hòa,2,36134
2025-02-04,MT,Khánh Hòa,3,16636 - 67787 - 45113 - 59165 - 40742 - 56126
2025-02-04,MT,Khánh Hòa,4,45580 - 17804 - 76862 - 17078 - 49261 - 75038
2025-02-04,MT,Khánh Hòa,5,15880 - 87017 - 36591
2025-02-04,MT,Khánh Hòa,6,76687 - 39318 - 63153
2025-02-04,MT,Khánh Hòa,7,57171 - 28567 - 10859 - 93769
2025-02-04,MT,Khánh Hòa,8,14716
2025-02-04,MN,TP. HCM,ĐB,17581
2025-02-04,MN,TP. HCM,1,97869
2025-02-04,MN,TP. HCM,2,82181
2025-02-04,MN,TP. HCM,3,98581 - 98773 - 72872 - 93540 - 32379 - 27787
2025-02-04,MN,TP. HCM,4,03306 - 48942 - 74033 - 36977 - 16646 - 30784
2025-02-04,MN,TP. HCM,5,86359 - 98079 - 07169
2025-02-04,MN,TP. HCM,6,68650 - 52550 - 46560
2025-02-04,MN,TP. HCM,7,73202 - 69408 - 34713 - 06275
2025-02-04,MN,TP. HCM,8,47709
2025-02-04,MN,Đồng Tháp,ĐB,88367
2025-02-04,MN,Đồng Tháp,1,30799
2025-02-04,MN,Đồng Tháp,2,69112
2025-02-04,MN,Đồng Tháp,3,57901 - 29949 - 14487 - 10930 - 22467 - 88130
2025-02-04,MN,Đồng Tháp,4,83174 - 83218 - 38180 - 27108 - 11670 - 47679
2025-02-04,MN,Đồng Tháp,5,26147 - 49856 - 41884
2025-02-04,MN,Đồng Tháp,6,64092 - 95707 - 71164
2025-02-04,MN,Đồng Tháp,7,16213 - 37523 - 43412 - 13704
2025-02-04,MN,Đồng Tháp,8,52003
2025-02-04,MN,Cà Mau,ĐB,83927
2025-02-04,MN,Cà Mau,1,86315
2025-02-04,MN,Cà Mau,2,66443
2025-02-04,MN,Cà Mau,3,74990 - 04047 - 36362 - 44957 - 32050 - 73388
2025-02-04,MN,Cà Mau,4,10036 - 23270 - 32296 - 40450 - 74802 - 90633
2025-02-04,MN,Cà Mau,5,80492 - 09515 - 27935
2025-02-04,MN,Cà Mau,6,43780 - 97769 - 55699
2025-02-04,MN,Cà Mau,7,30644 - 69470 - 10612 - 68637
2025-02-04,MN,Cà Mau,8,25435
2025-02-05,MB,Hà Nội,ĐB,09454
2025-02-05,MB,Hà Nội,1,83601
2025-02-05,MB,Hà Nội,2,09070
2025-02-05,MB,Hà Nội,3,85839 - 04116 - 50969 - 52285 - 82639 - 62948
2025-02-05,MB,Hà Nội,4,19255 - 06067 - 59550 - 32115 - 96433 - 67623
2025-02-05,MB,Hà Nội,5,31464 - 32312 - 84172
2025-02-05,MB,Hà Nội,6,63936 - 72792 - 18725
2025-02-05,MB,Hà Nội,7,06214 - 40122 - 31712 - 70279
2025-02-05,MT,Đà Nẵng,ĐB,74220
2025-02-05,MT,Đà Nẵng,1,46809
2025-02-05,MT,Đà Nẵng,2,64809
2025-02-05,MT,Đà Nẵng,3,56746 - 24289 - 41322 - 81054 - 82794 - 12650
2025-02-05,MT,Đà Nẵng,4,21713 - 60449 - 57607 - 09147 - 10069 - 56943
2025-02-05,MT,Đà Nẵng,5,69180 - 87950 - 94826
2025-02-05,MT,Đà Nẵng,6,49375 - 73795 - 14881
2025-02-05,MT,Đà Nẵng,7,36150 - 37260 - 61261 - 20223
2025-02-05,MT,Đà Nẵng,8,03336
2025-02-05,MT,Khánh Hòa,ĐB,37837
2025-02-05,MT,Khánh Hòa,1,15383
2025-02-05,MT,Khánh Hòa,2,70759
2025-02-05,MT,Khánh Hòa,3,28315 - 62590 - 15741 - 83788 - 95068 - 79447
2025-02-05,MT,Khánh Hòa,4,34831 - 30281 - 68166 - 00530 - 51700 - 14184
2025-02-05,MT,Khánh Hòa,5,80393 - 71613 - 81916
2025-02-05,MT,Khánh Hòa,6,66197 - 41733 - 41670
2025-02-05,MT,Khánh Hòa,7,26997 - 83343 - 99593 - 92852
2025-02-05,MT,Khánh Hòa,8,23980
2025-02-05,MN,TP. HCM,ĐB,07335
2025-02-05,MN,TP. HCM,1,32228
2025-02-05,MN,TP. HCM,2,74212
2025-02-05,MN,TP. HCM,3,71112 - 69309 - 53603 - 89913 - 47928 - 46625
2025-02-05,MN,TP. HCM,4,71835 - 94213 - 39383 - 88859 - 17511 - 92574
2025-02-05,MN,TP. HCM,5,13954 - 14853 - 45228
2025-02-05,MN,TP. HCM,6,86751 - 15948 - 18370
2025-02-05,MN,TP. HCM,7,25573 - 49977 - 10149 - 64946
2025-02-05,MN,TP. HCM,8,16727
2025-02-05,MN,Đồng Tháp,ĐB,15988
2025-02-05,MN,Đồng Tháp,1,18478
2025-02-05,MN,Đồng Tháp,2,48972
2025-02-05,MN,Đồng Tháp,3,47362 - 46787 - 71271 - 35097 - 09183 - 13121
2025-02-05,MN,Đồng Tháp,4,86555 - 04903 - 80098 - 16455 - 40125 - 76952
2025-02-05,MN,Đồng Tháp,5,77039 - 68771 - 93242
2025-02-05,MN,Đồng Tháp,6,58180 - 32803 - 70680
2025-02-05,MN,Đồng Tháp,7,91668 - 27606 - 99798 - 20285
2025-02-05,MN,Đồng Tháp,8,32196
2025-02-05,MN,Cà Mau,ĐB,83963
2025-02-05,MN,Cà Mau,1,04370
2025-02-05,MN,Cà Mau,2,09426
2025-02-05,MN,Cà Mau,3,71027 - 78108 - 26501 - 45213 - 42432 - 37675
2025-02-05,MN,Cà Mau,4,54432 - 45360 - 71442 - 87252 - 54602 - 55548
2025-02-05,MN,Cà Mau,5,00543 - 42780 - 76042
2025-02-05,MN,Cà Mau,6,93563 - 84122 - 00184
2025-02-05,MN,Cà Mau,7,90669 - 35196 - 43704 - 19222
2025-02-05,MN,Cà Mau,8,20112
2025-02-06,MB,Hà Nội,ĐB,43378
2025-02-06,MB,Hà Nội,1,54664
2025-02-06,MB,Hà Nội,2,98202
2025-02-06,MB,Hà Nội,3,41794 - 99503 - 98475 - 32074 - 07871 - 56072
2025-02-06,MB,Hà Nội,4,38948 - 22493 - 16639 - 94110 - 97918 - 35569
2025-02-06,MB,Hà Nội,5,58474 - 93484 - 03554
2025-02-06,MB,Hà Nội,6,04845 - 22051 - 77826
2025-02-06,MB,Hà Nội,7,19399 - 75746 - 00281 - 63525
2025-02-06,MT,Đà Nẵng,ĐB,49779
2025-02-06,MT,Đà Nẵng,1,28396
2025-02-06,MT,Đà Nẵng,2,98516
2025-02-06,MT,Đà Nẵng,3,14036 - 14972 - 26051 - 34526 - 90986 - 82261
2025-02-06,MT,Đà Nẵng,4,85656 - 06851 - 18584 - 13469 - 56552 - 15216
2025-02-06,MT,Đà Nẵng,5,61056 - 74024 - 66911
2025-02-06,MT,Đà Nẵng,6,56560 - 79415 - 39868
2025-02-06,MT,Đà Nẵng,7,32553 - 52623 - 95006 - 13433
2025-02-06,MT,Đà Nẵng,8,42771
2025-02-06,MT,Khánh Hòa,ĐB,08243
2025-02-06,MT,Khánh Hòa,1,30978
2025-02-06,MT,Khánh Hòa,2,54771
2025-02-06,MT,Khánh Hòa,3,22292 - 10916 - 58734 - 76657 - 97119 - 92538
2025-02-06,MT,Khánh Hòa,4,17308 - 09771 - 41917 - 67977 - 75146 - 85219
2025-02-06,MT,Khánh Hòa,5,26096 - 52943 - 19927
2025-02-06,MT,Khánh Hòa,6,47118 - 27716 - 09523
2025-02-06,MT,Khánh Hòa,7,56385 - 75461 - 85988 - 60177
2025-02-06,MT,Khánh Hòa,8,53707
2025-02-06,MN,TP. HCM,ĐB,92716
2025-02-06,MN,TP. HCM,1,19012
2025-02-06,MN,TP. HCM,2,29727
2025-02-06,MN,TP. HCM,3,91767 - 75849 - 72936 - 15821 - 16194 - 42574
2025-02-06,MN,TP. HCM,4,03956 - 61196 - 39180 - 26821 - 38389 - 35458
2025-02-06,MN,TP. HCM,5,64382 - 95819 - 68115
2025-02-06,MN,TP. HCM,6,78609 - 64677 - 06746
2025-02-06,MN,TP. HCM,7,50238 - 52707 - 82028 - 99547
2025-02-06,MN,TP. HCM,8,01476
2025-02-06,MN,Đồng Tháp,ĐB,26960
2025-02-06,MN,Đồng Tháp,1,10967
2025-02-06,MN,Đồng Tháp,2,96086
2025-02-06,MN,Đồng Tháp,3,03693 - 91245 - 59037 - 25143 - 03212 - 98690
2025-02-06,MN,Đồng Tháp,4,99799 - 02705 - 44111 - 91560 - 58528 - 08240
2025-02-06,MN,Đồng Tháp,5,41175 - 46579 - 37430
2025-02-06,MN,Đồng Tháp,6,90697 - 54341 - 36695
2025-02-06,MN,Đồng Tháp,7,54976 - 61303 - 99977 - 54430
2025-02-06,MN,Đồng Tháp,8,68663
2025-02-06,MN,Cà Mau,ĐB,31507
2025-02-06,MN,Cà Mau,1,27519
2025-02-06,MN,Cà Mau,2,63139
2025-02-06,MN,Cà Mau,3,65271 - 17665 - 65136 - 29091 - 05298 - 52362
2025-02-06,MN,Cà Mau,4,07474 - 16012 - 64630 - 90173 - 30230 - 97024
2025-02-06,MN,Cà Mau,5,95856 - 69025 - 58864
2025-02-06,MN,Cà Mau,6,13691 - 58409 - 28010
2025-02-06,MN,Cà Mau,7,43422 - 59480 - 56013 - 13311
2025-02-06,MN,Cà Mau,8,98819
2025-02-07,MB,Hà Nội,ĐB,79358
2025-02-07,MB,Hà Nội,1,13932
2025-02-07,MB,Hà Nội,2,97693
2025-02-07,MB,Hà Nội,3,42671 - 28136 - 10349 - 07427 - 22931 - 48154
2025-02-07,MB,Hà Nội,4,78846 - 90793 - 14136 - 16410 - 57440 - 84404
2025-02-07,MB,Hà Nội,5,67597 - 55079 - 20829
2025-02-07,MB,Hà Nội,6,04582 - 81776 - 50280
2025-02-07,MB,Hà Nội,7,89790 - 09962 - 67203 - 05101
2025-02-07,MT,Đà Nẵng,ĐB,79209
2025-02-07,MT,Đà Nẵng,1,73375
2025-02-07,MT,Đà Nẵng,2,78431
2025-02-07,MT,Đà Nẵng,3,14600 - 68784 - 83568 - 40812 - 73405 - 05719
2025-02-07,MT,Đà Nẵng,4,67446 - 51985 - 94209 - 08498 - 97885 - 46530
2025-02-07,MT,Đà Nẵng,5,67765 - 78040 - 46568
2025-02-07,MT,Đà Nẵng,6,61939 - 88098 - 94687
2025-02-07,MT,Đà Nẵng,7,11141 - 63520 - 59303 - 09211
2025-02-07,MT,Đà Nẵng,8,45304
2025-02-07,MT,Khánh Hòa,ĐB,81235
2025-02-07,MT,Khánh Hòa,1,27542
2025-02-07,MT,Khánh Hòa,2,72083
2025-02-07,MT,Khánh Hòa,3,73954 - 79082 - 77739 - 66108 - 04494 - 50619
2025-02-07,MT,Khánh Hòa,4,99916 - 27972 - 31764 - 22332 - 66183 - 20993
2025-02-07,MT,Khánh Hòa,5,49765 - 25114 - 41971
2025-02-07,MT,Khánh Hòa,6,39726 - 04522 - 16456
2025-02-07,MT,Khánh Hòa,7,03477 - 59616 - 37727 - 48448
2025-02-07,MT,Khánh Hòa,8,06530
2025-02-07,MN,TP. HCM,ĐB,53319
2025-02-07,MN,TP. HCM,1,59016
2025-02-07,MN,TP. HCM,2,31474
2025-02-07,MN,TP. HCM,3,98489 - 41709 - 10812 - 05746 - 71063 - 83654
2025-02-07,MN,TP. HCM,4,83451 - 28031 - 40420 - 44139 - 07774 - 52725
2025-02-07,MN,TP. HCM,5,44759 - 25593 - 41107
2025-02-07,MN,TP. HCM,6,50719 - 70814 - 29377
2025-02-07,MN,TP. HCM,7,82987 - 93130 - 93438 - 14149
2025-02-07,MN,TP. HCM,8,04463
2025-02-07,MN,Đồng Tháp,ĐB,97235
2025-02-07,MN,Đồng Tháp,1,21338
2025-02-07,MN,Đồng Tháp,2,68119
2025-02-07,MN,Đồng Tháp,3,88866 - 66130 - 01379 - 58807 - 33393 - 76309
2025-02-07,MN,Đồng Tháp,4,26038 - 25587 - 53438 - 49266 - 80232 - 35686
2025-02-07,MN,Đồng Tháp,5,34449 - 57031 - 19151
2025-02-07,MN,Đồng Tháp,6,59631 - 00733 - 96790
2025-02-07,MN,Đồng Tháp,7,92529 - 27997 - 02131 - 17843
2025-02-07,MN,Đồng Tháp,8,37513
2025-02-07,MN,Cà Mau,ĐB,06680
2025-02-07,MN,Cà Mau,1,50400
2025-02-07,MN,Cà Mau,2,06459
2025-02-07,MN,Cà Mau,3,24476 - 29480 - 75840 - 84121 - 21759 - 45338
2025-02-07,MN,Cà Mau,4,40084 - 82759 - 29683 - 28051 - 96414 - 02563
2025-02-07,MN,Cà Mau,5,98485 - 09236 - 26847
2025-02-07,MN,Cà Mau,6,80499 - 25344 - 45528
2025-02-07,MN,Cà Mau,7,68928 - 43249 - 89225 - 75479
2025-02-07,MN,Cà Mau,8,24320
2025-02-08,MB,Hà Nội,ĐB,83200
2025-02-08,MB,Hà Nội,1,07322
2025-02-08,MB,Hà Nội,2,80797
2025-02-08,MB,Hà Nội,3,60829 - 50737 - 12893 - 25587 - 82693 - 56824
2025-02-08,MB,Hà Nội,4,96551 - 61007 - 67668 - 88952 - 67250 - 52938
2025-02-08,MB,Hà Nội,5,05738 - 13428 - 36594
2025-02-08,MB,Hà Nội,6,23399 - 21935 - 53552
2025-02-08,MB,Hà Nội,7,93329 - 09027 - 30362 - 14119
2025-02-08,MT,Đà Nẵng,ĐB,98897
2025-02-08,MT,Đà Nẵng,1,07130
2025-02-08,MT,Đà Nẵng,2,49727
2025-02-08,MT,Đà Nẵng,3,30880 - 33495 - 34118 - 93356 - 64530 - 79967
2025-02-08,MT,Đà Nẵng,4,67680 - 81500 - 06758 - 71522 - 30539 - 40991
2025-02-08,MT,Đà Nẵng,5,34636 - 83314 - 98839
2025-02-08,MT,Đà Nẵng,6,98027 - 46749 - 37769
2025-02-08,MT,Đà Nẵng,7,17154 - 09178 - 41192 - 10762
2025-02-08,MT,Đà Nẵng,8,00614
2025-02-08,MT,Khánh Hòa,ĐB,92890
2025-02-08,MT,Khánh Hòa,1,51930
2025-02-08,MT,Khánh Hòa,2,53820
2025-02-08,MT,Khánh Hòa,3,51132 - 12468 - 60163 - 90664 - 61023 - 10664
2025-02-08,MT,Khánh Hòa,4,78507 - 73222 - 99317 - 08363 - 22023 - 80622
2025-02-08,MT,Khánh Hòa,5,34720 - 34109 - 98118
2025-02-08,MT,Khánh Hòa,6,54461 - 12696 - 23908
2025-02-08,MT,Khánh Hòa,7,84537 - 30390 - 85166 - 54805
2025-02-08,MT,Khánh Hòa,8,12020
2025-02-08,MN,TP. HCM,ĐB,32669
2025-02-08,MN,TP. HCM,1,77802
2025-02-08,MN,TP. HCM,2,23565
2025-02-08,MN,TP. HCM,3,42756 - 17408 - 75262 - 04788 - 07640 - 10061
2025-02-08,MN,TP. HCM,4,14427 - 82272 - 10184 - 05811 - 31799 - 71183
2025-02-08,MN,TP. HCM,5,18180 - 48749 - 00467
2025-02-08,MN,TP. HCM,6,39955 - 75140 - 35894
2025-02-08,MN,TP. HCM,7,70435 - 09459 - 76224 - 58525
2025-02-08,MN,TP. HCM,8,46203
2025-02-08,MN,Đồng Tháp,ĐB,02238
2025-02-08,MN,Đồng Tháp,1,65277
2025-02-08,MN,Đồng Tháp,2,35770
2025-02-08,MN,Đồng Tháp,3,73118 - 50413 - 65629 - 81090 - 39982 - 54138
2025-02-08,MN,Đồng Tháp,4,28060 - 35107 - 97147 - 89599 - 73100 - 15779
2025-02-08,MN,Đồng Tháp,5,72821 - 12929 - 79534
2025-02-08,MN,Đồng Tháp,6,66897 - 09319 - 77234
2025-02-08,MN,Đồng Tháp,7,11815 - 47092 - 40624 - 73211
2025-02-08,MN,Đồng Tháp,8,85177
2025-02-08,MN,Cà Mau,ĐB,51313
2025-02-08,MN,Cà Mau,1,92204
2025-02-08,MN,Cà Mau,2,12450
2025-02-08,MN,Cà Mau,3,99692 - 59819 - 78940 - 03236 - 73394 - 55120
2025-02-08,MN,Cà Mau,4,25509 - 34807 - 76315 - 08904 - 66686 - 96074
2025-02-08,MN,Cà Mau,5,19821 - 46746 - 75247
2025-02-08,MN,Cà Mau,6,90967 - 80152 - 37030
2025-02-08,MN,Cà Mau,7,03250 - 40932 - 20486 - 81661
2025-02-08,MN,Cà Mau,8,98798
2025-02-09,MB,Hà Nội,ĐB,53711
2025-02-09,MB,Hà Nội,1,24604
2025-02-09,MB,Hà Nội,2,40590
2025-02-09,MB,Hà Nội,3,25484 - 20362 - 30963 - 23375 - 59997 - 16980
2025-02-09,MB,Hà Nội,4,99855 - 83605 - 72703 - 61649 - 73405 - 37578
2025-02-09,MB,Hà Nội,5,72395 - 76692 - 92460
2025-02-09,MB,Hà Nội,6,89989 - 82126 - 82422
2025-02-09,MB,Hà Nội,7,39909 - 12159 - 54686 - 57224
2025-02-09,MT,Đà Nẵng,ĐB,27335
2025-02-09,MT,Đà Nẵng,1,13710
2025-02-09,MT,Đà Nẵng,2,98169
2025-02-09,MT,Đà Nẵng,3,74148 - 87468 - 21057 - 64516 - 96551 - 96128
2025-02-09,MT,Đà Nẵng,4,64617 - 93203 - 05955 - 39711 - 39583 - 09076
2025-02-09,MT,Đà Nẵng,5,21193 - 36324 - 75606
2025-02-09,MT,Đà Nẵng,6,38687 - 35940 - 78034
2025-02-09,MT,Đà Nẵng,7,27808 - 50243 - 10972 - 10521
2025-02-09,MT,Đà Nẵng,8,49019
2025-02-09,MT,Khánh Hòa,ĐB,25964
2025-02-09,MT,Khánh Hòa,1,65747
2025-02-09,MT,Khánh Hòa,2,63356
2025-02-09,MT,Khánh Hòa,3,91790 - 49156 - 99931 - 52762 - 20190 - 20660
2025-02-09,MT,Khánh Hòa,4,64171 - 81511 - 92182 - 31439 - 96394 - 15997
2025-02-09,MT,Khánh Hòa,5,13978 - 94200 - 97464
2025-02-09,MT,Khánh Hòa,6,52167 - 75653 - 02367
2025-02-09,MT,Khánh Hòa,7,16227 - 34901 - 83941 - 75904
2025-02-09,MT,Khánh Hòa,8,40628
2025-02-09,MN,TP. HCM,ĐB,37661
2025-02-09,MN,TP. HCM,1,27035
2025-02-09,MN,TP. HCM,2,08550
2025-02-09,MN,TP. HCM,3,33900 - 65930 - 56580 - 43815 - 19096 - 74896
2025-02-09,MN,TP. HCM,4,23620 - 93074 - 43690 - 96313 - 92137 - 03712
2025-02-09,MN,TP. HCM,5,68046 - 27346 - 28423
2025-02-09,MN,TP. HCM,6,10734 - 14831 - 81245
2025-02-09,MN,TP. HCM,7,32908 - 24745 - 50347 - 28744
2025-02-09,MN,TP. HCM,8,27213
2025-02-09,MN,Đồng Tháp,ĐB,85828
2025-02-09,MN,Đồng Tháp,1,82853
2025-02-09,MN,Đồng Tháp,2,42304
2025-02-09,MN,Đồng Tháp,3,04179 - 00846 - 61410 - 53148 - 32671 - 43797
2025-02-09,MN,Đồng Tháp,4,98019 - 08571 - 07313 - 66212 - 41139 - 03136
2025-02-09,MN,Đồng Tháp,5,98428 - 79313 - 85694
2025-02-09,MN,Đồng Tháp,6,16611 - 78857 - 27144
2025-02-09,MN,Đồng Tháp,7,54945 - 81576 - 09488 - 61011
2025-02-09,MN,Đồng Tháp,8,24780
2025-02-09,MN,Cà Mau,ĐB,74451
2025-02-09,MN,Cà Mau,1,79356
2025-02-09,MN,Cà Mau,2,02708
2025-02-09,MN,Cà Mau,3,05960 - 24377 - 51718 - 30677 - 65849 - 30453
2025-02-09,MN,Cà Mau,4,54178 - 49391 - 10861 - 41141 - 17677 - 44962
2025-02-09,MN,Cà Mau,5,42765 - 82691 - 60200
2025-02-09,MN,Cà Mau,6,21028 - 93931 - 03658
2025-02-09,MN,Cà Mau,7,86986 - 87449 - 79653 - 08618
2025-02-09,MN,Cà Mau,8,15734
2025-02-10,MB,Hà Nội,ĐB,29750
2025-02-10,MB,Hà Nội,1,11531
2025-02-10,MB,Hà Nội,2,40684
2025-02-10,MB,Hà Nội,3,51900 - 17521 - 93006 - 04330 - 71714 - 63765
2025-02-10,MB,Hà Nội,4,39587 - 76830 - 37232 - 35908 - 21314 - 54332
2025-02-10,MB,Hà Nội,5,92772 - 15418 - 92649
2025-02-10,MB,Hà Nội,6,68177 - 66713 - 04107
2025-02-10,MB,Hà Nội,7,87094 - 25203 - 92569 - 62840
2025-02-10,MT,Đà Nẵng,ĐB,11666
2025-02-10,MT,Đà Nẵng,1,96287
2025-02-10,MT,Đà Nẵng,2,70104
2025-02-10,MT,Đà Nẵng,3,36998 - 52544 - 35858 - 25333 - 82482 - 17410
2025-02-10,MT,Đà Nẵng,4,32931 - 28899 - 59175 - 23083 - 15183 - 42933
2025-02-10,MT,Đà Nẵng,5,61420 - 59383 - 76711
2025-02-10,MT,Đà Nẵng,6,65193 - 72051 - 37023
2025-02-10,MT,Đà Nẵng,7,71600 - 28840 - 80348 - 55885
2025-02-10,MT,Đà Nẵng,8,24440
2025-02-10,MT,Khánh Hòa,ĐB,79489
2025-02-10,MT,Khánh Hòa,1,01864
2025-02-10,MT,Khánh Hòa,2,23175
2025-02-10,MT,Khánh Hòa,3,22432 - 58681 - 49315 - 47072 - 61125 - 45855
2025-02-10,MT,Khánh Hòa,4,22587 - 35852 - 24041 - 00054 - 81673 - 08288
2025-02-10,MT,Khánh Hòa,5,12270 - 91784 - 39731
2025-02-10,MT,Khánh Hòa,6,61933 - 27926 - 82410
2025-02-10,MT,Khánh Hòa,7,54126 - 97242 - 92918 - 79684
2025-02-10,MT,Khánh Hòa,8,77900
2025-02-10,MN,TP. HCM,ĐB,10269
2025-02-10,MN,TP. HCM,1,22661
2025-02-10,MN,TP. HCM,2,61734
2025-02-10,MN,TP. HCM,3,93498 - 26398 - 05228 - 17228 - 44643 - 58393
2025-02-10,MN,TP. HCM,4,12973 - 84414 - 92376 - 65754 - 64996 - 56720
2025-02-10,MN,TP. HCM,5,42296 - 76071 - 89738
2025-02-10,MN,TP. HCM,6,61880 - 21618 - 59380
2025-02-10,MN,TP. HCM,7,47571 - 92378 - 53117 - 04863
2025-02-10,MN,TP. HCM,8,85310
2025-02-10,MN,Đồng Tháp,ĐB,98680
2025-02-10,MN,Đồng Tháp,1,90808
2025-02-10,MN,Đồng Tháp,2,69538
2025-02-10,MN,Đồng Tháp,3,31937 - 37004 - 84148 - 61212 - 78763 - 88992
2025-02-10,MN,Đồng Tháp,4,95508 - 88385 - 70206 - 16240 - 05732 - 47541
2025-02-10,MN,Đồng Tháp,5,41426 - 63174 - 07014
2025-02-10,MN,Đồng Tháp,6,42776 - 56666 - 13429
2025-02-10,MN,Đồng Tháp,7,17423 - 08130 - 73784 - 94298
2025-02-10,MN,Đồng Tháp,8,20057
2025-02-10,MN,Cà Mau,ĐB,46171
2025-02-10,MN,Cà Mau,1,93000
2025-02-10,MN,Cà Mau,2,39992
2025-02-10,MN,Cà Mau,3,90039 - 44036 - 54280 - 47186 - 63200 - 80643
2025-02-10,MN,Cà Mau,4,40865 - 78946 - 68818 - 07202 - 65671 - 50668
2025-02-10,MN,Cà Mau,5,74682 - 35509 - 78805
2025-02-10,MN,Cà Mau,6,81535 - 49856 - 89071
2025-02-10,MN,Cà Mau,7,71883 - 26269 - 16105 - 74962
2025-02-10,MN,Cà Mau,8,16930
2025-02-11,MB,Hà Nội,ĐB,51313
2025-02-11,MB,Hà Nội,1,24875
2025-02-11,MB,Hà Nội,2,19058
2025-02-11,MB,Hà Nội,3,82049 - 71000 - 74176 - 34515 - 22051 - 85926
2025-02-11,MB,Hà Nội,4,18504 - 41772 - 38780 - 38044 - 36969 - 13817
2025-02-11,MB,Hà Nội,5,09938 - 51444 - 36281
2025-02-11,MB,Hà Nội,6,27548 - 43385 - 07072
2025-02-11,MB,Hà Nội,7,02875 - 40213 - 76653 - 94461
2025-02-11,MT,Đà Nẵng,ĐB,73868
2025-02-11,MT,Đà Nẵng,1,17360
2025-02-11,MT,Đà Nẵng,2,50301
2025-02-11,MT,Đà Nẵng,3,18146 - 97359 - 97627 - 17394 - 53648 - 76378
2025-02-11,MT,Đà Nẵng,4,71372 - 06579 - 18136 - 30691 - 92168 - 91190
2025-02-11,MT,Đà Nẵng,5,55826 - 39832 - 32948
2025-02-11,MT,Đà Nẵng,6,88514 - 02482 - 39395
2025-02-11,MT,Đà Nẵng,7,45231 - 82000 - 19590 - 73274
2025-02-11,MT,Đà Nẵng,8,65497
2025-02-11,MT,Khánh Hòa,ĐB,43383
2025-02-11,MT,Khánh Hòa,1,29304
2025-02-11,MT,Khánh Hòa,2,79622
2025-02-11,MT,Khánh Hòa,3,11240 - 04041 - 38623 - 60498 - 56649 - 85347
2025-02-11,MT,Khánh Hòa,4,28644 - 63787 - 25883 - 09067 - 64811 - 58400
2025-02-11,MT,Khánh Hòa,5,93085 - 64931 - 44361
2025-02-11,MT,Khánh Hòa,6,74805 - 42744 - 78241
2025-02-11,MT,Khánh Hòa,7,04367 - 10537 - 53167 - 21781
2025-02-11,MT,Khánh Hòa,8,84492
2025-02-11,MN,TP. HCM,ĐB,59646
2025-02-11,MN,TP. HCM,1,28911
2025-02-11,MN,TP. HCM,2,64708
2025-02-11,MN,TP. HCM,3,87758 - 59943 - 28763 - 62984 - 49364 - 79475
2025-02-11,MN,TP. HCM,4,66076 - 13167 - 69871 - 66660 - 88587 - 10975
2025-02-11,MN,TP. HCM,5,90226 - 39402 - 73700
2025-02-11,MN,TP. HCM,6,30726 - 44858 - 08632
2025-02-11,MN,TP. HCM,7,05523 - 33733 - 67049 - 24283
2025-02-11,MN,TP. HCM,8,90337
2025-02-11,MN,Đồng Tháp,ĐB,86560
2025-02-11,MN,Đồng Tháp,1,83105
2025-02-11,MN,Đồng Tháp,2,09307
2025-02-11,MN,Đồng Tháp,3,68749 - 53784 - 13157 - 63008 - 32896 - 28956
2025-02-11,MN,Đồng Tháp,4,11883 - 06869 - 01820 - 28236 - 95421 - 31743
2025-02-11,MN,Đồng Tháp,5,06212 - 24300 - 73593
2025-02-11,MN,Đồng Tháp,6,90624 - 29242 - 08775
2025-02-11,MN,Đồng Tháp,7,99565 - 30619 - 25072 - 90879
2025-02-11,MN,Đồng Tháp,8,91393
2025-02-11,MN,Cà Mau,ĐB,91321
2025-02-11,MN,Cà Mau,1,85245
2025-02-11,MN,Cà Mau,2,74825
2025-02-11,MN,Cà Mau,3,21978 - 31089 - 86537 - 94318 - 14678 - 65680
2025-02-11,MN,Cà Mau,4,54498 - 04280 - 74456 - 59234 - 98269 - 10778
2025-02-11,MN,Cà Mau,5,73592 - 45245 - 59077
2025-02-11,MN,Cà Mau,6,95394 - 80285 - 25519
2025-02-11,MN,Cà Mau,7,53407 - 46064 - 26254 - 27447
2025-02-11,MN,Cà Mau,8,17721
2025-02-12,MB,Hà Nội,ĐB,62048
2025-02-12,MB,Hà Nội,1,04000
2025-02-12,MB,Hà Nội,2,38894
2025-02-12,MB,Hà Nội,3,51712 - 36240 - 62147 - 96317 - 44366 - 65367
2025-02-12,MB,Hà Nội,4,94149 - 06970 - 47942 - 81015 - 40273 - 80951
2025-02-12,MB,Hà Nội,5,29690 - 43469 - 17489
2025-02-12,MB,Hà Nội,6,08196 - 01476 - 64734
2025-02-12,MB,Hà Nội,7,90079 - 30204 - 68153 - 50365
2025-02-12,MT,Đà Nẵng,ĐB,27402
2025-02-12,MT,Đà Nẵng,1,74107
2025-02-12,MT,Đà Nẵng,2,96349
2025-02-12,MT,Đà Nẵng,3,23758 - 41811 - 20729 - 57134 - 04726 - 35505
2025-02-12,MT,Đà Nẵng,4,64893 - 06923 - 84705 - 89108 - 89328 - 05206
2025-02-12,MT,Đà Nẵng,5,30086 - 35001 - 10039
2025-02-12,MT,Đà Nẵng,6,06395 - 21081 - 27301
2025-02-12,MT,Đà Nẵng,7,56957 - 08976 - 82838 - 30429
2025-02-12,MT,Đà Nẵng,8,44558
2025-02-12,MT,Khánh Hòa,ĐB,26547
2025-02-12,MT,Khánh Hòa,1,34642
2025-02-12,MT,Khánh Hòa,2,70308
2025-02-12,MT,Khánh Hòa,3,91045 - 12780 - 62526 - 99698 - 86198 - 18457
2025-02-12,MT,Khánh Hòa,4,89379 - 17926 - 12055 - 16019 - 70323 - 73560
2025-02-12,MT,Khánh Hòa,5,55135 - 65847 - 63246
2025-02-12,MT,Khánh Hòa,6,79428 - 79487 - 31290
2025-02-12,MT,Khánh Hòa,7,13304 - 62585 - 95663 - 00624
2025-02-12,MT,Khánh Hòa,8,34064
2025-02-12,MN,TP. HCM,ĐB,50395
2025-02-12,MN,TP. HCM,1,90989
2025-02-12,MN,TP. HCM,2,06017
2025-02-12,MN,TP. HCM,3,80103 - 28055 - 60146 - 20983 - 35328 - 29985
2025-02-12,MN,TP. HCM,4,53692 - 95266 - 33221 - 07496 - 46400 - 70956
2025-02-12,MN,TP. HCM,5,60258 - 94077 - 92249
2025-02-12,MN,TP. HCM,6,44719 - 00197 - 90924
2025-02-12,MN,TP. HCM,7,38896 - 39931 - 60630 - 81797
2025-02-12,MN,TP. HCM,8,22314
2025-02-12,MN,Đồng Tháp,ĐB,39588
2025-02-12,MN,Đồng Tháp,1,36223
2025-02-12,MN,Đồng Tháp,2,64486
2025-02-12,MN,Đồng Tháp,3,18162 - 63751 - 77958 - 95805 - 66854 - 79333
2025-02-12,MN,Đồng Tháp,4,63394 - 99927 - 95867 - 90310 - 31295 - 60768
2025-02-12,MN,Đồng Tháp,5,17510 - 08482 - 21626
2025-02-12,MN,Đồng Tháp,6,74821 - 55699 - 80400
2025-02-12,MN,Đồng Tháp,7,45616 - 07984 - 80206 - 54651
2025-02-12,MN,Đồng Tháp,8,94196
2025-02-12,MN,Cà Mau,ĐB,60831
2025-02-12,MN,Cà Mau,1,18834
2025-02-12,MN,Cà Mau,2,65219
2025-02-12,MN,Cà Mau,3,70398 - 17182 - 19245 - 30737 - 93078 - 06157
2025-02-12,MN,Cà Mau,4,45336 - 73295 - 27875 - 55100 - 59492 - 85244
2025-02-12,MN,Cà Mau,5,10987 - 37430 - 10695
2025-02-12,MN,Cà Mau,6,83523 - 66287 - 73190
2025-02-12,MN,Cà Mau,7,01210 - 05768 - 83928 - 31880
2025-02-12,MN,Cà Mau,8,75120
2025-02-13,MB,Hà Nội,ĐB,65594
2025-02-13,MB,Hà Nội,1,67047
2025-02-13,MB,Hà Nội,2,84717
2025-02-13,MB,Hà Nội,3,66418 - 21054 - 07982 - 18226 - 24924 - 23916
2025-02-13,MB,Hà Nội,4,60733 - 68928 - 74363 - 46438 - 18094 - 90302
2025-02-13,MB,Hà Nội,5,20576 - 31298 - 26211
2025-02-13,MB,Hà Nội,6,03853 - 62915 - 31330
2025-02-13,MB,Hà Nội,7,98801 - 27211 - 07229 - 05546
2025-02-13,MT,Đà Nẵng,ĐB,29418
2025-02-13,MT,Đà Nẵng,1,44320
2025-02-13,MT,Đà Nẵng,2,80083
2025-02-13,MT,Đà Nẵng,3,35471 - 82048 - 71247 - 42946 - 57579 - 62948
2025-02-13,MT,Đà Nẵng,4,97100 - 11224 - 19258 - 12503 - 16000 - 02275
2025-02-13,MT,Đà Nẵng,5,29601 - 88071 - 02124
2025-02-13,MT,Đà Nẵng,6,66539 - 37613 - 60837
2025-02-13,MT,Đà Nẵng,7,90232 - 05307 - 80385 - 38993
2025-02-13,MT,Đà Nẵng,8,45546
2025-02-13,MT,Khánh Hòa,ĐB,61397
2025-02-13,MT,Khánh Hòa,1,22235
2025-02-13,MT,Khánh Hòa,2,74002
2025-02-13,MT,Khánh Hòa,3,61682 - 53737 - 43765 - 11603 - 83228 - 74086
2025-02-13,MT,Khánh Hòa,4,36957 - 32591 - 60404 - 91753 - 56595 - 91330
2025-02-13,MT,Khánh Hòa,5,08803 - 86723 - 43204
2025-02-13,MT,Khánh Hòa,6,18760 - 32895 - 40002
2025-02-13,MT,Khánh Hòa,7,60751 - 95824 - 56339 - 51775
2025-02-13,MT,Khánh Hòa,8,59281
2025-02-13,MN,TP. HCM,ĐB,78024
2025-02-13,MN,TP. HCM,1,31825
2025-02-13,MN,TP. HCM,2,96894
2025-02-13,MN,TP. HCM,3,02397 - 30836 - 44381 - 45275 - 72772 - 40099
2025-02-13,MN,TP. HCM,4,07074 - 16745 - 49014 - 84035 - 91476 - 40381
2025-02-13,MN,TP. HCM,5,11020 - 69480 - 72465
2025-02-13,MN,TP. HCM,6,09001 - 22749 - 18756
2025-02-13,MN,TP. HCM,7,97070 - 73445 - 18594 - 14171
2025-02-13,MN,TP. HCM,8,12136
2025-02-13,MN,Đồng Tháp,ĐB,72941
2025-02-13,MN,Đồng Tháp,1,21171
2025-02-13,MN,Đồng Tháp,2,03266
2025-02-13,MN,Đồng Tháp,3,21491 - 42160 - 98820 - 88118 - 27035 - 91989
2025-02-13,MN,Đồng Tháp,4,95653 - 51237 - 00444 - 77827 - 45562 - 28815
2025-02-13,MN,Đồng Tháp,5,92210 - 09614 - 38724
2025-02-13,MN,Đồng Tháp,6,06244 - 91121 - 65022
2025-02-13,MN,Đồng Tháp,7,53014 - 55921 - 34841 - 52435
2025-02-13,MN,Đồng Tháp,8,39399
2025-02-13,MN,Cà Mau,ĐB,88684
2025-02-13,MN,Cà Mau,1,93680
2025-02-13,MN,Cà Mau,2,33004
2025-02-13,MN,Cà Mau,3,38199 - 47014 - 99283 - 49609 - 67745 - 13815
2025-02-13,MN,Cà Mau,4,15634 - 46019 - 96630 - 59449 - 05019 - 46933
2025-02-13,MN,Cà Mau,5,24266 - 67043 - 23970
2025-02-13,MN,Cà Mau,6,70191 - 84499 - 50713
2025-02-13,MN,Cà Mau,7,11843 - 66684 - 43086 - 52121
2025-02-13,MN,Cà Mau,8,86288
2025-02-14,MB,Hà Nội,ĐB,81056
2025-02-14,MB,Hà Nội,1,98037
2025-02-14,MB,Hà Nội,2,81493
2025-02-14,MB,Hà Nội,3,93105 - 37200 - 74715 - 13929 - 24874 - 11679
2025-02-14,MB,Hà Nội,4,22916 - 96443 - 02313 - 66451 - 95980 - 69917
2025-02-14,MB,Hà Nội,5,09742 - 18327 - 01335
2025-02-14,MB,Hà Nội,6,37878 - 01252 - 56893
2025-02-14,MB,Hà Nội,7,08058 - 97847 - 72744 - 16378
2025-02-14,MT,Đà Nẵng,ĐB,38634
2025-02-14,MT,Đà Nẵng,1,24468
2025-02-14,MT,Đà Nẵng,2,22123
2025-02-14,MT,Đà Nẵng,3,77000 - 92417 - 99595 - 61111 - 33656 - 20126
2025-02-14,MT,Đà Nẵng,4,14477 - 91040 - 60021 - 31633 - 37693 - 24614
2025-02-14,MT,Đà Nẵng,5,07250 - 18586 - 32980
2025-02-14,MT,Đà Nẵng,6,94841 - 75798 - 53390
2025-02-14,MT,Đà Nẵng,7,85576 - 83297 - 92190 - 13756
2025-02-14,MT,Đà Nẵng,8,83801
2025-02-14,MT,Khánh Hòa,ĐB,90634
2025-02-14,MT,Khánh Hòa,1,58977
2025-02-14,MT,Khánh Hòa,2,20596
2025-02-14,MT,Khánh Hòa,3,26390 - 36188 - 19612 - 52619 - 54997 - 18649
2025-02-14,MT,Khánh Hòa,4,21616 - 28100 - 64124 - 62140 - 71117 - 68216
2025-02-14,MT,Khánh Hòa,5,67336 - 38197 - 96627
2025-02-14,MT,Khánh Hòa,6,36401 - 33952 - 97942
2025-02-14,MT,Khánh Hòa,7,08241 - 62217 - 25735 - 13954
2025-02-14,MT,Khánh Hòa,8,45866
2025-02-14,MN,TP. HCM,ĐB,46504
2025-02-14,MN,TP. HCM,1,71959
2025-02-14,MN,TP. HCM,2,64665
2025-02-14,MN,TP. HCM,3,93769 - 18442 - 67884 - 11465 - 97347 - 08156
2025-02-14,MN,TP. HCM,4,24223 - 40660 - 59119 - 89389 - 14592 - 94337
2025-02-14,MN,TP. HCM,5,70699 - 71193 - 37698
2025-02-14,MN,TP. HCM,6,32597 - 23163 - 91806
2025-02-14,MN,TP. HCM,7,55295 - 04500 - 80034 - 47734
2025-02-14,MN,TP. HCM,8,17579
2025-02-14,MN,Đồng Tháp,ĐB,73980
2025-02-14,MN,Đồng Tháp,1,76643
2025-02-14,MN,Đồng Tháp,2,32387
2025-02-14,MN,Đồng Tháp,3,35277 - 54779 - 08629 - 73523 - 62105 - 41191
2025-02-14,MN,Đồng Tháp,4,76427 - 89622 - 44970 - 26337 - 29904 - 47082
2025-02-14,MN,Đồng Tháp,5,93883 - 93287 - 62851
2025-02-14,MN,Đồng Tháp,6,21856 - 89977 - 52242
2025-02-14,MN,Đồng Tháp,7,82308 - 69971 - 42732 - 28629
2025-02-14,MN,Đồng Tháp,8,95786
2025-02-14,MN,Cà Mau,ĐB,66262
2025-02-14,MN,Cà Mau,1,01499
2025-02-14,MN,Cà Mau,2,29679
2025-02-14,MN,Cà Mau,3,29300 - 84161 - 64403 - 78266 - 38066 - 17623
2025-02-14,MN,Cà Mau,4,62335 - 11658 - 29250 - 30007 - 96210 - 28139
2025-02-14,MN,Cà Mau,5,17029 - 22972 - 56950
2025-02-14,MN,Cà Mau,6,44571 - 82702 - 13648
2025-02-14,MN,Cà Mau,7,74654 - 97937 - 16359 - 07750
2025-02-14,MN,Cà Mau,8,64897
2025-02-15,MB,Hà Nội,ĐB,00486
2025-02-15,MB,Hà Nội,1,31164
2025-02-15,MB,Hà Nội,2,38351
2025-02-15,MB,Hà Nội,3,51685 - 07424 - 08575 - 82533 - 52533 - 31226
2025-02-15,MB,Hà Nội,4,44343 - 33242 - 08357 - 80743 - 63328 - 53661
2025-02-15,MB,Hà Nội,5,39828 - 51643 - 33015
2025-02-15,MB,Hà Nội,6,26000 - 41010 - 26745
2025-02-15,MB,Hà Nội,7,12741 - 64056 - 41831 - 11710
2025-02-15,MT,Đà Nẵng,ĐB,27041
2025-02-15,MT,Đà Nẵng,1,92381
2025-02-15,MT,Đà Nẵng,2,23028
2025-02-15,MT,Đà Nẵng,3,83602 - 65995 - 62199 - 04740 - 19409 - 72470
2025-02-15,MT,Đà Nẵng,4,49358 - 70316 - 91389 - 81153 - 02783 - 54773
2025-02-15,MT,Đà Nẵng,5,44731 - 61646 - 27501
2025-02-15,MT,Đà Nẵng,6,03842 - 78204 - 91324
2025-02-15,MT,Đà Nẵng,7,58946 - 63929 - 30944 - 79608
2025-02-15,MT,Đà Nẵng,8,89973
2025-02-15,MT,Khánh Hòa,ĐB,60884
2025-02-15,MT,Khánh Hòa,1,50827
2025-02-15,MT,Khánh Hòa,2,97252
2025-02-15,MT,Khánh Hòa,3,54495 - 08254 - 41294 - 95622 - 44884 - 40557
2025-02-15,MT,Khánh Hòa,4,90516 - 96639 - 14259 - 66220 - 92190 - 34151
2025-02-15,MT,Khánh Hòa,5,74475 - 46997 - 82433
2025-02-15,MT,Khánh Hòa,6,38599 - 25773 - 95723
2025-02-15,MT,Khánh Hòa,7,11008 - 87968 - 74674 - 11088
2025-02-15,MT,Khánh Hòa,8,71611
2025-02-15,MN,TP. HCM,ĐB,15853
2025-02-15,MN,TP. HCM,1,58991
2025-02-15,MN,TP. HCM,2,82334
2025-02-15,MN,TP. HCM,3,80000 - 10222 - 42103 - 06286 - 98357 - 51202
2025-02-15,MN,TP. HCM,4,61374 - 87063 - 29946 - 52926 - 82657 - 17343
2025-02-15,MN,TP. HCM,5,28602 - 00268 - 23207
2025-02-15,MN,TP. HCM,6,15578 - 07434 - 81089
2025-02-15,MN,TP. HCM,7,58037 - 80837 - 92899 - 26765
2025-02-15,MN,TP. HCM,8,09882
2025-02-15,MN,Đồng Tháp,ĐB,84110
2025-02-15,MN,Đồng Tháp,1,73063
2025-02-15,MN,Đồng Tháp,2,22949
2025-02-15,MN,Đồng Tháp,3,17188 - 29591 - 28876 - 68624 - 02666 - 86131
2025-02-15,MN,Đồng Tháp,4,85987 - 72190 - 68621 - 02152 - 95031 - 18703
2025-02-15,MN,Đồng Tháp,5,69681 - 89591 - 48249
2025-02-15,MN,Đồng Tháp,6,44159 - 75020 - 17170
2025-02-15,MN,Đồng Tháp,7,54271 - 49757 - 97163 - 00506
2025-02-15,MN,Đồng Tháp,8,56159
2025-02-15,MN,Cà Mau,ĐB,78991
2025-02-15,MN,Cà Mau,1,87823
2025-02-15,MN,Cà Mau,2,21335
2025-02-15,MN,Cà Mau,3,58061 - 45927 - 84597 - 22147 - 57838 - 54965
2025-02-15,MN,Cà Mau,4,80737 - 50007 - 41010 - 04383 - 16061 - 45226
2025-02-15,MN,Cà Mau,5,47887 - 39162 - 23352
2025-02-15,MN,Cà Mau,6,97247 - 12861 - 91105
2025-02-15,MN,Cà Mau,7,89320 - 89033 - 40593 - 63176
2025-02-15,MN,Cà Mau,8,45930
2025-02-16,MB,Hà Nội,ĐB,09550
2025-02-16,MB,Hà Nội,1,45841
2025-02-16,MB,Hà Nội,2,96080
2025-02-16,MB,Hà Nội,3,06101 - 38144 - 68924 - 61204 - 97949 - 77058
2025-02-16,MB,Hà Nội,4,36027 - 74249 - 88737 - 81821 - 50790 - 67340
2025-02-16,MB,Hà Nội,5,49094 - 65229 - 92391
2025-02-16,MB,Hà Nội,6,49254 - 38501 - 17513
2025-02-16,MB,Hà Nội,7,98885 - 59512 - 52601 - 97660
2025-02-16,MT,Đà Nẵng,ĐB,29625
2025-02-16,MT,Đà Nẵng,1,44523
2025-02-16,MT,Đà Nẵng,2,03891
2025-02-16,MT,Đà Nẵng,3,32963 - 09854 - 11070 - 34840 - 12407 - 04200
2025-02-16,MT,Đà Nẵng,4,12955 - 01977 - 24049 - 03508 - 53743 - 71816
2025-02-16,MT,Đà Nẵng,5,98651 - 79594 - 41397
2025-02-16,MT,Đà Nẵng,6,13478 - 01636 - 18065
2025-02-16,MT,Đà Nẵng,7,72664 - 91731 - 06812 - 22186
2025-02-16,MT,Đà Nẵng,8,48482
2025-02-16,MT,Khánh Hòa,ĐB,99703
2025-02-16,MT,Khánh Hòa,1,99270
2025-02-16,MT,Khánh Hòa,2,15631
2025-02-16,MT,Khánh Hòa,3,93906 - 39369 - 21300 - 99398 - 52665 - 58503
2025-02-16,MT,Khánh Hòa,4,75150 - 39322 - 06522 - 77277 - 17665 - 18699
2025-02-16,MT,Khánh Hòa,5,41583 - 54071 - 37487
2025-02-16,MT,Khánh Hòa,6,33838 - 31127 - 95112
2025-02-16,MT,Khánh Hòa,7,76864 - 49118 - 80940 - 99505
2025-02-16,MT,Khánh Hòa,8,89982
2025-02-16,MN,TP. HCM,ĐB,90127
2025-02-16,MN,TP. HCM,1,38842
2025-02-16,MN,TP. HCM,2,91257
2025-02-16,MN,TP. HCM,3,92513 - 73094 - 32486 - 17997 - 24654 - 66818
2025-02-16,MN,TP. HCM,4,26769 - 78971 - 28160 - 20369 - 59918 - 94598
2025-02-16,MN,TP. HCM,5,35663 - 81396 - 54551
2025-02-16,MN,TP. HCM,6,19903 - 76397 - 32055
2025-02-16,MN,TP. HCM,7,78729 - 14962 - 92990 - 81482
2025-02-16,MN,TP. HCM,8,54400
2025-02-16,MN,Đồng Tháp,ĐB,14402
2025-02-16,MN,Đồng Tháp,1,24037
2025-02-16,MN,Đồng Tháp,2,18016
2025-02-16,MN,Đồng Tháp,3,69093 - 55396 - 13312 - 14176 - 14859 - 94832
2025-02-16,MN,Đồng Tháp,4,04395 - 61682 - 70093 - 63252 - 71427 - 36695
2025-02-16,MN,Đồng Tháp,5,86047 - 05390 - 08999
2025-02-16,MN,Đồng Tháp,6,34318 - 39778 - 06394
2025-02-16,MN,Đồng Tháp,7,32847 - 72349 - 74071 - 61470
2025-02-16,MN,Đồng Tháp,8,91695
2025-02-16,MN,Cà Mau,ĐB,53300
2025-02-16,MN,Cà Mau,1,55248
2025-02-16,MN,Cà Mau,2,12649
2025-02-16,MN,Cà Mau,3,24809 - 40461 - 61519 - 90648 - 13521 - 22544
2025-02-16,MN,Cà Mau,4,08788 - 68005 - 63947 - 67095 - 16189 - 45008
2025-02-16,MN,Cà Mau,5,66602 - 20355 - 24275
2025-02-16,MN,Cà Mau,6,79951 - 81174 - 77837
2025-02-16,MN,Cà Mau,7,01511 - 60046 - 94060 - 72682
2025-02-16,MN,Cà Mau,8,03964
2025-02-17,MB,Hà Nội,ĐB,04906
2025-02-17,MB,Hà Nội,1,31624
2025-02-17,MB,Hà Nội,2,20288
2025-02-17,MB,Hà Nội,3,17622 - 96344 - 94962 - 63714 - 50764 - 88602
2025-02-17,MB,Hà Nội,4,94346 - 44184 - 10898 - 65574 - 38002 - 65542
2025-02-17,MB,Hà Nội,5,47038 - 19986 - 80240
2025-02-17,MB,Hà Nội,6,19729 - 23863 - 42096
2025-02-17,MB,Hà Nội,7,56640 - 76812 - 67049 - 95656
2025-02-17,MT,Đà Nẵng,ĐB,02672
2025-02-17,MT,Đà Nẵng,1,99782
2025-02-17,MT,Đà Nẵng,2,07394
2025-02-17,MT,Đà Nẵng,3,21599 - 38138 - 09493 - 18512 - 86544 - 20142
2025-02-17,MT,Đà Nẵng,4,86705 - 06948 - 07341 - 09892 - 72250 - 64300
2025-02-17,MT,Đà Nẵng,5,03962 - 75858 - 68726
2025-02-17,MT,Đà Nẵng,6,40680 - 19842 - 30672
2025-02-17,MT,Đà Nẵng,7,10849 - 09662 - 27473 - 17156
2025-02-17,MT,Đà Nẵng,8,12465
2025-02-17,MT,Khánh Hòa,ĐB,25328
2025-02-17,MT,Khánh Hòa,1,53011
2025-02-17,MT,Khánh Hòa,2,56717
2025-02-17,MT,Khánh Hòa,3,95402 - 52902 - 89340 - 00152 - 91900 - 38936
2025-02-17,MT,Khánh Hòa,4,53736 - 72932 - 72596 - 35302 - 01227 - 27398
2025-02-17,MT,Khánh Hòa,5,23864 - 67509 - 89975
2025-02-17,MT,Khánh Hòa,6,34522 - 76956 - 97672
2025-02-17,MT,Khánh Hòa,7,48011 - 14949 - 67642 - 97607
2025-02-17,MT,Khánh Hòa,8,86155
2025-02-17,MN,TP. HCM,ĐB,56442
2025-02-17,MN,TP. HCM,1,43408
2025-02-17,MN,TP. HCM,2,47309
2025-02-17,MN,TP. HCM,3,27722 - 94478 - 65237 - 27057 - 02998 - 57759
2025-02-17,MN,TP. HCM,4,25041 - 21695 - 56042 - 84766 - 82516 - 58139
2025-02-17,MN,TP. HCM,5,32187 - 04121 - 26878
2025-02-17,MN,TP. HCM,6,58571 - 69629 - 05237
2025-02-17,MN,TP. HCM,7,92616 - 56781 - 65997 - 86786
2025-02-17,MN,TP. HCM,8,30288
2025-02-17,MN,Đồng Tháp,ĐB,73189
2025-02-17,MN,Đồng Tháp,1,07655
2025-02-17,MN,Đồng Tháp,2,75449
2025-02-17,MN,Đồng Tháp,3,91898 - 29748 - 31972 - 13138 - 20376 - 25156
2025-02-17,MN,Đồng Tháp,4,51590 - 74303 - 60969 - 41416 - 99845 - 67795
2025-02-17,MN,Đồng Tháp,5,90052 - 76190 - 44657
2025-02-17,MN,Đồng Tháp,6,32109 - 28093 - 30047
2025-02-17,MN,Đồng Tháp,7,50488 - 79740 - 10492 - 24643
2025-02-17,MN,Đồng Tháp,8,93254
2025-02-17,MN,Cà Mau,ĐB,21825
2025-02-17,MN,Cà Mau,1,44606
2025-02-17,MN,Cà Mau,2,60207
2025-02-17,MN,Cà Mau,3,96337 - 57142 - 58988 - 71498 - 76093 - 47214
2025-02-17,MN,Cà Mau,4,52444 - 22127 - 31197 - 24347 - 54857 - 69627
2025-02-17,MN,Cà Mau,5,57885 - 90345 - 42737
2025-02-17,MN,Cà Mau,6,81117 - 44507 - 53615
2025-02-17,MN,Cà Mau,7,57355 - 08946 - 33531 - 76670
2025-02-17,MN,Cà Mau,8,00233
2025-02-18,MB,Hà Nội,ĐB,73094
2025-02-18,MB,Hà Nội,1,82637
2025-02-18,MB,Hà Nội,2,70494
2025-02-18,MB,Hà Nội,3,36684 - 56187 - 32938 - 66914 - 80531 - 09068
2025-02-18,MB,Hà Nội,4,18866 - 01381 - 45096 - 09412 - 26513 - 08469
2025-02-18,MB,Hà Nội,5,25018 - 18355 - 01777
2025-02-18,MB,Hà Nội,6,59584 - 10686 - 72382
2025-02-18,MB,Hà Nội,7,89307 - 69399 - 16129 - 41701
2025-02-18,MT,Đà Nẵng,ĐB,61843
2025-02-18,MT,Đà Nẵng,1,12330
2025-02-18,MT,Đà Nẵng,2,44345
2025-02-18,MT,Đà Nẵng,3,79311 - 16659 - 59380 - 79211 - 24827 - 49951
2025-02-18,MT,Đà Nẵng,4,69394 - 98220 - 71426 - 94040 - 27611 - 65002
2025-02-18,MT,Đà Nẵng,5,24430 - 60153 - 25766
2025-02-18,MT,Đà Nẵng,6,67681 - 59469 - 25861
2025-02-18,MT,Đà Nẵng,7,60828 - 71909 - 95513 - 62295
2025-02-18,MT,Đà Nẵng,8,48554
2025-02-18,MT,Khánh Hòa,ĐB,82781
2025-02-18,MT,Khánh Hòa,1,55610
2025-02-18,MT,Khánh Hòa,2,63789
2025-02-18,MT,Khánh Hòa,3,55222 - 83591 - 58439 - 15985 - 82572 - 67323
2025-02-18,MT,Khánh Hòa,4,77168 - 71390 - 10162 - 83271 - 52722 - 94352
2025-02-18,MT,Khánh Hòa,5,96332 - 87812 - 80293
2025-02-18,MT,Khánh Hòa,6,80080 - 60829 - 97967
2025-02-18,MT,Khánh Hòa,7,60199 - 82616 - 32989 - 14670
2025-02-18,MT,Khánh Hòa,8,16072
2025-02-18,MN,TP. HCM,ĐB,19373
2025-02-18,MN,TP. HCM,1,04383
2025-02-18,MN,TP. HCM,2,91042
2025-02-18,MN,TP. HCM,3,36994 - 67959 - 41742 - 00163 - 19671 - 72582
2025-02-18,MN,TP. HCM,4,03445 - 48226 - 91764 - 82526 - 93630 - 99936
2025-02-18,MN,TP. HCM,5,30440 - 91769 - 56135
2025-02-18,MN,TP. HCM,6,41006 - 53689 - 53872
2025-02-18,MN,TP. HCM,7,11535 - 56206 - 56962 - 35720
2025-02-18,MN,TP. HCM,8,56165
2025-02-18,MN,Đồng Tháp,ĐB,85562
2025-02-18,MN,Đồng Tháp,1,89475
2025-02-18,MN,Đồng Tháp,2,25249
2025-02-18,MN,Đồng Tháp,3,15210 - 89704 - 06509 - 50282 - 32634 - 39091
2025-02-18,MN,Đồng Tháp,4,73152 - 86035 - 13656 - 67228 - 39958 - 50127
2025-02-18,MN,Đồng Tháp,5,24997 - 35906 - 93503
2025-02-18,MN,Đồng Tháp,6,05902 - 14493 - 88206
2025-02-18,MN,Đồng Tháp,7,00850 - 88937 - 49288 - 11390
2025-02-18,MN,Đồng Tháp,8,65780
2025-02-18,MN,Cà Mau,ĐB,78076
2025-02-18,MN,Cà Mau,1,04205
2025-02-18,MN,Cà Mau,2,03748
2025-02-18,MN,Cà Mau,3,88614 - 63938 - 76975 - 46676 - 84572 - 57934
2025-02-18,MN,Cà Mau,4,75624 - 18866 - 97652 - 96501 - 31233 - 24189
2025-02-18,MN,Cà Mau,5,12569 - 27723 - 46052
2025-02-18,MN,Cà Mau,6,11807 - 03639 - 01390
2025-02-18,MN,Cà Mau,7,50516 - 96318 - 33942 - 58127
2025-02-18,MN,Cà Mau,8,76930
2025-02-19,MB,Hà Nội,ĐB,31020
2025-02-19,MB,Hà Nội,1,89537
2025-02-19,MB,Hà Nội,2,43907
2025-02-19,MB,Hà Nội,3,50486 - 70797 - 49114 - 44268 - 08030 - 36925
2025-02-19,MB,Hà Nội,4,29810 - 08521 - 21408 - 83431 - 51450 - 63639
2025-02-19,MB,Hà Nội,5,72505 - 58508 - 10003
2025-02-19,MB,Hà Nội,6,80616 - 58483 - 07502
2025-02-19,MB,Hà Nội,7,30300 - 92952 - 74200 - 00805
2025-02-19,MT,Đà Nẵng,ĐB,93197
2025-02-19,MT,Đà Nẵng,1,72289
2025-02-19,MT,Đà Nẵng,2,92882
2025-02-19,MT,Đà Nẵng,3,51977 - 50647 - 14524 - 74449 - 14279 - 40578
2025-02-19,MT,Đà Nẵng,4,51503 - 83291 - 07412 - 73665 - 14496 - 91904
2025-02-19,MT,Đà Nẵng,5,87847 - 87291 - 34217
2025-02-19,MT,Đà Nẵng,6,15885 - 98462 - 08978
2025-02-19,MT,Đà Nẵng,7,76625 - 42084 - 23488 - 47705
2025-02-19,MT,Đà Nẵng,8,17968
2025-02-19,MT,Khánh Hòa,ĐB,60696
2025-02-19,MT,Khánh Hòa,1,62632
2025-02-19,MT,Khánh Hòa,2,90370
2025-02-19,MT,Khánh Hòa,3,01069 - 33808 - 72225 - 23673 - 07522 - 48002
2025-02-19,MT,Khánh Hòa,4,96179 - 62690 - 73213 - 18843 - 45403 - 80097
2025-02-19,MT,Khánh Hòa,5,82581 - 89961 - 12629
2025-02-19,MT,Khánh Hòa,6,18763 - 87627 - 66009
2025-02-19,MT,Khánh Hòa,7,18201 - 67866 - 49359 - 65301
2025-02-19,MT,Khánh Hòa,8,90064
2025-02-19,MN,TP. HCM,ĐB,93285
2025-02-19,MN,TP. HCM,1,56345
2025-02-19,MN,TP. HCM,2,23752
2025-02-19,MN,TP. HCM,3,77907 - 66802 - 23894 - 82179 - 38660 - 27060
2025-02-19,MN,TP. HCM,4,86586 - 43395 - 64264 - 08609 - 45833 - 66508
2025-02-19,MN,TP. HCM,5,54792 - 18595 - 89464
2025-02-19,MN,TP. HCM,6,21128 - 15957 - 31677
2025-02-19,MN,TP. HCM,7,57198 - 61464 - 04247 - 88398
2025-02-19,MN,TP. HCM,8,50465
2025-02-19,MN,Đồng Tháp,ĐB,84416
2025-02-19,MN,Đồng Tháp,1,01578
2025-02-19,MN,Đồng Tháp,2,88095
2025-02-19,MN,Đồng Tháp,3,24431 - 11314 - 76907 - 43721 - 03481 - 33951
2025-02-19,MN,Đồng Tháp,4,90164 - 79820 - 02599 - 86926 - 34308 - 47862
2025-02-19,MN,Đồng Tháp,5,77708 - 47268 - 99504
2025-02-19,MN,Đồng Tháp,6,74927 - 59247 - 21677
2025-02-19,MN,Đồng Tháp,7,19808 - 88250 - 88451 - 01016
2025-02-19,MN,Đồng Tháp,8,54219
2025-02-19,MN,Cà Mau,ĐB,81869
2025-02-19,MN,Cà Mau,1,40586
2025-02-19,MN,Cà Mau,2,94170
2025-02-19,MN,Cà Mau,3,25562 - 59426 - 77493 - 83291 - 25295 - 55688
2025-02-19,MN,Cà Mau,4,50244 - 39158 - 14610 - 80700 - 37751 - 57407
2025-02-19,MN,Cà Mau,5,53789 - 61915 - 25039
2025-02-19,MN,Cà Mau,6,52677 - 65880 - 78700
2025-02-19,MN,Cà Mau,7,73367 - 58671 - 45652 - 64297
2025-02-19,MN,Cà Mau,8,70736
2025-02-20,MB,Hà Nội,ĐB,78419
2025-02-20,MB,Hà Nội,1,69318
2025-02-20,MB,Hà Nội,2,86794
2025-02-20,MB,Hà Nội,3,37068 - 00218 - 83718 - 58390 - 96809 - 07200
2025-02-20,MB,Hà Nội,4,56277 - 79797 - 78140 - 66597 - 82379 - 67994
2025-02-20,MB,Hà Nội,5,62618 - 80508 - 89141
2025-02-20,MB,Hà Nội,6,69629 - 20150 - 71999
2025-02-20,MB,Hà Nội,7,89132 - 74806 - 20032 - 74440
2025-02-20,MT,Đà Nẵng,ĐB,50947
2025-02-20,MT,Đà Nẵng,1,10250
2025-02-20,MT,Đà Nẵng,2,90118
2025-02-20,MT,Đà Nẵng,3,70961 - 06759 - 77707 - 26756 - 93115 - 09884
2025-02-20,MT,Đà Nẵng,4,33073 - 49100 - 15808 - 50438 - 61850 - 83794
2025-02-20,MT,Đà Nẵng,5,72524 - 84365 - 24216
2025-02-20,MT,Đà Nẵng,6,22585 - 11833 - 33160
2025-02-20,MT,Đà Nẵng,7,24686 - 63892 - 93183 - 14630
2025-02-20,MT,Đà Nẵng,8,13264
2025-02-20,MT,Khánh Hòa,ĐB,13639
2025-02-20,MT,Khánh Hòa,1,50239
2025-02-20,MT,Khánh Hòa,2,33879
2025-02-20,MT,Khánh Hòa,3,10515 - 42159 - 78056 - 74920 - 93847 - 65406
2025-02-20,MT,Khánh Hòa,4,73950 - 10646 - 17035 - 41293 - 06667 - 02612
2025-02-20,MT,Khánh Hòa,5,29280 - 77052 - 37920
2025-02-20,MT,Khánh Hòa,6,46888 - 22315 - 73803
2025-02-20,MT,Khánh Hòa,7,90677 - 97734 - 46027 - 27757
2025-02-20,MT,Khánh Hòa,8,29280
2025-02-20,MN,TP. HCM,ĐB,34285
2025-02-20,MN,TP. HCM,1,73713
2025-02-20,MN,TP. HCM,2,60089
2025-02-20,MN,TP. HCM,3,43789 - 22384 - 76577 - 97268 - 11339 - 04628
2025-02-20,MN,TP. HCM,4,00440 - 21308 - 88391 - 27343 - 78203 - 36375
2025-02-20,MN,TP. HCM,5,68540 - 99603 - 63243
2025-02-20,MN,TP. HCM,6,12085 - 67803 - 46152
2025-02-20,MN,TP. HCM,7,25144 - 87363 - 74694 - 09764
2025-02-20,MN,TP. HCM,8,41591
2025-02-20,MN,Đồng Tháp,ĐB,93698
2025-02-20,MN,Đồng Tháp,1,75198
2025-02-20,MN,Đồng Tháp,2,96109
2025-02-20,MN,Đồng Tháp,3,44788 - 47898 - 03441 - 64469 - 66321 - 28240
2025-02-20,MN,Đồng Tháp,4,69337 - 92442 - 37295 - 44420 - 35138 - 77095
2025-02-20,MN,Đồng Tháp,5,66535 - 23290 - 02561
2025-02-20,MN,Đồng Tháp,6,01918 - 66621 - 03672
2025-02-20,MN,Đồng Tháp,7,73683 - 12337 - 67093 - 73409
2025-02-20,MN,Đồng Tháp,8,76113
2025-02-20,MN,Cà Mau,ĐB,75557
2025-02-20,MN,Cà Mau,1,01768
2025-02-20,MN,Cà Mau,2,61164
2025-02-20,MN,Cà Mau,3,85639 - 11154 - 05008 - 85199 - 43003 - 78201
2025-02-20,MN,Cà Mau,4,85577 - 04631 - 58945 - 03833 - 99890 - 89311
2025-02-20,MN,Cà Mau,5,91021 - 36598 - 17643
2025-02-20,MN,Cà Mau,6,75224 - 82449 - 08649
2025-02-20,MN,Cà Mau,7,84720 - 23782 - 57982 - 68969
2025-02-20,MN,Cà Mau,8,10482
2025-02-21,MB,Hà Nội,ĐB,52959
2025-02-21,MB,Hà Nội,1,02682
2025-02-21,MB,Hà Nội,2,24848
2025-02-21,MB,Hà Nội,3,45389 - 23685 - 55939 - 92801 - 42771 - 04002
2025-02-21,MB,Hà Nội,4,57116 - 79334 - 27585 - 65917 - 36682 - 61593
2025-02-21,MB,Hà Nội,5,22651 - 08697 - 78807
2025-02-21,MB,Hà Nội,6,53513 - 67692 - 36940
2025-02-21,MB,Hà Nội,7,97892 - 33011 - 91508 - 08511
2025-02-21,MT,Đà Nẵng,ĐB,67822
2025-02-21,MT,Đà Nẵng,1,52274
2025-02-21,MT,Đà Nẵng,2,18954
2025-02-21,MT,Đà Nẵng,3,71907 - 06615 - 74948 - 41037 - 51135 - 56500
2025-02-21,MT,Đà Nẵng,4,58294 - 81662 - 03632 - 82671 - 12440 - 28155
2025-02-21,MT,Đà Nẵng,5,94402 - 90865 - 25252
2025-02-21,MT,Đà Nẵng,6,84049 - 34240 - 14273
2025-02-21,MT,Đà Nẵng,7,58753 - 51408 - 77745 - 02272
2025-02-21,MT,Đà Nẵng,8,96416
2025-02-21,MT,Khánh Hòa,ĐB,15732
2025-02-21,MT,Khánh Hòa,1,11076
2025-02-21,MT,Khánh Hòa,2,33079
2025-02-21,MT,Khánh Hòa,3,37411 - 04385 - 68881 - 95245 - 11810 - 44679
2025-02-21,MT,Khánh Hòa,4,62808 - 42286 - 78351 - 38152 - 53978 - 09291
2025-02-21,MT,Khánh Hòa,5,55714 - 05078 - 41466
2025-02-21,MT,Khánh Hòa,6,29439 - 55102 - 94207
2025-02-21,MT,Khánh Hòa,7,12913 - 19515 - 47764 - 22449
2025-02-21,MT,Khánh Hòa,8,29366
2025-02-21,MN,TP. HCM,ĐB,61736
2025-02-21,MN,TP. HCM,1,81977
2025-02-21,MN,TP. HCM,2,07670
2025-02-21,MN,TP. HCM,3,93346 - 68935 - 09636 - 36128 - 65257 - 21761
2025-02-21,MN,TP. HCM,4,24138 - 02902 - 21295 - 57577 - 24381 - 88185
2025-02-21,MN,TP. HCM,5,29720 - 67683 - 36802
2025-02-21,MN,TP. HCM,6,01071 - 61146 - 14843
2025-02-21,MN,TP. HCM,7,63236 - 69568 - 68144 - 72794
2025-02-21,MN,TP. HCM,8,66661
2025-02-21,MN,Đồng Tháp,ĐB,45355
2025-02-21,MN,Đồng Tháp,1,02035
2025-02-21,MN,Đồng Tháp,2,81080
2025-02-21,MN,Đồng Tháp,3,26795 - 44337 - 20402 - 67738 - 85968 - 63151
2025-02-21,MN,Đồng Tháp,4,48193 - 90748 - 35773 - 33854 - 15686 - 23759
2025-02-21,MN,Đồng Tháp,5,89179 - 96565 - 09050
2025-02-21,MN,Đồng Tháp,6,60250 - 61987 - 95622
2025-02-21,MN,Đồng Tháp,7,34912 - 00917 - 62414 - 85143
2025-02-21,MN,Đồng Tháp,8,98429
2025-02-21,MN,Cà Mau,ĐB,55328
2025-02-21,MN,Cà Mau,1,69955
2025-02-21,MN,Cà Mau,2,25927
2025-02-21,MN,Cà Mau,3,27461 - 01283 - 03427 - 40401 - 88210 - 22692
2025-02-21,MN,Cà Mau,4,45726 - 37044 - 74702 - 63687 - 49148 - 46717
2025-02-21,MN,Cà Mau,5,36691 - 89017 - 29566
2025-02-21,MN,Cà Mau,6,49686 - 30028 - 96601
2025-02-21,MN,Cà Mau,7,41673 - 47463 - 61986 - 38830
2025-02-21,MN,Cà Mau,8,46257
2025-02-22,MB,Hà Nội,ĐB,47024
2025-02-22,MB,Hà Nội,1,40998
2025-02-22,MB,Hà Nội,2,31490
2025-02-22,MB,Hà Nội,3,20039 - 12139 - 29991 - 58173 - 09171 - 63369
2025-02-22,MB,Hà Nội,4,23532 - 84163 - 41671 - 39594 - 43501 - 50002
2025-02-22,MB,Hà Nội,5,85033 - 53607 - 76870
2025-02-22,MB,Hà Nội,6,06445 - 56223 - 32105
2025-02-22,MB,Hà Nội,7,96585 - 51469 - 94499 - 48258
2025-02-22,MT,Đà Nẵng,ĐB,57451
2025-02-22,MT,Đà Nẵng,1,01021
2025-02-22,MT,Đà Nẵng,2,34913
2025-02-22,MT,Đà Nẵng,3,52398 - 72624 - 01268 - 15687 - 02813 - 77215
2025-02-22,MT,Đà Nẵng,4,17146 - 31066 - 87021 - 54021 - 67727 - 53201
2025-02-22,MT,Đà Nẵng,5,18894 - 96370 - 59055
2025-02-22,MT,Đà Nẵng,6,33019 - 59496 - 17257
2025-02-22,MT,Đà Nẵng,7,80753 - 36858 - 56183 - 12693
2025-02-22,MT,Đà Nẵng,8,98620
2025-02-22,MT,Khánh Hòa,ĐB,05934
2025-02-22,MT,Khánh Hòa,1,66157
2025-02-22,MT,Khánh Hòa,2,94779
2025-02-22,MT,Khánh Hòa,3,50984 - 74800 - 48793 - 40312 - 46010 - 09195
2025-02-22,MT,Khánh Hòa,4,27886 - 17520 - 61545 - 92078 - 64126 - 93258
2025-02-22,MT,Khánh Hòa,5,08221 - 59016 - 60847
2025-02-22,MT,Khánh Hòa,6,71004 - 17814 - 36869
2025-02-22,MT,Khánh Hòa,7,10662 - 49274 - 19142 - 74419
2025-02-22,MT,Khánh Hòa,8,97382
2025-02-22,MN,TP. HCM,ĐB,41248
2025-02-22,MN,TP. HCM,1,83872
2025-02-22,MN,TP. HCM,2,53430
2025-02-22,MN,TP. HCM,3,88230 - 20913 - 07064 - 12428 - 03738 - 43691
2025-02-22,MN,TP. HCM,4,94129 - 01513 - 13562 - 27398 - 74684 - 06280
2025-02-22,MN,TP. HCM,5,99226 - 60256 - 87784
2025-02-22,MN,TP. HCM,6,64559 - 73668 - 04719
2025-02-22,MN,TP. HCM,7,10903 - 12117 - 16053 - 19453
2025-02-22,MN,TP. HCM,8,75861
2025-02-22,MN,Đồng Tháp,ĐB,45661
2025-02-22,MN,Đồng Tháp,1,28571
2025-02-22,MN,Đồng Tháp,2,25907
2025-02-22,MN,Đồng Tháp,3,01772 - 91956 - 33198 - 80696 - 66505 - 59387
2025-02-22,MN,Đồng Tháp,4,31417 - 47295 - 60278 - 28484 - 05928 - 80015
2025-02-22,MN,Đồng Tháp,5,41736 - 11414 - 55435
2025-02-22,MN,Đồng Tháp,6,29401 - 96287 - 19116
2025-02-22,MN,Đồng Tháp,7,49275 - 65813 - 24668 - 24629
2025-02-22,MN,Đồng Tháp,8,99200
2025-02-22,MN,Cà Mau,ĐB,44018
2025-02-22,MN,Cà Mau,1,23133
2025-02-22,MN,Cà Mau,2,43159
2025-02-22,MN,Cà Mau,3,54514 - 71519 - 07567 - 71092 - 08425 - 90361
2025-02-22,MN,Cà Mau,4,83203 - 50056 - 57144 - 55748 - 59011 - 69775
2025-02-22,MN,Cà Mau,5,42598 - 64446 - 51895
2025-02-22,MN,Cà Mau,6,77126 - 50505 - 21106
2025-02-22,MN,Cà Mau,7,21544 - 91637 - 23155 - 51196
2025-02-22,MN,Cà Mau,8,65364
2025-02-23,MB,Hà Nội,ĐB,02594
2025-02-23,MB,Hà Nội,1,85757
2025-02-23,MB,Hà Nội,2,75968
2025-02-23,MB,Hà Nội,3,85878 - 35342 - 51727 - 85048 - 77482 - 97918
2025-02-23,MB,Hà Nội,4,70441 - 16191 - 12059 - 05526 - 14652 - 24397
2025-02-23,MB,Hà Nội,5,77042 - 09633 - 75281
2025-02-23,MB,Hà Nội,6,70989 - 50128 - 92294
2025-02-23,MB,Hà Nội,7,16525 - 05119 - 87476 - 88730
2025-02-23,MT,Đà Nẵng,ĐB,95709
2025-02-23,MT,Đà Nẵng,1,80315
2025-02-23,MT,Đà Nẵng,2,95648
2025-02-23,MT,Đà Nẵng,3,10720 - 90279 - 61909 - 09420 - 60871 - 05298
2025-02-23,MT,Đà Nẵng,4,85505 - 58910 - 67862 - 83983 - 43046 - 97132
2025-02-23,MT,Đà Nẵng,5,33537 - 96937 - 78176
2025-02-23,MT,Đà Nẵng,6,60626 - 14349 - 70154
2025-02-23,MT,Đà Nẵng,7,76051 - 52207 - 91111 - 74185
2025-02-23,MT,Đà Nẵng,8,61090
2025-02-23,MT,Khánh Hòa,ĐB,20268
2025-02-23,MT,Khánh Hòa,1,42456
2025-02-23,MT,Khánh Hòa,2,77308
2025-02-23,MT,Khánh Hòa,3,52855 - 77353 - 99615 - 52458 - 51209 - 98954
2025-02-23,MT,Khánh Hòa,4,93642 - 29417 - 83343 - 36894 - 29353 - 29715
2025-02-23,MT,Khánh Hòa,5,64263 - 61934 - 14097
2025-02-23,MT,Khánh Hòa,6,28768 - 38614 - 87903
2025-02-23,MT,Khánh Hòa,7,47313 - 35286 - 19489 - 59288
2025-02-23,MT,Khánh Hòa,8,31409
2025-02-23,MN,TP. HCM,ĐB,14448
2025-02-23,MN,TP. HCM,1,26910
2025-02-23,MN,TP. HCM,2,44321
2025-02-23,MN,TP. HCM,3,59487 - 65859 - 92936 - 66221 - 26796 - 67402
2025-02-23,MN,TP. HCM,4,29877 - 70698 - 12500 - 59257 - 95363 - 09464
2025-02-23,MN,TP. HCM,5,52421 - 12925 - 36311
2025-02-23,MN,TP. HCM,6,10020 - 87813 - 06256
2025-02-23,MN,TP. HCM,7,75106 - 63341 - 33388 - 87519
2025-02-23,MN,TP. HCM,8,80531
2025-02-23,MN,Đồng Tháp,ĐB,56084
2025-02-23,MN,Đồng Tháp,1,14383
2025-02-23,MN,Đồng Tháp,2,60183
2025-02-23,MN,Đồng Tháp,3,45023 - 26320 - 81694 - 92490 - 86751 - 71692
2025-02-23,MN,Đồng Tháp,4,95778 - 16164 - 67132 - 03402 - 39167 - 48535
2025-02-23,MN,Đồng Tháp,5,66626 - 97193 - 01463
2025-02-23,MN,Đồng Tháp,6,36274 - 63124 - 70693
2025-02-23,MN,Đồng Tháp,7,55141 - 07076 - 14739 - 17214
2025-02-23,MN,Đồng Tháp,8,68403
2025-02-23,MN,Cà Mau,ĐB,97596
2025-02-23,MN,Cà Mau,1,17885
2025-02-23,MN,Cà Mau,2,72710
2025-02-23,MN,Cà Mau,3,12603 - 02124 - 56642 - 13316 - 67789 - 10501
2025-02-23,MN,Cà Mau,4,15477 - 26420 - 51966 - 22919 - 26382 - 76549
2025-02-23,MN,Cà Mau,5,52087 - 30125 - 36577
2025-02-23,MN,Cà Mau,6,63831 - 02163 - 29934
2025-02-23,MN,Cà Mau,7,32649 - 42875 - 76789 - 84115
2025-02-23,MN,Cà Mau,8,67178
2025-02-24,MB,Hà Nội,ĐB,13528
2025-02-24,MB,Hà Nội,1,85845
2025-02-24,MB,Hà Nội,2,97800
2025-02-24,MB,Hà Nội,3,58716 - 71857 - 64356 - 08405 - 84356 - 98195
2025-02-24,MB,Hà Nội,4,15410 - 48364 - 86088 - 26762 - 89790 - 84881
2025-02-24,MB,Hà Nội,5,20776 - 88774 - 38554
2025-02-24,MB,Hà Nội,6,48024 - 64745 - 33015
2025-02-24,MB,Hà Nội,7,86065 - 07166 - 66457 - 65935
2025-02-24,MT,Đà Nẵng,ĐB,79409
2025-02-24,MT,Đà Nẵng,1,63673
2025-02-24,MT,Đà Nẵng,2,29303
2025-02-24,MT,Đà Nẵng,3,90185 - 29305 - 93221 - 11564 - 97740 - 92885
2025-02-24,MT,Đà Nẵng,4,55069 - 35722 - 60237 - 00701 - 28741 - 69024
2025-02-24,MT,Đà Nẵng,5,57955 - 55208 - 16147
2025-02-24,MT,Đà Nẵng,6,59463 - 21288 - 40500
2025-02-24,MT,Đà Nẵng,7,52369 - 66292 - 46938 - 90662
2025-02-24,MT,Đà Nẵng,8,06888
2025-02-24,MT,Khánh Hòa,ĐB,64053
2025-02-24,MT,Khánh Hòa,1,07627
2025-02-24,MT,Khánh Hòa,2,51123
2025-02-24,MT,Khánh Hòa,3,82233 - 11042 - 72811 - 78395 - 39850 - 17517
2025-02-24,MT,Khánh Hòa,4,37827 - 33338 - 94431 - 14304 - 44161 - 22664
2025-02-24,MT,Khánh Hòa,5,30036 - 81075 - 81751
2025-02-24,MT,Khánh Hòa,6,63339 - 21299 - 38583
2025-02-24,MT,Khánh Hòa,7,72009 - 84247 - 11114 - 42018
2025-02-24,MT,Khánh Hòa,8,67271
2025-02-24,MN,TP. HCM,ĐB,63142
2025-02-24,MN,TP. HCM,1,10851
2025-02-24,MN,TP. HCM,2,31985
2025-02-24,MN,TP. HCM,3,81312 - 30069 - 54930 - 02797 - 47224 - 03907
2025-02-24,MN,TP. HCM,4,46107 - 53453 - 35315 - 92285 - 00337 - 24272
2025-02-24,MN,TP. HCM,5,01646 - 07534 - 09307
2025-02-24,MN,TP. HCM,6,38334 - 36510 - 32774
2025-02-24,MN,TP. HCM,7,85279 - 33650 - 48549 - 29089
2025-02-24,MN,TP. HCM,8,36499
2025-02-24,MN,Đồng Tháp,ĐB,95166
2025-02-24,MN,Đồng Tháp,1,30842
2025-02-24,MN,Đồng Tháp,2,12762
2025-02-24,MN,Đồng Tháp,3,72115 - 02388 - 39769 - 18599 - 41880 - 60339
2025-02-24,MN,Đồng Tháp,4,42750 - 55862 - 12528 - 30519 - 49941 - 59452
2025-02-24,MN,Đồng Tháp,5,63510 - 68350 - 64055
2025-02-24,MN,Đồng Tháp,6,93419 - 46690 - 76669
2025-02-24,MN,Đồng Tháp,7,45716 - 58200 - 89055 - 69873
2025-02-24,MN,Đồng Tháp,8,48120
2025-02-24,MN,Cà Mau,ĐB,26490
2025-02-24,MN,Cà Mau,1,39532
2025-02-24,MN,Cà Mau,2,27471
2025-02-24,MN,Cà Mau,3,39058 - 06129 - 87727 - 81622 - 58536 - 29945
2025-02-24,MN,Cà Mau,4,71017 - 58173 - 55371 - 28401 - 84346 - 80255
2025-02-24,MN,Cà Mau,5,31308 - 85650 - 46259
2025-02-24,MN,Cà Mau,6,98034 - 81178 - 57486
2025-02-24,MN,Cà Mau,7,31866 - 07623 - 62052 - 28113
2025-02-24,MN,Cà Mau,8,82618
2025-02-25,MB,Hà Nội,ĐB,31017
2025-02-25,MB,Hà Nội,1,83129
2025-02-25,MB,Hà Nội,2,30965
2025-02-25,MB,Hà Nội,3,27039 - 40795 - 51080 - 50214 - 94241 - 96570
2025-02-25,MB,Hà Nội,4,16272 - 88023 - 74058 - 22593 - 44743 - 37456
2025-02-25,MB,Hà Nội,5,03206 - 29178 - 79715
2025-02-25,MB,Hà Nội,6,04990 - 15400 - 90008
2025-02-25,MB,Hà Nội,7,17385 - 48227 - 93073 - 89497
2025-02-25,MT,Đà Nẵng,ĐB,80466
2025-02-25,MT,Đà Nẵng,1,94458
2025-02-25,MT,Đà Nẵng,2,75375
2025-02-25,MT,Đà Nẵng,3,21831 - 19491 - 90459 - 48230 - 61377 - 66833
2025-02-25,MT,Đà Nẵng,4,99265 - 65513 - 73639 - 73445 - 96169 - 71339
2025-02-25,MT,Đà Nẵng,5,77524 - 88277 - 58172
2025-02-25,MT,Đà Nẵng,6,39450 - 31225 - 19293
2025-02-25,MT,Đà Nẵng,7,98505 - 38044 - 55468 - 95165
2025-02-25,MT,Đà Nẵng,8,38375
2025-02-25,MT,Khánh Hòa,ĐB,26265
2025-02-25,MT,Khánh Hòa,1,31901
2025-02-25,MT,Khánh Hòa,2,52200
2025-02-25,MT,Khánh Hòa,3,58250 - 63333 - 56377 - 03756 - 17132 - 15649
2025-02-25,MT,Khánh Hòa,4,12038 - 44770 - 61774 - 59241 - 76639 - 41550
2025-02-25,MT,Khánh Hòa,5,34621 - 03698 - 86817
2025-02-25,MT,Khánh Hòa,6,77336 - 75584 - 24321
2025-02-25,MT,Khánh Hòa,7,22827 - 35036 - 38043 - 25583
2025-02-25,MT,Khánh Hòa,8,25063
2025-02-25,MN,TP. HCM,ĐB,40610
2025-02-25,MN,TP. HCM,1,69085
2025-02-25,MN,TP. HCM,2,45133
2025-02-25,MN,TP. HCM,3,31125 - 50294 - 90716 - 36456 - 45287 - 70885
2025-02-25,MN,TP. HCM,4,38645 - 65060 - 95278 - 05543 - 33776 - 69513
2025-02-25,MN,TP. HCM,5,50414 - 43300 - 52613
2025-02-25,MN,TP. HCM,6,94094 - 53200 - 42619
2025-02-25,MN,TP. HCM,7,67671 - 94983 - 43771 - 08535
2025-02-25,MN,TP. HCM,8,43894
2025-02-25,MN,Đồng Tháp,ĐB,40021
2025-02-25,MN,Đồng Tháp,1,50446
2025-02-25,MN,Đồng Tháp,2,95610
2025-02-25,MN,Đồng Tháp,3,72374 - 37203 - 73608 - 86563 - 00057 - 86741
2025-02-25,MN,Đồng Tháp,4,39253 - 83960 - 59947 - 48796 - 08371 - 88517
2025-02-25,MN,Đồng Tháp,5,80851 - 77587 - 23107
2025-02-25,MN,Đồng Tháp,6,58614 - 32014 - 36188
2025-02-25,MN,Đồng Tháp,7,15403 - 32455 - 72586 - 15147
2025-02-25,MN,Đồng Tháp,8,02416
2025-02-25,MN,Cà Mau,ĐB,16065
2025-02-25,MN,Cà Mau,1,61545
2025-02-25,MN,Cà Mau,2,01292
2025-02-25,MN,Cà Mau,3,57617 - 67311 - 22988 - 77244 - 72753 - 73714
2025-02-25,MN,Cà Mau,4,12063 - 35822 - 17478 - 74093 - 17876 - 43401
2025-02-25,MN,Cà Mau,5,17697 - 00073 - 67886
2025-02-25,MN,Cà Mau,6,25182 - 17410 - 79008
2025-02-25,MN,Cà Mau,7,04574 - 02901 - 04359 - 86873
2025-02-25,MN,Cà Mau,8,97931
2025-02-26,MB,Hà Nội,ĐB,76160
2025-02-26,MB,Hà Nội,1,26821
2025-02-26,MB,Hà Nội,2,87798
2025-02-26,MB,Hà Nội,3,92853 - 98929 - 38820 - 54443 - 65537 - 21051
2025-02-26,MB,Hà Nội,4,10663 - 05770 - 57172 - 72139 - 93041 - 06164
2025-02-26,MB,Hà Nội,5,82269 - 06804 - 75467
2025-02-26,MB,Hà Nội,6,08179 - 34127 - 63793
2025-02-26,MB,Hà Nội,7,97050 - 80840 - 76325 - 05910
2025-02-26,MT,Đà Nẵng,ĐB,85035
2025-02-26,MT,Đà Nẵng,1,39592
2025-02-26,MT,Đà Nẵng,2,87060
2025-02-26,MT,Đà Nẵng,3,63672 - 72695 - 05835 - 83303 - 04327 - 18716
2025-02-26,MT,Đà Nẵng,4,96121 - 79408 - 93809 - 32157 - 31107 - 86608
2025-02-26,MT,Đà Nẵng,5,34752 - 25970 - 51188
2025-02-26,MT,Đà Nẵng,6,41259 - 06618 - 37024
2025-02-26,MT,Đà Nẵng,7,83052 - 25896 - 04872 - 38125
2025-02-26,MT,Đà Nẵng,8,18326
2025-02-26,MT,Khánh Hòa,ĐB,42673
2025-02-26,MT,Khánh Hòa,1,19356
2025-02-26,MT,Khánh Hòa,2,11806
2025-02-26,MT,Khánh Hòa,3,68724 - 20205 - 62521 - 44251 - 04931 - 64190
2025-02-26,MT,Khánh Hòa,4,15001 - 88348 - 18041 - 22186 - 02582 - 67620
2025-02-26,MT,Khánh Hòa,5,39248 - 47554 - 80982
2025-02-26,MT,Khánh Hòa,6,00505 - 67412 - 74454
2025-02-26,MT,Khánh Hòa,7,13838 - 57507 - 33249 - 90135
2025-02-26,MT,Khánh Hòa,8,32841
2025-02-26,MN,TP. HCM,ĐB,74440
2025-02-26,MN,TP. HCM,1,01880
2025-02-26,MN,TP. HCM,2,96627
2025-02-26,MN,TP. HCM,3,19122 - 75699 - 52606 - 76246 - 52686 - 99669
2025-02-26,MN,TP. HCM,4,69558 - 35567 - 66443 - 96584 - 48937 - 06747
2025-02-26,MN,TP. HCM,5,71071 - 67621 - 25855
2025-02-26,MN,TP. HCM,6,86117 - 78470 - 78073
2025-02-26,MN,TP. HCM,7,72530 - 53772 - 45810 - 91808
2025-02-26,MN,TP. HCM,8,75096
2025-02-26,MN,Đồng Tháp,ĐB,17205
2025-02-26,MN,Đồng Tháp,1,45424
2025-02-26,MN,Đồng Tháp,2,28727
2025-02-26,MN,Đồng Tháp,3,72028 - 80246 - 04821 - 53897 - 64504 - 67564
2025-02-26,MN,Đồng Tháp,4,43553 - 59503 - 34710 - 14645 - 12034 - 77157
2025-02-26,MN,Đồng Tháp,5,18007 - 83527 - 26498
2025-02-26,MN,Đồng Tháp,6,91610 - 23301 - 30373
2025-02-26,MN,Đồng Tháp,7,09505 - 54603 - 29772 - 84486
2025-02-26,MN,Đồng Tháp,8,37804
2025-02-26,MN,Cà Mau,ĐB,06148
2025-02-26,MN,Cà Mau,1,32823
2025-02-26,MN,Cà Mau,2,61001
2025-02-26,MN,Cà Mau,3,81603 - 30917 - 98289 - 71207 - 72833 - 22187
2025-02-26,MN,Cà Mau,4,66036 - 54390 - 65938 - 50014 - 84998 - 28848
2025-02-26,MN,Cà Mau,5,00244 - 37169 - 22398
2025-02-26,MN,Cà Mau,6,15726 - 01876 - 16693
2025-02-26,MN,Cà Mau,7,32388 - 35134 - 81689 - 71050
2025-02-26,MN,Cà Mau,8,16377
2025-02-27,MB,Hà Nội,ĐB,66317
2025-02-27,MB,Hà Nội,1,98597
2025-02-27,MB,Hà Nội,2,30757
2025-02-27,MB,Hà Nội,3,25203 - 22582 - 80362 - 54460 - 23123 - 73741
2025-02-27,MB,Hà Nội,4,23002 - 43770 - 90909 - 39080 - 51060 - 64774
2025-02-27,MB,Hà Nội,5,29437 - 74216 - 97194
2025-02-27,MB,Hà Nội,6,54008 - 83784 - 49419
2025-02-27,MB,Hà Nội,7,04328 - 37776 - 35550 - 50196
2025-02-27,MT,Đà Nẵng,ĐB,90141
2025-02-27,MT,Đà Nẵng,1,78826
2025-02-27,MT,Đà Nẵng,2,94054
2025-02-27,MT,Đà Nẵng,3,35564 - 37407 - 22197 - 21770 - 21767 - 06312
2025-02-27,MT,Đà Nẵng,4,52898 - 45037 - 18027 - 93344 - 67769 - 44838
2025-02-27,MT,Đà Nẵng,5,97740 - 79781 - 13686
2025-02-27,MT,Đà Nẵng,6,80957 - 51268 - 78351
2025-02-27,MT,Đà Nẵng,7,61898 - 37308 - 67665 - 31464
2025-02-27,MT,Đà Nẵng,8,38880
2025-02-27,MT,Khánh Hòa,ĐB,00816
2025-02-27,MT,Khánh Hòa,1,68869
2025-02-27,MT,Khánh Hòa,2,89487
2025-02-27,MT,Khánh Hòa,3,05861 - 02483 - 00472 - 16902 - 84795 - 25238
2025-02-27,MT,Khánh Hòa,4,89273 - 62282 - 10742 - 50932 - 85537 - 83159
2025-02-27,MT,Khánh Hòa,5,44556 - 12772 - 14049
2025-02-27,MT,Khánh Hòa,6,86600 - 62141 - 92974
2025-02-27,MT,Khánh Hòa,7,03942 - 52074 - 77477 - 34821
2025-02-27,MT,Khánh Hòa,8,45807
2025-02-27,MN,TP. HCM,ĐB,59193
2025-02-27,MN,TP. HCM,1,39111
2025-02-27,MN,TP. HCM,2,31671
2025-02-27,MN,TP. HCM,3,35840 - 78708 - 75965 - 43857 - 71666 - 52482
2025-02-27,MN,TP. HCM,4,54843 - 51415 - 65181 - 64161 - 55790 - 94258
2025-02-27,MN,TP. HCM,5,09307 - 11809 - 35629
2025-02-27,MN,TP. HCM,6,55860 - 42687 - 78220
2025-02-27,MN,TP. HCM,7,05396 - 82391 - 14152 - 25110
2025-02-27,MN,TP. HCM,8,94634
2025-02-27,MN,Đồng Tháp,ĐB,47532
2025-02-27,MN,Đồng Tháp,1,50183
2025-02-27,MN,Đồng Tháp,2,93184
2025-02-27,MN,Đồng Tháp,3,43667 - 71910 - 70047 - 41540 - 86388 - 12130
2025-02-27,MN,Đồng Tháp,4,29985 - 77451 - 48531 - 48764 - 73128 - 61025
2025-02-27,MN,Đồng Tháp,5,01482 - 45399 - 19720
2025-02-27,MN,Đồng Tháp,6,28411 - 39674 - 46384
2025-02-27,MN,Đồng Tháp,7,26042 - 07024 - 28812 - 35694
2025-02-27,MN,Đồng Tháp,8,70636
2025-02-27,MN,Cà Mau,ĐB,02888
2025-02-27,MN,Cà Mau,1,10702
2025-02-27,MN,Cà Mau,2,55118
2025-02-27,MN,Cà Mau,3,19557 - 85013 - 49206 - 64412 - 25660 - 25257
2025-02-27,MN,Cà Mau,4,06385 - 52793 - 56924 - 97356 - 87693 - 80990
2025-02-27,MN,Cà Mau,5,81555 - 87974 - 91133
2025-02-27,MN,Cà Mau,6,34411 - 91866 - 70899
2025-02-27,MN,Cà Mau,7,59802 - 04402 - 37299 - 54307
2025-02-27,MN,Cà Mau,8,45174
2025-02-28,MB,Hà Nội,ĐB,11990
2025-02-28,MB,Hà Nội,1,11036
2025-02-28,MB,Hà Nội,2,04803
2025-02-28,MB,Hà Nội,3,50403 - 87833 - 35090 - 74875 - 68305 - 56181
2025-02-28,MB,Hà Nội,4,09134 - 45786 - 84016 - 33472 - 85755 - 07258
2025-02-28,MB,Hà Nội,5,26080 - 83286 - 38293
2025-02-28,MB,Hà Nội,6,23148 - 38316 - 23100
2025-02-28,MB,Hà Nội,7,11427 - 68985 - 38535 - 08839
2025-02-28,MT,Đà Nẵng,ĐB,10457
2025-02-28,MT,Đà Nẵng,1,76612
2025-02-28,MT,Đà Nẵng,2,21496
2025-02-28,MT,Đà Nẵng,3,67135 - 78105 - 88108 - 53642 - 96010 - 19731
2025-02-28,MT,Đà Nẵng,4,58300 - 38686 - 22330 - 54932 - 16089 - 91194
2025-02-28,MT,Đà Nẵng,5,50457 - 85743 - 02072
2025-02-28,MT,Đà Nẵng,6,53910 - 47065 - 98218
2025-02-28,MT,Đà Nẵng,7,25037 - 04419 - 53299 - 98443
2025-02-28,MT,Đà Nẵng,8,63737
2025-02-28,MT,Khánh Hòa,ĐB,36536
2025-02-28,MT,Khánh Hòa,1,10107
2025-02-28,MT,Khánh Hòa,2,91033
2025-02-28,MT,Khánh Hòa,3,89548 - 17014 - 19509 - 35080 - 63693 - 82286
2025-02-28,MT,Khánh Hòa,4,83285 - 53659 - 49885 - 09008 - 65501 - 09355
2025-02-28,MT,Khánh Hòa,5,97427 - 20399 - 25460
2025-02-28,MT,Khánh Hòa,6,68332 - 05081 - 95922
2025-02-28,MT,Khánh Hòa,7,76304 - 85093 - 05514 - 43719
2025-02-28,MT,Khánh Hòa,8,67410
2025-02-28,MN,TP. HCM,ĐB,04303
2025-02-28,MN,TP. HCM,1,54500
2025-02-28,MN,TP. HCM,2,05503
2025-02-28,MN,TP. HCM,3,04189 - 74674 - 28802 - 19995 - 91461 - 04636
2025-02-28,MN,TP. HCM,4,35710 - 03987 - 54978 - 93713 - 54464 - 23993
2025-02-28,MN,TP. HCM,5,13363 - 03883 - 05589
2025-02-28,MN,TP. HCM,6,30609 - 26981 - 28130
2025-02-28,MN,TP. HCM,7,92467 - 65374 - 26473 - 68275
2025-02-28,MN,TP. HCM,8,57794
2025-02-28,MN,Đồng Tháp,ĐB,15899
2025-02-28,MN,Đồng Tháp,1,28441
2025-02-28,MN,Đồng Tháp,2,57689
2025-02-28,MN,Đồng Tháp,3,39090 - 39922 - 00396 - 82183 - 86066 - 93935
2025-02-28,MN,Đồng Tháp,4,87527 - 98915 - 81866 - 10378 - 65220 - 92332
2025-02-28,MN,Đồng Tháp,5,42233 - 23377 - 90178
2025-02-28,MN,Đồng Tháp,6,24700 - 99224 - 07083
2025-02-28,MN,Đồng Tháp,7,67742 - 80588 - 86374 - 59203
2025-02-28,MN,Đồng Tháp,8,90564
2025-02-28,MN,Cà Mau,ĐB,19821
2025-02-28,MN,Cà Mau,1,29722
2025-02-28,MN,Cà Mau,2,96320
2025-02-28,MN,Cà Mau,3,39153 - 49875 - 85688 - 46966 - 10542 - 79410
2025-02-28,MN,Cà Mau,4,09547 - 59991 - 98122 - 94712 - 34323 - 08339
2025-02-28,MN,Cà Mau,5,96910 - 48734 - 67726
2025-02-28,MN,Cà Mau,6,60404 - 22818 - 76171
2025-02-28,MN,Cà Mau,7,62314 - 22765 - 64488 - 06146
2025-02-28,MN,Cà Mau,8,08982
2025-03-01,MB,Hà Nội,ĐB,78667
2025-03-01,MB,Hà Nội,1,07940
2025-03-01,MB,Hà Nội,2,26900
2025-03-01,MB,Hà Nội,3,11728 - 67523 - 31912 - 98017 - 99352 - 55301
2025-03-01,MB,Hà Nội,4,86121 - 02730 - 75630 - 46051 - 13422 - 94592
2025-03-01,MB,Hà Nội,5,89421 - 63727 - 70440
2025-03-01,MB,Hà Nội,6,53309 - 43096 - 81758
2025-03-01,MB,Hà Nội,7,71111 - 83592 - 52293 - 41589
2025-03-01,MT,Đà Nẵng,ĐB,59232
2025-03-01,MT,Đà Nẵng,1,55072
2025-03-01,MT,Đà Nẵng,2,72087
2025-03-01,MT,Đà Nẵng,3,28307 - 48937 - 54399 - 70299 - 94457 - 47855
2025-03-01,MT,Đà Nẵng,4,72427 - 30720 - 23310 - 96329 - 80303 - 49029
2025-03-01,MT,Đà Nẵng,5,08208 - 46905 - 99056
2025-03-01,MT,Đà Nẵng,6,43132 - 02171 - 52741
2025-03-01,MT,Đà Nẵng,7,51318 - 45229 - 43782 - 90251
2025-03-01,MT,Đà Nẵng,8,00848
2025-03-01,MT,Khánh Hòa,ĐB,39951
2025-03-01,MT,Khánh Hòa,1,93165
2025-03-01,MT,Khánh Hòa,2,41957
2025-03-01,MT,Khánh Hòa,3,50892 - 96184 - 43961 - 39839 - 73014 - 14478
2025-03-01,MT,Khánh Hòa,4,89277 - 59693 - 75694 - 88301 - 18030 - 27975
2025-03-01,MT,Khánh Hòa,5,72577 - 99765 - 12625
2025-03-01,MT,Khánh Hòa,6,37278 - 93217 - 56372
2025-03-01,MT,Khánh Hòa,7,53890 - 55416 - 61874 - 83285
2025-03-01,MT,Khánh Hòa,8,44339
2025-03-01,MN,TP. HCM,ĐB,99552
2025-03-01,MN,TP. HCM,1,45870
2025-03-01,MN,TP. HCM,2,12924
2025-03-01,MN,TP. HCM,3,24945 - 64889 - 95068 - 42743 - 60421 - 05829
2025-03-01,MN,TP. HCM,4,92101 - 07479 - 41234 - 63981 - 14601 - 54301
2025-03-01,MN,TP. HCM,5,91661 - 22150 - 17746
2025-03-01,MN,TP. HCM,6,76565 - 74343 - 09431
2025-03-01,MN,TP. HCM,7,29410 - 57789 - 70772 - 66063
2025-03-01,MN,TP. HCM,8,95451
2025-03-01,MN,Đồng Tháp,ĐB,30833
2025-03-01,MN,Đồng Tháp,1,32053
2025-03-01,MN,Đồng Tháp,2,67259
2025-03-01,MN,Đồng Tháp,3,87024 - 76262 - 59476 - 31325 - 93242 - 04662
2025-03-01,MN,Đồng Tháp,4,64477 - 94366 - 78439 - 93096 - 35136 - 98335
2025-03-01,MN,Đồng Tháp,5,17695 - 31807 - 34737
2025-03-01,MN,Đồng Tháp,6,50450 - 41206 - 16846
2025-03-01,MN,Đồng Tháp,7,51080 - 19883 - 79866 - 96734
2025-03-01,MN,Đồng Tháp,8,18928
2025-03-01,MN,Cà Mau,ĐB,24599
2025-03-01,MN,Cà Mau,1,53233
2025-03-01,MN,Cà Mau,2,98028
2025-03-01,MN,Cà Mau,3,99816 - 35668 - 33906 - 11159 - 96797 - 05119
2025-03-01,MN,Cà Mau,4,55834 - 96145 - 29630 - 35828 - 41253 - 44823
2025-03-01,MN,Cà Mau,5,27499 - 75708 - 80595
2025-03-01,MN,Cà Mau,6,04488 - 58973 - 90965
2025-03-01,MN,Cà Mau,7,77802 - 77897 - 83770 - 01792
2025-03-01,MN,Cà Mau,8,63477
2025-03-02,MB,Hà Nội,ĐB,56168
2025-03-02,MB,Hà Nội,1,00886
2025-03-02,MB,Hà Nội,2,09286
2025-03-02,MB,Hà Nội,3,57485 - 87659 - 65540 - 56882 - 09835 - 65474
2025-03-02,MB,Hà Nội,4,13336 - 75141 - 64973 - 36933 - 13859 - 65780
2025-03-02,MB,Hà Nội,5,31925 - 28323 - 39245
2025-03-02,MB,Hà Nội,6,18267 - 05506 - 44962
2025-03-02,MB,Hà Nội,7,15485 - 61593 - 18595 - 18914
2025-03-02,MT,Đà Nẵng,ĐB,93745
2025-03-02,MT,Đà Nẵng,1,98836
2025-03-02,MT,Đà Nẵng,2,89535
2025-03-02,MT,Đà Nẵng,3,41948 - 94122 - 13834 - 68726 - 68849 - 86044
2025-03-02,MT,Đà Nẵng,4,88430 - 11333 - 37882 - 27904 - 83458 - 10000
2025-03-02,MT,Đà Nẵng,5,45925 - 93774 - 45013
2025-03-02,MT,Đà Nẵng,6,50045 - 29401 - 30194
2025-03-02,MT,Đà Nẵng,7,84852 - 20530 - 68004 - 02611
2025-03-02,MT,Đà Nẵng,8,81481
2025-03-02,MT,Khánh Hòa,ĐB,69694
2025-03-02,MT,Khánh Hòa,1,42072
2025-03-02,MT,Khánh Hòa,2,42137
2025-03-02,MT,Khánh Hòa,3,52321 - 07131 - 80081 - 72638 - 56565 - 02684
2025-03-02,MT,Khánh Hòa,4,92148 - 45143 - 22091 - 24596 - 92341 - 41716
2025-03-02,MT,Khánh Hòa,5,45134 - 61831 - 02275
2025-03-02,MT,Khánh Hòa,6,17989 - 12610 - 22519
2025-03-02,MT,Khánh Hòa,7,31836 - 12279 - 31795 - 00426
2025-03-02,MT,Khánh Hòa,8,08861
2025-03-02,MN,TP. HCM,ĐB,04794
2025-03-02,MN,TP. HCM,1,60880
2025-03-02,MN,TP. HCM,2,92187
2025-03-02,MN,TP. HCM,3,11270 - 74590 - 29907 - 21881 - 47113 - 28260
2025-03-02,MN,TP. HCM,4,64117 - 00309 - 61799 - 30381 - 16254 - 76197
2025-03-02,MN,TP. HCM,5,58941 - 45144 - 15488
2025-03-02,MN,TP. HCM,6,06850 - 29874 - 33901
2025-03-02,MN,TP. HCM,7,51371 - 62126 - 20947 - 62536
2025-03-02,MN,TP. HCM,8,32036
2025-03-02,MN,Đồng Tháp,ĐB,35917
2025-03-02,MN,Đồng Tháp,1,45975
2025-03-02,MN,Đồng Tháp,2,45533
2025-03-02,MN,Đồng Tháp,3,17063 - 21430 - 66414 - 53876 - 82302 - 79092
2025-03-02,MN,Đồng Tháp,4,57218 - 19607 - 67186 - 92069 - 53819 - 85566
2025-03-02,MN,Đồng Tháp,5,79233 - 34369 - 35153
2025-03-02,MN,Đồng Tháp,6,36786 - 09481 - 07828
2025-03-02,MN,Đồng Tháp,7,64986 - 33059 - 47302 - 27696
2025-03-02,MN,Đồng Tháp,8,59224
2025-03-02,MN,Cà Mau,ĐB,67412
2025-03-02,MN,Cà Mau,1,24532
2025-03-02,MN,Cà Mau,2,28704
2025-03-02,MN,Cà Mau,3,57569 - 48205 - 66508 - 62401 - 04589 - 78319
2025-03-02,MN,Cà Mau,4,17667 - 92624 - 08192 - 10106 - 37824 - 26634
2025-03-02,MN,Cà Mau,5,11143 - 71655 - 25725
2025-03-02,MN,Cà Mau,6,24254 - 25265 - 66265
2025-03-02,MN,Cà Mau,7,53092 - 67910 - 64984 - 86558
2025-03-02,MN,Cà Mau,8,12400
2025-03-03,MB,Hà Nội,ĐB,49324
2025-03-03,MB,Hà Nội,1,50180
2025-03-03,MB,Hà Nội,2,45864
2025-03-03,MB,Hà Nội,3,95340 - 41494 - 78895 - 61755 - 76324 - 48155
2025-03-03,MB,Hà Nội,4,14337 - 65833 - 33065 - 09800 - 96500 - 57492
2025-03-03,MB,Hà Nội,5,14953 - 97861 - 45954
2025-03-03,MB,Hà Nội,6,95733 - 04998 - 98769
2025-03-03,MB,Hà Nội,7,86996 - 39167 - 66486 - 10799
2025-03-03,MT,Đà Nẵng,ĐB,26654
2025-03-03,MT,Đà Nẵng,1,85630
2025-03-03,MT,Đà Nẵng,2,32271
2025-03-03,MT,Đà Nẵng,3,67291 - 89748 - 28242 - 95821 - 81873 - 24469
2025-03-03,MT,Đà Nẵng,4,21061 - 57709 - 46164 - 19498 - 88972 - 92524
2025-03-03,MT,Đà Nẵng,5,19448 - 01272 - 19145
2025-03-03,MT,Đà Nẵng,6,25693 - 92921 - 24975
2025-03-03,MT,Đà Nẵng,7,22259 - 23199 - 78773 - 85070
2025-03-03,MT,Đà Nẵng,8,31323
2025-03-03,MT,Khánh Hòa,ĐB,45636
2025-03-03,MT,Khánh Hòa,1,66063
2025-03-03,MT,Khánh Hòa,2,55331
2025-03-03,MT,Khánh Hòa,3,52893 - 14930 - 70421 - 61256 - 02486 - 64490
2025-03-03,MT,Khánh Hòa,4,11686 - 85191 - 31286 - 84955 - 10476 - 92164
2025-03-03,MT,Khánh Hòa,5,72835 - 13047 - 66550
2025-03-03,MT,Khánh Hòa,6,89645 - 01762 - 04697
2025-03-03,MT,Khánh Hòa,7,50829 - 19665 - 40877 - 45048
2025-03-03,MT,Khánh Hòa,8,37603
2025-03-03,MN,TP. HCM,ĐB,78978
2025-03-03,MN,TP. HCM,1,26976
2025-03-03,MN,TP. HCM,2,13413
2025-03-03,MN,TP. HCM,3,46797 - 72641 - 20443 - 71016 - 99441 - 95897
2025-03-03,MN,TP. HCM,4,68231 - 18661 - 84018 - 67395 - 54702 - 83068
2025-03-03,MN,TP. HCM,5,84233 - 90938 - 69298
2025-03-03,MN,TP. HCM,6,65080 - 62809 - 41207
2025-03-03,MN,TP. HCM,7,62398 - 48949 - 87612 - 32412
2025-03-03,MN,TP. HCM,8,17586
2025-03-03,MN,Đồng Tháp,ĐB,83142
2025-03-03,MN,Đồng Tháp,1,52927
2025-03-03,MN,Đồng Tháp,2,93825
2025-03-03,MN,Đồng Tháp,3,60463 - 26914 - 90738 - 79250 - 03661 - 80888
2025-03-03,MN,Đồng Tháp,4,24835 - 01588 - 74268 - 92667 - 97422 - 30270
2025-03-03,MN,Đồng Tháp,5,79652 - 51546 - 26297
2025-03-03,MN,Đồng Tháp,6,83360 - 04065 - 70803
2025-03-03,MN,Đồng Tháp,7,58211 - 95488 - 55108 - 36162
2025-03-03,MN,Đồng Tháp,8,41711
2025-03-03,MN,Cà Mau,ĐB,73306
2025-03-03,MN,Cà Mau,1,54423
2025-03-03,MN,Cà Mau,2,49574
2025-03-03,MN,Cà Mau,3,18902 - 08881 - 16348 - 85892 - 52260 - 14197
2025-03-03,MN,Cà Mau,4,76862 - 48028 - 10034 - 63684 - 15266 - 11950
2025-03-03,MN,Cà Mau,5,77290 - 12704 - 51818
2025-03-03,MN,Cà Mau,6,99008 - 82784 - 16406
2025-03-03,MN,Cà Mau,7,91828 - 70872 - 63619 - 63233
2025-03-03,MN,Cà Mau,8,14805
2025-03-04,MB,Hà Nội,ĐB,95600
2025-03-04,MB,Hà Nội,1,68129
2025-03-04,MB,Hà Nội,2,58313
2025-03-04,MB,Hà Nội,3,63454 - 39850 - 04260 - 73552 - 87675 - 93197
2025-03-04,MB,Hà Nội,4,12139 - 13651 - 21446 - 27769 - 00675 - 15841
2025-03-04,MB,Hà Nội,5,58405 - 81824 - 81001
2025-03-04,MB,Hà Nội,6,06380 - 10499 - 67039
2025-03-04,MB,Hà Nội,7,34008 - 01545 - 08902 - 11271
2025-03-04,MT,Đà Nẵng,ĐB,15476
2025-03-04,MT,Đà Nẵng,1,73284
2025-03-04,MT,Đà Nẵng,2,03652
2025-03-04,MT,Đà Nẵng,3,40053 - 12290 - 03602 - 09191 - 87209 - 88476
2025-03-04,MT,Đà Nẵng,4,43451 - 04039 - 19673 - 13005 - 09682 - 95115
2025-03-04,MT,Đà Nẵng,5,06529 - 28190 - 46083
2025-03-04,MT,Đà Nẵng,6,78661 - 61574 - 28929
2025-03-04,MT,Đà Nẵng,7,58853 - 32854 - 75171 - 25923
2025-03-04,MT,Đà Nẵng,8,73293
2025-03-04,MT,Khánh Hòa,ĐB,06096
2025-03-04,MT,Khánh Hòa,1,31224
2025-03-04,MT,Khánh Hòa,2,28286
2025-03-04,MT,Khánh Hòa,3,61849 - 63602 - 59953 - 29692 - 59602 - 58601
2025-03-04,MT,Khánh Hòa,4,92840 - 46323 - 28746 - 14165 - 68100 - 85672
2025-03-04,MT,Khánh Hòa,5,19547 - 26799 - 12894
2025-03-04,MT,Khánh Hòa,6,63010 - 94862 - 03263
2025-03-04,MT,Khánh Hòa,7,87952 - 58617 - 14332 - 08822
2025-03-04,MT,Khánh Hòa,8,58542
2025-03-04,MN,TP. HCM,ĐB,16889
2025-03-04,MN,TP. HCM,1,84189
2025-03-04,MN,TP. HCM,2,02149
2025-03-04,MN,TP. HCM,3,09293 - 97310 - 99559 - 11789 - 36522 - 91265
2025-03-04,MN,TP. HCM,4,52353 - 06395 - 68271 - 93554 - 12824 - 31582
2025-03-04,MN,TP. HCM,5,00119 - 88380 - 01503
2025-03-04,MN,TP. HCM,6,38492 - 78059 - 74656
2025-03-04,MN,TP. HCM,7,30924 - 74758 - 02098 - 88329
2025-03-04,MN,TP. HCM,8,82855
2025-03-04,MN,Đồng Tháp,ĐB,20564
2025-03-04,MN,Đồng Tháp,1,91895
2025-03-04,MN,Đồng Tháp,2,06243
2025-03-04,MN,Đồng Tháp,3,35769 - 89500 - 60426 - 78409 - 28494 - 43091
2025-03-04,MN,Đồng Tháp,4,95873 - 69358 - 16001 - 11302 - 83338 - 90182
2025-03-04,MN,Đồng Tháp,5,89651 - 75323 - 14927
2025-03-04,MN,Đồng Tháp,6,98336 - 99323 - 41542
2025-03-04,MN,Đồng Tháp,7,34885 - 48105 - 21763 - 36850
2025-03-04,MN,Đồng Tháp,8,31493
2025-03-04,MN,Cà Mau,ĐB,16097
2025-03-04,MN,Cà Mau,1,39071
2025-03-04,MN,Cà Mau,2,21263
2025-03-04,MN,Cà Mau,3,22198 - 07746 - 11174 - 86892 - 05061 - 95891
2025-03-04,MN,Cà Mau,4,85918 - 29538 - 65184 - 18672 - 07590 - 50744
2025-03-04,MN,Cà Mau,5,77526 - 87742 - 11899
2025-03-04,MN,Cà Mau,6,08004 - 20997 - 10919
2025-03-04,MN,Cà Mau,7,97190 - 31195 - 13277 - 59048
2025-03-04,MN,Cà Mau,8,97050
2025-03-05,MB,Hà Nội,ĐB,18948
2025-03-05,MB,Hà Nội,1,84818
2025-03-05,MB,Hà Nội,2,05077
2025-03-05,MB,Hà Nội,3,20172 - 57575 - 17944 - 97667 - 86820 - 19681
2025-03-05,MB,Hà Nội,4,95756 - 13508 - 73901 - 53923 - 97706 - 66804
2025-03-05,MB,Hà Nội,5,83322 - 50115 - 46449
2025-03-05,MB,Hà Nội,6,18820 - 29324 - 06895
2025-03-05,MB,Hà Nội,7,66045 - 31385 - 83059 - 83700
2025-03-05,MT,Đà Nẵng,ĐB,75201
2025-03-05,MT,Đà Nẵng,1,31604
2025-03-05,MT,Đà Nẵng,2,17453
2025-03-05,MT,Đà Nẵng,3,25863 - 40970 - 09798 - 05946 - 65873 - 64861
2025-03-05,MT,Đà Nẵng,4,45658 - 93251 - 24625 - 19973 - 90374 - 10339
2025-03-05,MT,Đà Nẵng,5,76193 - 01419 - 91455
2025-03-05,MT,Đà Nẵng,6,67153 - 41822 - 61118
2025-03-05,MT,Đà Nẵng,7,85755 - 93538 - 97045 - 87945
2025-03-05,MT,Đà Nẵng,8,89883
2025-03-05,MT,Khánh Hòa,ĐB,19798
2025-03-05,MT,Khánh Hòa,1,66823
2025-03-05,MT,Khánh Hòa,2,70607
2025-03-05,MT,Khánh Hòa,3,75609 - 01836 - 14469 - 01958 - 01852 - 22948
2025-03-05,MT,Khánh Hòa,4,57138 - 46596 - 73886 - 16693 - 70538 - 30356
2025-03-05,MT,Khánh Hòa,5,54973 - 54438 - 64221
2025-03-05,MT,Khánh Hòa,6,99524 - 41079 - 29650
2025-03-05,MT,Khánh Hòa,7,49562 - 44067 - 45443 - 23387
2025-03-05,MT,Khánh Hòa,8,09886
2025-03-05,MN,TP. HCM,ĐB,83689
2025-03-05,MN,TP. HCM,1,03755
2025-03-05,MN,TP. HCM,2,25364
2025-03-05,MN,TP. HCM,3,78368 - 80583 - 99113 - 18116 - 46174 - 59290
2025-03-05,MN,TP. HCM,4,15541 - 68706 - 20700 - 83709 - 79890 - 24581
2025-03-05,MN,TP. HCM,5,26531 - 75096 - 75012
2025-03-05,MN,TP. HCM,6,63856 - 97766 - 41294
2025-03-05,MN,TP. HCM,7,70555 - 59494 - 16101 - 10844
2025-03-05,MN,TP. HCM,8,40363
2025-03-05,MN,Đồng Tháp,ĐB,32810
2025-03-05,MN,Đồng Tháp,1,38480
2025-03-05,MN,Đồng Tháp,2,14387
2025-03-05,MN,Đồng Tháp,3,75612 - 94833 - 19009 - 71678 - 30863 - 75763
2025-03-05,MN,Đồng Tháp,4,75688 - 73462 - 97451 - 19370 - 50250 - 95115
2025-03-05,MN,Đồng Tháp,5,98359 - 33004 - 60253
2025-03-05,MN,Đồng Tháp,6,40530 - 10342 - 48601
2025-03-05,MN,Đồng Tháp,7,96120 - 62953 - 29477 - 46913
2025-03-05,MN,Đồng Tháp,8,98271
2025-03-05,MN,Cà Mau,ĐB,13218
2025-03-05,MN,Cà Mau,1,45978
2025-03-05,MN,Cà Mau,2,64959
2025-03-05,MN,Cà Mau,3,08794 - 54319 - 71845 - 33254 - 12209 - 32106
2025-03-05,MN,Cà Mau,4,12503 - 72684 - 37560 - 74704 - 31235 - 77764
2025-03-05,MN,Cà Mau,5,09141 - 92183 - 89471
2025-03-05,MN,Cà Mau,6,14828 - 42493 - 10061
2025-03-05,MN,Cà Mau,7,35547 - 58293 - 59434 - 72122
2025-03-05,MN,Cà Mau,8,52102
2025-03-06,MB,Hà Nội,ĐB,52184
2025-03-06,MB,Hà Nội,1,81445
2025-03-06,MB,Hà Nội,2,33660
2025-03-06,MB,Hà Nội,3,18600 - 30903 - 67580 - 85653 - 99513 - 58920
2025-03-06,MB,Hà Nội,4,92605 - 50981 - 62731 - 36581 - 84510 - 48035
2025-03-06,MB,Hà Nội,5,37791 - 03413 - 02034
2025-03-06,MB,Hà Nội,6,16298 - 54522 - 56321
2025-03-06,MB,Hà Nội,7,57693 - 21029 - 93610 - 73696
2025-03-06,MT,Đà Nẵng,ĐB,07506
2025-03-06,MT,Đà Nẵng,1,63964
2025-03-06,MT,Đà Nẵng,2,32944
2025-03-06,MT,Đà Nẵng,3,23306 - 23288 - 36018 - 96346 - 23579 - 84148
2025-03-06,MT,Đà Nẵng,4,32371 - 87733 - 53182 - 85893 - 93620 - 50232
2025-03-06,MT,Đà Nẵng,5,23999 - 38115 - 84645
2025-03-06,MT,Đà Nẵng,6,90856 - 38278 - 12465
2025-03-06,MT,Đà Nẵng,7,12880 - 55823 - 44857 - 47899
2025-03-06,MT,Đà Nẵng,8,79065
2025-03-06,MT,Khánh Hòa,ĐB,45633
2025-03-06,MT,Khánh Hòa,1,42628
2025-03-06,MT,Khánh Hòa,2,59853
2025-03-06,MT,Khánh Hòa,3,06878 - 96401 - 67223 - 43022 - 72895 - 26619
2025-03-06,MT,Khánh Hòa,4,61096 - 01767 - 51052 - 45540 - 96855 - 25840
2025-03-06,MT,Khánh Hòa,5,92498 - 97035 - 41707
2025-03-06,MT,Khánh Hòa,6,68315 - 94615 - 45369
2025-03-06,MT,Khánh Hòa,7,16991 - 01485 - 52887 - 48230
2025-03-06,MT,Khánh Hòa,8,87111
2025-03-06,MN,TP. HCM,ĐB,68068
2025-03-06,MN,TP. HCM,1,61552
2025-03-06,MN,TP. HCM,2,72100
2025-03-06,MN,TP. HCM,3,54512 - 44963 - 76905 - 29031 - 61347 - 20201
2025-03-06,MN,TP. HCM,4,42749 - 61721 - 50258 - 92908 - 56799 - 18635
2025-03-06,MN,TP. HCM,5,61905 - 00945 - 10631
2025-03-06,MN,TP. HCM,6,99650 - 01036 - 13798
2025-03-06,MN,TP. HCM,7,66224 - 32912 - 98533 - 41223
2025-03-06,MN,TP. HCM,8,74174
2025-03-06,MN,Đồng Tháp,ĐB,10709
2025-03-06,MN,Đồng Tháp,1,41722
2025-03-06,MN,Đồng Tháp,2,41710
2025-03-06,MN,Đồng Tháp,3,65919 - 35699 - 45757 - 97422 - 76874 - 20039
2025-03-06,MN,Đồng Tháp,4,57659 - 12260 - 90034 - 90510 - 32559 - 34228
2025-03-06,MN,Đồng Tháp,5,16568 - 70818 - 86755
2025-03-06,MN,Đồng Tháp,6,24382 - 84617 - 26590
2025-03-06,MN,Đồng Tháp,7,95418 - 93382 - 59830 - 90525
2025-03-06,MN,Đồng Tháp,8,56035
2025-03-06,MN,Cà Mau,ĐB,48831
2025-03-06,MN,Cà Mau,1,22103
2025-03-06,MN,Cà Mau,2,46355
2025-03-06,MN,Cà Mau,3,89706 - 50742 - 95925 - 43126 - 79993 - 36239
2025-03-06,MN,Cà Mau,4,76926 - 52247 - 58786 - 97070 - 93140 - 50389
2025-03-06,MN,Cà Mau,5,38577 - 63079 - 18497
2025-03-06,MN,Cà Mau,6,45145 - 96930 - 53122
2025-03-06,MN,Cà Mau,7,01303 - 79012 - 22929 - 18519
2025-03-06,MN,Cà Mau,8,24508
2025-03-07,MB,Hà Nội,ĐB,16447
2025-03-07,MB,Hà Nội,1,15066
2025-03-07,MB,Hà Nội,2,69409
2025-03-07,MB,Hà Nội,3,33495 - 55550 - 02302 - 95186 - 24684 - 67093
2025-03-07,MB,Hà Nội,4,26535 - 60517 - 05550 - 55980 - 34105 - 69843
2025-03-07,MB,Hà Nội,5,24081 - 62665 - 99185
2025-03-07,MB,Hà Nội,6,57088 - 25084 - 00519
2025-03-07,MB,Hà Nội,7,44588 - 70779 - 57695 - 02485
2025-03-07,MT,Đà Nẵng,ĐB,30972
2025-03-07,MT,Đà Nẵng,1,58125
2025-03-07,MT,Đà Nẵng,2,66155
2025-03-07,MT,Đà Nẵng,3,00403 - 82203 - 19176 - 08623 - 61780 - 75204
2025-03-07,MT,Đà Nẵng,4,62390 - 33154 - 23996 - 37307 - 47502 - 06759
2025-03-07,MT,Đà Nẵng,5,21910 - 34737 - 13560
2025-03-07,MT,Đà Nẵng,6,86391 - 76446 - 59916
2025-03-07,MT,Đà Nẵng,7,51839 - 26902 - 89798 - 59411
2025-03-07,MT,Đà Nẵng,8,76214
2025-03-07,MT,Khánh Hòa,ĐB,27365
2025-03-07,MT,Khánh Hòa,1,01352
2025-03-07,MT,Khánh Hòa,2,94241
2025-03-07,MT,Khánh Hòa,3,62844 - 37773 - 72088 - 64835 - 79631 - 82955
2025-03-07,MT,Khánh Hòa,4,60780 - 91590 - 50740 - 64607 - 20158 - 18803
2025-03-07,MT,Khánh Hòa,5,06890 - 29148 - 51120
2025-03-07,MT,Khánh Hòa,6,24357 - 17869 - 35866
2025-03-07,MT,Khánh Hòa,7,46945 - 43172 - 61919 - 75565
2025-03-07,MT,Khánh Hòa,8,69181
2025-03-07,MN,TP. HCM,ĐB,19506
2025-03-07,MN,TP. HCM,1,95673
2025-03-07,MN,TP. HCM,2,66712
2025-03-07,MN,TP. HCM,3,63256 - 29726 - 64469 - 50650 - 22007 - 20756
2025-03-07,MN,TP. HCM,4,89085 - 74150 - 70759 - 93347 - 23241 - 53366
2025-03-07,MN,TP. HCM,5,82020 - 92660 - 70520
2025-03-07,MN,TP. HCM,6,43066 - 64812 - 44139
2025-03-07,MN,TP. HCM,7,83089 - 54998 - 81505 - 60478
2025-03-07,MN,TP. HCM,8,22096
2025-03-07,MN,Đồng Tháp,ĐB,06534
2025-03-07,MN,Đồng Tháp,1,10240
2025-03-07,MN,Đồng Tháp,2,71217
2025-03-07,MN,Đồng Tháp,3,35047 - 40337 - 88600 - 82815 - 39079 - 52867
2025-03-07,MN,Đồng Tháp,4,22782 - 01128 - 99413 - 14184 - 83323 - 94958
2025-03-07,MN,Đồng Tháp,5,24560 - 92595 - 81717
2025-03-07,MN,Đồng Tháp,6,86124 - 61257 - 86396
2025-03-07,MN,Đồng Tháp,7,90857 - 58627 - 69433 - 67137
2025-03-07,MN,Đồng Tháp,8,89115
2025-03-07,MN,Cà Mau,ĐB,78455
2025-03-07,MN,Cà Mau,1,89516
2025-03-07,MN,Cà Mau,2,08687
2025-03-07,MN,Cà Mau,3,12254 - 57394 - 89941 - 73980 - 72721 - 74175
2025-03-07,MN,Cà Mau,4,49473 - 07260 - 98313 - 89247 - 01713 - 52025
2025-03-07,MN,Cà Mau,5,42214 - 84120 - 87711
2025-03-07,MN,Cà Mau,6,10643 - 66892 - 82377
2025-03-07,MN,Cà Mau,7,10161 - 04871 - 77138 - 48602
2025-03-07,MN,Cà Mau,8,88752
2025-03-08,MB,Hà Nội,ĐB,66321
2025-03-08,MB,Hà Nội,1,28157
2025-03-08,MB,Hà Nội,2,82403
2025-03-08,MB,Hà Nội,3,72584 - 16171 - 35964 - 64095 - 86665 - 40290
2025-03-08,MB,Hà Nội,4,39546 - 95722 - 75018 - 81813 - 79327 - 80923
2025-03-08,MB,Hà Nội,5,25610 - 32818 - 66114
2025-03-08,MB,Hà Nội,6,67813 - 09034 - 02283
2025-03-08,MB,Hà Nội,7,13530 - 66592 - 15690 - 07414
2025-03-08,MT,Đà Nẵng,ĐB,98853
2025-03-08,MT,Đà Nẵng,1,62102
2025-03-08,MT,Đà Nẵng,2,01912
2025-03-08,MT,Đà Nẵng,3,73774 - 19330 - 52049 - 87254 - 56229 - 99707
2025-03-08,MT,Đà Nẵng,4,17624 - 65095 - 92527 - 47753 - 45110 - 24445
2025-03-08,MT,Đà Nẵng,5,46664 - 71599 - 82488
2025-03-08,MT,Đà Nẵng,6,41367 - 75493 - 30494
2025-03-08,MT,Đà Nẵng,7,24777 - 09451 - 27408 - 55207
2025-03-08,MT,Đà Nẵng,8,45299
2025-03-08,MT,Khánh Hòa,ĐB,91745
2025-03-08,MT,Khánh Hòa,1,08890
2025-03-08,MT,Khánh Hòa,2,39611
2025-03-08,MT,Khánh Hòa,3,66364 - 45672 - 62601 - 01425 - 94542 - 69044
2025-03-08,MT,Khánh Hòa,4,94457 - 57317 - 19313 - 45927 - 27607 - 40748
2025-03-08,MT,Khánh Hòa,5,79069 - 14259 - 43985
2025-03-08,MT,Khánh Hòa,6,49455 - 55839 - 31741
2025-03-08,MT,Khánh Hòa,7,26769 - 83365 - 51409 - 72179
2025-03-08,MT,Khánh Hòa,8,94778
2025-03-08,MN,TP. HCM,ĐB,93752
2025-03-08,MN,TP. HCM,1,90714
2025-03-08,MN,TP. HCM,2,32357
2025-03-08,MN,TP. HCM,3,16438 - 35303 - 34361 - 58621 - 57601 - 67281
2025-03-08,MN,TP. HCM,4,68451 - 75991 - 32517 - 06988 - 27025 - 64714
2025-03-08,MN,TP. HCM,5,83236 - 90218 - 68428
2025-03-08,MN,TP. HCM,6,66977 - 34602 - 53169
2025-03-08,MN,TP. HCM,7,63698 - 13049 - 34421 - 85978
2025-03-08,MN,TP. HCM,8,75622
2025-03-08,MN,Đồng Tháp,ĐB,03219
2025-03-08,MN,Đồng Tháp,1,44458
2025-03-08,MN,Đồng Tháp,2,21571
2025-03-08,MN,Đồng Tháp,3,07829 - 07082 - 18966 - 37355 - 70555 - 19447
2025-03-08,MN,Đồng Tháp,4,53902 - 39719 - 82907 - 85680 - 36645 - 49534
2025-03-08,MN,Đồng Tháp,5,83865 - 58650 - 31303
2025-03-08,MN,Đồng Tháp,6,41228 - 49158 - 00261
2025-03-08,MN,Đồng Tháp,7,15660 - 42952 - 50098 - 65649
2025-03-08,MN,Đồng Tháp,8,05391
2025-03-08,MN,Cà Mau,ĐB,79627
2025-03-08,MN,Cà Mau,1,70722
2025-03-08,MN,Cà Mau,2,08962
2025-03-08,MN,Cà Mau,3,38724 - 95589 - 28695 - 52249 - 51745 - 91466
2025-03-08,MN,Cà Mau,4,35813 - 14124 - 63757 - 19660 - 40933 - 99061
2025-03-08,MN,Cà Mau,5,34350 - 64562 - 63547
2025-03-08,MN,Cà Mau,6,72015 - 08528 - 74267
2025-03-08,MN,Cà Mau,7,01558 - 08133 - 00314 - 99952
2025-03-08,MN,Cà Mau,8,08925
2025-03-09,MB,Hà Nội,ĐB,94067
2025-03-09,MB,Hà Nội,1,70210
2025-03-09,MB,Hà Nội,2,27084
2025-03-09,MB,Hà Nội,3,24203 - 14031 - 90057 - 33470 - 99273 - 12971
2025-03-09,MB,Hà Nội,4,36093 - 28665 - 99859 - 96619 - 39309 - 86039
2025-03-09,MB,Hà Nội,5,19963 - 16681 - 21028
2025-03-09,MB,Hà Nội,6,43008 - 82098 - 82718
2025-03-09,MB,Hà Nội,7,09710 - 19473 - 70960 - 03904
2025-03-09,MT,Đà Nẵng,ĐB,19605
2025-03-09,MT,Đà Nẵng,1,18656
2025-03-09,MT,Đà Nẵng,2,54710
2025-03-09,MT,Đà Nẵng,3,29978 - 08577 - 68163 - 27216 - 48591 - 18933
2025-03-09,MT,Đà Nẵng,4,03887 - 90619 - 47121 - 09523 - 37198 - 72734
2025-03-09,MT,Đà Nẵng,5,24302 - 69651 - 81240
2025-03-09,MT,Đà Nẵng,6,06153 - 88012 - 82412
2025-03-09,MT,Đà Nẵng,7,55521 - 73204 - 19355 - 67506
2025-03-09,MT,Đà Nẵng,8,08653
2025-03-09,MT,Khánh Hòa,ĐB,39832
2025-03-09,MT,Khánh Hòa,1,62735
2025-03-09,MT,Khánh Hòa,2,53022
2025-03-09,MT,Khánh Hòa,3,50510 - 85183 - 95477 - 57858 - 80508 - 58313
2025-03-09,MT,Khánh Hòa,4,57988 - 00261 - 26829 - 47239 - 05342 - 62228
2025-03-09,MT,Khánh Hòa,5,74656 - 78709 - 25694
2025-03-09,MT,Khánh Hòa,6,73155 - 76131 - 02803
2025-03-09,MT,Khánh Hòa,7,65933 - 81465 - 18934 - 10562
2025-03-09,MT,Khánh Hòa,8,57046
2025-03-09,MN,TP. HCM,ĐB,96357
2025-03-09,MN,TP. HCM,1,35907
2025-03-09,MN,TP. HCM,2,79227
2025-03-09,MN,TP. HCM,3,82593 - 04004 - 40916 - 91539 - 12796 - 45692
2025-03-09,MN,TP. HCM,4,75954 - 91855 - 29785 - 19287 - 09697 - 20333
2025-03-09,MN,TP. HCM,5,34618 - 18439 - 96023
2025-03-09,MN,TP. HCM,6,96325 - 18924 - 94909
2025-03-09,MN,TP. HCM,7,16751 - 69544 - 25692 - 91521
2025-03-09,MN,TP. HCM,8,73649
2025-03-09,MN,Đồng Tháp,ĐB,53506
2025-03-09,MN,Đồng Tháp,1,20595
2025-03-09,MN,Đồng Tháp,2,08367
2025-03-09,MN,Đồng Tháp,3,10319 - 93830 - 80451 - 55796 - 38989 - 85217
2025-03-09,MN,Đồng Tháp,4,16528 - 96865 - 27812 - 80494 - 41833 - 62670
2025-03-09,MN,Đồng Tháp,5,92032 - 26963 - 06786
2025-03-09,MN,Đồng Tháp,6,73121 - 45427 - 76377
2025-03-09,MN,Đồng Tháp,7,20876 - 10601 - 56178 - 94025
2025-03-09,MN,Đồng Tháp,8,31994
2025-03-09,MN,Cà Mau,ĐB,28214
2025-03-09,MN,Cà Mau,1,60074
2025-03-09,MN,Cà Mau,2,49361
2025-03-09,MN,Cà Mau,3,64500 - 34100 - 77973 - 17313 - 51503 - 37310
2025-03-09,MN,Cà Mau,4,92272 - 48354 - 72424 - 92097 - 72502 - 74163
2025-03-09,MN,Cà Mau,5,28590 - 77255 - 76530
2025-03-09,MN,Cà Mau,6,12886 - 60844 - 17245
2025-03-09,MN,Cà Mau,7,28996 - 10108 - 42917 - 41992
2025-03-09,MN,Cà Mau,8,50608
2025-03-10,MB,Hà Nội,ĐB,22952
2025-03-10,MB,Hà Nội,1,12403
2025-03-10,MB,Hà Nội,2,79098
2025-03-10,MB,Hà Nội,3,10278 - 51166 - 97704 - 52254 - 89415 - 57882
2025-03-10,MB,Hà Nội,4,04642 - 59284 - 35701 - 29921 - 46490 - 15837
2025-03-10,MB,Hà Nội,5,94280 - 63241 - 67950
2025-03-10,MB,Hà Nội,6,03956 - 56548 - 53358
2025-03-10,MB,Hà Nội,7,79714 - 49915 - 16427 - 98308
2025-03-10,MT,Đà Nẵng,ĐB,95958
2025-03-10,MT,Đà Nẵng,1,63131
2025-03-10,MT,Đà Nẵng,2,01421
2025-03-10,MT,Đà Nẵng,3,68393 - 27373 - 34532 - 10714 - 42966 - 82443
2025-03-10,MT,Đà Nẵng,4,31453 - 56971 - 55871 - 74837 - 71656 - 43210
2025-03-10,MT,Đà Nẵng,5,65688 - 59240 - 54284
2025-03-10,MT,Đà Nẵng,6,67503 - 59505 - 30530
2025-03-10,MT,Đà Nẵng,7,38348 - 01090 - 29637 - 93036
2025-03-10,MT,Đà Nẵng,8,73239
2025-03-10,MT,Khánh Hòa,ĐB,83378
2025-03-10,MT,Khánh Hòa,1,12701
2025-03-10,MT,Khánh Hòa,2,51671
2025-03-10,MT,Khánh Hòa,3,62895 - 78508 - 77202 - 11713 - 71083 - 12264
2025-03-10,MT,Khánh Hòa,4,58457 - 56395 - 85653 - 02813 - 46019 - 89891
2025-03-10,MT,Khánh Hòa,5,91367 - 71054 - 89228
2025-03-10,MT,Khánh Hòa,6,43451 - 93515 - 66259
2025-03-10,MT,Khánh Hòa,7,28834 - 24133 - 02860 - 14867
2025-03-10,MT,Khánh Hòa,8,23863
2025-03-10,MN,TP. HCM,ĐB,06702
2025-03-10,MN,TP. HCM,1,93230
2025-03-10,MN,TP. HCM,2,64317
2025-03-10,MN,TP. HCM,3,72586 - 09306 - 26986 - 14984 - 72648 - 73440
2025-03-10,MN,TP. HCM,4,65749 - 44449 - 53613 - 21556 - 01687 - 73364
2025-03-10,MN,TP. HCM,5,37419 - 02189 - 15835
2025-03-10,MN,TP. HCM,6,44141 - 30729 - 23673
2025-03-10,MN,TP. HCM,7,88542 - 08736 - 61742 - 38267
2025-03-10,MN,TP. HCM,8,99864
2025-03-10,MN,Đồng Tháp,ĐB,08258
2025-03-10,MN,Đồng Tháp,1,77663
2025-03-10,MN,Đồng Tháp,2,28295
2025-03-10,MN,Đồng Tháp,3,59017 - 65304 - 75719 - 27754 - 43134 - 63120
2025-03-10,MN,Đồng Tháp,4,96354 - 07107 - 44336 - 00043 - 78092 - 42043
2025-03-10,MN,Đồng Tháp,5,63809 - 89192 - 03763
2025-03-10,MN,Đồng Tháp,6,53449 - 82950 - 08661
2025-03-10,MN,Đồng Tháp,7,85551 - 81399 - 37005 - 36448
2025-03-10,MN,Đồng Tháp,8,42351
2025-03-10,MN,Cà Mau,ĐB,43760
2025-03-10,MN,Cà Mau,1,49736
2025-03-10,MN,Cà Mau,2,50147
2025-03-10,MN,Cà Mau,3,03875 - 45536 - 83385 - 08752 - 08048 - 73856
2025-03-10,MN,Cà Mau,4,04277 - 30165 - 17802 - 64662 - 00497 - 49235
2025-03-10,MN,Cà Mau,5,35448 - 04558 - 14624
2025-03-10,MN,Cà Mau,6,91496 - 74010 - 35417
2025-03-10,MN,Cà Mau,7,42207 - 12798 - 99823 - 27845
2025-03-10,MN,Cà Mau,8,39005
2025-03-11,MB,Hà Nội,ĐB,05464
2025-03-11,MB,Hà Nội,1,91422
2025-03-11,MB,Hà Nội,2,62234
2025-03-11,MB,Hà Nội,3,74722 - 55401 - 91826 - 86328 - 94796 - 74788
2025-03-11,MB,Hà Nội,4,58675 - 26252 - 91809 - 16321 - 71557 - 27363
2025-03-11,MB,Hà Nội,5,90524 - 52631 - 18771
2025-03-11,MB,Hà Nội,6,78228 - 23644 - 24153
2025-03-11,MB,Hà Nội,7,62534 - 65480 - 45535 - 66111
2025-03-11,MT,Đà Nẵng,ĐB,64902
2025-03-11,MT,Đà Nẵng,1,36514
2025-03-11,MT,Đà Nẵng,2,52583
2025-03-11,MT,Đà Nẵng,3,19726 - 50736 - 54390 - 47114 - 39562 - 86183
2025-03-11,MT,Đà Nẵng,4,73908 - 11613 - 60124 - 41353 - 17355 - 77140
2025-03-11,MT,Đà Nẵng,5,44009 - 72541 - 12267
2025-03-11,MT,Đà Nẵng,6,35816 - 95488 - 55537
2025-03-11,MT,Đà Nẵng,7,55202 - 09126 - 68185 - 15123
2025-03-11,MT,Đà Nẵng,8,34160
2025-03-11,MT,Khánh Hòa,ĐB,66328
2025-03-11,MT,Khánh Hòa,1,67925
2025-03-11,MT,Khánh Hòa,2,26581
2025-03-11,MT,Khánh Hòa,3,53391 - 31226 - 75991 - 83366 - 06051 - 45855
2025-03-11,MT,Khánh Hòa,4,36484 - 80150 - 38354 - 95578 - 64431 - 61107
2025-03-11,MT,Khánh Hòa,5,80617 - 40773 - 43263
2025-03-11,MT,Khánh Hòa,6,05653 - 07012 - 84872
2025-03-11,MT,Khánh Hòa,7,13809 - 13297 - 52256 - 46695
2025-03-11,MT,Khánh Hòa,8,56691
2025-03-11,MN,TP. HCM,ĐB,93302
2025-03-11,MN,TP. HCM,1,33323
2025-03-11,MN,TP. HCM,2,08729
2025-03-11,MN,TP. HCM,3,04773 - 27677 - 19073 - 40412 - 50321 - 43019
2025-03-11,MN,TP. HCM,4,18248 - 50750 - 68455 - 28280 - 72699 - 14064
2025-03-11,MN,TP. HCM,5,09691 - 47786 - 64649
2025-03-11,MN,TP. HCM,6,69705 - 82049 - 73948
2025-03-11,MN,TP. HCM,7,70481 - 80481 - 08924 - 17888
2025-03-11,MN,TP. HCM,8,09692
2025-03-11,MN,Đồng Tháp,ĐB,78187
2025-03-11,MN,Đồng Tháp,1,73001
2025-03-11,MN,Đồng Tháp,2,03438
2025-03-11,MN,Đồng Tháp,3,49343 - 37678 - 23829 - 39856 - 94916 - 20459
2025-03-11,MN,Đồng Tháp,4,33898 - 14054 - 54639 - 45000 - 02639 - 12127
2025-03-11,MN,Đồng Tháp,5,66057 - 01010 - 60264
2025-03-11,MN,Đồng Tháp,6,92119 - 75621 - 47188
2025-03-11,MN,Đồng Tháp,7,64136 - 02935 - 34304 - 82069
2025-03-11,MN,Đồng Tháp,8,30908
2025-03-11,MN,Cà Mau,ĐB,87858
2025-03-11,MN,Cà Mau,1,00823
2025-03-11,MN,Cà Mau,2,39404
2025-03-11,MN,Cà Mau,3,83562 - 74542 - 34269 - 29318 - 99175 - 29777
2025-03-11,MN,Cà Mau,4,09514 - 16264 - 66135 - 72963 - 08438 - 66578
2025-03-11,MN,Cà Mau,5,79639 - 74094 - 67290
2025-03-11,MN,Cà Mau,6,40051 - 03492 - 35058
2025-03-11,MN,Cà Mau,7,40506 - 41462 - 87383 - 25681
2025-03-11,MN,Cà Mau,8,13244
2025-03-12,MB,Hà Nội,ĐB,27190
2025-03-12,MB,Hà Nội,1,29446
2025-03-12,MB,Hà Nội,2,63530
2025-03-12,MB,Hà Nội,3,33352 - 25252 - 63125 - 11068 - 61257 - 78679
2025-03-12,MB,Hà Nội,4,95422 - 49173 - 53378 - 12434 - 59637 - 65198
2025-03-12,MB,Hà Nội,5,91196 - 48862 - 91075
2025-03-12,MB,Hà Nội,6,84570 - 85875 - 75590
2025-03-12,MB,Hà Nội,7,21208 - 05291 - 70471 - 64279
2025-03-12,MT,Đà Nẵng,ĐB,34336
2025-03-12,MT,Đà Nẵng,1,00457
2025-03-12,MT,Đà Nẵng,2,54921
2025-03-12,MT,Đà Nẵng,3,41164 - 78759 - 35585 - 19517 - 84718 - 36828
2025-03-12,MT,Đà Nẵng,4,69611 - 68090 - 14384 - 87559 - 36650 - 71023
2025-03-12,MT,Đà Nẵng,5,19220 - 99387 - 40587
2025-03-12,MT,Đà Nẵng,6,18389 - 88448 - 88555
2025-03-12,MT,Đà Nẵng,7,23365 - 71020 - 00091 - 57554
2025-03-12,MT,Đà Nẵng,8,25545
2025-03-12,MT,Khánh Hòa,ĐB,35599
2025-03-12,MT,Khánh Hòa,1,97341
2025-03-12,MT,Khánh Hòa,2,00435
2025-03-12,MT,Khánh Hòa,3,88765 - 97232 - 03648 - 14432 - 41108 - 58530
2025-03-12,MT,Khánh Hòa,4,77934 - 99747 - 13273 - 63114 - 12245 - 43092
2025-03-12,MT,Khánh Hòa,5,64183 - 37440 - 01205
2025-03-12,MT,Khánh Hòa,6,21615 - 05555 - 44355
2025-03-12,MT,Khánh Hòa,7,64465 - 33529 - 93485 - 18340
2025-03-12,MT,Khánh Hòa,8,64452
2025-03-12,MN,TP. HCM,ĐB,59122
2025-03-12,MN,TP. HCM,1,84983
2025-03-12,MN,TP. HCM,2,88211
2025-03-12,MN,TP. HCM,3,22659 - 03552 - 61152 - 35432 - 50432 - 70781
2025-03-12,MN,TP. HCM,4,11837 - 78131 - 48771 - 93535 - 42862 - 35978
2025-03-12,MN,TP. HCM,5,09664 - 99870 - 27118
2025-03-12,MN,TP. HCM,6,10832 - 22316 - 05733
2025-03-12,MN,TP. HCM,7,16195 - 32602 - 00218 - 11155
2025-03-12,MN,TP. HCM,8,08634
2025-03-12,MN,Đồng Tháp,ĐB,19677
2025-03-12,MN,Đồng Tháp,1,38988
2025-03-12,MN,Đồng Tháp,2,85929
2025-03-12,MN,Đồng Tháp,3,52273 - 36460 - 11685 - 48765 - 94673 - 98462
2025-03-12,MN,Đồng Tháp,4,83824 - 52389 - 76423 - 75357 - 71120 - 49670
2025-03-12,MN,Đồng Tháp,5,34839 - 10116 - 98084
2025-03-12,MN,Đồng Tháp,6,99091 - 49268 - 14463
2025-03-12,MN,Đồng Tháp,7,12710 - 78968 - 54134 - 71326
2025-03-12,MN,Đồng Tháp,8,34224
2025-03-12,MN,Cà Mau,ĐB,05349
2025-03-12,MN,Cà Mau,1,94441
2025-03-12,MN,Cà Mau,2,50596
2025-03-12,MN,Cà Mau,3,92790 - 60762 - 25664 - 08189 - 45993 - 87711
2025-03-12,MN,Cà Mau,4,12164 - 71543 - 63054 - 37659 - 64438 - 15535
2025-03-12,MN,Cà Mau,5,06280 - 78610 - 52464
2025-03-12,MN,Cà Mau,6,45793 - 34681 - 42400
2025-03-12,MN,Cà Mau,7,43074 - 43909 - 75367 - 15618
2025-03-12,MN,Cà Mau,8,41925
2025-03-13,MB,Hà Nội,ĐB,15311
2025-03-13,MB,Hà Nội,1,27079
2025-03-13,MB,Hà Nội,2,86560
2025-03-13,MB,Hà Nội,3,94014 - 67927 - 56161 - 43736 - 01065 - 85401
2025-03-13,MB,Hà Nội,4,36518 - 84121 - 48633 - 56894 - 39258 - 81941
2025-03-13,MB,Hà Nội,5,38044 - 49863 - 81373
2025-03-13,MB,Hà Nội,6,60000 - 59349 - 84298
2025-03-13,MB,Hà Nội,7,25799 - 16376 - 08615 - 68302
2025-03-13,MT,Đà Nẵng,ĐB,24491
2025-03-13,MT,Đà Nẵng,1,04132
2025-03-13,MT,Đà Nẵng,2,56015
2025-03-13,MT,Đà Nẵng,3,30716 - 04664 - 65624 - 39343 - 69810 - 04117
2025-03-13,MT,Đà Nẵng,4,70723 - 62686 - 75396 - 15315 - 26475 - 46133
2025-03-13,MT,Đà Nẵng,5,38294 - 35143 - 51741
2025-03-13,MT,Đà Nẵng,6,78023 - 09463 - 63384
2025-03-13,MT,Đà Nẵng,7,80619 - 76181 - 62218 - 03618
2025-03-13,MT,Đà Nẵng,8,88999
2025-03-13,MT,Khánh Hòa,ĐB,68324
2025-03-13,MT,Khánh Hòa,1,15983
2025-03-13,MT,Khánh Hòa,2,54006
2025-03-13,MT,Khánh Hòa,3,70156 - 76169 - 00166 - 79175 - 84148 - 82893
2025-03-13,MT,Khánh Hòa,4,69806 - 41529 - 00067 - 90182 - 54816 - 83271
2025-03-13,MT,Khánh Hòa,5,07069 - 47592 - 74054
2025-03-13,MT,Khánh Hòa,6,73434 - 72852 - 01060
2025-03-13,MT,Khánh Hòa,7,84209 - 79469 - 37259 - 99531
2025-03-13,MT,Khánh Hòa,8,73886
2025-03-13,MN,TP. HCM,ĐB,15942
2025-03-13,MN,TP. HCM,1,01673
2025-03-13,MN,TP. HCM,2,63355
2025-03-13,MN,TP. HCM,3,26491 - 94475 - 95543 - 13100 - 01109 - 10941
2025-03-13,MN,TP. HCM,4,34977 - 51588 - 49405 - 95611 - 43406 - 95688
2025-03-13,MN,TP. HCM,5,28415 - 70048 - 49563
2025-03-13,MN,TP. HCM,6,83963 - 55928 - 30089
2025-03-13,MN,TP. HCM,7,23950 - 50287 - 17439 - 79189
2025-03-13,MN,TP. HCM,8,30399
2025-03-13,MN,Đồng Tháp,ĐB,81520
2025-03-13,MN,Đồng Tháp,1,37615
2025-03-13,MN,Đồng Tháp,2,05610
2025-03-13,MN,Đồng Tháp,3,06937 - 53840 - 19534 - 95775 - 39819 - 02235
2025-03-13,MN,Đồng Tháp,4,56977 - 69649 - 40463 - 58020 - 17521 - 78105
2025-03-13,MN,Đồng Tháp,5,79242 - 81048 - 40927
2025-03-13,MN,Đồng Tháp,6,25087 - 61475 - 78043
2025-03-13,MN,Đồng Tháp,7,19736 - 95567 - 63838 - 21884
2025-03-13,MN,Đồng Tháp,8,87853
2025-03-13,MN,Cà Mau,ĐB,91675
2025-03-13,MN,Cà Mau,1,60398
2025-03-13,MN,Cà Mau,2,78828
2025-03-13,MN,Cà Mau,3,77464 - 10863 - 01074 - 72682 - 18130 - 31260
2025-03-13,MN,Cà Mau,4,96595 - 51885 - 98337 - 02057 - 42262 - 20160
2025-03-13,MN,Cà Mau,5,83149 - 79191 - 43962
2025-03-13,MN,Cà Mau,6,04422 - 62659 - 32324
2025-03-13,MN,Cà Mau,7,48786 - 39535 - 57071 - 60845
2025-03-13,MN,Cà Mau,8,53268
2025-03-14,MB,Hà Nội,ĐB,28694
2025-03-14,MB,Hà Nội,1,12433
2025-03-14,MB,Hà Nội,2,42735
2025-03-14,MB,Hà Nội,3,26953 - 01319 - 46610 - 11182 - 61403 - 93001
2025-03-14,MB,Hà Nội,4,58527 - 28740 - 14438 - 01961 - 75939 - 44682
2025-03-14,MB,Hà Nội,5,77475 - 44552 - 50034
2025-03-14,MB,Hà Nội,6,24410 - 51525 - 19728
2025-03-14,MB,Hà Nội,7,38179 - 26068 - 25637 - 37401
2025-03-14,MT,Đà Nẵng,ĐB,55164
2025-03-14,MT,Đà Nẵng,1,80654
2025-03-14,MT,Đà Nẵng,2,11879
2025-03-14,MT,Đà Nẵng,3,66790 - 80752 - 70499 - 94052 - 92355 - 07597
2025-03-14,MT,Đà Nẵng,4,57935 - 47695 - 17568 - 43641 - 11671 - 31820
2025-03-14,MT,Đà Nẵng,5,10569 - 83754 - 81390
2025-03-14,MT,Đà Nẵng,6,67461 - 03399 - 13895
2025-03-14,MT,Đà Nẵng,7,16312 - 83862 - 74124 - 35794
2025-03-14,MT,Đà Nẵng,8,24655
2025-03-14,MT,Khánh Hòa,ĐB,14185
2025-03-14,MT,Khánh Hòa,1,10930
2025-03-14,MT,Khánh Hòa,2,21646
2025-03-14,MT,Khánh Hòa,3,11305 - 94760 - 21035 - 51989 - 05032 - 18574
2025-03-14,MT,Khánh Hòa,4,19955 - 69240 - 73724 - 06653 - 70453 - 77933
2025-03-14,MT,Khánh Hòa,5,24647 - 49211 - 78124
2025-03-14,MT,Khánh Hòa,6,88474 - 97991 - 12255
2025-03-14,MT,Khánh Hòa,7,12439 - 02784 - 75529 - 57693
2025-03-14,MT,Khánh Hòa,8,55587
2025-03-14,MN,TP. HCM,ĐB,72990
2025-03-14,MN,TP. HCM,1,13020
2025-03-14,MN,TP. HCM,2,03303
2025-03-14,MN,TP. HCM,3,84998 - 86742 - 52490 - 74875 - 30170 - 99086
2025-03-14,MN,TP. HCM,4,26616 - 12455 - 68734 - 32556 - 91708 - 77225
2025-03-14,MN,TP. HCM,5,49373 - 93339 - 75201
2025-03-14,MN,TP. HCM,6,04117 - 81197 - 88938
2025-03-14,MN,TP. HCM,7,71584 - 02712 - 58758 - 03208
2025-03-14,MN,TP. HCM,8,35189
2025-03-14,MN,Đồng Tháp,ĐB,90945
2025-03-14,MN,Đồng Tháp,1,76983
2025-03-14,MN,Đồng Tháp,2,79990
2025-03-14,MN,Đồng Tháp,3,24037 - 88367 - 08004 - 65828 - 30446 - 76000
2025-03-14,MN,Đồng Tháp,4,90940 - 37312 - 84934 - 55093 - 06488 - 47171
2025-03-14,MN,Đồng Tháp,5,15491 - 19000 - 19817
2025-03-14,MN,Đồng Tháp,6,75586 - 48845 - 47508
2025-03-14,MN,Đồng Tháp,7,50027 - 10367 - 50082 - 32959
2025-03-14,MN,Đồng Tháp,8,09620
2025-03-14,MN,Cà Mau,ĐB,74316
2025-03-14,MN,Cà Mau,1,94218
2025-03-14,MN,Cà Mau,2,34993
2025-03-14,MN,Cà Mau,3,00164 - 47566 - 02796 - 54412 - 68481 - 28638
2025-03-14,MN,Cà Mau,4,06496 - 15344 - 82756 - 63162 - 18834 - 94416
2025-03-14,MN,Cà Mau,5,34766 - 84397 - 19990
2025-03-14,MN,Cà Mau,6,10954 - 73523 - 93133
2025-03-14,MN,Cà Mau,7,63867 - 67157 - 38173 - 83790
2025-03-14,MN,Cà Mau,8,90312
2025-03-15,MB,Hà Nội,ĐB,82599
2025-03-15,MB,Hà Nội,1,92990
2025-03-15,MB,Hà Nội,2,62547
2025-03-15,MB,Hà Nội,3,73505 - 10220 - 72828 - 38966 - 55988 - 12279
2025-03-15,MB,Hà Nội,4,56589 - 51632 - 42307 - 22399 - 09823 - 77203
2025-03-15,MB,Hà Nội,5,56731 - 58513 - 73134
2025-03-15,MB,Hà Nội,6,80916 - 48762 - 09154
2025-03-15,MB,Hà Nội,7,20199 - 43958 - 52996 - 13654
2025-03-15,MT,Đà Nẵng,ĐB,24522
2025-03-15,MT,Đà Nẵng,1,46873
2025-03-15,MT,Đà Nẵng,2,13782
2025-03-15,MT,Đà Nẵng,3,18151 - 10468 - 32255 - 85641 - 52703 - 23290
2025-03-15,MT,Đà Nẵng,4,77181 - 84851 - 63062 - 90239 - 71982 - 04891
2025-03-15,MT,Đà Nẵng,5,19501 - 83440 - 73347
2025-03-15,MT,Đà Nẵng,6,87430 - 08262 - 85597
2025-03-15,MT,Đà Nẵng,7,80195 - 13894 - 22435 - 70998
2025-03-15,MT,Đà Nẵng,8,15419
2025-03-15,MT,Khánh Hòa,ĐB,02364
2025-03-15,MT,Khánh Hòa,1,14720
2025-03-15,MT,Khánh Hòa,2,84685
2025-03-15,MT,Khánh Hòa,3,33091 - 76502 - 54820 - 75394 - 49164 - 65374
2025-03-15,MT,Khánh Hòa,4,08690 - 32671 - 57185 - 09883 - 73122 - 48900
2025-03-15,MT,Khánh Hòa,5,11377 - 55838 - 07853
2025-03-15,MT,Khánh Hòa,6,71448 - 39140 - 26646
2025-03-15,MT,Khánh Hòa,7,28256 - 65988 - 72321 - 59778
2025-03-15,MT,Khánh Hòa,8,16528
2025-03-15,MN,TP. HCM,ĐB,75898
2025-03-15,MN,TP. HCM,1,01467
2025-03-15,MN,TP. HCM,2,83800
2025-03-15,MN,TP. HCM,3,24113 - 45638 - 78836 - 09197 - 41343 - 40077
2025-03-15,MN,TP. HCM,4,96187 - 27858 - 65544 - 46977 - 95237 - 65956
2025-03-15,MN,TP. HCM,5,94993 - 44000 - 19777
2025-03-15,MN,TP. HCM,6,37642 - 59979 - 65721
2025-03-15,MN,TP. HCM,7,08410 - 98058 - 83810 - 79938
2025-03-15,MN,TP. HCM,8,34025
2025-03-15,MN,Đồng Tháp,ĐB,39941
2025-03-15,MN,Đồng Tháp,1,10303
2025-03-15,MN,Đồng Tháp,2,36030
2025-03-15,MN,Đồng Tháp,3,65001 - 56129 - 97274 - 19615 - 05826 - 40916
2025-03-15,MN,Đồng Tháp,4,56020 - 46741 - 98648 - 11796 - 42657 - 01003
2025-03-15,MN,Đồng Tháp,5,43652 - 46256 - 65648
2025-03-15,MN,Đồng Tháp,6,98860 - 39901 - 48961
2025-03-15,MN,Đồng Tháp,7,75140 - 10800 - 47441 - 89050
2025-03-15,MN,Đồng Tháp,8,02069
2025-03-15,MN,Cà Mau,ĐB,16138
2025-03-15,MN,Cà Mau,1,99938
2025-03-15,MN,Cà Mau,2,32219
2025-03-15,MN,Cà Mau,3,01521 - 39436 - 51478 - 96107 - 23375 - 64064
2025-03-15,MN,Cà Mau,4,50930 - 70138 - 43097 - 31044 - 92478 - 77709
2025-03-15,MN,Cà Mau,5,53699 - 33293 - 27115
2025-03-15,MN,Cà Mau,6,43496 - 14781 - 60042
2025-03-15,MN,Cà Mau,7,95614 - 20830 - 58017 - 23430
2025-03-15,MN,Cà Mau,8,54102
2025-03-16,MB,Hà Nội,ĐB,80800
2025-03-16,MB,Hà Nội,1,93643
2025-03-16,MB,Hà Nội,2,12748
2025-03-16,MB,Hà Nội,3,88827 - 09807 - 84723 - 94840 - 09742 - 95753
2025-03-16,MB,Hà Nội,4,00159 - 08177 - 98968 - 40194 - 60307 - 64218
2025-03-16,MB,Hà Nội,5,33402 - 65311 - 11725
2025-03-16,MB,Hà Nội,6,57110 - 71547 - 55159
2025-03-16,MB,Hà Nội,7,47949 - 41328 - 41763 - 53058
2025-03-16,MT,Đà Nẵng,ĐB,13070
2025-03-16,MT,Đà Nẵng,1,92518
2025-03-16,MT,Đà Nẵng,2,91497
2025-03-16,MT,Đà Nẵng,3,72922 - 47221 - 30854 - 43886 - 00620 - 88105
2025-03-16,MT,Đà Nẵng,4,33783 - 13014 - 16651 - 82164 - 14880 - 18233
2025-03-16,MT,Đà Nẵng,5,74943 - 89125 - 03387
2025-03-16,MT,Đà Nẵng,6,37157 - 26176 - 48811
2025-03-16,MT,Đà Nẵng,7,52423 - 01310 - 71612 - 40096
2025-03-16,MT,Đà Nẵng,8,15694
2025-03-16,MT,Khánh Hòa,ĐB,19505
2025-03-16,MT,Khánh Hòa,1,58596
2025-03-16,MT,Khánh Hòa,2,09835
2025-03-16,MT,Khánh Hòa,3,02199 - 85848 - 99920 - 56179 - 70944 - 21737
2025-03-16,MT,Khánh Hòa,4,11635 - 83806 - 69418 - 85037 - 91322 - 71435
2025-03-16,MT,Khánh Hòa,5,85729 - 42880 - 72643
2025-03-16,MT,Khánh Hòa,6,36581 - 02013 - 58556
2025-03-16,MT,Khánh Hòa,7,01660 - 24668 - 95822 - 80877
2025-03-16,MT,Khánh Hòa,8,94869
2025-03-16,MN,TP. HCM,ĐB,88492
2025-03-16,MN,TP. HCM,1,86935
2025-03-16,MN,TP. HCM,2,78014
2025-03-16,MN,TP. HCM,3,79558 - 27841 - 90214 - 69262 - 79528 - 68612
2025-03-16,MN,TP. HCM,4,71688 - 34975 - 13010 - 46235 - 83858 - 85371
2025-03-16,MN,TP. HCM,5,61274 - 24497 - 63099
2025-03-16,MN,TP. HCM,6,35822 - 14714 - 04940
2025-03-16,MN,TP. HCM,7,61600 - 40649 - 76310 - 86295
2025-03-16,MN,TP. HCM,8,43055
2025-03-16,MN,Đồng Tháp,ĐB,15599
2025-03-16,MN,Đồng Tháp,1,60791
2025-03-16,MN,Đồng Tháp,2,76585
2025-03-16,MN,Đồng Tháp,3,32855 - 99650 - 95353 - 95034 - 33561 - 17674
2025-03-16,MN,Đồng Tháp,4,02972 - 60618 - 29717 - 26136 - 56440 - 82176
2025-03-16,MN,Đồng Tháp,5,73712 - 69747 - 44709
2025-03-16,MN,Đồng Tháp,6,24105 - 22169 - 67446
2025-03-16,MN,Đồng Tháp,7,40927 - 62142 - 24264 - 70300
2025-03-16,MN,Đồng Tháp,8,30624
2025-03-16,MN,Cà Mau,ĐB,13523
2025-03-16,MN,Cà Mau,1,03484
2025-03-16,MN,Cà Mau,2,36000
2025-03-16,MN,Cà Mau,3,44404 - 24788 - 23089 - 39947 - 04996 - 16936
2025-03-16,MN,Cà Mau,4,75277 - 35938 - 29290 - 26618 - 00127 - 25674
2025-03-16,MN,Cà Mau,5,42622 - 25615 - 68589
2025-03-16,MN,Cà Mau,6,59449 - 26555 - 48834
2025-03-16,MN,Cà Mau,7,49597 - 64869 - 18926 - 23256
2025-03-16,MN,Cà Mau,8,74112
2025-03-17,MB,Hà Nội,ĐB,20901
2025-03-17,MB,Hà Nội,1,46502
2025-03-17,MB,Hà Nội,2,62819
2025-03-17,MB,Hà Nội,3,25194 - 67298 - 04729 - 08761 - 66943 - 83993
2025-03-17,MB,Hà Nội,4,62852 - 91260 - 94033 - 21019 - 24091 - 60749
2025-03-17,MB,Hà Nội,5,96420 - 28119 - 04411
2025-03-17,MB,Hà Nội,6,46868 - 28202 - 70361
2025-03-17,MB,Hà Nội,7,48509 - 30629 - 98195 - 93146
2025-03-17,MT,Đà Nẵng,ĐB,38840
2025-03-17,MT,Đà Nẵng,1,52064
2025-03-17,MT,Đà Nẵng,2,30044
2025-03-17,MT,Đà Nẵng,3,16568 - 27376 - 94545 - 27105 - 75137 - 70926
2025-03-17,MT,Đà Nẵng,4,05946 - 43059 - 73291 - 99804 - 51789 - 19498
2025-03-17,MT,Đà Nẵng,5,33552 - 23785 - 10116
2025-03-17,MT,Đà Nẵng,6,67908 - 23491 - 04421
2025-03-17,MT,Đà Nẵng,7,65492 - 96833 - 78591 - 38838
2025-03-17,MT,Đà Nẵng,8,90137
2025-03-17,MT,Khánh Hòa,ĐB,35679
2025-03-17,MT,Khánh Hòa,1,85816
2025-03-17,MT,Khánh Hòa,2,16561
2025-03-17,MT,Khánh Hòa,3,13697 - 04386 - 97252 - 24779 - 59506 - 57000
2025-03-17,MT,Khánh Hòa,4,43757 - 71967 - 29655 - 55490 - 84343 - 27202
2025-03-17,MT,Khánh Hòa,5,40298 - 08768 - 87711
2025-03-17,MT,Khánh Hòa,6,60586 - 81182 - 63133
2025-03-17,MT,Khánh Hòa,7,15060 - 90479 - 51298 - 03995
2025-03-17,MT,Khánh Hòa,8,55942
2025-03-17,MN,TP. HCM,ĐB,35300
2025-03-17,MN,TP. HCM,1,52109
2025-03-17,MN,TP. HCM,2,39516
2025-03-17,MN,TP. HCM,3,75820 - 04672 - 98511 - 68053 - 23086 - 03427
2025-03-17,MN,TP. HCM,4,28010 - 71953 - 02932 - 25217 - 78208 - 30621
2025-03-17,MN,TP. HCM,5,52452 - 34126 - 70058
2025-03-17,MN,TP. HCM,6,27082 - 75939 - 18891
2025-03-17,MN,TP. HCM,7,88573 - 49946 - 80883 - 51577
2025-03-17,MN,TP. HCM,8,74045
2025-03-17,MN,Đồng Tháp,ĐB,92976
2025-03-17,MN,Đồng Tháp,1,91610
2025-03-17,MN,Đồng Tháp,2,88355
2025-03-17,MN,Đồng Tháp,3,88662 - 75982 - 65896 - 68986 - 98207 - 16869
2025-03-17,MN,Đồng Tháp,4,03195 - 11383 - 67290 - 20850 - 59768 - 19191
2025-03-17,MN,Đồng Tháp,5,63666 - 74977 - 65451
2025-03-17,MN,Đồng Tháp,6,29832 - 89878 - 34889
2025-03-17,MN,Đồng Tháp,7,89364 - 22494 - 68067 - 04168
2025-03-17,MN,Đồng Tháp,8,87842
2025-03-17,MN,Cà Mau,ĐB,48124
2025-03-17,MN,Cà Mau,1,66245
2025-03-17,MN,Cà Mau,2,79159
2025-03-17,MN,Cà Mau,3,40186 - 39390 - 35945 - 03607 - 97890 - 73375
2025-03-17,MN,Cà Mau,4,02523 - 71665 - 51304 - 56871 - 66192 - 03160
2025-03-17,MN,Cà Mau,5,95011 - 58783 - 34224
2025-03-17,MN,Cà Mau,6,68539 - 40557 - 33150
2025-03-17,MN,Cà Mau,7,59622 - 64366 - 41305 - 25628
2025-03-17,MN,Cà Mau,8,62215
2025-03-18,MB,Hà Nội,ĐB,98205
2025-03-18,MB,Hà Nội,1,51940
2025-03-18,MB,Hà Nội,2,70119
2025-03-18,MB,Hà Nội,3,73933 - 53015 - 42408 - 37013 - 36575 - 61427
2025-03-18,MB,Hà Nội,4,98500 - 87818 - 09954 - 17401 - 26686 - 02802
2025-03-18,MB,Hà Nội,5,08530 - 99155 - 04302
2025-03-18,MB,Hà Nội,6,55846 - 84458 - 24127
2025-03-18,MB,Hà Nội,7,64272 - 96136 - 33538 - 41916
2025-03-18,MT,Đà Nẵng,ĐB,47556
2025-03-18,MT,Đà Nẵng,1,94674
2025-03-18,MT,Đà Nẵng,2,81962
2025-03-18,MT,Đà Nẵng,3,37902 - 05797 - 97365 - 20878 - 63577 - 45531
2025-03-18,MT,Đà Nẵng,4,70949 - 26781 - 54504 - 07776 - 13515 - 44224
2025-03-18,MT,Đà Nẵng,5,60429 - 01500 - 07403
2025-03-18,MT,Đà Nẵng,6,82540 - 92799 - 77192
2025-03-18,MT,Đà Nẵng,7,31961 - 96772 - 33649 - 20424
2025-03-18,MT,Đà Nẵng,8,49209
2025-03-18,MT,Khánh Hòa,ĐB,80713
2025-03-18,MT,Khánh Hòa,1,26632
2025-03-18,MT,Khánh Hòa,2,32219
2025-03-18,MT,Khánh Hòa,3,54554 - 64768 - 75462 - 10263 - 29864 - 87917
2025-03-18,MT,Khánh Hòa,4,74646 - 16476 - 70173 - 01599 - 18223 - 72452
2025-03-18,MT,Khánh Hòa,5,35166 - 62526 - 30025
2025-03-18,MT,Khánh Hòa,6,29939 - 39576 - 35247
2025-03-18,MT,Khánh Hòa,7,28583 - 85563 - 75895 - 36370
2025-03-18,MT,Khánh Hòa,8,83850
2025-03-18,MN,TP. HCM,ĐB,00777
2025-03-18,MN,TP. HCM,1,20668
2025-03-18,MN,TP. HCM,2,69078
2025-03-18,MN,TP. HCM,3,80795 - 54150 - 99457 - 53531 - 92416 - 08033
2025-03-18,MN,TP. HCM,4,36477 - 12448 - 81425 - 49989 - 24987 - 27571
2025-03-18,MN,TP. HCM,5,66687 - 88898 - 52954
2025-03-18,MN,TP. HCM,6,61462 - 58829 - 32502
2025-03-18,MN,TP. HCM,7,73205 - 16465 - 44732 - 02583
2025-03-18,MN,TP. HCM,8,50340
2025-03-18,MN,Đồng Tháp,ĐB,73383
2025-03-18,MN,Đồng Tháp,1,77290
2025-03-18,MN,Đồng Tháp,2,82016
2025-03-18,MN,Đồng Tháp,3,70041 - 72792 - 28161 - 45904 - 01842 - 54694
2025-03-18,MN,Đồng Tháp,4,66684 - 81639 - 44963 - 95313 - 95324 - 18991
2025-03-18,MN,Đồng Tháp,5,09020 - 55694 - 55334
2025-03-18,MN,Đồng Tháp,6,30437 - 95248 - 53044
2025-03-18,MN,Đồng Tháp,7,82916 - 66649 - 80869 - 96382
2025-03-18,MN,Đồng Tháp,8,09188
2025-03-18,MN,Cà Mau,ĐB,25061
2025-03-18,MN,Cà Mau,1,70862
2025-03-18,MN,Cà Mau,2,07845
2025-03-18,MN,Cà Mau,3,58206 - 66614 - 47932 - 16610 - 50495 - 37753
2025-03-18,MN,Cà Mau,4,46879 - 52429 - 01177 - 54625 - 15025 - 86235
2025-03-18,MN,Cà Mau,5,70242 - 68801 - 16796
2025-03-18,MN,Cà Mau,6,57420 - 96812 - 62260
2025-03-18,MN,Cà Mau,7,20057 - 87143 - 07145 - 91337
2025-03-18,MN,Cà Mau,8,71770
2025-03-19,MB,Hà Nội,ĐB,39512
2025-03-19,MB,Hà Nội,1,44823
2025-03-19,MB,Hà Nội,2,77228
2025-03-19,MB,Hà Nội,3,88516 - 28634 - 77500 - 02731 - 58588 - 69833
2025-03-19,MB,Hà Nội,4,50351 - 85107 - 54714 - 30945 - 10383 - 02360
2025-03-19,MB,Hà Nội,5,59897 - 97622 - 37722
2025-03-19,MB,Hà Nội,6,54245 - 66142 - 58882
2025-03-19,MB,Hà Nội,7,83905 - 18802 - 14246 - 47669
2025-03-19,MT,Đà Nẵng,ĐB,35955
2025-03-19,MT,Đà Nẵng,1,41200
2025-03-19,MT,Đà Nẵng,2,07647
2025-03-19,MT,Đà Nẵng,3,53024 - 29394 - 63442 - 86825 - 48487 - 86604
2025-03-19,MT,Đà Nẵng,4,30359 - 01327 - 99075 - 38967 - 94670 - 02899
2025-03-19,MT,Đà Nẵng,5,79850 - 85986 - 73448
2025-03-19,MT,Đà Nẵng,6,11147 - 46069 - 90131
2025-03-19,MT,Đà Nẵng,7,92623 - 83341 - 75336 - 63505
2025-03-19,MT,Đà Nẵng,8,22699
2025-03-19,MT,Khánh Hòa,ĐB,40278
2025-03-19,MT,Khánh Hòa,1,24687
2025-03-19,MT,Khánh Hòa,2,57758
2025-03-19,MT,Khánh Hòa,3,80493 - 99430 - 76451 - 63597 - 57557 - 43708
2025-03-19,MT,Khánh Hòa,4,47653 - 45278 - 34564 - 32008 - 25525 - 96860
2025-03-19,MT,Khánh Hòa,5,16024 - 72136 - 88950
2025-03-19,MT,Khánh Hòa,6,42084 - 84779 - 19017
2025-03-19,MT,Khánh Hòa,7,46380 - 75409 - 12186 - 74725
2025-03-19,MT,Khánh Hòa,8,43412
2025-03-19,MN,TP. HCM,ĐB,91600
2025-03-19,MN,TP. HCM,1,21784
2025-03-19,MN,TP. HCM,2,17426
2025-03-19,MN,TP. HCM,3,85402 - 60598 - 01724 - 07530 - 80470 - 54565
2025-03-19,MN,TP. HCM,4,30656 - 72638 - 43789 - 50333 - 05518 - 05171
2025-03-19,MN,TP. HCM,5,08393 - 67217 - 86143
2025-03-19,MN,TP. HCM,6,81037 - 51718 - 68355
2025-03-19,MN,TP. HCM,7,40013 - 49366 - 69006 - 91752
2025-03-19,MN,TP. HCM,8,83361
2025-03-19,MN,Đồng Tháp,ĐB,46815
2025-03-19,MN,Đồng Tháp,1,70372
2025-03-19,MN,Đồng Tháp,2,37425
2025-03-19,MN,Đồng Tháp,3,97651 - 77859 - 87443 - 72920 - 91087 - 97571
2025-03-19,MN,Đồng Tháp,4,80718 - 50736 - 25822 - 19738 - 83017 - 84063
2025-03-19,MN,Đồng Tháp,5,53985 - 63918 - 00017
2025-03-19,MN,Đồng Tháp,6,40610 - 89936 - 03340
2025-03-19,MN,Đồng Tháp,7,75432 - 10413 - 09367 - 19576
2025-03-19,MN,Đồng Tháp,8,18655
2025-03-19,MN,Cà Mau,ĐB,73082
2025-03-19,MN,Cà Mau,1,42985
2025-03-19,MN,Cà Mau,2,38712
2025-03-19,MN,Cà Mau,3,91355 - 49127 - 85646 - 98983 - 04079 - 92017
2025-03-19,MN,Cà Mau,4,73691 - 58249 - 95451 - 89571 - 99292 - 89971
2025-03-19,MN,Cà Mau,5,01708 - 59692 - 17792
2025-03-19,MN,Cà Mau,6,01394 - 80661 - 33232
2025-03-19,MN,Cà Mau,7,13327 - 86826 - 24460 - 40751
2025-03-19,MN,Cà Mau,8,00034
2025-03-20,MB,Hà Nội,ĐB,72612
2025-03-20,MB,Hà Nội,1,97216
2025-03-20,MB,Hà Nội,2,53711
2025-03-20,MB,Hà Nội,3,07862 - 10951 - 82181 - 78289 - 94710 - 82038
2025-03-20,MB,Hà Nội,4,90735 - 93282 - 28567 - 31119 - 63993 - 03472
2025-03-20,MB,Hà Nội,5,76036 - 30116 - 68994
2025-03-20,MB,Hà Nội,6,53637 - 57030 - 99809
2025-03-20,MB,Hà Nội,7,56207 - 17023 - 49424 - 86244
2025-03-20,MT,Đà Nẵng,ĐB,26103
2025-03-20,MT,Đà Nẵng,1,97105
2025-03-20,MT,Đà Nẵng,2,24201
2025-03-20,MT,Đà Nẵng,3,19306 - 04695 - 34106 - 45705 - 17701 - 09914
2025-03-20,MT,Đà Nẵng,4,45662 - 20041 - 01961 - 39273 - 73017 - 36562
2025-03-20,MT,Đà Nẵng,5,32669 - 93165 - 82690
2025-03-20,MT,Đà Nẵng,6,56124 - 87218 - 60127
2025-03-20,MT,Đà Nẵng,7,98500 - 78939 - 09422 - 33953
2025-03-20,MT,Đà Nẵng,8,67874
2025-03-20,MT,Khánh Hòa,ĐB,03084
2025-03-20,MT,Khánh Hòa,1,20662
2025-03-20,MT,Khánh Hòa,2,94935
2025-03-20,MT,Khánh Hòa,3,58944 - 31623 - 57184 - 01259 - 50912 - 14404
2025-03-20,MT,Khánh Hòa,4,15349 - 78235 - 97834 - 24623 - 85624 - 67006
2025-03-20,MT,Khánh Hòa,5,66482 - 55692 - 99164
2025-03-20,MT,Khánh Hòa,6,41416 - 56578 - 24489
2025-03-20,MT,Khánh Hòa,7,91929 - 70423 - 39739 - 09227
2025-03-20,MT,Khánh Hòa,8,16007
2025-03-20,MN,TP. HCM,ĐB,22038
2025-03-20,MN,TP. HCM,1,52633
2025-03-20,MN,TP. HCM,2,14584
2025-03-20,MN,TP. HCM,3,83119 - 15499 - 16520 - 35321 - 42476 - 17570
2025-03-20,MN,TP. HCM,4,41798 - 21521 - 38395 - 15955 - 00053 - 96057
2025-03-20,MN,TP. HCM,5,73854 - 97279 - 94949
2025-03-20,MN,TP. HCM,6,17265 - 90504 - 23648
2025-03-20,MN,TP. HCM,7,27055 - 75904 - 57541 - 38029
2025-03-20,MN,TP. HCM,8,72595
2025-03-20,MN,Đồng Tháp,ĐB,31359
2025-03-20,MN,Đồng Tháp,1,71145
2025-03-20,MN,Đồng Tháp,2,50535
2025-03-20,MN,Đồng Tháp,3,47888 - 03729 - 87697 - 14189 - 41670 - 35355
2025-03-20,MN,Đồng Tháp,4,84860 - 51612 - 19021 - 07003 - 04101 - 84253
2025-03-20,MN,Đồng Tháp,5,06195 - 20212 - 76104
2025-03-20,MN,Đồng Tháp,6,11559 - 47143 - 89470
2025-03-20,MN,Đồng Tháp,7,00532 - 81859 - 33724 - 80763
2025-03-20,MN,Đồng Tháp,8,47509
2025-03-20,MN,Cà Mau,ĐB,65429
2025-03-20,MN,Cà Mau,1,66810
2025-03-20,MN,Cà Mau,2,76187
2025-03-20,MN,Cà Mau,3,50549 - 83910 - 95026 - 83891 - 87425 - 44207
2025-03-20,MN,Cà Mau,4,33595 - 12635 - 34658 - 82745 - 25662 - 44020
2025-03-20,MN,Cà Mau,5,79515 - 17272 - 96438
2025-03-20,MN,Cà Mau,6,85102 - 66280 - 93524
2025-03-20,MN,Cà Mau,7,85968 - 22126 - 30523 - 27286
2025-03-20,MN,Cà Mau,8,57010
2025-03-21,MB,Hà Nội,ĐB,44376
2025-03-21,MB,Hà Nội,1,82493
2025-03-21,MB,Hà Nội,2,02632
2025-03-21,MB,Hà Nội,3,57094 - 88213 - 56820 - 07243 - 88906 - 04311
2025-03-21,MB,Hà Nội,4,68561 - 35282 - 29190 - 54662 - 78816 - 88222
2025-03-21,MB,Hà Nội,5,90876 - 63204 - 76750
2025-03-21,MB,Hà Nội,6,82412 - 77849 - 91210
2025-03-21,MB,Hà Nội,7,09371 - 87222 - 39978 - 64882
2025-03-21,MT,Đà Nẵng,ĐB,63576
2025-03-21,MT,Đà Nẵng,1,77319
2025-03-21,MT,Đà Nẵng,2,44527
2025-03-21,MT,Đà Nẵng,3,29274 - 34368 - 24843 - 29698 - 80436 - 37592
2025-03-21,MT,Đà Nẵng,4,45490 - 36691 - 47478 - 06222 - 83278 - 79744
2025-03-21,MT,Đà Nẵng,5,70635 - 89559 - 04454
2025-03-21,MT,Đà Nẵng,6,64233 - 68154 - 68409
2025-03-21,MT,Đà Nẵng,7,75324 - 49555 - 93427 - 58897
2025-03-21,MT,Đà Nẵng,8,80470
2025-03-21,MT,Khánh Hòa,ĐB,39032
2025-03-21,MT,Khánh Hòa,1,99992
2025-03-21,MT,Khánh Hòa,2,78950
2025-03-21,MT,Khánh Hòa,3,82231 - 07968 - 88851 - 50896 - 25097 - 23447
2025-03-21,MT,Khánh Hòa,4,51425 - 78392 - 35063 - 98441 - 52245 - 77444
2025-03-21,MT,Khánh Hòa,5,51532 - 41811 - 22887
2025-03-21,MT,Khánh Hòa,6,84140 - 36131 - 72077
2025-03-21,MT,Khánh Hòa,7,91978 - 27832 - 97230 - 31296
2025-03-21,MT,Khánh Hòa,8,12022
2025-03-21,MN,TP. HCM,ĐB,59523
2025-03-21,MN,TP. HCM,1,38545
2025-03-21,MN,TP. HCM,2,28177
2025-03-21,MN,TP. HCM,3,72740 - 73518 - 64700 - 76286 - 97728 - 50577
2025-03-21,MN,TP. HCM,4,91112 - 29644 - 12152 - 96539 - 68136 - 90167
2025-03-21,MN,TP. HCM,5,39655 - 79818 - 96521
2025-03-21,MN,TP. HCM,6,49630 - 45739 - 48073
2025-03-21,MN,TP. HCM,7,22555 - 73754 - 50915 - 25715
2025-03-21,MN,TP. HCM,8,89383
2025-03-21,MN,Đồng Tháp,ĐB,50701
2025-03-21,MN,Đồng Tháp,1,78154
2025-03-21,MN,Đồng Tháp,2,26028
2025-03-21,MN,Đồng Tháp,3,47802 - 11694 - 03705 - 16622 - 64481 - 35106
2025-03-21,MN,Đồng Tháp,4,81677 - 40154 - 25940 - 25728 - 92970 - 80112
2025-03-21,MN,Đồng Tháp,5,96649 - 05768 - 14582
2025-03-21,MN,Đồng Tháp,6,41550 - 43003 - 29124
2025-03-21,MN,Đồng Tháp,7,45912 - 68076 - 97614 - 51205
2025-03-21,MN,Đồng Tháp,8,06479
2025-03-21,MN,Cà Mau,ĐB,15108
2025-03-21,MN,Cà Mau,1,50315
2025-03-21,MN,Cà Mau,2,76790
2025-03-21,MN,Cà Mau,3,86604 - 61443 - 10824 - 21736 - 77781 - 41002
2025-03-21,MN,Cà Mau,4,48323 - 94116 - 06846 - 68658 - 34028 - 62602
2025-03-21,MN,Cà Mau,5,81118 - 89383 - 43040
2025-03-21,MN,Cà Mau,6,00735 - 66093 - 99432
2025-03-21,MN,Cà Mau,7,38684 - 42044 - 88842 - 67065
2025-03-21,MN,Cà Mau,8,45831
2025-03-22,MB,Hà Nội,ĐB,20904
2025-03-22,MB,Hà Nội,1,45004
2025-03-22,MB,Hà Nội,2,49053
2025-03-22,MB,Hà Nội,3,93129 - 30091 - 57305 - 01700 - 40429 - 16592
2025-03-22,MB,Hà Nội,4,60571 - 93489 - 27661 - 76984 - 77875 - 75101
2025-03-22,MB,Hà Nội,5,24046 - 24023 - 66290
2025-03-22,MB,Hà Nội,6,80573 - 15770 - 08485
2025-03-22,MB,Hà Nội,7,73379 - 79296 - 41671 - 38965
2025-03-22,MT,Đà Nẵng,ĐB,47349
2025-03-22,MT,Đà Nẵng,1,87992
2025-03-22,MT,Đà Nẵng,2,68112
2025-03-22,MT,Đà Nẵng,3,42460 - 94014 - 65151 - 68430 - 52651 - 93982
2025-03-22,MT,Đà Nẵng,4,43127 - 88634 - 20088 - 57236 - 93684 - 72846
2025-03-22,MT,Đà Nẵng,5,47840 - 31137 - 12467
2025-03-22,MT,Đà Nẵng,6,35414 - 21442 - 86874
2025-03-22,MT,Đà Nẵng,7,99371 - 03962 - 12139 - 50312
2025-03-22,MT,Đà Nẵng,8,61254
2025-03-22,MT,Khánh Hòa,ĐB,02428
2025-03-22,MT,Khánh Hòa,1,16440
2025-03-22,MT,Khánh Hòa,2,36360
2025-03-22,MT,Khánh Hòa,3,25651 - 70924 - 33886 - 96563 - 46601 - 29290
2025-03-22,MT,Khánh Hòa,4,64996 - 83502 - 18901 - 98101 - 92140 - 98150
2025-03-22,MT,Khánh Hòa,5,57754 - 67950 - 93102
2025-03-22,MT,Khánh Hòa,6,87308 - 54237 - 45433
2025-03-22,MT,Khánh Hòa,7,06097 - 28192 - 64028 - 56010
2025-03-22,MT,Khánh Hòa,8,54859
2025-03-22,MN,TP. HCM,ĐB,68356
2025-03-22,MN,TP. HCM,1,24607
2025-03-22,MN,TP. HCM,2,90211
2025-03-22,MN,TP. HCM,3,79553 - 91958 - 01555 - 61803 - 55714 - 51299
2025-03-22,MN,TP. HCM,4,27994 - 53913 - 15398 - 28006 - 48661 - 35335
2025-03-22,MN,TP. HCM,5,12164 - 10099 - 52042
2025-03-22,MN,TP. HCM,6,64570 - 76151 - 19876
2025-03-22,MN,TP. HCM,7,64634 - 95879 - 36729 - 40162
2025-03-22,MN,TP. HCM,8,40571
2025-03-22,MN,Đồng Tháp,ĐB,00103
2025-03-22,MN,Đồng Tháp,1,33406
2025-03-22,MN,Đồng Tháp,2,89615
2025-03-22,MN,Đồng Tháp,3,47302 - 91759 - 64228 - 13450 - 14889 - 74588
2025-03-22,MN,Đồng Tháp,4,52107 - 48507 - 27631 - 31000 - 15102 - 71548
2025-03-22,MN,Đồng Tháp,5,61098 - 43567 - 75895
2025-03-22,MN,Đồng Tháp,6,57577 - 50706 - 89157
2025-03-22,MN,Đồng Tháp,7,97260 - 47091 - 72030 - 62875
2025-03-22,MN,Đồng Tháp,8,16166
2025-03-22,MN,Cà Mau,ĐB,09106
2025-03-22,MN,Cà Mau,1,13374
2025-03-22,MN,Cà Mau,2,74701
2025-03-22,MN,Cà Mau,3,58713 - 34258 - 11179 - 21597 - 92721 - 29452
2025-03-22,MN,Cà Mau,4,39859 - 71288 - 30122 - 25025 - 97078 - 02686
2025-03-22,MN,Cà Mau,5,35457 - 79336 - 29260
2025-03-22,MN,Cà Mau,6,65263 - 15141 - 95596
2025-03-22,MN,Cà Mau,7,76794 - 34274 - 44932 - 32346
2025-03-22,MN,Cà Mau,8,38814
2025-03-23,MB,Hà Nội,ĐB,79137
2025-03-23,MB,Hà Nội,1,67303
2025-03-23,MB,Hà Nội,2,60496
2025-03-23,MB,Hà Nội,3,08783 - 10253 - 42324 - 52577 - 91438 - 59443
2025-03-23,MB,Hà Nội,4,87374 - 29598 - 98286 - 58771 - 20166 - 48125
2025-03-23,MB,Hà Nội,5,01196 - 48186 - 73313
2025-03-23,MB,Hà Nội,6,06859 - 13809 - 36569
2025-03-23,MB,Hà Nội,7,79479 - 94771 - 33536 - 74416
2025-03-23,MT,Đà Nẵng,ĐB,21235
2025-03-23,MT,Đà Nẵng,1,63006
2025-03-23,MT,Đà Nẵng,2,07227
2025-03-23,MT,Đà Nẵng,3,84047 - 01174 - 48712 - 02869 - 03004 - 42808
2025-03-23,MT,Đà Nẵng,4,29332 - 72528 - 97237 - 69198 - 53859 - 67369
2025-03-23,MT,Đà Nẵng,5,17623 - 89554 - 89423
2025-03-23,MT,Đà Nẵng,6,75931 - 99760 - 17740
2025-03-23,MT,Đà Nẵng,7,83599 - 12605 - 41471 - 11683
2025-03-23,MT,Đà Nẵng,8,18248
2025-03-23,MT,Khánh Hòa,ĐB,11439
2025-03-23,MT,Khánh Hòa,1,53943
2025-03-23,MT,Khánh Hòa,2,15305
2025-03-23,MT,Khánh Hòa,3,73597 - 47836 - 86841 - 99205 - 78690 - 87859
2025-03-23,MT,Khánh Hòa,4,07345 - 53981 - 39580 - 58933 - 22329 - 23175
2025-03-23,MT,Khánh Hòa,5,95871 - 51115 - 77722
2025-03-23,MT,Khánh Hòa,6,09951 - 27540 - 76290
2025-03-23,MT,Khánh Hòa,7,73840 - 60341 - 36905 - 23011
2025-03-23,MT,Khánh Hòa,8,00975
2025-03-23,MN,TP. HCM,ĐB,18452
2025-03-23,MN,TP. HCM,1,87830
2025-03-23,MN,TP. HCM,2,87184
2025-03-23,MN,TP. HCM,3,16371 - 17600 - 97335 - 16431 - 05238 - 77835
2025-03-23,MN,TP. HCM,4,58506 - 37037 - 20946 - 98019 - 53307 - 25992
2025-03-23,MN,TP. HCM,5,19662 - 72246 - 30306
2025-03-23,MN,TP. HCM,6,96292 - 01568 - 02107
2025-03-23,MN,TP. HCM,7,99341 - 00720 - 74856 - 34191
2025-03-23,MN,TP. HCM,8,98142
2025-03-23,MN,Đồng Tháp,ĐB,10063
2025-03-23,MN,Đồng Tháp,1,67196
2025-03-23,MN,Đồng Tháp,2,15866
2025-03-23,MN,Đồng Tháp,3,85580 - 19280 - 99561 - 83135 - 94481 - 62987
2025-03-23,MN,Đồng Tháp,4,37568 - 28655 - 44451 - 62221 - 81820 - 96431
2025-03-23,MN,Đồng Tháp,5,30908 - 69893 - 74247
2025-03-23,MN,Đồng Tháp,6,89461 - 10868 - 35685
2025-03-23,MN,Đồng Tháp,7,15959 - 39254 - 43254 - 63179
2025-03-23,MN,Đồng Tháp,8,60967
2025-03-23,MN,Cà Mau,ĐB,07355
2025-03-23,MN,Cà Mau,1,94558
2025-03-23,MN,Cà Mau,2,07253
2025-03-23,MN,Cà Mau,3,79139 - 09959 - 16373 - 78963 - 13795 - 24632
2025-03-23,MN,Cà Mau,4,48982 - 78212 - 09201 - 42041 - 71998 - 88177
2025-03-23,MN,Cà Mau,5,02040 - 24356 - 44730
2025-03-23,MN,Cà Mau,6,69251 - 92145 - 54684
2025-03-23,MN,Cà Mau,7,46980 - 58897 - 30373 - 26657
2025-03-23,MN,Cà Mau,8,43326
2025-03-24,MB,Hà Nội,ĐB,53513
2025-03-24,MB,Hà Nội,1,44186
2025-03-24,MB,Hà Nội,2,59760
2025-03-24,MB,Hà Nội,3,89390 - 92925 - 05916 - 81885 - 58128 - 83802
2025-03-24,MB,Hà Nội,4,41818 - 00349 - 64066 - 06780 - 24756 - 22191
2025-03-24,MB,Hà Nội,5,59923 - 30366 - 58229
2025-03-24,MB,Hà Nội,6,60231 - 85228 - 88643
2025-03-24,MB,Hà Nội,7,13137 - 17326 - 56580 - 16012
2025-03-24,MT,Đà Nẵng,ĐB,44529
2025-03-24,MT,Đà Nẵng,1,21138
2025-03-24,MT,Đà Nẵng,2,35645
2025-03-24,MT,Đà Nẵng,3,19801 - 97810 - 55652 - 32381 - 18421 - 00803
2025-03-24,MT,Đà Nẵng,4,10748 - 62645 - 72509 - 33263 - 42379 - 60944
2025-03-24,MT,Đà Nẵng,5,58965 - 59331 - 68077
2025-03-24,MT,Đà Nẵng,6,44445 - 98688 - 43023
2025-03-24,MT,Đà Nẵng,7,99708 - 53727 - 24203 - 16374
2025-03-24,MT,Đà Nẵng,8,86065
2025-03-24,MT,Khánh Hòa,ĐB,65050
2025-03-24,MT,Khánh Hòa,1,83314
2025-03-24,MT,Khánh Hòa,2,24113
2025-03-24,MT,Khánh Hòa,3,70373 - 93733 - 08979 - 75743 - 65841 - 26122
2025-03-24,MT,Khánh Hòa,4,49391 - 78703 - 40571 - 49038 - 99608 - 22551
2025-03-24,MT,Khánh Hòa,5,73328 - 49608 - 35686
2025-03-24,MT,Khánh Hòa,6,08504 - 64124 - 26854
2025-03-24,MT,Khánh Hòa,7,34111 - 72188 - 00186 - 53061
2025-03-24,MT,Khánh Hòa,8,15662
2025-03-24,MN,TP. HCM,ĐB,57182
2025-03-24,MN,TP. HCM,1,71139
2025-03-24,MN,TP. HCM,2,99492
2025-03-24,MN,TP. HCM,3,82274 - 15795 - 21074 - 23029 - 61699 - 03709
2025-03-24,MN,TP. HCM,4,54184 - 61653 - 43581 - 22861 - 49785 - 71564
2025-03-24,MN,TP. HCM,5,54823 - 62630 - 50989
2025-03-24,MN,TP. HCM,6,01866 - 70966 - 98827
2025-03-24,MN,TP. HCM,7,52032 - 88612 - 40051 - 89845
2025-03-24,MN,TP. HCM,8,58440
2025-03-24,MN,Đồng Tháp,ĐB,24259
2025-03-24,MN,Đồng Tháp,1,61848
2025-03-24,MN,Đồng Tháp,2,77422
2025-03-24,MN,Đồng Tháp,3,96915 - 98245 - 57088 - 12358 - 24613 - 62187
2025-03-24,MN,Đồng Tháp,4,66812 - 25975 - 25149 - 40112 - 17730 - 79116
2025-03-24,MN,Đồng Tháp,5,58711 - 06263 - 26977
2025-03-24,MN,Đồng Tháp,6,91498 - 40946 - 33767
2025-03-24,MN,Đồng Tháp,7,64424 - 01740 - 30876 - 13795
2025-03-24,MN,Đồng Tháp,8,87790
2025-03-24,MN,Cà Mau,ĐB,20672
2025-03-24,MN,Cà Mau,1,93282
2025-03-24,MN,Cà Mau,2,46127
2025-03-24,MN,Cà Mau,3,26663 - 53008 - 15967 - 20992 - 66830 - 22668
2025-03-24,MN,Cà Mau,4,68786 - 45924 - 04208 - 33220 - 34031 - 35222
2025-03-24,MN,Cà Mau,5,42499 - 94813 - 45652
2025-03-24,MN,Cà Mau,6,77535 - 12017 - 16615
2025-03-24,MN,Cà Mau,7,12948 - 38659 - 65629 - 97161
2025-03-24,MN,Cà Mau,8,14269
2025-03-25,MB,Hà Nội,ĐB,71049
2025-03-25,MB,Hà Nội,1,66151
2025-03-25,MB,Hà Nội,2,49412
2025-03-25,MB,Hà Nội,3,85868 - 69237 - 75097 - 06798 - 76892 - 75921
2025-03-25,MB,Hà Nội,4,31773 - 95214 - 47296 - 01356 - 27587 - 03306
2025-03-25,MB,Hà Nội,5,08508 - 56210 - 95476
2025-03-25,MB,Hà Nội,6,67697 - 23765 - 45511
2025-03-25,MB,Hà Nội,7,06348 - 75336 - 20583 - 03742
2025-03-25,MT,Đà Nẵng,ĐB,02668
2025-03-25,MT,Đà Nẵng,1,50924
2025-03-25,MT,Đà Nẵng,2,81295
2025-03-25,MT,Đà Nẵng,3,79947 - 35148 - 23392 - 78068 - 55775 - 62160
2025-03-25,MT,Đà Nẵng,4,51604 - 23038 - 56991 - 24929 - 98281 - 64806
2025-03-25,MT,Đà Nẵng,5,99065 - 93088 - 38232
2025-03-25,MT,Đà Nẵng,6,73145 - 55274 - 06130
2025-03-25,MT,Đà Nẵng,7,77221 - 84622 - 27984 - 16743
2025-03-25,MT,Đà Nẵng,8,21760
2025-03-25,MT,Khánh Hòa,ĐB,41261
2025-03-25,MT,Khánh Hòa,1,62427
2025-03-25,MT,Khánh Hòa,2,25572
2025-03-25,MT,Khánh Hòa,3,58397 - 35524 - 44217 - 82554 - 56980 - 08863
2025-03-25,MT,Khánh Hòa,4,38695 - 48660 - 05213 - 87693 - 92040 - 38528
2025-03-25,MT,Khánh Hòa,5,52085 - 73313 - 51051
2025-03-25,MT,Khánh Hòa,6,52328 - 07415 - 18274
2025-03-25,MT,Khánh Hòa,7,22761 - 66307 - 41100 - 41643
2025-03-25,MT,Khánh Hòa,8,01494
2025-03-25,MN,TP. HCM,ĐB,47405
2025-03-25,MN,TP. HCM,1,87947
2025-03-25,MN,TP. HCM,2,84743
2025-03-25,MN,TP. HCM,3,48179 - 15873 - 81716 - 55644 - 88971 - 17011
2025-03-25,MN,TP. HCM,4,89920 - 89341 - 80106 - 03469 - 09041 - 59093
2025-03-25,MN,TP. HCM,5,13576 - 64405 - 45549
2025-03-25,MN,TP. HCM,6,73572 - 77961 - 41645
2025-03-25,MN,TP. HCM,7,27468 - 18715 - 80279 - 59550
2025-03-25,MN,TP. HCM,8,83168
2025-03-25,MN,Đồng Tháp,ĐB,18729
2025-03-25,MN,Đồng Tháp,1,24244
2025-03-25,MN,Đồng Tháp,2,05516
2025-03-25,MN,Đồng Tháp,3,35872 - 44529 - 75919 - 38007 - 92539 - 98879
2025-03-25,MN,Đồng Tháp,4,79180 - 31808 - 10103 - 44728 - 13673 - 12661
2025-03-25,MN,Đồng Tháp,5,36153 - 51703 - 38183
2025-03-25,MN,Đồng Tháp,6,79904 - 74380 - 06828
2025-03-25,MN,Đồng Tháp,7,59362 - 79834 - 46264 - 58360
2025-03-25,MN,Đồng Tháp,8,45039
2025-03-25,MN,Cà Mau,ĐB,86474
2025-03-25,MN,Cà Mau,1,46022
2025-03-25,MN,Cà Mau,2,69731
2025-03-25,MN,Cà Mau,3,74441 - 84661 - 20348 - 17347 - 92678 - 56060
2025-03-25,MN,Cà Mau,4,32483 - 76055 - 10546 - 53637 - 38940 - 40251
2025-03-25,MN,Cà Mau,5,30312 - 39766 - 17370
2025-03-25,MN,Cà Mau,6,97413 - 11074 - 98749
2025-03-25,MN,Cà Mau,7,28768 - 84315 - 90297 - 39214
2025-03-25,MN,Cà Mau,8,77584
2025-03-26,MB,Hà Nội,ĐB,24797
2025-03-26,MB,Hà Nội,1,22919
2025-03-26,MB,Hà Nội,2,21613
2025-03-26,MB,Hà Nội,3,89738 - 63861 - 31095 - 75910 - 12327 - 28672
2025-03-26,MB,Hà Nội,4,41933 - 45141 - 54352 - 71658 - 02669 - 52320
2025-03-26,MB,Hà Nội,5,79980 - 90282 - 11397
2025-03-26,MB,Hà Nội,6,69236 - 71458 - 92625
2025-03-26,MB,Hà Nội,7,54378 - 44456 - 11049 - 40620
2025-03-26,MT,Đà Nẵng,ĐB,70146
2025-03-26,MT,Đà Nẵng,1,14680
2025-03-26,MT,Đà Nẵng,2,97890
2025-03-26,MT,Đà Nẵng,3,69862 - 71991 - 42319 - 07479 - 45085 - 90648
2025-03-26,MT,Đà Nẵng,4,15615 - 05283 - 19059 - 99520 - 80196 - 00272
2025-03-26,MT,Đà Nẵng,5,73571 - 85338 - 59204
2025-03-26,MT,Đà Nẵng,6,88631 - 29723 - 61240
2025-03-26,MT,Đà Nẵng,7,47135 - 01456 - 52930 - 52988
2025-03-26,MT,Đà Nẵng,8,12865
2025-03-26,MT,Khánh Hòa,ĐB,93364
2025-03-26,MT,Khánh Hòa,1,20098
2025-03-26,MT,Khánh Hòa,2,03581
2025-03-26,MT,Khánh Hòa,3,55139 - 26183 - 55796 - 87131 - 20559 - 89068
2025-03-26,MT,Khánh Hòa,4,62555 - 46661 - 12147 - 85625 - 04066 - 22863
2025-03-26,MT,Khánh Hòa,5,47618 - 77554 - 05440
2025-03-26,MT,Khánh Hòa,6,28683 - 76436 - 49941
2025-03-26,MT,Khánh Hòa,7,84246 - 27345 - 77249 - 59595
2025-03-26,MT,Khánh Hòa,8,07899
2025-03-26,MN,TP. HCM,ĐB,86130
2025-03-26,MN,TP. HCM,1,10139
2025-03-26,MN,TP. HCM,2,22666
2025-03-26,MN,TP. HCM,3,51205 - 19819 - 94416 - 10811 - 35126 - 82658
2025-03-26,MN,TP. HCM,4,35006 - 68070 - 56293 - 54828 - 67432 - 06365
2025-03-26,MN,TP. HCM,5,03493 - 33428 - 74101
2025-03-26,MN,TP. HCM,6,87239 - 75159 - 17835
2025-03-26,MN,TP. HCM,7,40259 - 28252 - 25659 - 61000
2025-03-26,MN,TP. HCM,8,79866
2025-03-26,MN,Đồng Tháp,ĐB,89294
2025-03-26,MN,Đồng Tháp,1,40767
2025-03-26,MN,Đồng Tháp,2,55939
2025-03-26,MN,Đồng Tháp,3,17983 - 85667 - 59660 - 02595 - 74380 - 78917
2025-03-26,MN,Đồng Tháp,4,44443 - 09412 - 67730 - 08070 - 61793 - 49676
2025-03-26,MN,Đồng Tháp,5,54008 - 12279 - 35633
2025-03-26,MN,Đồng Tháp,6,93290 - 29087 - 68313
2025-03-26,MN,Đồng Tháp,7,61200 - 39165 - 83706 - 05151
2025-03-26,MN,Đồng Tháp,8,91014
2025-03-26,MN,Cà Mau,ĐB,45957
2025-03-26,MN,Cà Mau,1,98451
2025-03-26,MN,Cà Mau,2,44263
2025-03-26,MN,Cà Mau,3,89260 - 21877 - 36210 - 51665 - 79340 - 59219
2025-03-26,MN,Cà Mau,4,67292 - 11098 - 49086 - 43474 - 06301 - 97435
2025-03-26,MN,Cà Mau,5,10301 - 03900 - 84505
2025-03-26,MN,Cà Mau,6,04752 - 26885 - 01704
2025-03-26,MN,Cà Mau,7,67939 - 99690 - 90966 - 00710
2025-03-26,MN,Cà Mau,8,61621
2025-03-27,MB,Hà Nội,ĐB,86554
2025-03-27,MB,Hà Nội,1,20673
2025-03-27,MB,Hà Nội,2,37782
2025-03-27,MB,Hà Nội,3,49595 - 90409 - 74920 - 64774 - 16314 - 04004
2025-03-27,MB,Hà Nội,4,04096 - 45995 - 94984 - 82681 - 87239 - 95049
2025-03-27,MB,Hà Nội,5,90515 - 34388 - 48339
2025-03-27,MB,Hà Nội,6,28710 - 19344 - 94390
2025-03-27,MB,Hà Nội,7,28304 - 63605 - 76115 - 24929
2025-03-27,MT,Đà Nẵng,ĐB,19953
2025-03-27,MT,Đà Nẵng,1,58889
2025-03-27,MT,Đà Nẵng,2,93440
2025-03-27,MT,Đà Nẵng,3,99032 - 49427 - 10233 - 58649 - 52369 - 74733
2025-03-27,MT,Đà Nẵng,4,06581 - 90237 - 07452 - 06077 - 58111 - 62431
2025-03-27,MT,Đà Nẵng,5,78544 - 28373 - 01868
2025-03-27,MT,Đà Nẵng,6,99623 - 98170 - 77411
2025-03-27,MT,Đà Nẵng,7,45037 - 63668 - 41392 - 57439
2025-03-27,MT,Đà Nẵng,8,72588
2025-03-27,MT,Khánh Hòa,ĐB,19707
2025-03-27,MT,Khánh Hòa,1,51782
2025-03-27,MT,Khánh Hòa,2,79071
2025-03-27,MT,Khánh Hòa,3,36608 - 25478 - 90189 - 30263 - 79713 - 28491
2025-03-27,MT,Khánh Hòa,4,33915 - 96582 - 70690 - 66259 - 59015 - 74210
2025-03-27,MT,Khánh Hòa,5,22805 - 13474 - 36523
2025-03-27,MT,Khánh Hòa,6,96244 - 64362 - 54010
2025-03-27,MT,Khánh Hòa,7,59611 - 42984 - 60648 - 54524
2025-03-27,MT,Khánh Hòa,8,70532
2025-03-27,MN,TP. HCM,ĐB,77709
2025-03-27,MN,TP. HCM,1,17899
2025-03-27,MN,TP. HCM,2,93183
2025-03-27,MN,TP. HCM,3,23918 - 23304 - 23986 - 70550 - 51982 - 41058
2025-03-27,MN,TP. HCM,4,47965 - 66214 - 52475 - 40966 - 15224 - 59960
2025-03-27,MN,TP. HCM,5,51525 - 83204 - 29685
2025-03-27,MN,TP. HCM,6,55851 - 52632 - 57964
2025-03-27,MN,TP. HCM,7,00712 - 59835 - 49845 - 93063
2025-03-27,MN,TP. HCM,8,65448
2025-03-27,MN,Đồng Tháp,ĐB,09795
2025-03-27,MN,Đồng Tháp,1,34827
2025-03-27,MN,Đồng Tháp,2,73644
2025-03-27,MN,Đồng Tháp,3,46833 - 37163 - 76829 - 72790 - 68401 - 49644
2025-03-27,MN,Đồng Tháp,4,32325 - 63814 - 98000 - 35520 - 75098 - 08724
2025-03-27,MN,Đồng Tháp,5,00988 - 27101 - 82113
2025-03-27,MN,Đồng Tháp,6,22151 - 42925 - 05424
2025-03-27,MN,Đồng Tháp,7,39230 - 11272 - 61007 - 88075
2025-03-27,MN,Đồng Tháp,8,37281
2025-03-27,MN,Cà Mau,ĐB,55210
2025-03-27,MN,Cà Mau,1,06111
2025-03-27,MN,Cà Mau,2,89960
2025-03-27,MN,Cà Mau,3,94427 - 15965 - 26221 - 90721 - 15487 - 87611
2025-03-27,MN,Cà Mau,4,63668 - 96973 - 00066 - 74324 - 40781 - 25819
2025-03-27,MN,Cà Mau,5,99866 - 27430 - 08646
2025-03-27,MN,Cà Mau,6,03848 - 10835 - 44923
2025-03-27,MN,Cà Mau,7,13280 - 93890 - 19477 - 01598
2025-03-27,MN,Cà Mau,8,47890
2025-03-28,MB,Hà Nội,ĐB,36524
2025-03-28,MB,Hà Nội,1,85037
2025-03-28,MB,Hà Nội,2,16791
2025-03-28,MB,Hà Nội,3,55997 - 22652 - 12463 - 52904 - 87170 - 16436
2025-03-28,MB,Hà Nội,4,77068 - 14237 - 02347 - 14900 - 51791 - 57079
2025-03-28,MB,Hà Nội,5,21120 - 71937 - 73611
2025-03-28,MB,Hà Nội,6,19485 - 91374 - 78917
2025-03-28,MB,Hà Nội,7,98263 - 95914 - 29315 - 94634
2025-03-28,MT,Đà Nẵng,ĐB,57109
2025-03-28,MT,Đà Nẵng,1,05753
2025-03-28,MT,Đà Nẵng,2,12073
2025-03-28,MT,Đà Nẵng,3,25631 - 36786 - 51458 - 48246 - 65859 - 31995
2025-03-28,MT,Đà Nẵng,4,79661 - 02246 - 11225 - 65597 - 91541 - 89691
2025-03-28,MT,Đà Nẵng,5,17190 - 29373 - 23800
2025-03-28,MT,Đà Nẵng,6,49515 - 43426 - 60701
2025-03-28,MT,Đà Nẵng,7,07497 - 54766 - 84759 - 27455
2025-03-28,MT,Đà Nẵng,8,91135
2025-03-28,MT,Khánh Hòa,ĐB,55198
2025-03-28,MT,Khánh Hòa,1,80038
2025-03-28,MT,Khánh Hòa,2,17832
2025-03-28,MT,Khánh Hòa,3,30078 - 82484 - 06505 - 02423 - 62425 - 96063
2025-03-28,MT,Khánh Hòa,4,63359 - 93890 - 05167 - 29711 - 79884 - 99199
2025-03-28,MT,Khánh Hòa,5,02493 - 61057 - 34071
2025-03-28,MT,Khánh Hòa,6,06063 - 99018 - 39028
2025-03-28,MT,Khánh Hòa,7,89339 - 04769 - 43542 - 79692
2025-03-28,MT,Khánh Hòa,8,71609
2025-03-28,MN,TP. HCM,ĐB,31060
2025-03-28,MN,TP. HCM,1,91850
2025-03-28,MN,TP. HCM,2,49345
2025-03-28,MN,TP. HCM,3,75442 - 37423 - 19545 - 53048 - 50035 - 72020
2025-03-28,MN,TP. HCM,4,71418 - 71115 - 67797 - 12568 - 70704 - 18402
2025-03-28,MN,TP. HCM,5,97571 - 67972 - 22608
2025-03-28,MN,TP. HCM,6,55553 - 07407 - 18041
2025-03-28,MN,TP. HCM,7,02679 - 06274 - 64806 - 08667
2025-03-28,MN,TP. HCM,8,75442
2025-03-28,MN,Đồng Tháp,ĐB,60521
2025-03-28,MN,Đồng Tháp,1,49206
2025-03-28,MN,Đồng Tháp,2,04593
2025-03-28,MN,Đồng Tháp,3,90967 - 21174 - 17825 - 24467 - 30558 - 05372
2025-03-28,MN,Đồng Tháp,4,50262 - 37283 - 13680 - 79124 - 35511 - 34039
2025-03-28,MN,Đồng Tháp,5,78301 - 61301 - 21173
2025-03-28,MN,Đồng Tháp,6,68839 - 18281 - 73262
2025-03-28,MN,Đồng Tháp,7,44280 - 04639 - 19997 - 16594
2025-03-28,MN,Đồng Tháp,8,65799
2025-03-28,MN,Cà Mau,ĐB,32973
2025-03-28,MN,Cà Mau,1,29649
2025-03-28,MN,Cà Mau,2,30455
2025-03-28,MN,Cà Mau,3,55008 - 19174 - 84882 - 13387 - 38288 - 45712
2025-03-28,MN,Cà Mau,4,02915 - 14470 - 55410 - 04437 - 90014 - 07464
2025-03-28,MN,Cà Mau,5,53606 - 81497 - 18140
2025-03-28,MN,Cà Mau,6,98895 - 90196 - 78515
2025-03-28,MN,Cà Mau,7,90268 - 77168 - 20569 - 79306
2025-03-28,MN,Cà Mau,8,64134
2025-03-29,MB,Hà Nội,ĐB,46631
2025-03-29,MB,Hà Nội,1,41968
2025-03-29,MB,Hà Nội,2,01070
2025-03-29,MB,Hà Nội,3,62656 - 70740 - 09155 - 70209 - 15076 - 32365
2025-03-29,MB,Hà Nội,4,46786 - 18818 - 27475 - 07258 - 11127 - 61400
2025-03-29,MB,Hà Nội,5,42537 - 35877 - 47512
2025-03-29,MB,Hà Nội,6,66150 - 69199 - 97519
2025-03-29,MB,Hà Nội,7,96599 - 28659 - 34238 - 55146
2025-03-29,MT,Đà Nẵng,ĐB,35094
2025-03-29,MT,Đà Nẵng,1,27711
2025-03-29,MT,Đà Nẵng,2,59568
2025-03-29,MT,Đà Nẵng,3,04998 - 91755 - 23573 - 94161 - 66695 - 37489
2025-03-29,MT,Đà Nẵng,4,70953 - 85059 - 89150 - 22765 - 24248 - 92640
2025-03-29,MT,Đà Nẵng,5,20381 - 17333 - 98600
2025-03-29,MT,Đà Nẵng,6,64188 - 68063 - 00735
2025-03-29,MT,Đà Nẵng,7,79338 - 30907 - 27955 - 89256
2025-03-29,MT,Đà Nẵng,8,79023
2025-03-29,MT,Khánh Hòa,ĐB,99845
2025-03-29,MT,Khánh Hòa,1,38397
2025-03-29,MT,Khánh Hòa,2,25389
2025-03-29,MT,Khánh Hòa,3,41648 - 28681 - 54168 - 14828 - 65870 - 73596
2025-03-29,MT,Khánh Hòa,4,15040 - 17344 - 07288 - 57748 - 45759 - 45688
2025-03-29,MT,Khánh Hòa,5,90728 - 40098 - 41459
2025-03-29,MT,Khánh Hòa,6,39350 - 43638 - 65213
2025-03-29,MT,Khánh Hòa,7,02700 - 51424 - 95700 - 69557
2025-03-29,MT,Khánh Hòa,8,16184
2025-03-29,MN,TP. HCM,ĐB,49782
2025-03-29,MN,TP. HCM,1,77208
2025-03-29,MN,TP. HCM,2,80855
2025-03-29,MN,TP. HCM,3,04703 - 27363 - 29866 - 83519 - 71909 - 23014
2025-03-29,MN,TP. HCM,4,81411 - 77527 - 16643 - 29455 - 93881 - 37496
2025-03-29,MN,TP. HCM,5,09958 - 50676 - 57788
2025-03-29,MN,TP. HCM,6,84284 - 61944 - 28637
2025-03-29,MN,TP. HCM,7,58672 - 79754 - 26817 - 16670
2025-03-29,MN,TP. HCM,8,44099
2025-03-29,MN,Đồng Tháp,ĐB,80220
2025-03-29,MN,Đồng Tháp,1,09526
2025-03-29,MN,Đồng Tháp,2,82614
2025-03-29,MN,Đồng Tháp,3,21035 - 95525 - 37836 - 78836 - 47241 - 86037
2025-03-29,MN,Đồng Tháp,4,51045 - 99471 - 74637 - 71222 - 35623 - 89610
2025-03-29,MN,Đồng Tháp,5,08668 - 47665 - 15518
2025-03-29,MN,Đồng Tháp,6,45758 - 91101 - 16381
2025-03-29,MN,Đồng Tháp,7,84077 - 28685 - 04682 - 47211
2025-03-29,MN,Đồng Tháp,8,35714
2025-03-29,MN,Cà Mau,ĐB,20463
2025-03-29,MN,Cà Mau,1,22089
2025-03-29,MN,Cà Mau,2,12478
2025-03-29,MN,Cà Mau,3,30953 - 62704 - 54809 - 65704 - 56067 - 77648
2025-03-29,MN,Cà Mau,4,39341 - 48665 - 54485 - 77958 - 27161 - 68185
2025-03-29,MN,Cà Mau,5,78752 - 31747 - 86097
2025-03-29,MN,Cà Mau,6,10150 - 86466 - 14606
2025-03-29,MN,Cà Mau,7,60444 - 74252 - 29266 - 43590
2025-03-29,MN,Cà Mau,8,15561
2025-03-30,MB,Hà Nội,ĐB,72281
2025-03-30,MB,Hà Nội,1,88819
2025-03-30,MB,Hà Nội,2,26520
2025-03-30,MB,Hà Nội,3,99458 - 99982 - 05803 - 16872 - 25977 - 74464
2025-03-30,MB,Hà Nội,4,45289 - 11110 - 97470 - 33167 - 97669 - 36099
2025-03-30,MB,Hà Nội,5,04726 - 01624 - 96216
2025-03-30,MB,Hà Nội,6,23502 - 24205 - 00144
2025-03-30,MB,Hà Nội,7,28631 - 29025 - 27242 - 47305
2025-03-30,MT,Đà Nẵng,ĐB,94721
2025-03-30,MT,Đà Nẵng,1,47576
2025-03-30,MT,Đà Nẵng,2,15734
2025-03-30,MT,Đà Nẵng,3,68883 - 83234 - 93451 - 72758 - 34680 - 07806
2025-03-30,MT,Đà Nẵng,4,67552 - 32804 - 75301 - 79343 - 43404 - 98716
2025-03-30,MT,Đà Nẵng,5,14027 - 95434 - 03280
2025-03-30,MT,Đà Nẵng,6,77571 - 64576 - 99190
2025-03-30,MT,Đà Nẵng,7,77802 - 03974 - 45647 - 65870
2025-03-30,MT,Đà Nẵng,8,03587
2025-03-30,MT,Khánh Hòa,ĐB,30686
2025-03-30,MT,Khánh Hòa,1,24406
2025-03-30,MT,Khánh Hòa,2,88977
2025-03-30,MT,Khánh Hòa,3,43284 - 30247 - 39448 - 66010 - 59852 - 68078
2025-03-30,MT,Khánh Hòa,4,54302 - 77411 - 98147 - 29388 - 17013 - 20087
2025-03-30,MT,Khánh Hòa,5,26976 - 74906 - 49662
2025-03-30,MT,Khánh Hòa,6,32446 - 42597 - 65434
2025-03-30,MT,Khánh Hòa,7,25758 - 42488 - 11330 - 41004
2025-03-30,MT,Khánh Hòa,8,98268
2025-03-30,MN,TP. HCM,ĐB,42973
2025-03-30,MN,TP. HCM,1,00328
2025-03-30,MN,TP. HCM,2,20066
2025-03-30,MN,TP. HCM,3,12244 - 85440 - 88298 - 95854 - 55120 - 53326
2025-03-30,MN,TP. HCM,4,49571 - 76019 - 33102 - 39560 - 90339 - 22640
2025-03-30,MN,TP. HCM,5,12257 - 77179 - 06431
2025-03-30,MN,TP. HCM,6,89166 - 13332 - 55569
2025-03-30,MN,TP. HCM,7,52860 - 12791 - 69333 - 80566
2025-03-30,MN,TP. HCM,8,88850
2025-03-30,MN,Đồng Tháp,ĐB,85919
2025-03-30,MN,Đồng Tháp,1,95285
2025-03-30,MN,Đồng Tháp,2,08758
2025-03-30,MN,Đồng Tháp,3,49362 - 69996 - 28641 - 79288 - 92046 - 99422
2025-03-30,MN,Đồng Tháp,4,60556 - 73692 - 47117 - 58888 - 36408 - 64227
2025-03-30,MN,Đồng Tháp,5,81868 - 86654 - 13504
2025-03-30,MN,Đồng Tháp,6,24978 - 31160 - 86073
2025-03-30,MN,Đồng Tháp,7,68505 - 78592 - 39048 - 49128
2025-03-30,MN,Đồng Tháp,8,49770
2025-03-30,MN,Cà Mau,ĐB,38123
2025-03-30,MN,Cà Mau,1,80829
2025-03-30,MN,Cà Mau,2,29659
2025-03-30,MN,Cà Mau,3,88267 - 93566 - 95833 - 59851 - 68365 - 17408
2025-03-30,MN,Cà Mau,4,06383 - 57711 - 07185 - 59813 - 44152 - 42186
2025-03-30,MN,Cà Mau,5,76192 - 44765 - 13406
2025-03-30,MN,Cà Mau,6,91022 - 61454 - 55945
2025-03-30,MN,Cà Mau,7,27041 - 37060 - 79129 - 21469
2025-03-30,MN,Cà Mau,8,20848
2025-03-31,MB,Hà Nội,ĐB,43251
2025-03-31,MB,Hà Nội,1,31251
2025-03-31,MB,Hà Nội,2,09297
2025-03-31,MB,Hà Nội,3,46372 - 42745 - 77364 - 99094 - 56906 - 92297
2025-03-31,MB,Hà Nội,4,41222 - 32327 - 76851 - 64615 - 25242 - 99897
2025-03-31,MB,Hà Nội,5,73804 - 76519 - 77637
2025-03-31,MB,Hà Nội,6,79396 - 15875 - 34717
2025-03-31,MB,Hà Nội,7,63564 - 62655 - 17372 - 41978
2025-03-31,MT,Đà Nẵng,ĐB,17311
2025-03-31,MT,Đà Nẵng,1,74847
2025-03-31,MT,Đà Nẵng,2,75960
2025-03-31,MT,Đà Nẵng,3,14212 - 73116 - 27090 - 40199 - 59645 - 24240
2025-03-31,MT,Đà Nẵng,4,52457 - 08673 - 88364 - 94957 - 98052 - 88681
2025-03-31,MT,Đà Nẵng,5,32343 - 93980 - 24127
2025-03-31,MT,Đà Nẵng,6,23543 - 74640 - 77730
2025-03-31,MT,Đà Nẵng,7,87730 - 33059 - 93007 - 17781
2025-03-31,MT,Đà Nẵng,8,11357
2025-03-31,MT,Khánh Hòa,ĐB,33635
2025-03-31,MT,Khánh Hòa,1,82622
2025-03-31,MT,Khánh Hòa,2,18712
2025-03-31,MT,Khánh Hòa,3,47741 - 87364 - 98741 - 76722 - 81664 - 71668
2025-03-31,MT,Khánh Hòa,4,00183 - 55769 - 59594 - 71652 - 06086 - 46278
2025-03-31,MT,Khánh Hòa,5,26363 - 94659 - 42642
2025-03-31,MT,Khánh Hòa,6,51101 - 81837 - 77809
2025-03-31,MT,Khánh Hòa,7,54907 - 17719 - 09159 - 46121
2025-03-31,MT,Khánh Hòa,8,70951
2025-03-31,MN,TP. HCM,ĐB,09216
2025-03-31,MN,TP. HCM,1,86494
2025-03-31,MN,TP. HCM,2,20811
2025-03-31,MN,TP. HCM,3,77551 - 80753 - 13768 - 29860 - 60365 - 75835
2025-03-31,MN,TP. HCM,4,07946 - 86477 - 91332 - 27731 - 51716 - 76100
2025-03-31,MN,TP. HCM,5,26633 - 84979 - 11919
2025-03-31,MN,TP. HCM,6,04568 - 51987 - 52158
2025-03-31,MN,TP. HCM,7,43031 - 50205 - 53823 - 85411
2025-03-31,MN,TP. HCM,8,82894
2025-03-31,MN,Đồng Tháp,ĐB,00190
2025-03-31,MN,Đồng Tháp,1,67757
2025-03-31,MN,Đồng Tháp,2,16377
2025-03-31,MN,Đồng Tháp,3,81785 - 44556 - 52785 - 32630 - 46694 - 44985
2025-03-31,MN,Đồng Tháp,4,76065 - 59304 - 99570 - 04293 - 02576 - 43234
2025-03-31,MN,Đồng Tháp,5,49854 - 06070 - 89591
2025-03-31,MN,Đồng Tháp,6,19565 - 35038 - 11125
2025-03-31,MN,Đồng Tháp,7,59329 - 65565 - 72472 - 22464
2025-03-31,MN,Đồng Tháp,8,79391
2025-03-31,MN,Cà Mau,ĐB,48739
2025-03-31,MN,Cà Mau,1,98152
2025-03-31,MN,Cà Mau,2,39584
2025-03-31,MN,Cà Mau,3,24972 - 73348 - 79586 - 23739 - 70239 - 47570
2025-03-31,MN,Cà Mau,4,15050 - 64537 - 68887 - 70640 - 51338 - 80994
2025-03-31,MN,Cà Mau,5,80109 - 73792 - 08898
2025-03-31,MN,Cà Mau,6,38322 - 28637 - 12700
2025-03-31,MN,Cà Mau,7,61139 - 33283 - 94217 - 01252
2025-03-31,MN,Cà Mau,8,31874
