Date,Region,Province,Prize,Numbers
2025-04-01,MB,Hà Nội,ĐB,62814
2025-04-01,MB,Hà Nội,1,93231
2025-04-01,MB,Hà Nội,2,07254
2025-04-01,MB,Hà Nội,3,08993 - 18992 - 85058 - 16829 - 62812 - 06663
2025-04-01,MB,Hà Nội,4,50013 - 69322 - 25150 - 80449 - 99568 - 20065
2025-04-01,MB,Hà Nội,5,85056 - 18728 - 74289
2025-04-01,MB,Hà Nội,6,54177 - 17904 - 74996
2025-04-01,MB,Hà Nội,7,53974 - 16080 - 50890 - 01899
2025-04-01,MT,Đà Nẵng,ĐB,68294
2025-04-01,MT,Đà Nẵng,1,22899
2025-04-01,MT,Đà Nẵng,2,38638
2025-04-01,MT,Đà Nẵng,3,77829 - 38860 - 66540 - 63999 - 64383 - 98622
2025-04-01,MT,Đà Nẵng,4,11183 - 00234 - 78392 - 97428 - 28467 - 43619
2025-04-01,MT,Đà Nẵng,5,23991 - 97751 - 84430
2025-04-01,MT,Đà Nẵng,6,43350 - 30801 - 66323
2025-04-01,MT,Đà Nẵng,7,73706 - 40967 - 65358 - 05464
2025-04-01,MT,Đà Nẵng,8,01948
2025-04-01,MT,Khánh Hòa,ĐB,14881
2025-04-01,MT,Khánh Hòa,1,29793
2025-04-01,MT,Khánh Hòa,2,38398
2025-04-01,MT,Khánh Hòa,3,73751 - 76575 - 58367 - 96681 - 94052 - 59141
2025-04-01,MT,Khánh Hòa,4,90999 - 44611 - 36827 - 78409 - 09860 - 54970
2025-04-01,MT,Khánh Hòa,5,85592 - 53258 - 87265
2025-04-01,MT,Khánh Hòa,6,47481 - 15911 - 71581
2025-04-01,MT,Khánh Hòa,7,25178 - 82144 - 65219 - 48310
2025-04-01,MT,Khánh Hòa,8,77088
2025-04-01,MN,TP. HCM,ĐB,24483
2025-04-01,MN,TP. HCM,1,85952
2025-04-01,MN,TP. HCM,2,22068
2025-04-01,MN,TP. HCM,3,26503 - 06369 - 13871 - 47616 - 09544 - 32925
2025-04-01,MN,TP. HCM,4,52552 - 62807 - 90935 - 07478 - 89681 - 13696
2025-04-01,MN,TP. HCM,5,63438 - 93718 - 72917
2025-04-01,MN,TP. HCM,6,76713 - 48630 - 30211
2025-04-01,MN,TP. HCM,7,43638 - 66202 - 17963 - 08351
2025-04-01,MN,TP. HCM,8,11714
2025-04-01,MN,Đồng Tháp,ĐB,51086
2025-04-01,MN,Đồng Tháp,1,60702
2025-04-01,MN,Đồng Tháp,2,74288
2025-04-01,MN,Đồng Tháp,3,55511 - 70283 - 58298 - 89985 - 85671 - 90230
2025-04-01,MN,Đồng Tháp,4,01719 - 95637 - 39035 - 26317 - 48819 - 89095
2025-04-01,MN,Đồng Tháp,5,97900 - 29298 - 48034
2025-04-01,MN,Đồng Tháp,6,31869 - 53853 - 95445
2025-04-01,MN,Đồng Tháp,7,65264 - 55082 - 51795 - 65336
2025-04-01,MN,Đồng Tháp,8,95619
2025-04-01,MN,Cà Mau,ĐB,85984
2025-04-01,MN,Cà Mau,1,01596
2025-04-01,MN,Cà Mau,2,38691
2025-04-01,MN,Cà Mau,3,99520 - 78407 - 54029 - 33745 - 91970 - 38706
2025-04-01,MN,Cà Mau,4,30094 - 91745 - 10639 - 86070 - 46551 - 03619
2025-04-01,MN,Cà Mau,5,81421 - 04875 - 10845
2025-04-01,MN,Cà Mau,6,00995 - 34387 - 82521
2025-04-01,MN,Cà Mau,7,02265 - 72255 - 54329 - 28414
2025-04-01,MN,Cà Mau,8,00028
2025-04-02,MB,Hà Nội,ĐB,42618
2025-04-02,MB,Hà Nội,1,10864
2025-04-02,MB,Hà Nội,2,36388
2025-04-02,MB,Hà Nội,3,42787 - 94144 - 90127 - 14618 - 03126 - 67747
2025-04-02,MB,Hà Nội,4,99419 - 93324 - 83130 - 14076 - 54937 - 90469
2025-04-02,MB,Hà Nội,5,55300 - 19158 - 74155
2025-04-02,MB,Hà Nội,6,51525 - 88014 - 28386
2025-04-02,MB,Hà Nội,7,16389 - 54845 - 52192 - 18099
2025-04-02,MT,Đà Nẵng,ĐB,68166
2025-04-02,MT,Đà Nẵng,1,57278
2025-04-02,MT,Đà Nẵng,2,25739
2025-04-02,MT,Đà Nẵng,3,82507 - 58297 - 60011 - 02356 - 03300 - 03798
2025-04-02,MT,Đà Nẵng,4,61881 - 72242 - 05065 - 33016 - 60183 - 68545
2025-04-02,MT,Đà Nẵng,5,63554 - 65321 - 24564
2025-04-02,MT,Đà Nẵng,6,98220 - 91330 - 23237
2025-04-02,MT,Đà Nẵng,7,34883 - 92716 - 16225 - 76683
2025-04-02,MT,Đà Nẵng,8,19432
2025-04-02,MT,Khánh Hòa,ĐB,49517
2025-04-02,MT,Khánh Hòa,1,64693
2025-04-02,MT,Khánh Hòa,2,41720
2025-04-02,MT,Khánh Hòa,3,93766 - 09531 - 67818 - 46257 - 73503 - 44401
2025-04-02,MT,Khánh Hòa,4,33415 - 27671 - 65571 - 33073 - 97100 - 38724
2025-04-02,MT,Khánh Hòa,5,66012 - 27444 - 21324
2025-04-02,MT,Khánh Hòa,6,53633 - 99794 - 25313
2025-04-02,MT,Khánh Hòa,7,68949 - 69877 - 24559 - 91994
2025-04-02,MT,Khánh Hòa,8,04384
2025-04-02,MN,TP. HCM,ĐB,82382
2025-04-02,MN,TP. HCM,1,51536
2025-04-02,MN,TP. HCM,2,89242
2025-04-02,MN,TP. HCM,3,09224 - 59663 - 11126 - 27549 - 78934 - 82056
2025-04-02,MN,TP. HCM,4,23916 - 22440 - 16058 - 43797 - 11911 - 50053
2025-04-02,MN,TP. HCM,5,67196 - 76603 - 08818
2025-04-02,MN,TP. HCM,6,74810 - 55172 - 06200
2025-04-02,MN,TP. HCM,7,15674 - 14929 - 25407 - 11207
2025-04-02,MN,TP. HCM,8,69104
2025-04-02,MN,Đồng Tháp,ĐB,31747
2025-04-02,MN,Đồng Tháp,1,00186
2025-04-02,MN,Đồng Tháp,2,15966
2025-04-02,MN,Đồng Tháp,3,32638 - 08856 - 67485 - 17446 - 37812 - 59322
2025-04-02,MN,Đồng Tháp,4,79863 - 26056 - 28734 - 94184 - 99642 - 71162
2025-04-02,MN,Đồng Tháp,5,71138 - 75197 - 76892
2025-04-02,MN,Đồng Tháp,6,48836 - 09140 - 95223
2025-04-02,MN,Đồng Tháp,7,92093 - 22318 - 34372 - 85469
2025-04-02,MN,Đồng Tháp,8,38546
2025-04-02,MN,Cà Mau,ĐB,66502
2025-04-02,MN,Cà Mau,1,18337
2025-04-02,MN,Cà Mau,2,75206
2025-04-02,MN,Cà Mau,3,68562 - 80386 - 19856 - 49826 - 51510 - 59057
2025-04-02,MN,Cà Mau,4,18806 - 50922 - 31275 - 34470 - 36747 - 45380
2025-04-02,MN,Cà Mau,5,21086 - 76542 - 48436
2025-04-02,MN,Cà Mau,6,92142 - 23482 - 72862
2025-04-02,MN,Cà Mau,7,28908 - 55378 - 79585 - 44061
2025-04-02,MN,Cà Mau,8,44298
2025-04-03,MB,Hà Nội,ĐB,85556
2025-04-03,MB,Hà Nội,1,02055
2025-04-03,MB,Hà Nội,2,79293
2025-04-03,MB,Hà Nội,3,43983 - 00743 - 21073 - 56206 - 27075 - 04430
2025-04-03,MB,Hà Nội,4,82046 - 31296 - 93643 - 06537 - 46437 - 07202
2025-04-03,MB,Hà Nội,5,49705 - 29128 - 71248
2025-04-03,MB,Hà Nội,6,62449 - 65450 - 60253
2025-04-03,MB,Hà Nội,7,78459 - 64315 - 90436 - 23536
2025-04-03,MT,Đà Nẵng,ĐB,19630
2025-04-03,MT,Đà Nẵng,1,11289
2025-04-03,MT,Đà Nẵng,2,21629
2025-04-03,MT,Đà Nẵng,3,01614 - 63995 - 67821 - 37955 - 65315 - 46470
2025-04-03,MT,Đà Nẵng,4,46946 - 08621 - 98488 - 44306 - 43270 - 54325
2025-04-03,MT,Đà Nẵng,5,32581 - 43623 - 72324
2025-04-03,MT,Đà Nẵng,6,96171 - 63257 - 80268
2025-04-03,MT,Đà Nẵng,7,18258 - 33393 - 92911 - 20904
2025-04-03,MT,Đà Nẵng,8,41668
2025-04-03,MT,Khánh Hòa,ĐB,74263
2025-04-03,MT,Khánh Hòa,1,57458
2025-04-03,MT,Khánh Hòa,2,87675
2025-04-03,MT,Khánh Hòa,3,19847 - 05082 - 99504 - 95625 - 80429 - 07481
2025-04-03,MT,Khánh Hòa,4,31932 - 39826 - 54673 - 76567 - 72975 - 27839
2025-04-03,MT,Khánh Hòa,5,16670 - 59385 - 53541
2025-04-03,MT,Khánh Hòa,6,45492 - 69076 - 46856
2025-04-03,MT,Khánh Hòa,7,74362 - 59016 - 38455 - 77594
2025-04-03,MT,Khánh Hòa,8,58227
2025-04-03,MN,TP. HCM,ĐB,31280
2025-04-03,MN,TP. HCM,1,61699
2025-04-03,MN,TP. HCM,2,77578
2025-04-03,MN,TP. HCM,3,51610 - 71108 - 94784 - 40941 - 18808 - 90728
2025-04-03,MN,TP. HCM,4,05846 - 53667 - 68881 - 64961 - 22287 - 95399
2025-04-03,MN,TP. HCM,5,37516 - 80609 - 51562
2025-04-03,MN,TP. HCM,6,84668 - 39201 - 34440
2025-04-03,MN,TP. HCM,7,61365 - 68990 - 56918 - 99129
2025-04-03,MN,TP. HCM,8,24260
2025-04-03,MN,Đồng Tháp,ĐB,38521
2025-04-03,MN,Đồng Tháp,1,57756
2025-04-03,MN,Đồng Tháp,2,95137
2025-04-03,MN,Đồng Tháp,3,10626 - 92099 - 18435 - 98510 - 43036 - 45916
2025-04-03,MN,Đồng Tháp,4,79496 - 82330 - 53837 - 79826 - 88734 - 24956
2025-04-03,MN,Đồng Tháp,5,58872 - 96267 - 18833
2025-04-03,MN,Đồng Tháp,6,73847 - 34339 - 81905
2025-04-03,MN,Đồng Tháp,7,70882 - 93530 - 32100 - 08490
2025-04-03,MN,Đồng Tháp,8,24084
2025-04-03,MN,Cà Mau,ĐB,10615
2025-04-03,MN,Cà Mau,1,81914
2025-04-03,MN,Cà Mau,2,94962
2025-04-03,MN,Cà Mau,3,25532 - 90392 - 51325 - 15819 - 51003 - 35906
2025-04-03,MN,Cà Mau,4,77506 - 46949 - 72153 - 62041 - 05177 - 82160
2025-04-03,MN,Cà Mau,5,45957 - 95188 - 19956
2025-04-03,MN,Cà Mau,6,17185 - 86099 - 35087
2025-04-03,MN,Cà Mau,7,97113 - 66491 - 00312 - 18584
2025-04-03,MN,Cà Mau,8,40393
2025-04-04,MB,Hà Nội,ĐB,32888
2025-04-04,MB,Hà Nội,1,30816
2025-04-04,MB,Hà Nội,2,22292
2025-04-04,MB,Hà Nội,3,19751 - 26108 - 53475 - 07699 - 07765 - 21420
2025-04-04,MB,Hà Nội,4,81910 - 45600 - 75327 - 60893 - 01845 - 13208
2025-04-04,MB,Hà Nội,5,97275 - 52875 - 00215
2025-04-04,MB,Hà Nội,6,18166 - 80789 - 72172
2025-04-04,MB,Hà Nội,7,79730 - 10517 - 29237 - 59378
2025-04-04,MT,Đà Nẵng,ĐB,10094
2025-04-04,MT,Đà Nẵng,1,73521
2025-04-04,MT,Đà Nẵng,2,56827
2025-04-04,MT,Đà Nẵng,3,80417 - 53642 - 53419 - 43235 - 44409 - 70682
2025-04-04,MT,Đà Nẵng,4,32864 - 62719 - 56530 - 19909 - 59833 - 06484
2025-04-04,MT,Đà Nẵng,5,35989 - 17950 - 14627
2025-04-04,MT,Đà Nẵng,6,60760 - 01617 - 22951
2025-04-04,MT,Đà Nẵng,7,64715 - 63472 - 45632 - 77503
2025-04-04,MT,Đà Nẵng,8,58975
2025-04-04,MT,Khánh Hòa,ĐB,49889
2025-04-04,MT,Khánh Hòa,1,23070
2025-04-04,MT,Khánh Hòa,2,90859
2025-04-04,MT,Khánh Hòa,3,77141 - 27837 - 35965 - 48430 - 18546 - 06198
2025-04-04,MT,Khánh Hòa,4,71401 - 03036 - 01149 - 53864 - 94359 - 30887
2025-04-04,MT,Khánh Hòa,5,32657 - 23422 - 55916
2025-04-04,MT,Khánh Hòa,6,07789 - 03635 - 31283
2025-04-04,MT,Khánh Hòa,7,14548 - 60100 - 02705 - 85533
2025-04-04,MT,Khánh Hòa,8,87457
2025-04-04,MN,TP. HCM,ĐB,18518
2025-04-04,MN,TP. HCM,1,70553
2025-04-04,MN,TP. HCM,2,25561
2025-04-04,MN,TP. HCM,3,79385 - 27319 - 27661 - 71196 - 57973 - 65422
2025-04-04,MN,TP. HCM,4,89343 - 75720 - 78056 - 20235 - 16120 - 04281
2025-04-04,MN,TP. HCM,5,63619 - 71366 - 68622
2025-04-04,MN,TP. HCM,6,06353 - 93487 - 37720
2025-04-04,MN,TP. HCM,7,50801 - 92890 - 83354 - 87523
2025-04-04,MN,TP. HCM,8,97467
2025-04-04,MN,Đồng Tháp,ĐB,61156
2025-04-04,MN,Đồng Tháp,1,11933
2025-04-04,MN,Đồng Tháp,2,24880
2025-04-04,MN,Đồng Tháp,3,87509 - 99180 - 45724 - 36948 - 76226 - 92341
2025-04-04,MN,Đồng Tháp,4,05556 - 64821 - 87235 - 71866 - 94931 - 67074
2025-04-04,MN,Đồng Tháp,5,73790 - 16861 - 34883
2025-04-04,MN,Đồng Tháp,6,93151 - 92587 - 76313
2025-04-04,MN,Đồng Tháp,7,05513 - 32567 - 46097 - 52626
2025-04-04,MN,Đồng Tháp,8,29442
2025-04-04,MN,Cà Mau,ĐB,87749
2025-04-04,MN,Cà Mau,1,65004
2025-04-04,MN,Cà Mau,2,48699
2025-04-04,MN,Cà Mau,3,16141 - 74798 - 03237 - 67141 - 95304 - 27662
2025-04-04,MN,Cà Mau,4,19210 - 89983 - 17253 - 11448 - 11781 - 99334
2025-04-04,MN,Cà Mau,5,17583 - 25922 - 54323
2025-04-04,MN,Cà Mau,6,47642 - 59939 - 36219
2025-04-04,MN,Cà Mau,7,17306 - 10110 - 58215 - 53477
2025-04-04,MN,Cà Mau,8,72929
2025-04-05,MB,Hà Nội,ĐB,15232
2025-04-05,MB,Hà Nội,1,95746
2025-04-05,MB,Hà Nội,2,13653
2025-04-05,MB,Hà Nội,3,44980 - 11379 - 78830 - 15368 - 35144 - 56514
2025-04-05,MB,Hà Nội,4,20775 - 43791 - 86854 - 07253 - 27710 - 30916
2025-04-05,MB,Hà Nội,5,91179 - 09171 - 15557
2025-04-05,MB,Hà Nội,6,99131 - 26605 - 57626
2025-04-05,MB,Hà Nội,7,34099 - 08532 - 18324 - 06497
2025-04-05,MT,Đà Nẵng,ĐB,83412
2025-04-05,MT,Đà Nẵng,1,24927
2025-04-05,MT,Đà Nẵng,2,86848
2025-04-05,MT,Đà Nẵng,3,28878 - 32658 - 76628 - 31768 - 04032 - 73867
2025-04-05,MT,Đà Nẵng,4,23426 - 76410 - 03508 - 91964 - 61308 - 18763
2025-04-05,MT,Đà Nẵng,5,27609 - 87859 - 86307
2025-04-05,MT,Đà Nẵng,6,30040 - 21902 - 34197
2025-04-05,MT,Đà Nẵng,7,39879 - 31526 - 42081 - 88449
2025-04-05,MT,Đà Nẵng,8,06833
2025-04-05,MT,Khánh Hòa,ĐB,85606
2025-04-05,MT,Khánh Hòa,1,97153
2025-04-05,MT,Khánh Hòa,2,25306
2025-04-05,MT,Khánh Hòa,3,51983 - 64794 - 30037 - 14454 - 91959 - 90693
2025-04-05,MT,Khánh Hòa,4,87790 - 78742 - 15250 - 51386 - 37417 - 04557
2025-04-05,MT,Khánh Hòa,5,69826 - 43930 - 92020
2025-04-05,MT,Khánh Hòa,6,24191 - 11896 - 36322
2025-04-05,MT,Khánh Hòa,7,03591 - 28695 - 17615 - 06297
2025-04-05,MT,Khánh Hòa,8,65134
2025-04-05,MN,TP. HCM,ĐB,33933
2025-04-05,MN,TP. HCM,1,80243
2025-04-05,MN,TP. HCM,2,50190
2025-04-05,MN,TP. HCM,3,30500 - 87313 - 56676 - 33093 - 64092 - 87299
2025-04-05,MN,TP. HCM,4,59916 - 53465 - 77263 - 62315 - 53150 - 26108
2025-04-05,MN,TP. HCM,5,14145 - 60479 - 52863
2025-04-05,MN,TP. HCM,6,59981 - 59467 - 36635
2025-04-05,MN,TP. HCM,7,92997 - 62330 - 68011 - 78988
2025-04-05,MN,TP. HCM,8,06704
2025-04-05,MN,Đồng Tháp,ĐB,19044
2025-04-05,MN,Đồng Tháp,1,41312
2025-04-05,MN,Đồng Tháp,2,74125
2025-04-05,MN,Đồng Tháp,3,61201 - 37777 - 93235 - 53684 - 19060 - 11324
2025-04-05,MN,Đồng Tháp,4,56518 - 93901 - 20134 - 16546 - 93637 - 58861
2025-04-05,MN,Đồng Tháp,5,61965 - 18870 - 73301
2025-04-05,MN,Đồng Tháp,6,14034 - 11215 - 82784
2025-04-05,MN,Đồng Tháp,7,87477 - 99418 - 64884 - 12529
2025-04-05,MN,Đồng Tháp,8,54336
2025-04-05,MN,Cà Mau,ĐB,22346
2025-04-05,MN,Cà Mau,1,99902
2025-04-05,MN,Cà Mau,2,71476
2025-04-05,MN,Cà Mau,3,85842 - 32679 - 76749 - 03060 - 66270 - 82850
2025-04-05,MN,Cà Mau,4,40883 - 22012 - 25103 - 89288 - 66100 - 43400
2025-04-05,MN,Cà Mau,5,94332 - 38673 - 50747
2025-04-05,MN,Cà Mau,6,90693 - 28769 - 82525
2025-04-05,MN,Cà Mau,7,50642 - 60730 - 35685 - 63512
2025-04-05,MN,Cà Mau,8,60077
2025-04-06,MB,Hà Nội,ĐB,56158
2025-04-06,MB,Hà Nội,1,34682
2025-04-06,MB,Hà Nội,2,74801
2025-04-06,MB,Hà Nội,3,31012 - 77346 - 61727 - 80463 - 28045 - 28474
2025-04-06,MB,Hà Nội,4,47491 - 69985 - 18291 - 78515 - 46741 - 09308
2025-04-06,MB,Hà Nội,5,67441 - 21273 - 00886
2025-04-06,MB,Hà Nội,6,18635 - 58249 - 09382
2025-04-06,MB,Hà Nội,7,61793 - 24576 - 96214 - 89866
2025-04-06,MT,Đà Nẵng,ĐB,97702
2025-04-06,MT,Đà Nẵng,1,79436
2025-04-06,MT,Đà Nẵng,2,51196
2025-04-06,MT,Đà Nẵng,3,62307 - 75983 - 59932 - 79726 - 05122 - 57699
2025-04-06,MT,Đà Nẵng,4,72522 - 93436 - 36680 - 78671 - 95221 - 80599
2025-04-06,MT,Đà Nẵng,5,91146 - 54678 - 58852
2025-04-06,MT,Đà Nẵng,6,55838 - 16327 - 02425
2025-04-06,MT,Đà Nẵng,7,27265 - 58199 - 30598 - 29538
2025-04-06,MT,Đà Nẵng,8,47858
2025-04-06,MT,Khánh Hòa,ĐB,41047
2025-04-06,MT,Khánh Hòa,1,09282
2025-04-06,MT,Khánh Hòa,2,04739
2025-04-06,MT,Khánh Hòa,3,74384 - 28297 - 61714 - 52758 - 18651 - 71761
2025-04-06,MT,Khánh Hòa,4,05214 - 36378 - 15472 - 35370 - 12134 - 44532
2025-04-06,MT,Khánh Hòa,5,10352 - 22237 - 67246
2025-04-06,MT,Khánh Hòa,6,80676 - 55908 - 77725
2025-04-06,MT,Khánh Hòa,7,58667 - 60047 - 55252 - 93119
2025-04-06,MT,Khánh Hòa,8,09164
2025-04-06,MN,TP. HCM,ĐB,04967
2025-04-06,MN,TP. HCM,1,11821
2025-04-06,MN,TP. HCM,2,70040
2025-04-06,MN,TP. HCM,3,82782 - 42072 - 27903 - 73598 - 40944 - 97710
2025-04-06,MN,TP. HCM,4,57961 - 59443 - 35143 - 97877 - 34154 - 30680
2025-04-06,MN,TP. HCM,5,03383 - 36096 - 59750
2025-04-06,MN,TP. HCM,6,21042 - 63184 - 02149
2025-04-06,MN,TP. HCM,7,55012 - 79908 - 43794 - 34610
2025-04-06,MN,TP. HCM,8,57659
2025-04-06,MN,Đồng Tháp,ĐB,31671
2025-04-06,MN,Đồng Tháp,1,64656
2025-04-06,MN,Đồng Tháp,2,94488
2025-04-06,MN,Đồng Tháp,3,64519 - 19644 - 61524 - 29109 - 51398 - 87843
2025-04-06,MN,Đồng Tháp,4,40899 - 13167 - 26372 - 49629 - 46031 - 41233
2025-04-06,MN,Đồng Tháp,5,86259 - 80634 - 69033
2025-04-06,MN,Đồng Tháp,6,33207 - 82547 - 87603
2025-04-06,MN,Đồng Tháp,7,38370 - 21273 - 57157 - 78378
2025-04-06,MN,Đồng Tháp,8,42372
2025-04-06,MN,Cà Mau,ĐB,99353
2025-04-06,MN,Cà Mau,1,41408
2025-04-06,MN,Cà Mau,2,48681
2025-04-06,MN,Cà Mau,3,28860 - 80717 - 66969 - 62950 - 68069 - 34093
2025-04-06,MN,Cà Mau,4,44918 - 53511 - 52929 - 41588 - 32293 - 37346
2025-04-06,MN,Cà Mau,5,39911 - 27297 - 28772
2025-04-06,MN,Cà Mau,6,17642 - 87638 - 12268
2025-04-06,MN,Cà Mau,7,73292 - 77095 - 69210 - 23258
2025-04-06,MN,Cà Mau,8,35287
2025-04-07,MB,Hà Nội,ĐB,42242
2025-04-07,MB,Hà Nội,1,77817
2025-04-07,MB,Hà Nội,2,26783
2025-04-07,MB,Hà Nội,3,45782 - 26366 - 67235 - 58124 - 41968 - 87807
2025-04-07,MB,Hà Nội,4,07708 - 30217 - 58098 - 85100 - 01201 - 61384
2025-04-07,MB,Hà Nội,5,10817 - 90486 - 78939
2025-04-07,MB,Hà Nội,6,26738 - 36378 - 14071
2025-04-07,MB,Hà Nội,7,62269 - 49424 - 67613 - 85142
2025-04-07,MT,Đà Nẵng,ĐB,88353
2025-04-07,MT,Đà Nẵng,1,15471
2025-04-07,MT,Đà Nẵng,2,30496
2025-04-07,MT,Đà Nẵng,3,45824 - 94123 - 44857 - 41513 - 52485 - 84160
2025-04-07,MT,Đà Nẵng,4,87030 - 97807 - 79758 - 28972 - 28231 - 25949
2025-04-07,MT,Đà Nẵng,5,76683 - 24060 - 80052
2025-04-07,MT,Đà Nẵng,6,11514 - 22329 - 61886
2025-04-07,MT,Đà Nẵng,7,62645 - 38307 - 82151 - 11810
2025-04-07,MT,Đà Nẵng,8,66687
2025-04-07,MT,Khánh Hòa,ĐB,26393
2025-04-07,MT,Khánh Hòa,1,58879
2025-04-07,MT,Khánh Hòa,2,24075
2025-04-07,MT,Khánh Hòa,3,24553 - 88285 - 05252 - 45508 - 79093 - 44626
2025-04-07,MT,Khánh Hòa,4,48788 - 34275 - 34854 - 98333 - 62896 - 19435
2025-04-07,MT,Khánh Hòa,5,38652 - 20669 - 10507
2025-04-07,MT,Khánh Hòa,6,86780 - 83419 - 46613
2025-04-07,MT,Khánh Hòa,7,99972 - 87918 - 99871 - 78496
2025-04-07,MT,Khánh Hòa,8,84553
2025-04-07,MN,TP. HCM,ĐB,30939
2025-04-07,MN,TP. HCM,1,86509
2025-04-07,MN,TP. HCM,2,23303
2025-04-07,MN,TP. HCM,3,22710 - 46379 - 51623 - 17281 - 22753 - 06007
2025-04-07,MN,TP. HCM,4,70797 - 58326 - 44655 - 32083 - 21915 - 39830
2025-04-07,MN,TP. HCM,5,92544 - 47020 - 16954
2025-04-07,MN,TP. HCM,6,47399 - 93048 - 79908
2025-04-07,MN,TP. HCM,7,20319 - 94979 - 74897 - 45792
2025-04-07,MN,TP. HCM,8,12467
2025-04-07,MN,Đồng Tháp,ĐB,84871
2025-04-07,MN,Đồng Tháp,1,38551
2025-04-07,MN,Đồng Tháp,2,01625
2025-04-07,MN,Đồng Tháp,3,69746 - 26257 - 04838 - 71473 - 20076 - 72298
2025-04-07,MN,Đồng Tháp,4,45150 - 34195 - 36527 - 24935 - 75936 - 52521
2025-04-07,MN,Đồng Tháp,5,47086 - 53141 - 59484
2025-04-07,MN,Đồng Tháp,6,69317 - 57514 - 35817
2025-04-07,MN,Đồng Tháp,7,39670 - 62168 - 66900 - 35033
2025-04-07,MN,Đồng Tháp,8,24719
2025-04-07,MN,Cà Mau,ĐB,61332
2025-04-07,MN,Cà Mau,1,25122
2025-04-07,MN,Cà Mau,2,97335
2025-04-07,MN,Cà Mau,3,45191 - 70452 - 07630 - 52027 - 03889 - 21109
2025-04-07,MN,Cà Mau,4,03985 - 98254 - 91959 - 85863 - 63107 - 85911
2025-04-07,MN,Cà Mau,5,38980 - 80234 - 17289
2025-04-07,MN,Cà Mau,6,76327 - 29586 - 77359
2025-04-07,MN,Cà Mau,7,63335 - 21929 - 02213 - 35269
2025-04-07,MN,Cà Mau,8,58429
2025-04-08,MB,Hà Nội,ĐB,70303
2025-04-08,MB,Hà Nội,1,74459
2025-04-08,MB,Hà Nội,2,29733
2025-04-08,MB,Hà Nội,3,54799 - 58047 - 75539 - 15086 - 32739 - 05049
2025-04-08,MB,Hà Nội,4,97009 - 73458 - 42851 - 48338 - 01317 - 35780
2025-04-08,MB,Hà Nội,5,19657 - 65048 - 39812
2025-04-08,MB,Hà Nội,6,00572 - 07314 - 45639
2025-04-08,MB,Hà Nội,7,41750 - 14110 - 91553 - 53296
2025-04-08,MT,Đà Nẵng,ĐB,14252
2025-04-08,MT,Đà Nẵng,1,57156
2025-04-08,MT,Đà Nẵng,2,83785
2025-04-08,MT,Đà Nẵng,3,49963 - 77017 - 05113 - 33283 - 17814 - 54501
2025-04-08,MT,Đà Nẵng,4,97008 - 39091 - 67481 - 08595 - 36621 - 81196
2025-04-08,MT,Đà Nẵng,5,27012 - 65844 - 72956
2025-04-08,MT,Đà Nẵng,6,61013 - 17559 - 68761
2025-04-08,MT,Đà Nẵng,7,13197 - 72387 - 91124 - 79238
2025-04-08,MT,Đà Nẵng,8,90502
2025-04-08,MT,Khánh Hòa,ĐB,47803
2025-04-08,MT,Khánh Hòa,1,18771
2025-04-08,MT,Khánh Hòa,2,51029
2025-04-08,MT,Khánh Hòa,3,33595 - 89016 - 55318 - 77889 - 07141 - 45196
2025-04-08,MT,Khánh Hòa,4,91678 - 73636 - 14861 - 57134 - 33999 - 90265
2025-04-08,MT,Khánh Hòa,5,06509 - 08526 - 13099
2025-04-08,MT,Khánh Hòa,6,79837 - 22298 - 63923
2025-04-08,MT,Khánh Hòa,7,95776 - 53022 - 70844 - 86852
2025-04-08,MT,Khánh Hòa,8,29646
2025-04-08,MN,TP. HCM,ĐB,84668
2025-04-08,MN,TP. HCM,1,79587
2025-04-08,MN,TP. HCM,2,98864
2025-04-08,MN,TP. HCM,3,36944 - 30904 - 30182 - 37317 - 26443 - 37583
2025-04-08,MN,TP. HCM,4,39452 - 06244 - 06648 - 62927 - 68768 - 99852
2025-04-08,MN,TP. HCM,5,05757 - 99966 - 12481
2025-04-08,MN,TP. HCM,6,83458 - 75731 - 51507
2025-04-08,MN,TP. HCM,7,23850 - 92061 - 26271 - 78868
2025-04-08,MN,TP. HCM,8,93593
2025-04-08,MN,Đồng Tháp,ĐB,05053
2025-04-08,MN,Đồng Tháp,1,38865
2025-04-08,MN,Đồng Tháp,2,17736
2025-04-08,MN,Đồng Tháp,3,18994 - 45146 - 98719 - 78004 - 08266 - 15861
2025-04-08,MN,Đồng Tháp,4,89685 - 45409 - 39282 - 86551 - 26114 - 29596
2025-04-08,MN,Đồng Tháp,5,48242 - 66927 - 49937
2025-04-08,MN,Đồng Tháp,6,51506 - 99560 - 99821
2025-04-08,MN,Đồng Tháp,7,53523 - 64114 - 37608 - 47667
2025-04-08,MN,Đồng Tháp,8,64062
2025-04-08,MN,Cà Mau,ĐB,23318
2025-04-08,MN,Cà Mau,1,75506
2025-04-08,MN,Cà Mau,2,89973
2025-04-08,MN,Cà Mau,3,25133 - 92027 - 99472 - 56258 - 80291 - 89785
2025-04-08,MN,Cà Mau,4,44826 - 78624 - 12224 - 16102 - 67587 - 21989
2025-04-08,MN,Cà Mau,5,61601 - 86265 - 18664
2025-04-08,MN,Cà Mau,6,87573 - 53341 - 83546
2025-04-08,MN,Cà Mau,7,81739 - 21004 - 99787 - 92134
2025-04-08,MN,Cà Mau,8,77084
2025-04-09,MB,Hà Nội,ĐB,20799
2025-04-09,MB,Hà Nội,1,41558
2025-04-09,MB,Hà Nội,2,99521
2025-04-09,MB,Hà Nội,3,22663 - 04290 - 89034 - 05037 - 50338 - 28830
2025-04-09,MB,Hà Nội,4,68955 - 67886 - 39985 - 48859 - 80488 - 91511
2025-04-09,MB,Hà Nội,5,67595 - 77688 - 93165
2025-04-09,MB,Hà Nội,6,56743 - 37010 - 97050
2025-04-09,MB,Hà Nội,7,44940 - 71565 - 25041 - 16205
2025-04-09,MT,Đà Nẵng,ĐB,70196
2025-04-09,MT,Đà Nẵng,1,36615
2025-04-09,MT,Đà Nẵng,2,63441
2025-04-09,MT,Đà Nẵng,3,04931 - 70474 - 88139 - 50520 - 86654 - 88078
2025-04-09,MT,Đà Nẵng,4,96963 - 64403 - 81714 - 52078 - 30790 - 03691
2025-04-09,MT,Đà Nẵng,5,63024 - 34822 - 97519
2025-04-09,MT,Đà Nẵng,6,43641 - 31035 - 93248
2025-04-09,MT,Đà Nẵng,7,44152 - 32432 - 46176 - 21272
2025-04-09,MT,Đà Nẵng,8,92100
2025-04-09,MT,Khánh Hòa,ĐB,91558
2025-04-09,MT,Khánh Hòa,1,46632
2025-04-09,MT,Khánh Hòa,2,98306
2025-04-09,MT,Khánh Hòa,3,58836 - 98410 - 57080 - 97582 - 87843 - 43140
2025-04-09,MT,Khánh Hòa,4,86499 - 44805 - 30977 - 65153 - 41723 - 48479
2025-04-09,MT,Khánh Hòa,5,97252 - 35807 - 82933
2025-04-09,MT,Khánh Hòa,6,03008 - 17338 - 32272
2025-04-09,MT,Khánh Hòa,7,93059 - 31588 - 62476 - 40377
2025-04-09,MT,Khánh Hòa,8,38326
2025-04-09,MN,TP. HCM,ĐB,63108
2025-04-09,MN,TP. HCM,1,93730
2025-04-09,MN,TP. HCM,2,72934
2025-04-09,MN,TP. HCM,3,70786 - 90316 - 28320 - 88998 - 54460 - 56115
2025-04-09,MN,TP. HCM,4,44165 - 28339 - 59768 - 80017 - 97409 - 71147
2025-04-09,MN,TP. HCM,5,64275 - 91248 - 03102
2025-04-09,MN,TP. HCM,6,29798 - 77134 - 25883
2025-04-09,MN,TP. HCM,7,77101 - 05081 - 78496 - 48936
2025-04-09,MN,TP. HCM,8,64778
2025-04-09,MN,Đồng Tháp,ĐB,49078
2025-04-09,MN,Đồng Tháp,1,96034
2025-04-09,MN,Đồng Tháp,2,79052
2025-04-09,MN,Đồng Tháp,3,46979 - 02754 - 62207 - 37819 - 23937 - 28744
2025-04-09,MN,Đồng Tháp,4,84295 - 52412 - 92382 - 13791 - 06838 - 87127
2025-04-09,MN,Đồng Tháp,5,39926 - 47242 - 61670
2025-04-09,MN,Đồng Tháp,6,20018 - 82519 - 14322
2025-04-09,MN,Đồng Tháp,7,50237 - 66828 - 96311 - 52449
2025-04-09,MN,Đồng Tháp,8,80317
2025-04-09,MN,Cà Mau,ĐB,26594
2025-04-09,MN,Cà Mau,1,14476
2025-04-09,MN,Cà Mau,2,40087
2025-04-09,MN,Cà Mau,3,88785 - 19638 - 88018 - 07412 - 99994 - 35982
2025-04-09,MN,Cà Mau,4,77615 - 67375 - 81665 - 44299 - 52661 - 78982
2025-04-09,MN,Cà Mau,5,37970 - 36671 - 04660
2025-04-09,MN,Cà Mau,6,70754 - 10063 - 42084
2025-04-09,MN,Cà Mau,7,71153 - 43995 - 55417 - 80554
2025-04-09,MN,Cà Mau,8,74158
2025-04-10,MB,Hà Nội,ĐB,01450
2025-04-10,MB,Hà Nội,1,22043
2025-04-10,MB,Hà Nội,2,68140
2025-04-10,MB,Hà Nội,3,72974 - 06909 - 11651 - 86348 - 80047 - 98475
2025-04-10,MB,Hà Nội,4,11492 - 60648 - 77382 - 71011 - 21049 - 31631
2025-04-10,MB,Hà Nội,5,00038 - 59563 - 42887
2025-04-10,MB,Hà Nội,6,28809 - 10027 - 30464
2025-04-10,MB,Hà Nội,7,13443 - 35620 - 33966 - 14042
2025-04-10,MT,Đà Nẵng,ĐB,10184
2025-04-10,MT,Đà Nẵng,1,71819
2025-04-10,MT,Đà Nẵng,2,03313
2025-04-10,MT,Đà Nẵng,3,00011 - 31128 - 53465 - 38437 - 61675 - 85815
2025-04-10,MT,Đà Nẵng,4,68354 - 67575 - 17522 - 51687 - 75429 - 63650
2025-04-10,MT,Đà Nẵng,5,13017 - 14096 - 46381
2025-04-10,MT,Đà Nẵng,6,38463 - 30857 - 41044
2025-04-10,MT,Đà Nẵng,7,85551 - 64790 - 19791 - 56930
2025-04-10,MT,Đà Nẵng,8,12852
2025-04-10,MT,Khánh Hòa,ĐB,31006
2025-04-10,MT,Khánh Hòa,1,09358
2025-04-10,MT,Khánh Hòa,2,68049
2025-04-10,MT,Khánh Hòa,3,25734 - 56296 - 74361 - 09000 - 57651 - 64979
2025-04-10,MT,Khánh Hòa,4,76767 - 34928 - 04484 - 50164 - 69326 - 77329
2025-04-10,MT,Khánh Hòa,5,40700 - 00330 - 09527
2025-04-10,MT,Khánh Hòa,6,37214 - 93283 - 66245
2025-04-10,MT,Khánh Hòa,7,88688 - 86760 - 52931 - 44992
2025-04-10,MT,Khánh Hòa,8,52858
2025-04-10,MN,TP. HCM,ĐB,94205
2025-04-10,MN,TP. HCM,1,68492
2025-04-10,MN,TP. HCM,2,90346
2025-04-10,MN,TP. HCM,3,91080 - 61600 - 78905 - 26620 - 50920 - 89436
2025-04-10,MN,TP. HCM,4,68221 - 15901 - 12103 - 60867 - 64769 - 00913
2025-04-10,MN,TP. HCM,5,51634 - 96312 - 47263
2025-04-10,MN,TP. HCM,6,43668 - 97747 - 20996
2025-04-10,MN,TP. HCM,7,16792 - 36610 - 58350 - 28704
2025-04-10,MN,TP. HCM,8,72010
2025-04-10,MN,Đồng Tháp,ĐB,41828
2025-04-10,MN,Đồng Tháp,1,23793
2025-04-10,MN,Đồng Tháp,2,78772
2025-04-10,MN,Đồng Tháp,3,24149 - 41146 - 80477 - 10445 - 47346 - 49406
2025-04-10,MN,Đồng Tháp,4,67909 - 54551 - 14538 - 73442 - 19272 - 38825
2025-04-10,MN,Đồng Tháp,5,30538 - 21103 - 12267
2025-04-10,MN,Đồng Tháp,6,34403 - 14830 - 06049
2025-04-10,MN,Đồng Tháp,7,53507 - 62156 - 40977 - 66555
2025-04-10,MN,Đồng Tháp,8,16481
2025-04-10,MN,Cà Mau,ĐB,89772
2025-04-10,MN,Cà Mau,1,70814
2025-04-10,MN,Cà Mau,2,81688
2025-04-10,MN,Cà Mau,3,38806 - 15521 - 17577 - 57509 - 38571 - 84466
2025-04-10,MN,Cà Mau,4,78110 - 62280 - 60099 - 09921 - 23269 - 27017
2025-04-10,MN,Cà Mau,5,43324 - 01003 - 84576
2025-04-10,MN,Cà Mau,6,00052 - 07235 - 66936
2025-04-10,MN,Cà Mau,7,54611 - 25354 - 23630 - 16759
2025-04-10,MN,Cà Mau,8,53167
2025-04-11,MB,Hà Nội,ĐB,76564
2025-04-11,MB,Hà Nội,1,62013
2025-04-11,MB,Hà Nội,2,85171
2025-04-11,MB,Hà Nội,3,83028 - 01169 - 35675 - 53618 - 96503 - 87188
2025-04-11,MB,Hà Nội,4,86767 - 44868 - 59279 - 29252 - 61186 - 64738
2025-04-11,MB,Hà Nội,5,30658 - 70564 - 70153
2025-04-11,MB,Hà Nội,6,63298 - 30802 - 24586
2025-04-11,MB,Hà Nội,7,66529 - 91881 - 92067 - 90277
2025-04-11,MT,Đà Nẵng,ĐB,62247
2025-04-11,MT,Đà Nẵng,1,27301
2025-04-11,MT,Đà Nẵng,2,20252
2025-04-11,MT,Đà Nẵng,3,63278 - 85707 - 25935 - 84861 - 47597 - 92024
2025-04-11,MT,Đà Nẵng,4,31198 - 46014 - 20826 - 51812 - 89819 - 83009
2025-04-11,MT,Đà Nẵng,5,59012 - 32216 - 60394
2025-04-11,MT,Đà Nẵng,6,82704 - 37174 - 01428
2025-04-11,MT,Đà Nẵng,7,47454 - 68995 - 28352 - 29435
2025-04-11,MT,Đà Nẵng,8,49444
2025-04-11,MT,Khánh Hòa,ĐB,46521
2025-04-11,MT,Khánh Hòa,1,16865
2025-04-11,MT,Khánh Hòa,2,10098
2025-04-11,MT,Khánh Hòa,3,05337 - 44262 - 70110 - 84393 - 84853 - 26673
2025-04-11,MT,Khánh Hòa,4,73844 - 91176 - 34762 - 66806 - 89390 - 93644
2025-04-11,MT,Khánh Hòa,5,49882 - 59404 - 36928
2025-04-11,MT,Khánh Hòa,6,27373 - 23958 - 85253
2025-04-11,MT,Khánh Hòa,7,14221 - 19124 - 34879 - 17048
2025-04-11,MT,Khánh Hòa,8,51362
2025-04-11,MN,TP. HCM,ĐB,45996
2025-04-11,MN,TP. HCM,1,86113
2025-04-11,MN,TP. HCM,2,52255
2025-04-11,MN,TP. HCM,3,05081 - 25168 - 78801 - 93796 - 39061 - 76782
2025-04-11,MN,TP. HCM,4,04011 - 89954 - 95407 - 60888 - 61237 - 44096
2025-04-11,MN,TP. HCM,5,96484 - 20262 - 18022
2025-04-11,MN,TP. HCM,6,46959 - 11694 - 33031
2025-04-11,MN,TP. HCM,7,36141 - 88773 - 87406 - 34933
2025-04-11,MN,TP. HCM,8,25802
2025-04-11,MN,Đồng Tháp,ĐB,24234
2025-04-11,MN,Đồng Tháp,1,75276
2025-04-11,MN,Đồng Tháp,2,69774
2025-04-11,MN,Đồng Tháp,3,59603 - 93558 - 80221 - 86266 - 34401 - 71449
2025-04-11,MN,Đồng Tháp,4,78376 - 05499 - 44019 - 28968 - 97547 - 62391
2025-04-11,MN,Đồng Tháp,5,76005 - 81329 - 48294
2025-04-11,MN,Đồng Tháp,6,84590 - 48501 - 29641
2025-04-11,MN,Đồng Tháp,7,59232 - 25308 - 24396 - 72211
2025-04-11,MN,Đồng Tháp,8,09671
2025-04-11,MN,Cà Mau,ĐB,80166
2025-04-11,MN,Cà Mau,1,42751
2025-04-11,MN,Cà Mau,2,61760
2025-04-11,MN,Cà Mau,3,07398 - 76886 - 54680 - 53167 - 57354 - 22117
2025-04-11,MN,Cà Mau,4,11463 - 55071 - 38698 - 79235 - 40702 - 00720
2025-04-11,MN,Cà Mau,5,14592 - 66393 - 23346
2025-04-11,MN,Cà Mau,6,33022 - 44472 - 55708
2025-04-11,MN,Cà Mau,7,75943 - 84494 - 89245 - 62251
2025-04-11,MN,Cà Mau,8,45765
2025-04-12,MB,Hà Nội,ĐB,77555
2025-04-12,MB,Hà Nội,1,15076
2025-04-12,MB,Hà Nội,2,40390
2025-04-12,MB,Hà Nội,3,44774 - 99300 - 77103 - 93312 - 42277 - 35856
2025-04-12,MB,Hà Nội,4,76824 - 45869 - 75073 - 53681 - 33319 - 30978
2025-04-12,MB,Hà Nội,5,82357 - 33058 - 53884
2025-04-12,MB,Hà Nội,6,48052 - 40697 - 45616
2025-04-12,MB,Hà Nội,7,40426 - 73515 - 37029 - 14876
2025-04-12,MT,Đà Nẵng,ĐB,97091
2025-04-12,MT,Đà Nẵng,1,64702
2025-04-12,MT,Đà Nẵng,2,08322
2025-04-12,MT,Đà Nẵng,3,38109 - 02851 - 65069 - 25117 - 68417 - 77568
2025-04-12,MT,Đà Nẵng,4,01495 - 58055 - 57972 - 58452 - 91799 - 31047
2025-04-12,MT,Đà Nẵng,5,33239 - 78159 - 93055
2025-04-12,MT,Đà Nẵng,6,20588 - 61419 - 07202
2025-04-12,MT,Đà Nẵng,7,73471 - 94387 - 25587 - 30997
2025-04-12,MT,Đà Nẵng,8,77666
2025-04-12,MT,Khánh Hòa,ĐB,41659
2025-04-12,MT,Khánh Hòa,1,58847
2025-04-12,MT,Khánh Hòa,2,78160
2025-04-12,MT,Khánh Hòa,3,31664 - 65423 - 85768 - 35400 - 40592 - 67195
2025-04-12,MT,Khánh Hòa,4,51572 - 88785 - 01291 - 15905 - 48482 - 42098
2025-04-12,MT,Khánh Hòa,5,60391 - 04211 - 30544
2025-04-12,MT,Khánh Hòa,6,49381 - 37805 - 31223
2025-04-12,MT,Khánh Hòa,7,24047 - 18075 - 69738 - 31617
2025-04-12,MT,Khánh Hòa,8,60126
2025-04-12,MN,TP. HCM,ĐB,61763
2025-04-12,MN,TP. HCM,1,71521
2025-04-12,MN,TP. HCM,2,16595
2025-04-12,MN,TP. HCM,3,65760 - 76526 - 95777 - 11595 - 95958 - 36614
2025-04-12,MN,TP. HCM,4,87130 - 52868 - 24414 - 96192 - 52508 - 28047
2025-04-12,MN,TP. HCM,5,31329 - 71773 - 31599
2025-04-12,MN,TP. HCM,6,44332 - 67780 - 64847
2025-04-12,MN,TP. HCM,7,97566 - 81995 - 85411 - 03599
2025-04-12,MN,TP. HCM,8,50160
2025-04-12,MN,Đồng Tháp,ĐB,20609
2025-04-12,MN,Đồng Tháp,1,27097
2025-04-12,MN,Đồng Tháp,2,89831
2025-04-12,MN,Đồng Tháp,3,62647 - 90304 - 82000 - 72350 - 66153 - 42451
2025-04-12,MN,Đồng Tháp,4,48872 - 87703 - 19915 - 43339 - 66812 - 87583
2025-04-12,MN,Đồng Tháp,5,87719 - 34205 - 43556
2025-04-12,MN,Đồng Tháp,6,88378 - 09162 - 41291
2025-04-12,MN,Đồng Tháp,7,07638 - 46771 - 52396 - 92320
2025-04-12,MN,Đồng Tháp,8,80191
2025-04-12,MN,Cà Mau,ĐB,87709
2025-04-12,MN,Cà Mau,1,31847
2025-04-12,MN,Cà Mau,2,63971
2025-04-12,MN,Cà Mau,3,35389 - 97277 - 53495 - 90246 - 77314 - 91824
2025-04-12,MN,Cà Mau,4,24312 - 61163 - 06070 - 16597 - 73309 - 29142
2025-04-12,MN,Cà Mau,5,86534 - 38700 - 40468
2025-04-12,MN,Cà Mau,6,30297 - 87734 - 08266
2025-04-12,MN,Cà Mau,7,40143 - 00264 - 44108 - 65755
2025-04-12,MN,Cà Mau,8,71734
2025-04-13,MB,Hà Nội,ĐB,78048
2025-04-13,MB,Hà Nội,1,93339
2025-04-13,MB,Hà Nội,2,40196
2025-04-13,MB,Hà Nội,3,10087 - 55475 - 34101 - 83713 - 01586 - 00298
2025-04-13,MB,Hà Nội,4,70970 - 57571 - 61064 - 46047 - 54838 - 81677
2025-04-13,MB,Hà Nội,5,81830 - 68260 - 18636
2025-04-13,MB,Hà Nội,6,93309 - 00346 - 43616
2025-04-13,MB,Hà Nội,7,40755 - 45176 - 37458 - 54852
2025-04-13,MT,Đà Nẵng,ĐB,70307
2025-04-13,MT,Đà Nẵng,1,28989
2025-04-13,MT,Đà Nẵng,2,58499
2025-04-13,MT,Đà Nẵng,3,25931 - 74116 - 15245 - 31179 - 52678 - 53495
2025-04-13,MT,Đà Nẵng,4,11876 - 25170 - 52585 - 54921 - 48681 - 95065
2025-04-13,MT,Đà Nẵng,5,51931 - 45337 - 37817
2025-04-13,MT,Đà Nẵng,6,81130 - 09979 - 09282
2025-04-13,MT,Đà Nẵng,7,14026 - 89223 - 56002 - 44724
2025-04-13,MT,Đà Nẵng,8,79170
2025-04-13,MT,Khánh Hòa,ĐB,19004
2025-04-13,MT,Khánh Hòa,1,28093
2025-04-13,MT,Khánh Hòa,2,59622
2025-04-13,MT,Khánh Hòa,3,69164 - 84587 - 82140 - 19709 - 97550 - 43552
2025-04-13,MT,Khánh Hòa,4,31659 - 11466 - 10579 - 54815 - 65915 - 09110
2025-04-13,MT,Khánh Hòa,5,07267 - 74439 - 23719
2025-04-13,MT,Khánh Hòa,6,22589 - 84415 - 65266
2025-04-13,MT,Khánh Hòa,7,11904 - 66502 - 72191 - 72545
2025-04-13,MT,Khánh Hòa,8,51023
2025-04-13,MN,TP. HCM,ĐB,15576
2025-04-13,MN,TP. HCM,1,46138
2025-04-13,MN,TP. HCM,2,30734
2025-04-13,MN,TP. HCM,3,07035 - 41052 - 92903 - 88556 - 49446 - 76014
2025-04-13,MN,TP. HCM,4,15616 - 92332 - 69883 - 94187 - 79812 - 53618
2025-04-13,MN,TP. HCM,5,03744 - 12782 - 91016
2025-04-13,MN,TP. HCM,6,28722 - 54147 - 35275
2025-04-13,MN,TP. HCM,7,84707 - 05091 - 91884 - 44254
2025-04-13,MN,TP. HCM,8,66038
2025-04-13,MN,Đồng Tháp,ĐB,11628
2025-04-13,MN,Đồng Tháp,1,53939
2025-04-13,MN,Đồng Tháp,2,40604
2025-04-13,MN,Đồng Tháp,3,34727 - 45291 - 05109 - 70448 - 40572 - 22269
2025-04-13,MN,Đồng Tháp,4,09985 - 33491 - 28484 - 35403 - 42197 - 06522
2025-04-13,MN,Đồng Tháp,5,44957 - 60159 - 79785
2025-04-13,MN,Đồng Tháp,6,51050 - 22043 - 47738
2025-04-13,MN,Đồng Tháp,7,16138 - 95929 - 56181 - 35530
2025-04-13,MN,Đồng Tháp,8,41542
2025-04-13,MN,Cà Mau,ĐB,91669
2025-04-13,MN,Cà Mau,1,83310
2025-04-13,MN,Cà Mau,2,03528
2025-04-13,MN,Cà Mau,3,66445 - 89280 - 23989 - 45963 - 02809 - 18825
2025-04-13,MN,Cà Mau,4,57900 - 14141 - 35373 - 95468 - 32313 - 16634
2025-04-13,MN,Cà Mau,5,19114 - 50646 - 00877
2025-04-13,MN,Cà Mau,6,61973 - 57345 - 44627
2025-04-13,MN,Cà Mau,7,17303 - 60109 - 62967 - 51385
2025-04-13,MN,Cà Mau,8,79973
2025-04-14,MB,Hà Nội,ĐB,50608
2025-04-14,MB,Hà Nội,1,99850
2025-04-14,MB,Hà Nội,2,58244
2025-04-14,MB,Hà Nội,3,46244 - 61506 - 81950 - 05769 - 71899 - 14466
2025-04-14,MB,Hà Nội,4,28235 - 40606 - 41285 - 31917 - 33970 - 30488
2025-04-14,MB,Hà Nội,5,02919 - 45624 - 93047
2025-04-14,MB,Hà Nội,6,39237 - 96303 - 55846
2025-04-14,MB,Hà Nội,7,62463 - 81034 - 56003 - 80834
2025-04-14,MT,Đà Nẵng,ĐB,76818
2025-04-14,MT,Đà Nẵng,1,52417
2025-04-14,MT,Đà Nẵng,2,47973
2025-04-14,MT,Đà Nẵng,3,87531 - 70502 - 07774 - 29066 - 22513 - 48333
2025-04-14,MT,Đà Nẵng,4,22706 - 07693 - 72355 - 90410 - 11048 - 51205
2025-04-14,MT,Đà Nẵng,5,79401 - 63202 - 09052
2025-04-14,MT,Đà Nẵng,6,18398 - 96572 - 77017
2025-04-14,MT,Đà Nẵng,7,77495 - 94706 - 22621 - 47401
2025-04-14,MT,Đà Nẵng,8,25509
2025-04-14,MT,Khánh Hòa,ĐB,37790
2025-04-14,MT,Khánh Hòa,1,24056
2025-04-14,MT,Khánh Hòa,2,33055
2025-04-14,MT,Khánh Hòa,3,21796 - 25586 - 28860 - 79700 - 76338 - 48145
2025-04-14,MT,Khánh Hòa,4,09503 - 50768 - 82651 - 64822 - 05768 - 26600
2025-04-14,MT,Khánh Hòa,5,46211 - 72322 - 88913
2025-04-14,MT,Khánh Hòa,6,24214 - 81843 - 06821
2025-04-14,MT,Khánh Hòa,7,03651 - 30992 - 25128 - 86604
2025-04-14,MT,Khánh Hòa,8,38172
2025-04-14,MN,TP. HCM,ĐB,70194
2025-04-14,MN,TP. HCM,1,44188
2025-04-14,MN,TP. HCM,2,94144
2025-04-14,MN,TP. HCM,3,52232 - 81269 - 72751 - 80779 - 52125 - 02720
2025-04-14,MN,TP. HCM,4,22138 - 47398 - 18274 - 41002 - 33158 - 57858
2025-04-14,MN,TP. HCM,5,50273 - 68226 - 51335
2025-04-14,MN,TP. HCM,6,92458 - 50232 - 62952
2025-04-14,MN,TP. HCM,7,16911 - 03838 - 38934 - 92004
2025-04-14,MN,TP. HCM,8,90685
2025-04-14,MN,Đồng Tháp,ĐB,21467
2025-04-14,MN,Đồng Tháp,1,81057
2025-04-14,MN,Đồng Tháp,2,14821
2025-04-14,MN,Đồng Tháp,3,90877 - 70192 - 84584 - 57466 - 78527 - 21405
2025-04-14,MN,Đồng Tháp,4,93060 - 44707 - 09343 - 93679 - 48637 - 69488
2025-04-14,MN,Đồng Tháp,5,72796 - 39143 - 39885
2025-04-14,MN,Đồng Tháp,6,80491 - 81100 - 05475
2025-04-14,MN,Đồng Tháp,7,91680 - 89099 - 36635 - 78492
2025-04-14,MN,Đồng Tháp,8,39043
2025-04-14,MN,Cà Mau,ĐB,37049
2025-04-14,MN,Cà Mau,1,15106
2025-04-14,MN,Cà Mau,2,95528
2025-04-14,MN,Cà Mau,3,21627 - 31634 - 78684 - 26926 - 56513 - 09222
2025-04-14,MN,Cà Mau,4,36938 - 92039 - 90537 - 70968 - 85663 - 13742
2025-04-14,MN,Cà Mau,5,00027 - 24228 - 03348
2025-04-14,MN,Cà Mau,6,98071 - 46534 - 28811
2025-04-14,MN,Cà Mau,7,48402 - 23752 - 63210 - 38993
2025-04-14,MN,Cà Mau,8,41097
2025-04-15,MB,Hà Nội,ĐB,53241
2025-04-15,MB,Hà Nội,1,02767
2025-04-15,MB,Hà Nội,2,11380
2025-04-15,MB,Hà Nội,3,34307 - 83325 - 68388 - 63433 - 77426 - 71004
2025-04-15,MB,Hà Nội,4,26139 - 55944 - 93895 - 83376 - 08567 - 36509
2025-04-15,MB,Hà Nội,5,75681 - 24398 - 27269
2025-04-15,MB,Hà Nội,6,36064 - 42395 - 75240
2025-04-15,MB,Hà Nội,7,33338 - 13099 - 49771 - 49391
2025-04-15,MT,Đà Nẵng,ĐB,65741
2025-04-15,MT,Đà Nẵng,1,46436
2025-04-15,MT,Đà Nẵng,2,44686
2025-04-15,MT,Đà Nẵng,3,92397 - 42197 - 66319 - 86368 - 21255 - 12488
2025-04-15,MT,Đà Nẵng,4,87578 - 42905 - 78316 - 10875 - 49147 - 56623
2025-04-15,MT,Đà Nẵng,5,88696 - 40538 - 73302
2025-04-15,MT,Đà Nẵng,6,44044 - 99858 - 42794
2025-04-15,MT,Đà Nẵng,7,71538 - 95653 - 70353 - 13317
2025-04-15,MT,Đà Nẵng,8,20660
2025-04-15,MT,Khánh Hòa,ĐB,10748
2025-04-15,MT,Khánh Hòa,1,00926
2025-04-15,MT,Khánh Hòa,2,40808
2025-04-15,MT,Khánh Hòa,3,30435 - 10086 - 45941 - 19941 - 45144 - 40368
2025-04-15,MT,Khánh Hòa,4,13757 - 15781 - 37817 - 15648 - 52504 - 70183
2025-04-15,MT,Khánh Hòa,5,75503 - 99331 - 69655
2025-04-15,MT,Khánh Hòa,6,77995 - 77820 - 11844
2025-04-15,MT,Khánh Hòa,7,93030 - 60142 - 64680 - 01970
2025-04-15,MT,Khánh Hòa,8,02893
2025-04-15,MN,TP. HCM,ĐB,40172
2025-04-15,MN,TP. HCM,1,62412
2025-04-15,MN,TP. HCM,2,60686
2025-04-15,MN,TP. HCM,3,32373 - 29548 - 85292 - 28121 - 94330 - 41638
2025-04-15,MN,TP. HCM,4,36239 - 92846 - 09627 - 29450 - 04635 - 67715
2025-04-15,MN,TP. HCM,5,78723 - 88100 - 61029
2025-04-15,MN,TP. HCM,6,83678 - 38228 - 48909
2025-04-15,MN,TP. HCM,7,80617 - 40364 - 63784 - 83510
2025-04-15,MN,TP. HCM,8,49424
2025-04-15,MN,Đồng Tháp,ĐB,68430
2025-04-15,MN,Đồng Tháp,1,45620
2025-04-15,MN,Đồng Tháp,2,89066
2025-04-15,MN,Đồng Tháp,3,55345 - 78429 - 98902 - 58524 - 05423 - 58028
2025-04-15,MN,Đồng Tháp,4,58685 - 69424 - 84427 - 22836 - 35432 - 78044
2025-04-15,MN,Đồng Tháp,5,61822 - 89077 - 21665
2025-04-15,MN,Đồng Tháp,6,32442 - 89642 - 58867
2025-04-15,MN,Đồng Tháp,7,19872 - 15574 - 89594 - 83286
2025-04-15,MN,Đồng Tháp,8,87836
2025-04-15,MN,Cà Mau,ĐB,57100
2025-04-15,MN,Cà Mau,1,48833
2025-04-15,MN,Cà Mau,2,04599
2025-04-15,MN,Cà Mau,3,89265 - 00475 - 29027 - 36315 - 70115 - 76211
2025-04-15,MN,Cà Mau,4,86776 - 84638 - 04814 - 95606 - 44588 - 82774
2025-04-15,MN,Cà Mau,5,83350 - 46693 - 39561
2025-04-15,MN,Cà Mau,6,98501 - 20174 - 40147
2025-04-15,MN,Cà Mau,7,01039 - 71013 - 96523 - 00058
2025-04-15,MN,Cà Mau,8,06997
2025-04-16,MB,Hà Nội,ĐB,18418
2025-04-16,MB,Hà Nội,1,03298
2025-04-16,MB,Hà Nội,2,99979
2025-04-16,MB,Hà Nội,3,39322 - 64296 - 18444 - 42272 - 49175 - 05648
2025-04-16,MB,Hà Nội,4,26882 - 47427 - 04150 - 17655 - 03263 - 87948
2025-04-16,MB,Hà Nội,5,39787 - 08088 - 61249
2025-04-16,MB,Hà Nội,6,01478 - 36938 - 44551
2025-04-16,MB,Hà Nội,7,05933 - 36983 - 53879 - 62103
2025-04-16,MT,Đà Nẵng,ĐB,27661
2025-04-16,MT,Đà Nẵng,1,68224
2025-04-16,MT,Đà Nẵng,2,87319
2025-04-16,MT,Đà Nẵng,3,52140 - 91540 - 46649 - 52323 - 31934 - 33089
2025-04-16,MT,Đà Nẵng,4,55340 - 21672 - 30024 - 48902 - 64954 - 90447
2025-04-16,MT,Đà Nẵng,5,48382 - 10941 - 02919
2025-04-16,MT,Đà Nẵng,6,82723 - 96511 - 98230
2025-04-16,MT,Đà Nẵng,7,86946 - 57834 - 57974 - 33690
2025-04-16,MT,Đà Nẵng,8,82146
2025-04-16,MT,Khánh Hòa,ĐB,49536
2025-04-16,MT,Khánh Hòa,1,96729
2025-04-16,MT,Khánh Hòa,2,45543
2025-04-16,MT,Khánh Hòa,3,90586 - 67233 - 94174 - 03900 - 74308 - 33266
2025-04-16,MT,Khánh Hòa,4,66095 - 01760 - 20976 - 74099 - 59081 - 07025
2025-04-16,MT,Khánh Hòa,5,72159 - 10444 - 58198
2025-04-16,MT,Khánh Hòa,6,16795 - 54141 - 26086
2025-04-16,MT,Khánh Hòa,7,53787 - 48513 - 30841 - 17424
2025-04-16,MT,Khánh Hòa,8,73789
2025-04-16,MN,TP. HCM,ĐB,83131
2025-04-16,MN,TP. HCM,1,16389
2025-04-16,MN,TP. HCM,2,08340
2025-04-16,MN,TP. HCM,3,76456 - 46388 - 01620 - 08470 - 58535 - 48296
2025-04-16,MN,TP. HCM,4,09171 - 17554 - 91678 - 84487 - 20760 - 54747
2025-04-16,MN,TP. HCM,5,25619 - 33211 - 78581
2025-04-16,MN,TP. HCM,6,43167 - 58196 - 52333
2025-04-16,MN,TP. HCM,7,75901 - 71577 - 32934 - 81231
2025-04-16,MN,TP. HCM,8,30171
2025-04-16,MN,Đồng Tháp,ĐB,57585
2025-04-16,MN,Đồng Tháp,1,93621
2025-04-16,MN,Đồng Tháp,2,65332
2025-04-16,MN,Đồng Tháp,3,95907 - 41989 - 40186 - 30388 - 06849 - 42773
2025-04-16,MN,Đồng Tháp,4,59062 - 73143 - 08075 - 81825 - 43230 - 60555
2025-04-16,MN,Đồng Tháp,5,49507 - 96261 - 00771
2025-04-16,MN,Đồng Tháp,6,59543 - 41858 - 41205
2025-04-16,MN,Đồng Tháp,7,04879 - 61843 - 46854 - 81027
2025-04-16,MN,Đồng Tháp,8,54593
2025-04-16,MN,Cà Mau,ĐB,04088
2025-04-16,MN,Cà Mau,1,02942
2025-04-16,MN,Cà Mau,2,11120
2025-04-16,MN,Cà Mau,3,75160 - 17578 - 76146 - 40922 - 59165 - 22487
2025-04-16,MN,Cà Mau,4,01877 - 79847 - 05063 - 02126 - 72365 - 25986
2025-04-16,MN,Cà Mau,5,70967 - 02966 - 09566
2025-04-16,MN,Cà Mau,6,51612 - 95386 - 28486
2025-04-16,MN,Cà Mau,7,86783 - 33532 - 92278 - 32667
2025-04-16,MN,Cà Mau,8,57680
2025-04-17,MB,Hà Nội,ĐB,21094
2025-04-17,MB,Hà Nội,1,51435
2025-04-17,MB,Hà Nội,2,51385
2025-04-17,MB,Hà Nội,3,95461 - 26978 - 45741 - 73841 - 18711 - 69480
2025-04-17,MB,Hà Nội,4,57553 - 34469 - 67911 - 03466 - 60713 - 65694
2025-04-17,MB,Hà Nội,5,48407 - 18271 - 44314
2025-04-17,MB,Hà Nội,6,82615 - 25264 - 35794
2025-04-17,MB,Hà Nội,7,83688 - 25915 - 68364 - 49311
2025-04-17,MT,Đà Nẵng,ĐB,94665
2025-04-17,MT,Đà Nẵng,1,50550
2025-04-17,MT,Đà Nẵng,2,28647
2025-04-17,MT,Đà Nẵng,3,29339 - 32924 - 20401 - 33514 - 13701 - 88987
2025-04-17,MT,Đà Nẵng,4,82139 - 80257 - 72593 - 31045 - 09168 - 30345
2025-04-17,MT,Đà Nẵng,5,57306 - 95678 - 88341
2025-04-17,MT,Đà Nẵng,6,52418 - 67313 - 28558
2025-04-17,MT,Đà Nẵng,7,42078 - 45218 - 08256 - 30236
2025-04-17,MT,Đà Nẵng,8,29815
2025-04-17,MT,Khánh Hòa,ĐB,12410
2025-04-17,MT,Khánh Hòa,1,43410
2025-04-17,MT,Khánh Hòa,2,86664
2025-04-17,MT,Khánh Hòa,3,80254 - 83563 - 27457 - 66653 - 37648 - 11201
2025-04-17,MT,Khánh Hòa,4,75799 - 06112 - 17019 - 26708 - 99908 - 05544
2025-04-17,MT,Khánh Hòa,5,36687 - 80818 - 74043
2025-04-17,MT,Khánh Hòa,6,09069 - 76629 - 96536
2025-04-17,MT,Khánh Hòa,7,91133 - 62443 - 18360 - 48342
2025-04-17,MT,Khánh Hòa,8,48821
2025-04-17,MN,TP. HCM,ĐB,83138
2025-04-17,MN,TP. HCM,1,15717
2025-04-17,MN,TP. HCM,2,23809
2025-04-17,MN,TP. HCM,3,60397 - 04198 - 94396 - 09216 - 10472 - 41847
2025-04-17,MN,TP. HCM,4,95566 - 50678 - 62722 - 43348 - 88611 - 66185
2025-04-17,MN,TP. HCM,5,80600 - 03642 - 67125
2025-04-17,MN,TP. HCM,6,48224 - 83233 - 47717
2025-04-17,MN,TP. HCM,7,82224 - 23326 - 35290 - 96195
2025-04-17,MN,TP. HCM,8,22951
2025-04-17,MN,Đồng Tháp,ĐB,88041
2025-04-17,MN,Đồng Tháp,1,57377
2025-04-17,MN,Đồng Tháp,2,01085
2025-04-17,MN,Đồng Tháp,3,09910 - 37271 - 67874 - 27062 - 16254 - 63394
2025-04-17,MN,Đồng Tháp,4,66173 - 45769 - 25991 - 20611 - 10735 - 22040
2025-04-17,MN,Đồng Tháp,5,35924 - 40436 - 06192
2025-04-17,MN,Đồng Tháp,6,87957 - 11909 - 71969
2025-04-17,MN,Đồng Tháp,7,80350 - 59046 - 38468 - 03875
2025-04-17,MN,Đồng Tháp,8,12534
2025-04-17,MN,Cà Mau,ĐB,63663
2025-04-17,MN,Cà Mau,1,64411
2025-04-17,MN,Cà Mau,2,86631
2025-04-17,MN,Cà Mau,3,27604 - 21523 - 25489 - 20520 - 40455 - 23820
2025-04-17,MN,Cà Mau,4,02887 - 49607 - 58851 - 88527 - 83903 - 30031
2025-04-17,MN,Cà Mau,5,38686 - 80810 - 86506
2025-04-17,MN,Cà Mau,6,14535 - 17254 - 85304
2025-04-17,MN,Cà Mau,7,77825 - 66383 - 24418 - 03794
2025-04-17,MN,Cà Mau,8,35054
2025-04-18,MB,Hà Nội,ĐB,10585
2025-04-18,MB,Hà Nội,1,39388
2025-04-18,MB,Hà Nội,2,40835
2025-04-18,MB,Hà Nội,3,87856 - 22434 - 01656 - 97056 - 91553 - 74860
2025-04-18,MB,Hà Nội,4,32014 - 44217 - 57276 - 34421 - 49630 - 44444
2025-04-18,MB,Hà Nội,5,08398 - 00645 - 71668
2025-04-18,MB,Hà Nội,6,64590 - 86614 - 28004
2025-04-18,MB,Hà Nội,7,67666 - 05276 - 58487 - 56994
2025-04-18,MT,Đà Nẵng,ĐB,45734
2025-04-18,MT,Đà Nẵng,1,80069
2025-04-18,MT,Đà Nẵng,2,90911
2025-04-18,MT,Đà Nẵng,3,48666 - 61838 - 10236 - 98107 - 25019 - 82976
2025-04-18,MT,Đà Nẵng,4,73003 - 86501 - 93178 - 76806 - 81210 - 97136
2025-04-18,MT,Đà Nẵng,5,97578 - 46356 - 37362
2025-04-18,MT,Đà Nẵng,6,12039 - 00513 - 06677
2025-04-18,MT,Đà Nẵng,7,40855 - 67926 - 36156 - 53920
2025-04-18,MT,Đà Nẵng,8,35572
2025-04-18,MT,Khánh Hòa,ĐB,34039
2025-04-18,MT,Khánh Hòa,1,68031
2025-04-18,MT,Khánh Hòa,2,27459
2025-04-18,MT,Khánh Hòa,3,91685 - 27891 - 29383 - 05782 - 11498 - 09136
2025-04-18,MT,Khánh Hòa,4,98455 - 19396 - 53606 - 55203 - 97848 - 56817
2025-04-18,MT,Khánh Hòa,5,93659 - 07465 - 83509
2025-04-18,MT,Khánh Hòa,6,28545 - 77331 - 00204
2025-04-18,MT,Khánh Hòa,7,71803 - 05491 - 85570 - 84400
2025-04-18,MT,Khánh Hòa,8,23130
2025-04-18,MN,TP. HCM,ĐB,45281
2025-04-18,MN,TP. HCM,1,16935
2025-04-18,MN,TP. HCM,2,98139
2025-04-18,MN,TP. HCM,3,33479 - 88520 - 07074 - 60290 - 14304 - 33916
2025-04-18,MN,TP. HCM,4,00301 - 21564 - 64649 - 77384 - 72289 - 81746
2025-04-18,MN,TP. HCM,5,99639 - 59613 - 59663
2025-04-18,MN,TP. HCM,6,37131 - 42909 - 43076
2025-04-18,MN,TP. HCM,7,20133 - 54806 - 51042 - 75011
2025-04-18,MN,TP. HCM,8,63477
2025-04-18,MN,Đồng Tháp,ĐB,59758
2025-04-18,MN,Đồng Tháp,1,95723
2025-04-18,MN,Đồng Tháp,2,68560
2025-04-18,MN,Đồng Tháp,3,90531 - 88205 - 41353 - 40530 - 32166 - 19586
2025-04-18,MN,Đồng Tháp,4,22098 - 92591 - 59807 - 51437 - 00982 - 36226
2025-04-18,MN,Đồng Tháp,5,33982 - 09098 - 52233
2025-04-18,MN,Đồng Tháp,6,18611 - 03418 - 35583
2025-04-18,MN,Đồng Tháp,7,44535 - 66154 - 79251 - 22633
2025-04-18,MN,Đồng Tháp,8,52247
2025-04-18,MN,Cà Mau,ĐB,25620
2025-04-18,MN,Cà Mau,1,30757
2025-04-18,MN,Cà Mau,2,47474
2025-04-18,MN,Cà Mau,3,14447 - 55593 - 13019 - 37929 - 04055 - 19716
2025-04-18,MN,Cà Mau,4,58010 - 94471 - 82559 - 10599 - 80911 - 46164
2025-04-18,MN,Cà Mau,5,77537 - 01882 - 97346
2025-04-18,MN,Cà Mau,6,20797 - 54840 - 15305
2025-04-18,MN,Cà Mau,7,24783 - 24191 - 29877 - 40563
2025-04-18,MN,Cà Mau,8,78472
2025-04-19,MB,Hà Nội,ĐB,34365
2025-04-19,MB,Hà Nội,1,77460
2025-04-19,MB,Hà Nội,2,41269
2025-04-19,MB,Hà Nội,3,66710 - 77492 - 96746 - 35988 - 07357 - 59863
2025-04-19,MB,Hà Nội,4,96537 - 27221 - 05502 - 97046 - 39117 - 02491
2025-04-19,MB,Hà Nội,5,12744 - 19562 - 05312
2025-04-19,MB,Hà Nội,6,55093 - 03463 - 55782
2025-04-19,MB,Hà Nội,7,90631 - 22238 - 17896 - 96668
2025-04-19,MT,Đà Nẵng,ĐB,50121
2025-04-19,MT,Đà Nẵng,1,04540
2025-04-19,MT,Đà Nẵng,2,68266
2025-04-19,MT,Đà Nẵng,3,62432 - 52305 - 25661 - 95447 - 98380 - 22493
2025-04-19,MT,Đà Nẵng,4,74635 - 60374 - 03385 - 29306 - 01667 - 08706
2025-04-19,MT,Đà Nẵng,5,63986 - 16660 - 80968
2025-04-19,MT,Đà Nẵng,6,14829 - 92232 - 80448
2025-04-19,MT,Đà Nẵng,7,25473 - 97406 - 21493 - 83779
2025-04-19,MT,Đà Nẵng,8,16952
2025-04-19,MT,Khánh Hòa,ĐB,70823
2025-04-19,MT,Khánh Hòa,1,56067
2025-04-19,MT,Khánh Hòa,2,23807
2025-04-19,MT,Khánh Hòa,3,34914 - 19842 - 50328 - 96507 - 69309 - 52854
2025-04-19,MT,Khánh Hòa,4,25159 - 09433 - 24160 - 13770 - 44637 - 04089
2025-04-19,MT,Khánh Hòa,5,95461 - 57450 - 53538
2025-04-19,MT,Khánh Hòa,6,04170 - 42352 - 83075
2025-04-19,MT,Khánh Hòa,7,29695 - 83095 - 05764 - 12490
2025-04-19,MT,Khánh Hòa,8,76689
2025-04-19,MN,TP. HCM,ĐB,34815
2025-04-19,MN,TP. HCM,1,88353
2025-04-19,MN,TP. HCM,2,18290
2025-04-19,MN,TP. HCM,3,57488 - 11571 - 49433 - 07483 - 41402 - 54713
2025-04-19,MN,TP. HCM,4,38786 - 06259 - 80318 - 83405 - 46754 - 62007
2025-04-19,MN,TP. HCM,5,63228 - 34556 - 47727
2025-04-19,MN,TP. HCM,6,28806 - 37736 - 16762
2025-04-19,MN,TP. HCM,7,92581 - 81430 - 44544 - 10933
2025-04-19,MN,TP. HCM,8,55410
2025-04-19,MN,Đồng Tháp,ĐB,18986
2025-04-19,MN,Đồng Tháp,1,21325
2025-04-19,MN,Đồng Tháp,2,72427
2025-04-19,MN,Đồng Tháp,3,58904 - 46074 - 10988 - 26876 - 78215 - 54415
2025-04-19,MN,Đồng Tháp,4,39065 - 14230 - 81824 - 77006 - 77302 - 78239
2025-04-19,MN,Đồng Tháp,5,19633 - 91377 - 87362
2025-04-19,MN,Đồng Tháp,6,25007 - 82461 - 96480
2025-04-19,MN,Đồng Tháp,7,97899 - 81251 - 42865 - 35980
2025-04-19,MN,Đồng Tháp,8,43741
2025-04-19,MN,Cà Mau,ĐB,70712
2025-04-19,MN,Cà Mau,1,75547
2025-04-19,MN,Cà Mau,2,92809
2025-04-19,MN,Cà Mau,3,70635 - 95117 - 25805 - 04325 - 75217 - 97439
2025-04-19,MN,Cà Mau,4,02618 - 52315 - 05492 - 41299 - 57381 - 74297
2025-04-19,MN,Cà Mau,5,21183 - 55889 - 93837
2025-04-19,MN,Cà Mau,6,61819 - 89640 - 46263
2025-04-19,MN,Cà Mau,7,99617 - 83737 - 99203 - 63511
2025-04-19,MN,Cà Mau,8,18796
2025-04-20,MB,Hà Nội,ĐB,63804
2025-04-20,MB,Hà Nội,1,59614
2025-04-20,MB,Hà Nội,2,16806
2025-04-20,MB,Hà Nội,3,36232 - 96316 - 35934 - 51134 - 15696 - 57595
2025-04-20,MB,Hà Nội,4,06922 - 30344 - 07689 - 00087 - 24476 - 97328
2025-04-20,MB,Hà Nội,5,79405 - 24724 - 86628
2025-04-20,MB,Hà Nội,6,19059 - 21298 - 98013
2025-04-20,MB,Hà Nội,7,19023 - 91607 - 60562 - 00422
2025-04-20,MT,Đà Nẵng,ĐB,50291
2025-04-20,MT,Đà Nẵng,1,72498
2025-04-20,MT,Đà Nẵng,2,06673
2025-04-20,MT,Đà Nẵng,3,65486 - 61573 - 76656 - 67951 - 59289 - 00762
2025-04-20,MT,Đà Nẵng,4,88867 - 33729 - 45261 - 05690 - 10546 - 23385
2025-04-20,MT,Đà Nẵng,5,53047 - 04820 - 62383
2025-04-20,MT,Đà Nẵng,6,80994 - 32110 - 68410
2025-04-20,MT,Đà Nẵng,7,92443 - 02947 - 09121 - 02071
2025-04-20,MT,Đà Nẵng,8,69841
2025-04-20,MT,Khánh Hòa,ĐB,83925
2025-04-20,MT,Khánh Hòa,1,35109
2025-04-20,MT,Khánh Hòa,2,02707
2025-04-20,MT,Khánh Hòa,3,51024 - 85533 - 98534 - 81999 - 28346 - 53526
2025-04-20,MT,Khánh Hòa,4,58144 - 51408 - 18847 - 34393 - 82733 - 35615
2025-04-20,MT,Khánh Hòa,5,37368 - 60384 - 09132
2025-04-20,MT,Khánh Hòa,6,45878 - 06366 - 64982
2025-04-20,MT,Khánh Hòa,7,70873 - 79792 - 02359 - 26329
2025-04-20,MT,Khánh Hòa,8,59733
2025-04-20,MN,TP. HCM,ĐB,08624
2025-04-20,MN,TP. HCM,1,57357
2025-04-20,MN,TP. HCM,2,73730
2025-04-20,MN,TP. HCM,3,17817 - 37657 - 31333 - 91521 - 75387 - 35565
2025-04-20,MN,TP. HCM,4,33241 - 02411 - 84222 - 94655 - 31479 - 49923
2025-04-20,MN,TP. HCM,5,07337 - 98070 - 19573
2025-04-20,MN,TP. HCM,6,91139 - 07458 - 68359
2025-04-20,MN,TP. HCM,7,19552 - 21519 - 58165 - 19417
2025-04-20,MN,TP. HCM,8,33901
2025-04-20,MN,Đồng Tháp,ĐB,63529
2025-04-20,MN,Đồng Tháp,1,74068
2025-04-20,MN,Đồng Tháp,2,45185
2025-04-20,MN,Đồng Tháp,3,71214 - 51349 - 55159 - 34232 - 09678 - 28099
2025-04-20,MN,Đồng Tháp,4,76873 - 20233 - 10322 - 54356 - 42074 - 42406
2025-04-20,MN,Đồng Tháp,5,44295 - 23624 - 38942
2025-04-20,MN,Đồng Tháp,6,47443 - 09629 - 10436
2025-04-20,MN,Đồng Tháp,7,19065 - 24406 - 32994 - 35643
2025-04-20,MN,Đồng Tháp,8,56317
2025-04-20,MN,Cà Mau,ĐB,91065
2025-04-20,MN,Cà Mau,1,89651
2025-04-20,MN,Cà Mau,2,26286
2025-04-20,MN,Cà Mau,3,27942 - 74689 - 62741 - 81346 - 61921 - 42503
2025-04-20,MN,Cà Mau,4,97318 - 85403 - 81720 - 28344 - 53901 - 96993
2025-04-20,MN,Cà Mau,5,30199 - 25390 - 98558
2025-04-20,MN,Cà Mau,6,99495 - 88374 - 70837
2025-04-20,MN,Cà Mau,7,79356 - 55685 - 09983 - 26271
2025-04-20,MN,Cà Mau,8,48388
2025-04-21,MB,Hà Nội,ĐB,39320
2025-04-21,MB,Hà Nội,1,74162
2025-04-21,MB,Hà Nội,2,74915
2025-04-21,MB,Hà Nội,3,27562 - 43391 - 41696 - 26925 - 08373 - 26909
2025-04-21,MB,Hà Nội,4,01958 - 57113 - 98528 - 21623 - 77593 - 82748
2025-04-21,MB,Hà Nội,5,14569 - 38253 - 73180
2025-04-21,MB,Hà Nội,6,92017 - 92406 - 50108
2025-04-21,MB,Hà Nội,7,95199 - 66539 - 65996 - 69687
2025-04-21,MT,Đà Nẵng,ĐB,12920
2025-04-21,MT,Đà Nẵng,1,34202
2025-04-21,MT,Đà Nẵng,2,57833
2025-04-21,MT,Đà Nẵng,3,28012 - 90578 - 49007 - 26274 - 63436 - 77347
2025-04-21,MT,Đà Nẵng,4,09788 - 15291 - 83437 - 97671 - 91992 - 13592
2025-04-21,MT,Đà Nẵng,5,90103 - 98547 - 65081
2025-04-21,MT,Đà Nẵng,6,28845 - 21011 - 50846
2025-04-21,MT,Đà Nẵng,7,51175 - 75027 - 98327 - 90494
2025-04-21,MT,Đà Nẵng,8,24464
2025-04-21,MT,Khánh Hòa,ĐB,17568
2025-04-21,MT,Khánh Hòa,1,66478
2025-04-21,MT,Khánh Hòa,2,37556
2025-04-21,MT,Khánh Hòa,3,82046 - 56565 - 57665 - 66892 - 94690 - 23861
2025-04-21,MT,Khánh Hòa,4,53800 - 35503 - 21533 - 02058 - 31969 - 31762
2025-04-21,MT,Khánh Hòa,5,83586 - 69113 - 82189
2025-04-21,MT,Khánh Hòa,6,36993 - 86250 - 23392
2025-04-21,MT,Khánh Hòa,7,14539 - 43038 - 81780 - 98698
2025-04-21,MT,Khánh Hòa,8,58334
2025-04-21,MN,TP. HCM,ĐB,15831
2025-04-21,MN,TP. HCM,1,51371
2025-04-21,MN,TP. HCM,2,92977
2025-04-21,MN,TP. HCM,3,40626 - 47513 - 49227 - 34558 - 47789 - 56561
2025-04-21,MN,TP. HCM,4,89676 - 13195 - 97727 - 81469 - 06310 - 29250
2025-04-21,MN,TP. HCM,5,13587 - 75588 - 03904
2025-04-21,MN,TP. HCM,6,25819 - 49500 - 44221
2025-04-21,MN,TP. HCM,7,24073 - 05999 - 47518 - 60858
2025-04-21,MN,TP. HCM,8,12209
2025-04-21,MN,Đồng Tháp,ĐB,15182
2025-04-21,MN,Đồng Tháp,1,02046
2025-04-21,MN,Đồng Tháp,2,35488
2025-04-21,MN,Đồng Tháp,3,88833 - 50621 - 11085 - 67611 - 33217 - 38799
2025-04-21,MN,Đồng Tháp,4,83219 - 29724 - 19711 - 31222 - 93445 - 02679
2025-04-21,MN,Đồng Tháp,5,71032 - 57199 - 37805
2025-04-21,MN,Đồng Tháp,6,99077 - 06556 - 16004
2025-04-21,MN,Đồng Tháp,7,85073 - 99639 - 72400 - 96325
2025-04-21,MN,Đồng Tháp,8,60588
2025-04-21,MN,Cà Mau,ĐB,91962
2025-04-21,MN,Cà Mau,1,06816
2025-04-21,MN,Cà Mau,2,47313
2025-04-21,MN,Cà Mau,3,72084 - 04570 - 73677 - 78553 - 94110 - 42054
2025-04-21,MN,Cà Mau,4,34705 - 74970 - 66563 - 78491 - 51712 - 62775
2025-04-21,MN,Cà Mau,5,05751 - 80389 - 68840
2025-04-21,MN,Cà Mau,6,73065 - 66338 - 10090
2025-04-21,MN,Cà Mau,7,20728 - 76925 - 65062 - 07182
2025-04-21,MN,Cà Mau,8,55630
2025-04-22,MB,Hà Nội,ĐB,64207
2025-04-22,MB,Hà Nội,1,96808
2025-04-22,MB,Hà Nội,2,11368
2025-04-22,MB,Hà Nội,3,06921 - 15435 - 55870 - 58987 - 69435 - 57239
2025-04-22,MB,Hà Nội,4,53722 - 15726 - 29059 - 93610 - 40922 - 37801
2025-04-22,MB,Hà Nội,5,29675 - 74542 - 87083
2025-04-22,MB,Hà Nội,6,22860 - 44029 - 16127
2025-04-22,MB,Hà Nội,7,72707 - 75800 - 05729 - 36685
2025-04-22,MT,Đà Nẵng,ĐB,74625
2025-04-22,MT,Đà Nẵng,1,43476
2025-04-22,MT,Đà Nẵng,2,83646
2025-04-22,MT,Đà Nẵng,3,39763 - 20131 - 51270 - 86734 - 31435 - 26113
2025-04-22,MT,Đà Nẵng,4,42449 - 82260 - 81996 - 89888 - 06465 - 81122
2025-04-22,MT,Đà Nẵng,5,34440 - 68362 - 90649
2025-04-22,MT,Đà Nẵng,6,59788 - 31895 - 28372
2025-04-22,MT,Đà Nẵng,7,51621 - 58882 - 09008 - 16890
2025-04-22,MT,Đà Nẵng,8,35769
2025-04-22,MT,Khánh Hòa,ĐB,65372
2025-04-22,MT,Khánh Hòa,1,39776
2025-04-22,MT,Khánh Hòa,2,67815
2025-04-22,MT,Khánh Hòa,3,36973 - 49323 - 67373 - 35685 - 95887 - 24529
2025-04-22,MT,Khánh Hòa,4,27518 - 76806 - 71982 - 60863 - 69753 - 30123
2025-04-22,MT,Khánh Hòa,5,54638 - 19264 - 77732
2025-04-22,MT,Khánh Hòa,6,47576 - 67783 - 22529
2025-04-22,MT,Khánh Hòa,7,86041 - 06744 - 70027 - 53357
2025-04-22,MT,Khánh Hòa,8,51291
2025-04-22,MN,TP. HCM,ĐB,60187
2025-04-22,MN,TP. HCM,1,27559
2025-04-22,MN,TP. HCM,2,93391
2025-04-22,MN,TP. HCM,3,39571 - 27472 - 32049 - 57846 - 45826 - 00044
2025-04-22,MN,TP. HCM,4,83659 - 79501 - 50506 - 64792 - 52152 - 78110
2025-04-22,MN,TP. HCM,5,14728 - 00402 - 18659
2025-04-22,MN,TP. HCM,6,63040 - 41229 - 70949
2025-04-22,MN,TP. HCM,7,28129 - 60480 - 34580 - 08630
2025-04-22,MN,TP. HCM,8,60812
2025-04-22,MN,Đồng Tháp,ĐB,36848
2025-04-22,MN,Đồng Tháp,1,10233
2025-04-22,MN,Đồng Tháp,2,93824
2025-04-22,MN,Đồng Tháp,3,26359 - 29681 - 80046 - 58927 - 31224 - 98296
2025-04-22,MN,Đồng Tháp,4,54177 - 59937 - 55813 - 09131 - 39942 - 30560
2025-04-22,MN,Đồng Tháp,5,27920 - 57255 - 55021
2025-04-22,MN,Đồng Tháp,6,59944 - 24479 - 16267
2025-04-22,MN,Đồng Tháp,7,27758 - 61520 - 05255 - 87508
2025-04-22,MN,Đồng Tháp,8,01309
2025-04-22,MN,Cà Mau,ĐB,15382
2025-04-22,MN,Cà Mau,1,71312
2025-04-22,MN,Cà Mau,2,46854
2025-04-22,MN,Cà Mau,3,26912 - 91104 - 16184 - 66633 - 94221 - 91528
2025-04-22,MN,Cà Mau,4,86520 - 79414 - 75840 - 86893 - 22917 - 89119
2025-04-22,MN,Cà Mau,5,45529 - 61457 - 16211
2025-04-22,MN,Cà Mau,6,81633 - 21194 - 08782
2025-04-22,MN,Cà Mau,7,78342 - 49341 - 33962 - 12676
2025-04-22,MN,Cà Mau,8,41231
2025-04-23,MB,Hà Nội,ĐB,54834
2025-04-23,MB,Hà Nội,1,06035
2025-04-23,MB,Hà Nội,2,86375
2025-04-23,MB,Hà Nội,3,18136 - 34921 - 65108 - 05806 - 52228 - 72198
2025-04-23,MB,Hà Nội,4,12149 - 93827 - 56888 - 54324 - 97176 - 36767
2025-04-23,MB,Hà Nội,5,51970 - 29722 - 38055
2025-04-23,MB,Hà Nội,6,03336 - 36629 - 69645
2025-04-23,MB,Hà Nội,7,75845 - 90553 - 42500 - 37662
2025-04-23,MT,Đà Nẵng,ĐB,13198
2025-04-23,MT,Đà Nẵng,1,66109
2025-04-23,MT,Đà Nẵng,2,24945
2025-04-23,MT,Đà Nẵng,3,98457 - 16731 - 83246 - 83197 - 80240 - 27754
2025-04-23,MT,Đà Nẵng,4,44949 - 34056 - 37425 - 26591 - 50835 - 36117
2025-04-23,MT,Đà Nẵng,5,14740 - 39847 - 68608
2025-04-23,MT,Đà Nẵng,6,29311 - 24654 - 74148
2025-04-23,MT,Đà Nẵng,7,65926 - 13141 - 65685 - 31618
2025-04-23,MT,Đà Nẵng,8,25631
2025-04-23,MT,Khánh Hòa,ĐB,20305
2025-04-23,MT,Khánh Hòa,1,88828
2025-04-23,MT,Khánh Hòa,2,33714
2025-04-23,MT,Khánh Hòa,3,98899 - 10008 - 61201 - 81829 - 81721 - 62967
2025-04-23,MT,Khánh Hòa,4,58711 - 31389 - 46233 - 34408 - 00186 - 10382
2025-04-23,MT,Khánh Hòa,5,02858 - 27516 - 07178
2025-04-23,MT,Khánh Hòa,6,09549 - 90869 - 88834
2025-04-23,MT,Khánh Hòa,7,08896 - 82015 - 50550 - 92096
2025-04-23,MT,Khánh Hòa,8,83101
2025-04-23,MN,TP. HCM,ĐB,05951
2025-04-23,MN,TP. HCM,1,90061
2025-04-23,MN,TP. HCM,2,36273
2025-04-23,MN,TP. HCM,3,98080 - 05526 - 36833 - 77772 - 30181 - 47780
2025-04-23,MN,TP. HCM,4,45023 - 50126 - 58302 - 16370 - 36081 - 35335
2025-04-23,MN,TP. HCM,5,34986 - 63896 - 20245
2025-04-23,MN,TP. HCM,6,36771 - 64168 - 16946
2025-04-23,MN,TP. HCM,7,29503 - 14407 - 88457 - 20651
2025-04-23,MN,TP. HCM,8,00108
2025-04-23,MN,Đồng Tháp,ĐB,67573
2025-04-23,MN,Đồng Tháp,1,10613
2025-04-23,MN,Đồng Tháp,2,41276
2025-04-23,MN,Đồng Tháp,3,53632 - 93433 - 38196 - 19623 - 66484 - 51174
2025-04-23,MN,Đồng Tháp,4,44789 - 99959 - 51320 - 68799 - 20177 - 36883
2025-04-23,MN,Đồng Tháp,5,19118 - 31946 - 15527
2025-04-23,MN,Đồng Tháp,6,02037 - 99767 - 69891
2025-04-23,MN,Đồng Tháp,7,91781 - 48217 - 66304 - 88351
2025-04-23,MN,Đồng Tháp,8,44865
2025-04-23,MN,Cà Mau,ĐB,57127
2025-04-23,MN,Cà Mau,1,08798
2025-04-23,MN,Cà Mau,2,06155
2025-04-23,MN,Cà Mau,3,46436 - 28501 - 82155 - 83428 - 61094 - 21348
2025-04-23,MN,Cà Mau,4,71735 - 38377 - 10502 - 74643 - 54104 - 51654
2025-04-23,MN,Cà Mau,5,27310 - 77192 - 29930
2025-04-23,MN,Cà Mau,6,93788 - 99603 - 15818
2025-04-23,MN,Cà Mau,7,01750 - 31315 - 53883 - 36019
2025-04-23,MN,Cà Mau,8,28778
2025-04-24,MB,Hà Nội,ĐB,98684
2025-04-24,MB,Hà Nội,1,57729
2025-04-24,MB,Hà Nội,2,07691
2025-04-24,MB,Hà Nội,3,53056 - 89467 - 34343 - 14946 - 98843 - 04914
2025-04-24,MB,Hà Nội,4,34877 - 01244 - 99391 - 31147 - 51845 - 27244
2025-04-24,MB,Hà Nội,5,19535 - 92946 - 51326
2025-04-24,MB,Hà Nội,6,10205 - 61747 - 17078
2025-04-24,MB,Hà Nội,7,04082 - 78071 - 71019 - 81773
2025-04-24,MT,Đà Nẵng,ĐB,63954
2025-04-24,MT,Đà Nẵng,1,22109
2025-04-24,MT,Đà Nẵng,2,33483
2025-04-24,MT,Đà Nẵng,3,81608 - 59646 - 98064 - 50175 - 02133 - 03288
2025-04-24,MT,Đà Nẵng,4,36307 - 01971 - 29817 - 22909 - 67723 - 97202
2025-04-24,MT,Đà Nẵng,5,08154 - 71369 - 21500
2025-04-24,MT,Đà Nẵng,6,95909 - 74458 - 73937
2025-04-24,MT,Đà Nẵng,7,56299 - 89886 - 97274 - 65211
2025-04-24,MT,Đà Nẵng,8,27894
2025-04-24,MT,Khánh Hòa,ĐB,57547
2025-04-24,MT,Khánh Hòa,1,71074
2025-04-24,MT,Khánh Hòa,2,58629
2025-04-24,MT,Khánh Hòa,3,18452 - 42769 - 06196 - 95181 - 56966 - 93312
2025-04-24,MT,Khánh Hòa,4,46307 - 98675 - 17684 - 80684 - 56096 - 59365
2025-04-24,MT,Khánh Hòa,5,49688 - 86011 - 08330
2025-04-24,MT,Khánh Hòa,6,70032 - 26697 - 22635
2025-04-24,MT,Khánh Hòa,7,27039 - 98276 - 04817 - 69422
2025-04-24,MT,Khánh Hòa,8,65775
2025-04-24,MN,TP. HCM,ĐB,67288
2025-04-24,MN,TP. HCM,1,36143
2025-04-24,MN,TP. HCM,2,37761
2025-04-24,MN,TP. HCM,3,07840 - 14414 - 38871 - 09237 - 30147 - 72082
2025-04-24,MN,TP. HCM,4,25881 - 63174 - 85545 - 83978 - 91702 - 71855
2025-04-24,MN,TP. HCM,5,68883 - 27010 - 79226
2025-04-24,MN,TP. HCM,6,25983 - 86516 - 83914
2025-04-24,MN,TP. HCM,7,64712 - 78592 - 77349 - 62349
2025-04-24,MN,TP. HCM,8,24423
2025-04-24,MN,Đồng Tháp,ĐB,74319
2025-04-24,MN,Đồng Tháp,1,27961
2025-04-24,MN,Đồng Tháp,2,84569
2025-04-24,MN,Đồng Tháp,3,15967 - 38675 - 96991 - 05322 - 89045 - 01671
2025-04-24,MN,Đồng Tháp,4,41865 - 01118 - 65486 - 18378 - 73160 - 04200
2025-04-24,MN,Đồng Tháp,5,38549 - 01810 - 38364
2025-04-24,MN,Đồng Tháp,6,50401 - 06670 - 37001
2025-04-24,MN,Đồng Tháp,7,80985 - 93387 - 01125 - 20405
2025-04-24,MN,Đồng Tháp,8,11015
2025-04-24,MN,Cà Mau,ĐB,87911
2025-04-24,MN,Cà Mau,1,24599
2025-04-24,MN,Cà Mau,2,68086
2025-04-24,MN,Cà Mau,3,75730 - 36085 - 87255 - 13917 - 17535 - 14758
2025-04-24,MN,Cà Mau,4,56118 - 65490 - 24254 - 82809 - 16996 - 71578
2025-04-24,MN,Cà Mau,5,69072 - 71604 - 05769
2025-04-24,MN,Cà Mau,6,37952 - 24346 - 34710
2025-04-24,MN,Cà Mau,7,89699 - 43470 - 13331 - 32478
2025-04-24,MN,Cà Mau,8,43837
2025-04-25,MB,Hà Nội,ĐB,84645
2025-04-25,MB,Hà Nội,1,26348
2025-04-25,MB,Hà Nội,2,00687
2025-04-25,MB,Hà Nội,3,64421 - 29636 - 38760 - 85155 - 14853 - 03288
2025-04-25,MB,Hà Nội,4,22345 - 23551 - 46525 - 65198 - 68819 - 58200
2025-04-25,MB,Hà Nội,5,39701 - 57168 - 96668
2025-04-25,MB,Hà Nội,6,67480 - 07458 - 82018
2025-04-25,MB,Hà Nội,7,40682 - 95702 - 69245 - 00250
2025-04-25,MT,Đà Nẵng,ĐB,68697
2025-04-25,MT,Đà Nẵng,1,50980
2025-04-25,MT,Đà Nẵng,2,23171
2025-04-25,MT,Đà Nẵng,3,63820 - 19717 - 62225 - 67123 - 99600 - 14430
2025-04-25,MT,Đà Nẵng,4,25119 - 55176 - 76297 - 68707 - 29339 - 35013
2025-04-25,MT,Đà Nẵng,5,66507 - 54852 - 78939
2025-04-25,MT,Đà Nẵng,6,42224 - 45300 - 29051
2025-04-25,MT,Đà Nẵng,7,17768 - 25179 - 48259 - 64731
2025-04-25,MT,Đà Nẵng,8,86801
2025-04-25,MT,Khánh Hòa,ĐB,60125
2025-04-25,MT,Khánh Hòa,1,85681
2025-04-25,MT,Khánh Hòa,2,36926
2025-04-25,MT,Khánh Hòa,3,34207 - 46009 - 30297 - 76504 - 53444 - 58569
2025-04-25,MT,Khánh Hòa,4,22275 - 15363 - 48006 - 13254 - 80763 - 40015
2025-04-25,MT,Khánh Hòa,5,43732 - 53742 - 54036
2025-04-25,MT,Khánh Hòa,6,21881 - 97451 - 28519
2025-04-25,MT,Khánh Hòa,7,88802 - 87157 - 11966 - 97356
2025-04-25,MT,Khánh Hòa,8,82454
2025-04-25,MN,TP. HCM,ĐB,59409
2025-04-25,MN,TP. HCM,1,48635
2025-04-25,MN,TP. HCM,2,17360
2025-04-25,MN,TP. HCM,3,86154 - 64699 - 67998 - 64978 - 52667 - 80789
2025-04-25,MN,TP. HCM,4,98756 - 32285 - 94522 - 39595 - 68174 - 27293
2025-04-25,MN,TP. HCM,5,12957 - 72223 - 73166
2025-04-25,MN,TP. HCM,6,03558 - 91108 - 96694
2025-04-25,MN,TP. HCM,7,46379 - 04087 - 71568 - 93221
2025-04-25,MN,TP. HCM,8,84583
2025-04-25,MN,Đồng Tháp,ĐB,85991
2025-04-25,MN,Đồng Tháp,1,38561
2025-04-25,MN,Đồng Tháp,2,43797
2025-04-25,MN,Đồng Tháp,3,91999 - 29829 - 21136 - 28858 - 99173 - 66180
2025-04-25,MN,Đồng Tháp,4,94891 - 82188 - 59004 - 80179 - 16302 - 22036
2025-04-25,MN,Đồng Tháp,5,13009 - 44404 - 75508
2025-04-25,MN,Đồng Tháp,6,46449 - 51269 - 56489
2025-04-25,MN,Đồng Tháp,7,30075 - 09218 - 20991 - 88557
2025-04-25,MN,Đồng Tháp,8,74400
2025-04-25,MN,Cà Mau,ĐB,04105
2025-04-25,MN,Cà Mau,1,41077
2025-04-25,MN,Cà Mau,2,38626
2025-04-25,MN,Cà Mau,3,09638 - 26566 - 03550 - 42293 - 47236 - 51576
2025-04-25,MN,Cà Mau,4,59387 - 86609 - 56961 - 63126 - 76958 - 69262
2025-04-25,MN,Cà Mau,5,57145 - 73615 - 88746
2025-04-25,MN,Cà Mau,6,85070 - 88858 - 71658
2025-04-25,MN,Cà Mau,7,19612 - 85974 - 79674 - 00754
2025-04-25,MN,Cà Mau,8,72438
2025-04-26,MB,Hà Nội,ĐB,85919
2025-04-26,MB,Hà Nội,1,22785
2025-04-26,MB,Hà Nội,2,94608
2025-04-26,MB,Hà Nội,3,72695 - 04116 - 16303 - 41055 - 14598 - 73714
2025-04-26,MB,Hà Nội,4,63486 - 57016 - 85078 - 82735 - 96811 - 18596
2025-04-26,MB,Hà Nội,5,41132 - 23159 - 76168
2025-04-26,MB,Hà Nội,6,08223 - 66164 - 78399
2025-04-26,MB,Hà Nội,7,92921 - 82611 - 90040 - 08430
2025-04-26,MT,Đà Nẵng,ĐB,26530
2025-04-26,MT,Đà Nẵng,1,69249
2025-04-26,MT,Đà Nẵng,2,89746
2025-04-26,MT,Đà Nẵng,3,33733 - 38867 - 07127 - 20690 - 60067 - 69337
2025-04-26,MT,Đà Nẵng,4,69082 - 33792 - 61789 - 31369 - 08310 - 30027
2025-04-26,MT,Đà Nẵng,5,60461 - 89370 - 52589
2025-04-26,MT,Đà Nẵng,6,88666 - 32375 - 59022
2025-04-26,MT,Đà Nẵng,7,78747 - 93279 - 65457 - 00126
2025-04-26,MT,Đà Nẵng,8,93982
2025-04-26,MT,Khánh Hòa,ĐB,94568
2025-04-26,MT,Khánh Hòa,1,88089
2025-04-26,MT,Khánh Hòa,2,59432
2025-04-26,MT,Khánh Hòa,3,36423 - 40323 - 86271 - 95951 - 07197 - 54731
2025-04-26,MT,Khánh Hòa,4,61668 - 13751 - 03296 - 06699 - 99822 - 89469
2025-04-26,MT,Khánh Hòa,5,70340 - 67799 - 22935
2025-04-26,MT,Khánh Hòa,6,64233 - 04163 - 49557
2025-04-26,MT,Khánh Hòa,7,85633 - 00211 - 56147 - 86481
2025-04-26,MT,Khánh Hòa,8,55824
2025-04-26,MN,TP. HCM,ĐB,84083
2025-04-26,MN,TP. HCM,1,88181
2025-04-26,MN,TP. HCM,2,33699
2025-04-26,MN,TP. HCM,3,34419 - 01976 - 35265 - 40264 - 04509 - 89366
2025-04-26,MN,TP. HCM,4,14992 - 91492 - 92391 - 94968 - 89736 - 50202
2025-04-26,MN,TP. HCM,5,45070 - 20333 - 45067
2025-04-26,MN,TP. HCM,6,79216 - 47802 - 98815
2025-04-26,MN,TP. HCM,7,52004 - 22336 - 23463 - 54437
2025-04-26,MN,TP. HCM,8,89014
2025-04-26,MN,Đồng Tháp,ĐB,02138
2025-04-26,MN,Đồng Tháp,1,22794
2025-04-26,MN,Đồng Tháp,2,08731
2025-04-26,MN,Đồng Tháp,3,95287 - 26281 - 99583 - 25483 - 83918 - 04436
2025-04-26,MN,Đồng Tháp,4,13020 - 32516 - 95574 - 12759 - 03034 - 29957
2025-04-26,MN,Đồng Tháp,5,30896 - 06998 - 95140
2025-04-26,MN,Đồng Tháp,6,30676 - 18047 - 10517
2025-04-26,MN,Đồng Tháp,7,96352 - 93114 - 01763 - 75744
2025-04-26,MN,Đồng Tháp,8,12097
2025-04-26,MN,Cà Mau,ĐB,40322
2025-04-26,MN,Cà Mau,1,36084
2025-04-26,MN,Cà Mau,2,84164
2025-04-26,MN,Cà Mau,3,67623 - 86180 - 76103 - 77940 - 90242 - 48026
2025-04-26,MN,Cà Mau,4,47055 - 75276 - 98509 - 52238 - 56522 - 48312
2025-04-26,MN,Cà Mau,5,22958 - 64811 - 31969
2025-04-26,MN,Cà Mau,6,49711 - 32750 - 83247
2025-04-26,MN,Cà Mau,7,78320 - 60778 - 28055 - 78056
2025-04-26,MN,Cà Mau,8,82444
2025-04-27,MB,Hà Nội,ĐB,86845
2025-04-27,MB,Hà Nội,1,68495
2025-04-27,MB,Hà Nội,2,99889
2025-04-27,MB,Hà Nội,3,95120 - 15955 - 28100 - 13133 - 43225 - 73404
2025-04-27,MB,Hà Nội,4,51694 - 27048 - 32105 - 44208 - 49529 - 54830
2025-04-27,MB,Hà Nội,5,56264 - 70058 - 71757
2025-04-27,MB,Hà Nội,6,92172 - 78826 - 34021
2025-04-27,MB,Hà Nội,7,80279 - 17459 - 11993 - 69970
2025-04-27,MT,Đà Nẵng,ĐB,21295
2025-04-27,MT,Đà Nẵng,1,14741
2025-04-27,MT,Đà Nẵng,2,19580
2025-04-27,MT,Đà Nẵng,3,50984 - 18844 - 70631 - 00176 - 85343 - 27737
2025-04-27,MT,Đà Nẵng,4,27689 - 66671 - 60310 - 36580 - 16534 - 97419
2025-04-27,MT,Đà Nẵng,5,65212 - 58248 - 08173
2025-04-27,MT,Đà Nẵng,6,74011 - 56830 - 04192
2025-04-27,MT,Đà Nẵng,7,20943 - 01984 - 73872 - 39359
2025-04-27,MT,Đà Nẵng,8,85461
2025-04-27,MT,Khánh Hòa,ĐB,40236
2025-04-27,MT,Khánh Hòa,1,72255
2025-04-27,MT,Khánh Hòa,2,89012
2025-04-27,MT,Khánh Hòa,3,66220 - 38157 - 09874 - 13491 - 83482 - 70089
2025-04-27,MT,Khánh Hòa,4,25294 - 52127 - 11100 - 35730 - 62853 - 87595
2025-04-27,MT,Khánh Hòa,5,52418 - 82623 - 44182
2025-04-27,MT,Khánh Hòa,6,29456 - 83577 - 39961
2025-04-27,MT,Khánh Hòa,7,77176 - 16056 - 85858 - 99655
2025-04-27,MT,Khánh Hòa,8,04437
2025-04-27,MN,TP. HCM,ĐB,34796
2025-04-27,MN,TP. HCM,1,92382
2025-04-27,MN,TP. HCM,2,80579
2025-04-27,MN,TP. HCM,3,01233 - 41693 - 72296 - 41644 - 72252 - 37614
2025-04-27,MN,TP. HCM,4,72232 - 84779 - 80077 - 57113 - 18811 - 06142
2025-04-27,MN,TP. HCM,5,62824 - 65940 - 58975
2025-04-27,MN,TP. HCM,6,98331 - 57098 - 70360
2025-04-27,MN,TP. HCM,7,86839 - 97087 - 06203 - 79367
2025-04-27,MN,TP. HCM,8,11951
2025-04-27,MN,Đồng Tháp,ĐB,05118
2025-04-27,MN,Đồng Tháp,1,88071
2025-04-27,MN,Đồng Tháp,2,51358
2025-04-27,MN,Đồng Tháp,3,44287 - 84714 - 44947 - 40315 - 63500 - 48375
2025-04-27,MN,Đồng Tháp,4,72867 - 95913 - 41569 - 84869 - 25705 - 10777
2025-04-27,MN,Đồng Tháp,5,21324 - 91660 - 84285
2025-04-27,MN,Đồng Tháp,6,25336 - 31247 - 52158
2025-04-27,MN,Đồng Tháp,7,50013 - 32690 - 50672 - 44672
2025-04-27,MN,Đồng Tháp,8,55103
2025-04-27,MN,Cà Mau,ĐB,02379
2025-04-27,MN,Cà Mau,1,84108
2025-04-27,MN,Cà Mau,2,31397
2025-04-27,MN,Cà Mau,3,91820 - 07407 - 63102 - 03179 - 30591 - 58703
2025-04-27,MN,Cà Mau,4,30115 - 02067 - 41280 - 45506 - 29170 - 12882
2025-04-27,MN,Cà Mau,5,15164 - 71001 - 91089
2025-04-27,MN,Cà Mau,6,61780 - 19340 - 92337
2025-04-27,MN,Cà Mau,7,77245 - 65748 - 63584 - 08316
2025-04-27,MN,Cà Mau,8,91240
2025-04-28,MB,Hà Nội,ĐB,81744
2025-04-28,MB,Hà Nội,1,10317
2025-04-28,MB,Hà Nội,2,38374
2025-04-28,MB,Hà Nội,3,01551 - 09525 - 94118 - 97746 - 71087 - 09229
2025-04-28,MB,Hà Nội,4,65744 - 51782 - 41418 - 94009 - 80431 - 64883
2025-04-28,MB,Hà Nội,5,76560 - 60751 - 17383
2025-04-28,MB,Hà Nội,6,66818 - 00654 - 83349
2025-04-28,MB,Hà Nội,7,79676 - 40378 - 05668 - 97972
2025-04-28,MT,Đà Nẵng,ĐB,74232
2025-04-28,MT,Đà Nẵng,1,33787
2025-04-28,MT,Đà Nẵng,2,84863
2025-04-28,MT,Đà Nẵng,3,41350 - 91191 - 11070 - 48736 - 62584 - 56368
2025-04-28,MT,Đà Nẵng,4,92588 - 81219 - 67995 - 45300 - 09545 - 95045
2025-04-28,MT,Đà Nẵng,5,14599 - 16936 - 03820
2025-04-28,MT,Đà Nẵng,6,42468 - 85051 - 05852
2025-04-28,MT,Đà Nẵng,7,90724 - 19734 - 53489 - 50268
2025-04-28,MT,Đà Nẵng,8,48481
2025-04-28,MT,Khánh Hòa,ĐB,66869
2025-04-28,MT,Khánh Hòa,1,18809
2025-04-28,MT,Khánh Hòa,2,81470
2025-04-28,MT,Khánh Hòa,3,77110 - 95139 - 06078 - 86791 - 99855 - 14569
2025-04-28,MT,Khánh Hòa,4,55773 - 95073 - 40415 - 25357 - 44620 - 09201
2025-04-28,MT,Khánh Hòa,5,90554 - 31123 - 62677
2025-04-28,MT,Khánh Hòa,6,28410 - 52890 - 80548
2025-04-28,MT,Khánh Hòa,7,25773 - 93999 - 08022 - 28894
2025-04-28,MT,Khánh Hòa,8,11966
2025-04-28,MN,TP. HCM,ĐB,33772
2025-04-28,MN,TP. HCM,1,91437
2025-04-28,MN,TP. HCM,2,81322
2025-04-28,MN,TP. HCM,3,26940 - 71541 - 33659 - 42552 - 03490 - 97872
2025-04-28,MN,TP. HCM,4,30532 - 02795 - 52498 - 41662 - 34435 - 38102
2025-04-28,MN,TP. HCM,5,76131 - 24576 - 28937
2025-04-28,MN,TP. HCM,6,36317 - 46082 - 16582
2025-04-28,MN,TP. HCM,7,98681 - 81377 - 20400 - 84104
2025-04-28,MN,TP. HCM,8,29126
2025-04-28,MN,Đồng Tháp,ĐB,57779
2025-04-28,MN,Đồng Tháp,1,12665
2025-04-28,MN,Đồng Tháp,2,00871
2025-04-28,MN,Đồng Tháp,3,20682 - 59438 - 88452 - 49329 - 93499 - 51773
2025-04-28,MN,Đồng Tháp,4,13533 - 65545 - 34750 - 32320 - 00450 - 14277
2025-04-28,MN,Đồng Tháp,5,68680 - 45140 - 86215
2025-04-28,MN,Đồng Tháp,6,02216 - 98651 - 39447
2025-04-28,MN,Đồng Tháp,7,27468 - 58154 - 56912 - 84602
2025-04-28,MN,Đồng Tháp,8,84760
2025-04-28,MN,Cà Mau,ĐB,05184
2025-04-28,MN,Cà Mau,1,71743
2025-04-28,MN,Cà Mau,2,62464
2025-04-28,MN,Cà Mau,3,70198 - 32572 - 66824 - 83127 - 33580 - 66553
2025-04-28,MN,Cà Mau,4,77721 - 41447 - 89518 - 51223 - 62943 - 86979
2025-04-28,MN,Cà Mau,5,85914 - 16631 - 26406
2025-04-28,MN,Cà Mau,6,52504 - 45203 - 80011
2025-04-28,MN,Cà Mau,7,55130 - 64662 - 83048 - 63726
2025-04-28,MN,Cà Mau,8,32965
2025-04-29,MB,Hà Nội,ĐB,64008
2025-04-29,MB,Hà Nội,1,95591
2025-04-29,MB,Hà Nội,2,11191
2025-04-29,MB,Hà Nội,3,58416 - 70049 - 47462 - 36100 - 89426 - 33077
2025-04-29,MB,Hà Nội,4,98569 - 20121 - 69412 - 80604 - 62185 - 68272
2025-04-29,MB,Hà Nội,5,44869 - 27752 - 14623
2025-04-29,MB,Hà Nội,6,04838 - 41465 - 87215
2025-04-29,MB,Hà Nội,7,29502 - 42132 - 87009 - 51417
2025-04-29,MT,Đà Nẵng,ĐB,36409
2025-04-29,MT,Đà Nẵng,1,51478
2025-04-29,MT,Đà Nẵng,2,32048
2025-04-29,MT,Đà Nẵng,3,32305 - 35601 - 05895 - 54897 - 75366 - 63563
2025-04-29,MT,Đà Nẵng,4,79361 - 54256 - 62652 - 89967 - 19425 - 25345
2025-04-29,MT,Đà Nẵng,5,34126 - 73742 - 11467
2025-04-29,MT,Đà Nẵng,6,52032 - 77982 - 62265
2025-04-29,MT,Đà Nẵng,7,95531 - 76411 - 96852 - 13479
2025-04-29,MT,Đà Nẵng,8,12734
2025-04-29,MT,Khánh Hòa,ĐB,02779
2025-04-29,MT,Khánh Hòa,1,59510
2025-04-29,MT,Khánh Hòa,2,95729
2025-04-29,MT,Khánh Hòa,3,89893 - 34154 - 99653 - 95294 - 11669 - 53810
2025-04-29,MT,Khánh Hòa,4,29748 - 33430 - 71828 - 28458 - 07006 - 42539
2025-04-29,MT,Khánh Hòa,5,90810 - 72754 - 35646
2025-04-29,MT,Khánh Hòa,6,09752 - 63650 - 76869
2025-04-29,MT,Khánh Hòa,7,01314 - 35988 - 98983 - 78052
2025-04-29,MT,Khánh Hòa,8,51484
2025-04-29,MN,TP. HCM,ĐB,71283
2025-04-29,MN,TP. HCM,1,21810
2025-04-29,MN,TP. HCM,2,58621
2025-04-29,MN,TP. HCM,3,54744 - 02224 - 83637 - 68659 - 47819 - 73292
2025-04-29,MN,TP. HCM,4,28008 - 59424 - 82751 - 25466 - 87268 - 30940
2025-04-29,MN,TP. HCM,5,52013 - 63261 - 33883
2025-04-29,MN,TP. HCM,6,20756 - 02472 - 41699
2025-04-29,MN,TP. HCM,7,58156 - 51939 - 41761 - 54902
2025-04-29,MN,TP. HCM,8,96391
2025-04-29,MN,Đồng Tháp,ĐB,12314
2025-04-29,MN,Đồng Tháp,1,22064
2025-04-29,MN,Đồng Tháp,2,54460
2025-04-29,MN,Đồng Tháp,3,71144 - 57100 - 00521 - 87160 - 44144 - 12048
2025-04-29,MN,Đồng Tháp,4,86751 - 96877 - 74194 - 42556 - 99697 - 54338
2025-04-29,MN,Đồng Tháp,5,20422 - 81208 - 90401
2025-04-29,MN,Đồng Tháp,6,53846 - 99923 - 03010
2025-04-29,MN,Đồng Tháp,7,43243 - 50732 - 90235 - 15234
2025-04-29,MN,Đồng Tháp,8,92136
2025-04-29,MN,Cà Mau,ĐB,96869
2025-04-29,MN,Cà Mau,1,83590
2025-04-29,MN,Cà Mau,2,33377
2025-04-29,MN,Cà Mau,3,23037 - 29655 - 89123 - 57332 - 85091 - 20647
2025-04-29,MN,Cà Mau,4,10529 - 95755 - 93334 - 69012 - 07126 - 84633
2025-04-29,MN,Cà Mau,5,27442 - 89624 - 04922
2025-04-29,MN,Cà Mau,6,91160 - 84485 - 36990
2025-04-29,MN,Cà Mau,7,17142 - 14611 - 51825 - 24732
2025-04-29,MN,Cà Mau,8,46428
2025-04-30,MB,Hà Nội,ĐB,79062
2025-04-30,MB,Hà Nội,1,98395
2025-04-30,MB,Hà Nội,2,29030
2025-04-30,MB,Hà Nội,3,17931 - 91758 - 74239 - 24021 - 04164 - 78158
2025-04-30,MB,Hà Nội,4,71785 - 07652 - 58090 - 09665 - 99635 - 67594
2025-04-30,MB,Hà Nội,5,19891 - 52105 - 51533
2025-04-30,MB,Hà Nội,6,84912 - 82637 - 38111
2025-04-30,MB,Hà Nội,7,20998 - 10271 - 03934 - 80081
2025-04-30,MT,Đà Nẵng,ĐB,89543
2025-04-30,MT,Đà Nẵng,1,49779
2025-04-30,MT,Đà Nẵng,2,13449
2025-04-30,MT,Đà Nẵng,3,15444 - 69256 - 55709 - 30669 - 33425 - 04873
2025-04-30,MT,Đà Nẵng,4,20256 - 01429 - 54819 - 80396 - 71131 - 46488
2025-04-30,MT,Đà Nẵng,5,80963 - 56444 - 67052
2025-04-30,MT,Đà Nẵng,6,78639 - 28271 - 57279
2025-04-30,MT,Đà Nẵng,7,86536 - 00877 - 83698 - 90626
2025-04-30,MT,Đà Nẵng,8,41113
2025-04-30,MT,Khánh Hòa,ĐB,23283
2025-04-30,MT,Khánh Hòa,1,11979
2025-04-30,MT,Khánh Hòa,2,60543
2025-04-30,MT,Khánh Hòa,3,46328 - 46890 - 86110 - 34635 - 05814 - 29238
2025-04-30,MT,Khánh Hòa,4,27929 - 66158 - 87298 - 81680 - 03757 - 16805
2025-04-30,MT,Khánh Hòa,5,73568 - 76822 - 62622
2025-04-30,MT,Khánh Hòa,6,95087 - 58805 - 55036
2025-04-30,MT,Khánh Hòa,7,57011 - 83686 - 09327 - 67198
2025-04-30,MT,Khánh Hòa,8,31053
2025-04-30,MN,TP. HCM,ĐB,90653
2025-04-30,MN,TP. HCM,1,29198
2025-04-30,MN,TP. HCM,2,46099
2025-04-30,MN,TP. HCM,3,01589 - 60916 - 90349 - 57958 - 40882 - 85014
2025-04-30,MN,TP. HCM,4,55016 - 27075 - 92847 - 62978 - 23496 - 18446
2025-04-30,MN,TP. HCM,5,95128 - 23659 - 46001
2025-04-30,MN,TP. HCM,6,25049 - 31363 - 91462
2025-04-30,MN,TP. HCM,7,33932 - 18985 - 90211 - 50885
2025-04-30,MN,TP. HCM,8,64990
2025-04-30,MN,Đồng Tháp,ĐB,19322
2025-04-30,MN,Đồng Tháp,1,00241
2025-04-30,MN,Đồng Tháp,2,25434
2025-04-30,MN,Đồng Tháp,3,96392 - 37850 - 44040 - 46122 - 59396 - 59160
2025-04-30,MN,Đồng Tháp,4,17819 - 42036 - 41116 - 80248 - 74584 - 72349
2025-04-30,MN,Đồng Tháp,5,59100 - 26649 - 52610
2025-04-30,MN,Đồng Tháp,6,40017 - 51421 - 27511
2025-04-30,MN,Đồng Tháp,7,77605 - 68472 - 20140 - 30448
2025-04-30,MN,Đồng Tháp,8,58313
2025-04-30,MN,Cà Mau,ĐB,32768
2025-04-30,MN,Cà Mau,1,61562
2025-04-30,MN,Cà Mau,2,95242
2025-04-30,MN,Cà Mau,3,13574 - 08494 - 64603 - 34120 - 45665 - 81385
2025-04-30,MN,Cà Mau,4,61693 - 53218 - 58627 - 88140 - 47570 - 47511
2025-04-30,MN,Cà Mau,5,27749 - 30431 - 61160
2025-04-30,MN,Cà Mau,6,78816 - 39703 - 56232
2025-04-30,MN,Cà Mau,7,85919 - 85786 - 09726 - 28790
2025-04-30,MN,Cà Mau,8,91967
2025-05-01,MB,Hà Nội,ĐB,07118
2025-05-01,MB,Hà Nội,1,50125
2025-05-01,MB,Hà Nội,2,84754
2025-05-01,MB,Hà Nội,3,11782 - 29478 - 00924 - 13636 - 08494 - 42283
2025-05-01,MB,Hà Nội,4,11325 - 27431 - 80224 - 77565 - 69735 - 89565
2025-05-01,MB,Hà Nội,5,60657 - 95755 - 39773
2025-05-01,MB,Hà Nội,6,98211 - 51099 - 70559
2025-05-01,MB,Hà Nội,7,43020 - 94217 - 23250 - 88091
2025-05-01,MT,Đà Nẵng,ĐB,37442
2025-05-01,MT,Đà Nẵng,1,55580
2025-05-01,MT,Đà Nẵng,2,93356
2025-05-01,MT,Đà Nẵng,3,15719 - 49756 - 51528 - 79015 - 87410 - 78416
2025-05-01,MT,Đà Nẵng,4,35102 - 17230 - 62080 - 40004 - 39493 - 34991
2025-05-01,MT,Đà Nẵng,5,40177 - 73195 - 28987
2025-05-01,MT,Đà Nẵng,6,86805 - 90146 - 01391
2025-05-01,MT,Đà Nẵng,7,22709 - 34334 - 69905 - 64022
2025-05-01,MT,Đà Nẵng,8,17123
2025-05-01,MT,Khánh Hòa,ĐB,96321
2025-05-01,MT,Khánh Hòa,1,69057
2025-05-01,MT,Khánh Hòa,2,99964
2025-05-01,MT,Khánh Hòa,3,66167 - 83544 - 69459 - 73826 - 84423 - 44629
2025-05-01,MT,Khánh Hòa,4,44188 - 11719 - 49423 - 00591 - 68685 - 39418
2025-05-01,MT,Khánh Hòa,5,00972 - 92484 - 19633
2025-05-01,MT,Khánh Hòa,6,12616 - 61548 - 42784
2025-05-01,MT,Khánh Hòa,7,19024 - 51569 - 70000 - 25696
2025-05-01,MT,Khánh Hòa,8,40552
2025-05-01,MN,TP. HCM,ĐB,95732
2025-05-01,MN,TP. HCM,1,54864
2025-05-01,MN,TP. HCM,2,28267
2025-05-01,MN,TP. HCM,3,68501 - 44191 - 33248 - 25169 - 42148 - 83969
2025-05-01,MN,TP. HCM,4,50602 - 99739 - 82188 - 08189 - 23020 - 08417
2025-05-01,MN,TP. HCM,5,37750 - 73928 - 16115
2025-05-01,MN,TP. HCM,6,64341 - 54136 - 54121
2025-05-01,MN,TP. HCM,7,75746 - 03443 - 45339 - 26717
2025-05-01,MN,TP. HCM,8,95618
2025-05-01,MN,Đồng Tháp,ĐB,79561
2025-05-01,MN,Đồng Tháp,1,83113
2025-05-01,MN,Đồng Tháp,2,12827
2025-05-01,MN,Đồng Tháp,3,26716 - 49619 - 69943 - 96342 - 26267 - 50577
2025-05-01,MN,Đồng Tháp,4,52399 - 35168 - 30697 - 40202 - 17160 - 27021
2025-05-01,MN,Đồng Tháp,5,78596 - 99762 - 41147
2025-05-01,MN,Đồng Tháp,6,43605 - 89643 - 71655
2025-05-01,MN,Đồng Tháp,7,92228 - 25400 - 02467 - 32818
2025-05-01,MN,Đồng Tháp,8,27992
2025-05-01,MN,Cà Mau,ĐB,64308
2025-05-01,MN,Cà Mau,1,38311
2025-05-01,MN,Cà Mau,2,39845
2025-05-01,MN,Cà Mau,3,30097 - 96225 - 35294 - 82339 - 33705 - 79981
2025-05-01,MN,Cà Mau,4,26902 - 43143 - 18926 - 04670 - 88059 - 10484
2025-05-01,MN,Cà Mau,5,63546 - 55571 - 66362
2025-05-01,MN,Cà Mau,6,06276 - 42742 - 17587
2025-05-01,MN,Cà Mau,7,90463 - 15505 - 13134 - 05884
2025-05-01,MN,Cà Mau,8,05367
2025-05-02,MB,Hà Nội,ĐB,05783
2025-05-02,MB,Hà Nội,1,01142
2025-05-02,MB,Hà Nội,2,54624
2025-05-02,MB,Hà Nội,3,58478 - 60250 - 26758 - 41018 - 38394 - 54420
2025-05-02,MB,Hà Nội,4,74185 - 80129 - 78464 - 90406 - 18215 - 05789
2025-05-02,MB,Hà Nội,5,81591 - 21030 - 03122
2025-05-02,MB,Hà Nội,6,99310 - 70932 - 97924
2025-05-02,MB,Hà Nội,7,79121 - 79766 - 18525 - 54040
2025-05-02,MT,Đà Nẵng,ĐB,44557
2025-05-02,MT,Đà Nẵng,1,40123
2025-05-02,MT,Đà Nẵng,2,04621
2025-05-02,MT,Đà Nẵng,3,96868 - 35810 - 79653 - 97496 - 94344 - 07541
2025-05-02,MT,Đà Nẵng,4,10992 - 59699 - 69817 - 59802 - 91668 - 13465
2025-05-02,MT,Đà Nẵng,5,32198 - 72096 - 58040
2025-05-02,MT,Đà Nẵng,6,85440 - 66199 - 29977
2025-05-02,MT,Đà Nẵng,7,51910 - 75703 - 81862 - 41452
2025-05-02,MT,Đà Nẵng,8,34321
2025-05-02,MT,Khánh Hòa,ĐB,13156
2025-05-02,MT,Khánh Hòa,1,33764
2025-05-02,MT,Khánh Hòa,2,18545
2025-05-02,MT,Khánh Hòa,3,34922 - 87559 - 97887 - 63982 - 70165 - 01004
2025-05-02,MT,Khánh Hòa,4,75808 - 54829 - 91097 - 68646 - 95077 - 04163
2025-05-02,MT,Khánh Hòa,5,92797 - 27678 - 96398
2025-05-02,MT,Khánh Hòa,6,11689 - 02876 - 07552
2025-05-02,MT,Khánh Hòa,7,06541 - 13771 - 70041 - 59316
2025-05-02,MT,Khánh Hòa,8,17660
2025-05-02,MN,TP. HCM,ĐB,98642
2025-05-02,MN,TP. HCM,1,01641
2025-05-02,MN,TP. HCM,2,03092
2025-05-02,MN,TP. HCM,3,56651 - 81419 - 31700 - 68281 - 15663 - 01790
2025-05-02,MN,TP. HCM,4,94457 - 56216 - 36268 - 59780 - 32718 - 98742
2025-05-02,MN,TP. HCM,5,53613 - 42398 - 44839
2025-05-02,MN,TP. HCM,6,61311 - 97296 - 62491
2025-05-02,MN,TP. HCM,7,79941 - 32816 - 58559 - 52797
2025-05-02,MN,TP. HCM,8,82569
2025-05-02,MN,Đồng Tháp,ĐB,17243
2025-05-02,MN,Đồng Tháp,1,34318
2025-05-02,MN,Đồng Tháp,2,80191
2025-05-02,MN,Đồng Tháp,3,17705 - 41582 - 68839 - 06561 - 92653 - 13743
2025-05-02,MN,Đồng Tháp,4,12672 - 88813 - 88492 - 90107 - 75923 - 04451
2025-05-02,MN,Đồng Tháp,5,51431 - 16551 - 48517
2025-05-02,MN,Đồng Tháp,6,71884 - 88285 - 36349
2025-05-02,MN,Đồng Tháp,7,74212 - 29886 - 78860 - 71408
2025-05-02,MN,Đồng Tháp,8,52314
2025-05-02,MN,Cà Mau,ĐB,20657
2025-05-02,MN,Cà Mau,1,93170
2025-05-02,MN,Cà Mau,2,52443
2025-05-02,MN,Cà Mau,3,19112 - 42841 - 67953 - 99763 - 38679 - 20052
2025-05-02,MN,Cà Mau,4,41729 - 15675 - 40607 - 35815 - 68879 - 48992
2025-05-02,MN,Cà Mau,5,00823 - 45840 - 62650
2025-05-02,MN,Cà Mau,6,82947 - 23788 - 08043
2025-05-02,MN,Cà Mau,7,61839 - 95634 - 07622 - 08344
2025-05-02,MN,Cà Mau,8,15667
2025-05-03,MB,Hà Nội,ĐB,09629
2025-05-03,MB,Hà Nội,1,40526
2025-05-03,MB,Hà Nội,2,59251
2025-05-03,MB,Hà Nội,3,07411 - 06448 - 97520 - 77946 - 03683 - 51995
2025-05-03,MB,Hà Nội,4,55550 - 67665 - 76985 - 06917 - 98548 - 90807
2025-05-03,MB,Hà Nội,5,81361 - 63881 - 94670
2025-05-03,MB,Hà Nội,6,75468 - 21367 - 51339
2025-05-03,MB,Hà Nội,7,67926 - 92938 - 70888 - 70853
2025-05-03,MT,Đà Nẵng,ĐB,94366
2025-05-03,MT,Đà Nẵng,1,60667
2025-05-03,MT,Đà Nẵng,2,86659
2025-05-03,MT,Đà Nẵng,3,27580 - 30189 - 16533 - 24167 - 89909 - 59698
2025-05-03,MT,Đà Nẵng,4,42928 - 82488 - 18991 - 01405 - 37965 - 11821
2025-05-03,MT,Đà Nẵng,5,96997 - 47814 - 68791
2025-05-03,MT,Đà Nẵng,6,11009 - 19904 - 80772
2025-05-03,MT,Đà Nẵng,7,51761 - 88352 - 81864 - 08035
2025-05-03,MT,Đà Nẵng,8,01811
2025-05-03,MT,Khánh Hòa,ĐB,24476
2025-05-03,MT,Khánh Hòa,1,19284
2025-05-03,MT,Khánh Hòa,2,61250
2025-05-03,MT,Khánh Hòa,3,85656 - 53915 - 59819 - 64084 - 64770 - 36532
2025-05-03,MT,Khánh Hòa,4,33418 - 87045 - 63320 - 60243 - 56697 - 35580
2025-05-03,MT,Khánh Hòa,5,94577 - 42190 - 18547
2025-05-03,MT,Khánh Hòa,6,96078 - 97590 - 90754
2025-05-03,MT,Khánh Hòa,7,69873 - 29965 - 38419 - 35035
2025-05-03,MT,Khánh Hòa,8,51987
2025-05-03,MN,TP. HCM,ĐB,21289
2025-05-03,MN,TP. HCM,1,29665
2025-05-03,MN,TP. HCM,2,46457
2025-05-03,MN,TP. HCM,3,27241 - 36959 - 81594 - 70785 - 94436 - 44769
2025-05-03,MN,TP. HCM,4,60090 - 01082 - 54430 - 87257 - 65130 - 77107
2025-05-03,MN,TP. HCM,5,06401 - 12396 - 89300
2025-05-03,MN,TP. HCM,6,94239 - 67575 - 60733
2025-05-03,MN,TP. HCM,7,74630 - 52224 - 70621 - 60482
2025-05-03,MN,TP. HCM,8,53381
2025-05-03,MN,Đồng Tháp,ĐB,00332
2025-05-03,MN,Đồng Tháp,1,93834
2025-05-03,MN,Đồng Tháp,2,57481
2025-05-03,MN,Đồng Tháp,3,06514 - 29065 - 10378 - 07300 - 77956 - 63172
2025-05-03,MN,Đồng Tháp,4,87008 - 96013 - 16180 - 69446 - 68006 - 16248
2025-05-03,MN,Đồng Tháp,5,67651 - 46867 - 07317
2025-05-03,MN,Đồng Tháp,6,33652 - 65805 - 39332
2025-05-03,MN,Đồng Tháp,7,09632 - 18463 - 06618 - 32739
2025-05-03,MN,Đồng Tháp,8,12805
2025-05-03,MN,Cà Mau,ĐB,81447
2025-05-03,MN,Cà Mau,1,85446
2025-05-03,MN,Cà Mau,2,04339
2025-05-03,MN,Cà Mau,3,23730 - 22569 - 83915 - 17040 - 82141 - 89367
2025-05-03,MN,Cà Mau,4,01022 - 38478 - 38988 - 38568 - 11135 - 50293
2025-05-03,MN,Cà Mau,5,70141 - 78078 - 50152
2025-05-03,MN,Cà Mau,6,10974 - 82846 - 94090
2025-05-03,MN,Cà Mau,7,02260 - 44729 - 43354 - 65020
2025-05-03,MN,Cà Mau,8,60479
2025-05-04,MB,Hà Nội,ĐB,94634
2025-05-04,MB,Hà Nội,1,91224
2025-05-04,MB,Hà Nội,2,72849
2025-05-04,MB,Hà Nội,3,53192 - 04355 - 98339 - 20255 - 66567 - 36775
2025-05-04,MB,Hà Nội,4,92380 - 35150 - 77661 - 71651 - 41015 - 92747
2025-05-04,MB,Hà Nội,5,04690 - 14593 - 52693
2025-05-04,MB,Hà Nội,6,41331 - 91878 - 85544
2025-05-04,MB,Hà Nội,7,75066 - 88747 - 87753 - 25172
2025-05-04,MT,Đà Nẵng,ĐB,67819
2025-05-04,MT,Đà Nẵng,1,15558
2025-05-04,MT,Đà Nẵng,2,43614
2025-05-04,MT,Đà Nẵng,3,49725 - 09432 - 08392 - 03213 - 80520 - 63388
2025-05-04,MT,Đà Nẵng,4,94762 - 13659 - 28506 - 39602 - 91376 - 87180
2025-05-04,MT,Đà Nẵng,5,62102 - 17460 - 81971
2025-05-04,MT,Đà Nẵng,6,60867 - 66781 - 82401
2025-05-04,MT,Đà Nẵng,7,99963 - 79750 - 00410 - 38082
2025-05-04,MT,Đà Nẵng,8,54002
2025-05-04,MT,Khánh Hòa,ĐB,23613
2025-05-04,MT,Khánh Hòa,1,70868
2025-05-04,MT,Khánh Hòa,2,25906
2025-05-04,MT,Khánh Hòa,3,10573 - 25926 - 51363 - 62076 - 73623 - 05191
2025-05-04,MT,Khánh Hòa,4,55124 - 84154 - 72660 - 59408 - 34790 - 69992
2025-05-04,MT,Khánh Hòa,5,58445 - 90998 - 21922
2025-05-04,MT,Khánh Hòa,6,43601 - 31036 - 86109
2025-05-04,MT,Khánh Hòa,7,12929 - 29284 - 53437 - 77677
2025-05-04,MT,Khánh Hòa,8,16942
2025-05-04,MN,TP. HCM,ĐB,81579
2025-05-04,MN,TP. HCM,1,78430
2025-05-04,MN,TP. HCM,2,99186
2025-05-04,MN,TP. HCM,3,53987 - 66133 - 03046 - 16956 - 34437 - 97524
2025-05-04,MN,TP. HCM,4,46508 - 80722 - 06327 - 24309 - 64995 - 14504
2025-05-04,MN,TP. HCM,5,01873 - 17196 - 55463
2025-05-04,MN,TP. HCM,6,16323 - 61547 - 27914
2025-05-04,MN,TP. HCM,7,06512 - 87303 - 71797 - 12923
2025-05-04,MN,TP. HCM,8,21458
2025-05-04,MN,Đồng Tháp,ĐB,14205
2025-05-04,MN,Đồng Tháp,1,31977
2025-05-04,MN,Đồng Tháp,2,76174
2025-05-04,MN,Đồng Tháp,3,94714 - 79350 - 64699 - 75031 - 49718 - 16244
2025-05-04,MN,Đồng Tháp,4,46735 - 84242 - 18110 - 02561 - 76303 - 10042
2025-05-04,MN,Đồng Tháp,5,54531 - 22629 - 73140
2025-05-04,MN,Đồng Tháp,6,42361 - 96343 - 51315
2025-05-04,MN,Đồng Tháp,7,85007 - 41509 - 40900 - 13571
2025-05-04,MN,Đồng Tháp,8,95915
2025-05-04,MN,Cà Mau,ĐB,26916
2025-05-04,MN,Cà Mau,1,83623
2025-05-04,MN,Cà Mau,2,55279
2025-05-04,MN,Cà Mau,3,30944 - 17423 - 25890 - 23947 - 11010 - 40056
2025-05-04,MN,Cà Mau,4,42378 - 23202 - 70486 - 53141 - 92634 - 72048
2025-05-04,MN,Cà Mau,5,83005 - 23707 - 93561
2025-05-04,MN,Cà Mau,6,46250 - 71262 - 35560
2025-05-04,MN,Cà Mau,7,96753 - 53193 - 63447 - 56078
2025-05-04,MN,Cà Mau,8,79668
2025-05-05,MB,Hà Nội,ĐB,07619
2025-05-05,MB,Hà Nội,1,12954
2025-05-05,MB,Hà Nội,2,47541
2025-05-05,MB,Hà Nội,3,87287 - 74315 - 76453 - 30649 - 49802 - 59776
2025-05-05,MB,Hà Nội,4,33248 - 83286 - 56140 - 87826 - 24012 - 14814
2025-05-05,MB,Hà Nội,5,12605 - 22326 - 24504
2025-05-05,MB,Hà Nội,6,28813 - 73905 - 01463
2025-05-05,MB,Hà Nội,7,97539 - 58592 - 06928 - 60047
2025-05-05,MT,Đà Nẵng,ĐB,22647
2025-05-05,MT,Đà Nẵng,1,57783
2025-05-05,MT,Đà Nẵng,2,98249
2025-05-05,MT,Đà Nẵng,3,15856 - 87410 - 74671 - 97240 - 41582 - 05313
2025-05-05,MT,Đà Nẵng,4,89189 - 70127 - 07840 - 14885 - 16478 - 32599
2025-05-05,MT,Đà Nẵng,5,22498 - 98163 - 54360
2025-05-05,MT,Đà Nẵng,6,67978 - 52511 - 56601
2025-05-05,MT,Đà Nẵng,7,71039 - 63319 - 76747 - 46322
2025-05-05,MT,Đà Nẵng,8,13352
2025-05-05,MT,Khánh Hòa,ĐB,45482
2025-05-05,MT,Khánh Hòa,1,27109
2025-05-05,MT,Khánh Hòa,2,60933
2025-05-05,MT,Khánh Hòa,3,28181 - 60952 - 40543 - 42113 - 90520 - 33803
2025-05-05,MT,Khánh Hòa,4,18419 - 21535 - 87300 - 80837 - 40819 - 43888
2025-05-05,MT,Khánh Hòa,5,09258 - 67365 - 88936
2025-05-05,MT,Khánh Hòa,6,22924 - 74751 - 97671
2025-05-05,MT,Khánh Hòa,7,35444 - 47886 - 71402 - 87694
2025-05-05,MT,Khánh Hòa,8,91959
2025-05-05,MN,TP. HCM,ĐB,79061
2025-05-05,MN,TP. HCM,1,57351
2025-05-05,MN,TP. HCM,2,81224
2025-05-05,MN,TP. HCM,3,03037 - 92349 - 70443 - 70362 - 83791 - 43686
2025-05-05,MN,TP. HCM,4,21058 - 19161 - 69532 - 23289 - 34115 - 07276
2025-05-05,MN,TP. HCM,5,00247 - 62528 - 65983
2025-05-05,MN,TP. HCM,6,16329 - 65269 - 85671
2025-05-05,MN,TP. HCM,7,25092 - 08827 - 40124 - 96897
2025-05-05,MN,TP. HCM,8,74656
2025-05-05,MN,Đồng Tháp,ĐB,99969
2025-05-05,MN,Đồng Tháp,1,47625
2025-05-05,MN,Đồng Tháp,2,26701
2025-05-05,MN,Đồng Tháp,3,95435 - 56370 - 37947 - 15632 - 63033 - 19812
2025-05-05,MN,Đồng Tháp,4,30345 - 91999 - 89248 - 60231 - 22099 - 40295
2025-05-05,MN,Đồng Tháp,5,82734 - 10406 - 40064
2025-05-05,MN,Đồng Tháp,6,40607 - 69587 - 88966
2025-05-05,MN,Đồng Tháp,7,86376 - 65223 - 34816 - 24251
2025-05-05,MN,Đồng Tháp,8,26841
2025-05-05,MN,Cà Mau,ĐB,16633
2025-05-05,MN,Cà Mau,1,04800
2025-05-05,MN,Cà Mau,2,54336
2025-05-05,MN,Cà Mau,3,75254 - 73557 - 58337 - 40485 - 22122 - 74235
2025-05-05,MN,Cà Mau,4,41628 - 11448 - 34944 - 69204 - 54378 - 22561
2025-05-05,MN,Cà Mau,5,41955 - 59949 - 63455
2025-05-05,MN,Cà Mau,6,54738 - 12337 - 29383
2025-05-05,MN,Cà Mau,7,59891 - 63068 - 75770 - 88148
2025-05-05,MN,Cà Mau,8,45103
2025-05-06,MB,Hà Nội,ĐB,64620
2025-05-06,MB,Hà Nội,1,43962
2025-05-06,MB,Hà Nội,2,81480
2025-05-06,MB,Hà Nội,3,59637 - 41326 - 20768 - 85567 - 92926 - 54889
2025-05-06,MB,Hà Nội,4,74558 - 26734 - 06329 - 47900 - 16811 - 20232
2025-05-06,MB,Hà Nội,5,95667 - 21343 - 39116
2025-05-06,MB,Hà Nội,6,49748 - 11692 - 68847
2025-05-06,MB,Hà Nội,7,49448 - 47919 - 74473 - 90386
2025-05-06,MT,Đà Nẵng,ĐB,21825
2025-05-06,MT,Đà Nẵng,1,25516
2025-05-06,MT,Đà Nẵng,2,36306
2025-05-06,MT,Đà Nẵng,3,15919 - 89390 - 93240 - 58199 - 42984 - 56983
2025-05-06,MT,Đà Nẵng,4,78027 - 84264 - 42858 - 50894 - 96178 - 72882
2025-05-06,MT,Đà Nẵng,5,27423 - 84633 - 61490
2025-05-06,MT,Đà Nẵng,6,98854 - 85720 - 29581
2025-05-06,MT,Đà Nẵng,7,97169 - 22302 - 24818 - 96162
2025-05-06,MT,Đà Nẵng,8,70064
2025-05-06,MT,Khánh Hòa,ĐB,00462
2025-05-06,MT,Khánh Hòa,1,42422
2025-05-06,MT,Khánh Hòa,2,00017
2025-05-06,MT,Khánh Hòa,3,26878 - 82101 - 53671 - 40708 - 46368 - 45994
2025-05-06,MT,Khánh Hòa,4,45053 - 33853 - 84278 - 98246 - 43507 - 30424
2025-05-06,MT,Khánh Hòa,5,69783 - 41748 - 72701
2025-05-06,MT,Khánh Hòa,6,49484 - 97938 - 77944
2025-05-06,MT,Khánh Hòa,7,15709 - 69115 - 12571 - 94088
2025-05-06,MT,Khánh Hòa,8,71952
2025-05-06,MN,TP. HCM,ĐB,40061
2025-05-06,MN,TP. HCM,1,15482
2025-05-06,MN,TP. HCM,2,80593
2025-05-06,MN,TP. HCM,3,88393 - 16818 - 11622 - 01223 - 02899 - 39926
2025-05-06,MN,TP. HCM,4,54967 - 29827 - 06398 - 27642 - 06236 - 18687
2025-05-06,MN,TP. HCM,5,85170 - 46443 - 71356
2025-05-06,MN,TP. HCM,6,00928 - 26047 - 90625
2025-05-06,MN,TP. HCM,7,45180 - 68055 - 75239 - 66276
2025-05-06,MN,TP. HCM,8,34959
2025-05-06,MN,Đồng Tháp,ĐB,02962
2025-05-06,MN,Đồng Tháp,1,36899
2025-05-06,MN,Đồng Tháp,2,00831
2025-05-06,MN,Đồng Tháp,3,79730 - 93956 - 81432 - 72064 - 30999 - 23571
2025-05-06,MN,Đồng Tháp,4,37335 - 90020 - 80187 - 77965 - 16620 - 49136
2025-05-06,MN,Đồng Tháp,5,78184 - 49554 - 75239
2025-05-06,MN,Đồng Tháp,6,56601 - 77816 - 85768
2025-05-06,MN,Đồng Tháp,7,55942 - 32769 - 45354 - 63574
2025-05-06,MN,Đồng Tháp,8,80231
2025-05-06,MN,Cà Mau,ĐB,13005
2025-05-06,MN,Cà Mau,1,96811
2025-05-06,MN,Cà Mau,2,01055
2025-05-06,MN,Cà Mau,3,42018 - 82859 - 56857 - 66177 - 59462 - 87516
2025-05-06,MN,Cà Mau,4,72276 - 11238 - 77837 - 18103 - 98918 - 19102
2025-05-06,MN,Cà Mau,5,90607 - 12324 - 35963
2025-05-06,MN,Cà Mau,6,65726 - 89576 - 27976
2025-05-06,MN,Cà Mau,7,53651 - 11554 - 82808 - 71263
2025-05-06,MN,Cà Mau,8,68080
2025-05-07,MB,Hà Nội,ĐB,92213
2025-05-07,MB,Hà Nội,1,93015
2025-05-07,MB,Hà Nội,2,41943
2025-05-07,MB,Hà Nội,3,09619 - 95725 - 99620 - 77114 - 02267 - 05056
2025-05-07,MB,Hà Nội,4,30027 - 26312 - 13728 - 55460 - 59455 - 97202
2025-05-07,MB,Hà Nội,5,39117 - 14539 - 21082
2025-05-07,MB,Hà Nội,6,12615 - 96109 - 31874
2025-05-07,MB,Hà Nội,7,95994 - 06353 - 18243 - 05320
2025-05-07,MT,Đà Nẵng,ĐB,50099
2025-05-07,MT,Đà Nẵng,1,06809
2025-05-07,MT,Đà Nẵng,2,12650
2025-05-07,MT,Đà Nẵng,3,07507 - 03644 - 56679 - 76707 - 54340 - 38743
2025-05-07,MT,Đà Nẵng,4,67171 - 27447 - 33714 - 50665 - 24923 - 55928
2025-05-07,MT,Đà Nẵng,5,47291 - 58365 - 01546
2025-05-07,MT,Đà Nẵng,6,83345 - 47583 - 07706
2025-05-07,MT,Đà Nẵng,7,35243 - 37137 - 57951 - 26919
2025-05-07,MT,Đà Nẵng,8,03029
2025-05-07,MT,Khánh Hòa,ĐB,41125
2025-05-07,MT,Khánh Hòa,1,81215
2025-05-07,MT,Khánh Hòa,2,01528
2025-05-07,MT,Khánh Hòa,3,34060 - 66395 - 37393 - 68639 - 67654 - 21667
2025-05-07,MT,Khánh Hòa,4,89654 - 77449 - 75669 - 35344 - 01777 - 86569
2025-05-07,MT,Khánh Hòa,5,32761 - 04807 - 00165
2025-05-07,MT,Khánh Hòa,6,92650 - 28665 - 10352
2025-05-07,MT,Khánh Hòa,7,68060 - 58808 - 68399 - 98938
2025-05-07,MT,Khánh Hòa,8,67506
2025-05-07,MN,TP. HCM,ĐB,82487
2025-05-07,MN,TP. HCM,1,80113
2025-05-07,MN,TP. HCM,2,29461
2025-05-07,MN,TP. HCM,3,20853 - 47121 - 15423 - 67534 - 10507 - 49168
2025-05-07,MN,TP. HCM,4,82523 - 58610 - 14483 - 67992 - 70980 - 13001
2025-05-07,MN,TP. HCM,5,80973 - 94512 - 98973
2025-05-07,MN,TP. HCM,6,02571 - 44935 - 92452
2025-05-07,MN,TP. HCM,7,63887 - 04983 - 31209 - 15957
2025-05-07,MN,TP. HCM,8,02069
2025-05-07,MN,Đồng Tháp,ĐB,60794
2025-05-07,MN,Đồng Tháp,1,62577
2025-05-07,MN,Đồng Tháp,2,27158
2025-05-07,MN,Đồng Tháp,3,07291 - 35375 - 98784 - 85106 - 36135 - 22333
2025-05-07,MN,Đồng Tháp,4,69612 - 40472 - 67504 - 68253 - 71066 - 43247
2025-05-07,MN,Đồng Tháp,5,78754 - 19052 - 00941
2025-05-07,MN,Đồng Tháp,6,18201 - 61434 - 60290
2025-05-07,MN,Đồng Tháp,7,42338 - 34556 - 22902 - 40189
2025-05-07,MN,Đồng Tháp,8,42700
2025-05-07,MN,Cà Mau,ĐB,61375
2025-05-07,MN,Cà Mau,1,53036
2025-05-07,MN,Cà Mau,2,03387
2025-05-07,MN,Cà Mau,3,79406 - 47148 - 99971 - 19050 - 79821 - 70108
2025-05-07,MN,Cà Mau,4,30576 - 90144 - 76084 - 71038 - 39163 - 39417
2025-05-07,MN,Cà Mau,5,20467 - 86057 - 09276
2025-05-07,MN,Cà Mau,6,12363 - 68102 - 62512
2025-05-07,MN,Cà Mau,7,55323 - 81330 - 19371 - 48152
2025-05-07,MN,Cà Mau,8,01475
2025-05-08,MB,Hà Nội,ĐB,29102
2025-05-08,MB,Hà Nội,1,54540
2025-05-08,MB,Hà Nội,2,19572
2025-05-08,MB,Hà Nội,3,10690 - 11380 - 20153 - 44889 - 97311 - 86575
2025-05-08,MB,Hà Nội,4,64195 - 50457 - 02559 - 68798 - 96975 - 42632
2025-05-08,MB,Hà Nội,5,02428 - 26065 - 60042
2025-05-08,MB,Hà Nội,6,39402 - 93264 - 26337
2025-05-08,MB,Hà Nội,7,87975 - 92036 - 91288 - 91618
2025-05-08,MT,Đà Nẵng,ĐB,62633
2025-05-08,MT,Đà Nẵng,1,06392
2025-05-08,MT,Đà Nẵng,2,04962
2025-05-08,MT,Đà Nẵng,3,59768 - 39059 - 23592 - 92465 - 44268 - 97857
2025-05-08,MT,Đà Nẵng,4,34911 - 30050 - 64517 - 09405 - 06962 - 08056
2025-05-08,MT,Đà Nẵng,5,35570 - 03243 - 80666
2025-05-08,MT,Đà Nẵng,6,43338 - 99797 - 27913
2025-05-08,MT,Đà Nẵng,7,06131 - 82409 - 67306 - 14777
2025-05-08,MT,Đà Nẵng,8,52487
2025-05-08,MT,Khánh Hòa,ĐB,23766
2025-05-08,MT,Khánh Hòa,1,03226
2025-05-08,MT,Khánh Hòa,2,49416
2025-05-08,MT,Khánh Hòa,3,56665 - 91896 - 52479 - 60704 - 87081 - 09660
2025-05-08,MT,Khánh Hòa,4,29895 - 23313 - 38272 - 50761 - 04929 - 18055
2025-05-08,MT,Khánh Hòa,5,27711 - 22244 - 93827
2025-05-08,MT,Khánh Hòa,6,45697 - 30418 - 97013
2025-05-08,MT,Khánh Hòa,7,23789 - 94501 - 98522 - 52662
2025-05-08,MT,Khánh Hòa,8,02794
2025-05-08,MN,TP. HCM,ĐB,34152
2025-05-08,MN,TP. HCM,1,21437
2025-05-08,MN,TP. HCM,2,92866
2025-05-08,MN,TP. HCM,3,77403 - 18834 - 47004 - 09449 - 50123 - 48241
2025-05-08,MN,TP. HCM,4,35967 - 28797 - 98074 - 83237 - 69498 - 74596
2025-05-08,MN,TP. HCM,5,83466 - 55260 - 86255
2025-05-08,MN,TP. HCM,6,68720 - 44513 - 00199
2025-05-08,MN,TP. HCM,7,40887 - 33759 - 53716 - 42887
2025-05-08,MN,TP. HCM,8,10029
2025-05-08,MN,Đồng Tháp,ĐB,47833
2025-05-08,MN,Đồng Tháp,1,44570
2025-05-08,MN,Đồng Tháp,2,92468
2025-05-08,MN,Đồng Tháp,3,40635 - 02415 - 86925 - 83861 - 22174 - 31526
2025-05-08,MN,Đồng Tháp,4,02109 - 39674 - 37908 - 46325 - 58789 - 38454
2025-05-08,MN,Đồng Tháp,5,76572 - 03014 - 78183
2025-05-08,MN,Đồng Tháp,6,78805 - 92614 - 53106
2025-05-08,MN,Đồng Tháp,7,52604 - 32711 - 92982 - 35507
2025-05-08,MN,Đồng Tháp,8,41131
2025-05-08,MN,Cà Mau,ĐB,67037
2025-05-08,MN,Cà Mau,1,44815
2025-05-08,MN,Cà Mau,2,14300
2025-05-08,MN,Cà Mau,3,67669 - 23474 - 72556 - 40811 - 98011 - 80866
2025-05-08,MN,Cà Mau,4,34129 - 41818 - 24272 - 64973 - 47169 - 34218
2025-05-08,MN,Cà Mau,5,99509 - 43565 - 51819
2025-05-08,MN,Cà Mau,6,17594 - 90481 - 61468
2025-05-08,MN,Cà Mau,7,18215 - 34385 - 73196 - 78464
2025-05-08,MN,Cà Mau,8,21056
2025-05-09,MB,Hà Nội,ĐB,16822
2025-05-09,MB,Hà Nội,1,23363
2025-05-09,MB,Hà Nội,2,30966
2025-05-09,MB,Hà Nội,3,64573 - 16734 - 84879 - 38594 - 95637 - 71322
2025-05-09,MB,Hà Nội,4,15360 - 68507 - 95942 - 20881 - 28305 - 93258
2025-05-09,MB,Hà Nội,5,92278 - 89662 - 90352
2025-05-09,MB,Hà Nội,6,05934 - 67136 - 74111
2025-05-09,MB,Hà Nội,7,38655 - 06549 - 03146 - 13184
2025-05-09,MT,Đà Nẵng,ĐB,01324
2025-05-09,MT,Đà Nẵng,1,47838
2025-05-09,MT,Đà Nẵng,2,79690
2025-05-09,MT,Đà Nẵng,3,63513 - 73718 - 84639 - 66577 - 06994 - 27750
2025-05-09,MT,Đà Nẵng,4,47719 - 15414 - 79321 - 76470 - 90927 - 98592
2025-05-09,MT,Đà Nẵng,5,41031 - 64778 - 16224
2025-05-09,MT,Đà Nẵng,6,35049 - 57969 - 32172
2025-05-09,MT,Đà Nẵng,7,23618 - 69883 - 33697 - 14482
2025-05-09,MT,Đà Nẵng,8,66670
2025-05-09,MT,Khánh Hòa,ĐB,67984
2025-05-09,MT,Khánh Hòa,1,28725
2025-05-09,MT,Khánh Hòa,2,65061
2025-05-09,MT,Khánh Hòa,3,93904 - 31240 - 14675 - 61756 - 40288 - 05472
2025-05-09,MT,Khánh Hòa,4,26535 - 33839 - 37132 - 06753 - 98634 - 82431
2025-05-09,MT,Khánh Hòa,5,45149 - 53612 - 70276
2025-05-09,MT,Khánh Hòa,6,30981 - 72180 - 84973
2025-05-09,MT,Khánh Hòa,7,31791 - 46633 - 53339 - 85636
2025-05-09,MT,Khánh Hòa,8,33479
2025-05-09,MN,TP. HCM,ĐB,83515
2025-05-09,MN,TP. HCM,1,51652
2025-05-09,MN,TP. HCM,2,73597
2025-05-09,MN,TP. HCM,3,99531 - 88314 - 09060 - 33570 - 83766 - 26203
2025-05-09,MN,TP. HCM,4,00451 - 75487 - 31271 - 67709 - 61898 - 29242
2025-05-09,MN,TP. HCM,5,96649 - 41294 - 97902
2025-05-09,MN,TP. HCM,6,54192 - 36730 - 92503
2025-05-09,MN,TP. HCM,7,72421 - 63977 - 07840 - 92029
2025-05-09,MN,TP. HCM,8,19540
2025-05-09,MN,Đồng Tháp,ĐB,03044
2025-05-09,MN,Đồng Tháp,1,29194
2025-05-09,MN,Đồng Tháp,2,95932
2025-05-09,MN,Đồng Tháp,3,04635 - 24146 - 65773 - 72156 - 74833 - 86714
2025-05-09,MN,Đồng Tháp,4,30175 - 91029 - 85148 - 04705 - 45684 - 02432
2025-05-09,MN,Đồng Tháp,5,15742 - 56191 - 66655
2025-05-09,MN,Đồng Tháp,6,92194 - 74583 - 95647
2025-05-09,MN,Đồng Tháp,7,88816 - 59559 - 49405 - 40211
2025-05-09,MN,Đồng Tháp,8,85572
2025-05-09,MN,Cà Mau,ĐB,58755
2025-05-09,MN,Cà Mau,1,05054
2025-05-09,MN,Cà Mau,2,60955
2025-05-09,MN,Cà Mau,3,81387 - 85211 - 25642 - 61571 - 35441 - 55559
2025-05-09,MN,Cà Mau,4,94995 - 52102 - 12397 - 15747 - 88064 - 80223
2025-05-09,MN,Cà Mau,5,57715 - 68245 - 80793
2025-05-09,MN,Cà Mau,6,86429 - 97824 - 53840
2025-05-09,MN,Cà Mau,7,71233 - 24604 - 64530 - 79071
2025-05-09,MN,Cà Mau,8,41167
2025-05-10,MB,Hà Nội,ĐB,65527
2025-05-10,MB,Hà Nội,1,62819
2025-05-10,MB,Hà Nội,2,46868
2025-05-10,MB,Hà Nội,3,84528 - 59870 - 78796 - 52416 - 41891 - 94180
2025-05-10,MB,Hà Nội,4,88051 - 22171 - 19872 - 79418 - 29381 - 40832
2025-05-10,MB,Hà Nội,5,13612 - 85363 - 73442
2025-05-10,MB,Hà Nội,6,22649 - 15437 - 37749
2025-05-10,MB,Hà Nội,7,23431 - 17657 - 32974 - 38812
2025-05-10,MT,Đà Nẵng,ĐB,71711
2025-05-10,MT,Đà Nẵng,1,31824
2025-05-10,MT,Đà Nẵng,2,86419
2025-05-10,MT,Đà Nẵng,3,50692 - 93174 - 41172 - 76954 - 42208 - 30698
2025-05-10,MT,Đà Nẵng,4,48417 - 60943 - 21821 - 79335 - 51338 - 50959
2025-05-10,MT,Đà Nẵng,5,06901 - 41157 - 79262
2025-05-10,MT,Đà Nẵng,6,85101 - 00352 - 06791
2025-05-10,MT,Đà Nẵng,7,78669 - 45506 - 99409 - 98594
2025-05-10,MT,Đà Nẵng,8,22531
2025-05-10,MT,Khánh Hòa,ĐB,52067
2025-05-10,MT,Khánh Hòa,1,49687
2025-05-10,MT,Khánh Hòa,2,38338
2025-05-10,MT,Khánh Hòa,3,82480 - 53739 - 46923 - 05663 - 30132 - 44349
2025-05-10,MT,Khánh Hòa,4,48867 - 41066 - 57279 - 97309 - 99200 - 20400
2025-05-10,MT,Khánh Hòa,5,64701 - 10897 - 58220
2025-05-10,MT,Khánh Hòa,6,46821 - 29519 - 49933
2025-05-10,MT,Khánh Hòa,7,03968 - 17098 - 85562 - 95090
2025-05-10,MT,Khánh Hòa,8,84762
2025-05-10,MN,TP. HCM,ĐB,51018
2025-05-10,MN,TP. HCM,1,73181
2025-05-10,MN,TP. HCM,2,69553
2025-05-10,MN,TP. HCM,3,37532 - 58777 - 06179 - 07710 - 12473 - 08658
2025-05-10,MN,TP. HCM,4,34483 - 99036 - 23288 - 78015 - 96298 - 15086
2025-05-10,MN,TP. HCM,5,08348 - 90107 - 27639
2025-05-10,MN,TP. HCM,6,39261 - 65655 - 50349
2025-05-10,MN,TP. HCM,7,34481 - 43523 - 39922 - 80041
2025-05-10,MN,TP. HCM,8,68153
2025-05-10,MN,Đồng Tháp,ĐB,88136
2025-05-10,MN,Đồng Tháp,1,77854
2025-05-10,MN,Đồng Tháp,2,54567
2025-05-10,MN,Đồng Tháp,3,54640 - 92471 - 89802 - 31786 - 28026 - 41578
2025-05-10,MN,Đồng Tháp,4,54060 - 11402 - 01257 - 36803 - 23927 - 47611
2025-05-10,MN,Đồng Tháp,5,50898 - 89841 - 80564
2025-05-10,MN,Đồng Tháp,6,84038 - 72373 - 42476
2025-05-10,MN,Đồng Tháp,7,25855 - 94714 - 89234 - 50335
2025-05-10,MN,Đồng Tháp,8,81554
2025-05-10,MN,Cà Mau,ĐB,80728
2025-05-10,MN,Cà Mau,1,00651
2025-05-10,MN,Cà Mau,2,40413
2025-05-10,MN,Cà Mau,3,43162 - 87145 - 22471 - 74793 - 49632 - 43448
2025-05-10,MN,Cà Mau,4,01902 - 24651 - 64415 - 97681 - 16999 - 00597
2025-05-10,MN,Cà Mau,5,42450 - 71219 - 21893
2025-05-10,MN,Cà Mau,6,11921 - 81895 - 52320
2025-05-10,MN,Cà Mau,7,46109 - 97042 - 95186 - 79594
2025-05-10,MN,Cà Mau,8,83659
2025-05-11,MB,Hà Nội,ĐB,60351
2025-05-11,MB,Hà Nội,1,46336
2025-05-11,MB,Hà Nội,2,62106
2025-05-11,MB,Hà Nội,3,79543 - 32084 - 25257 - 29749 - 70179 - 63417
2025-05-11,MB,Hà Nội,4,31059 - 03448 - 46870 - 98122 - 36944 - 02287
2025-05-11,MB,Hà Nội,5,34118 - 39252 - 62693
2025-05-11,MB,Hà Nội,6,84971 - 83197 - 11674
2025-05-11,MB,Hà Nội,7,22091 - 09267 - 11200 - 10130
2025-05-11,MT,Đà Nẵng,ĐB,34727
2025-05-11,MT,Đà Nẵng,1,88612
2025-05-11,MT,Đà Nẵng,2,87452
2025-05-11,MT,Đà Nẵng,3,59396 - 12139 - 49628 - 18401 - 50245 - 28677
2025-05-11,MT,Đà Nẵng,4,45737 - 56012 - 08837 - 13026 - 92399 - 37778
2025-05-11,MT,Đà Nẵng,5,18466 - 49725 - 17234
2025-05-11,MT,Đà Nẵng,6,93069 - 76145 - 05347
2025-05-11,MT,Đà Nẵng,7,24390 - 06885 - 17949 - 54732
2025-05-11,MT,Đà Nẵng,8,20810
2025-05-11,MT,Khánh Hòa,ĐB,78403
2025-05-11,MT,Khánh Hòa,1,18401
2025-05-11,MT,Khánh Hòa,2,29872
2025-05-11,MT,Khánh Hòa,3,03397 - 57449 - 15416 - 84014 - 75759 - 11425
2025-05-11,MT,Khánh Hòa,4,61414 - 00946 - 14707 - 73466 - 49881 - 99980
2025-05-11,MT,Khánh Hòa,5,49454 - 94388 - 92504
2025-05-11,MT,Khánh Hòa,6,55431 - 33247 - 93269
2025-05-11,MT,Khánh Hòa,7,42254 - 70541 - 59344 - 06942
2025-05-11,MT,Khánh Hòa,8,86163
2025-05-11,MN,TP. HCM,ĐB,35936
2025-05-11,MN,TP. HCM,1,23810
2025-05-11,MN,TP. HCM,2,97386
2025-05-11,MN,TP. HCM,3,86412 - 61127 - 58397 - 69579 - 87772 - 60921
2025-05-11,MN,TP. HCM,4,54382 - 09929 - 68631 - 01133 - 25693 - 08287
2025-05-11,MN,TP. HCM,5,58412 - 87282 - 35893
2025-05-11,MN,TP. HCM,6,86475 - 10837 - 50681
2025-05-11,MN,TP. HCM,7,30315 - 77681 - 26267 - 94839
2025-05-11,MN,TP. HCM,8,61968
2025-05-11,MN,Đồng Tháp,ĐB,03631
2025-05-11,MN,Đồng Tháp,1,11919
2025-05-11,MN,Đồng Tháp,2,02137
2025-05-11,MN,Đồng Tháp,3,96594 - 31831 - 58440 - 04386 - 19506 - 70243
2025-05-11,MN,Đồng Tháp,4,44413 - 44282 - 81938 - 40892 - 18001 - 19191
2025-05-11,MN,Đồng Tháp,5,91661 - 63682 - 08837
2025-05-11,MN,Đồng Tháp,6,84418 - 08495 - 65830
2025-05-11,MN,Đồng Tháp,7,07979 - 83376 - 53825 - 86724
2025-05-11,MN,Đồng Tháp,8,51524
2025-05-11,MN,Cà Mau,ĐB,62584
2025-05-11,MN,Cà Mau,1,45378
2025-05-11,MN,Cà Mau,2,57884
2025-05-11,MN,Cà Mau,3,24644 - 00562 - 73107 - 95308 - 56963 - 05782
2025-05-11,MN,Cà Mau,4,23604 - 41125 - 26223 - 57233 - 66908 - 34594
2025-05-11,MN,Cà Mau,5,35608 - 78548 - 69770
2025-05-11,MN,Cà Mau,6,55044 - 69756 - 36761
2025-05-11,MN,Cà Mau,7,11018 - 77586 - 21325 - 84892
2025-05-11,MN,Cà Mau,8,13184
2025-05-12,MB,Hà Nội,ĐB,28503
2025-05-12,MB,Hà Nội,1,70449
2025-05-12,MB,Hà Nội,2,03626
2025-05-12,MB,Hà Nội,3,15233 - 03841 - 64222 - 22291 - 81883 - 67576
2025-05-12,MB,Hà Nội,4,42385 - 65180 - 00970 - 57148 - 80479 - 12020
2025-05-12,MB,Hà Nội,5,29671 - 08279 - 68691
2025-05-12,MB,Hà Nội,6,57421 - 41256 - 92686
2025-05-12,MB,Hà Nội,7,91309 - 10368 - 26304 - 08551
2025-05-12,MT,Đà Nẵng,ĐB,29469
2025-05-12,MT,Đà Nẵng,1,04310
2025-05-12,MT,Đà Nẵng,2,50832
2025-05-12,MT,Đà Nẵng,3,51399 - 98984 - 09516 - 27553 - 65959 - 74274
2025-05-12,MT,Đà Nẵng,4,83142 - 57891 - 36205 - 82000 - 43128 - 33809
2025-05-12,MT,Đà Nẵng,5,82394 - 32231 - 87374
2025-05-12,MT,Đà Nẵng,6,48336 - 34825 - 08933
2025-05-12,MT,Đà Nẵng,7,55782 - 40262 - 72238 - 49182
2025-05-12,MT,Đà Nẵng,8,55652
2025-05-12,MT,Khánh Hòa,ĐB,87996
2025-05-12,MT,Khánh Hòa,1,27056
2025-05-12,MT,Khánh Hòa,2,44296
2025-05-12,MT,Khánh Hòa,3,33191 - 56181 - 19098 - 52116 - 77408 - 85904
2025-05-12,MT,Khánh Hòa,4,63655 - 73144 - 76744 - 01682 - 65744 - 99881
2025-05-12,MT,Khánh Hòa,5,47135 - 70172 - 26996
2025-05-12,MT,Khánh Hòa,6,32917 - 48456 - 43996
2025-05-12,MT,Khánh Hòa,7,38432 - 63910 - 69554 - 90036
2025-05-12,MT,Khánh Hòa,8,90717
2025-05-12,MN,TP. HCM,ĐB,17817
2025-05-12,MN,TP. HCM,1,87290
2025-05-12,MN,TP. HCM,2,21207
2025-05-12,MN,TP. HCM,3,51886 - 22656 - 49705 - 67713 - 86317 - 95556
2025-05-12,MN,TP. HCM,4,11773 - 04278 - 42595 - 59146 - 85803 - 50879
2025-05-12,MN,TP. HCM,5,33701 - 56031 - 32756
2025-05-12,MN,TP. HCM,6,52164 - 60372 - 00195
2025-05-12,MN,TP. HCM,7,94592 - 34159 - 58031 - 62008
2025-05-12,MN,TP. HCM,8,11992
2025-05-12,MN,Đồng Tháp,ĐB,25092
2025-05-12,MN,Đồng Tháp,1,77098
2025-05-12,MN,Đồng Tháp,2,40283
2025-05-12,MN,Đồng Tháp,3,50556 - 30629 - 17052 - 53922 - 50057 - 82675
2025-05-12,MN,Đồng Tháp,4,01970 - 78265 - 00268 - 60913 - 48445 - 33781
2025-05-12,MN,Đồng Tháp,5,19757 - 31824 - 50265
2025-05-12,MN,Đồng Tháp,6,38287 - 14955 - 76331
2025-05-12,MN,Đồng Tháp,7,62003 - 56367 - 70531 - 85020
2025-05-12,MN,Đồng Tháp,8,38349
2025-05-12,MN,Cà Mau,ĐB,10893
2025-05-12,MN,Cà Mau,1,10956
2025-05-12,MN,Cà Mau,2,81096
2025-05-12,MN,Cà Mau,3,22086 - 32442 - 94654 - 33450 - 45586 - 45170
2025-05-12,MN,Cà Mau,4,38690 - 94820 - 55008 - 82231 - 76668 - 18665
2025-05-12,MN,Cà Mau,5,48975 - 14510 - 31561
2025-05-12,MN,Cà Mau,6,42756 - 96938 - 28368
2025-05-12,MN,Cà Mau,7,13159 - 16510 - 43375 - 09325
2025-05-12,MN,Cà Mau,8,63577
2025-05-13,MB,Hà Nội,ĐB,51599
2025-05-13,MB,Hà Nội,1,29921
2025-05-13,MB,Hà Nội,2,75601
2025-05-13,MB,Hà Nội,3,05286 - 58326 - 14076 - 00653 - 83532 - 06687
2025-05-13,MB,Hà Nội,4,22250 - 50494 - 77354 - 61231 - 03565 - 38502
2025-05-13,MB,Hà Nội,5,43327 - 96246 - 12411
2025-05-13,MB,Hà Nội,6,36348 - 97793 - 80335
2025-05-13,MB,Hà Nội,7,18713 - 77135 - 90589 - 18804
2025-05-13,MT,Đà Nẵng,ĐB,13489
2025-05-13,MT,Đà Nẵng,1,20165
2025-05-13,MT,Đà Nẵng,2,67297
2025-05-13,MT,Đà Nẵng,3,45577 - 06014 - 74791 - 68198 - 80563 - 99903
2025-05-13,MT,Đà Nẵng,4,75421 - 88157 - 98998 - 20146 - 21833 - 82105
2025-05-13,MT,Đà Nẵng,5,61367 - 66672 - 96738
2025-05-13,MT,Đà Nẵng,6,53405 - 64820 - 46773
2025-05-13,MT,Đà Nẵng,7,76756 - 12661 - 37253 - 53001
2025-05-13,MT,Đà Nẵng,8,20584
2025-05-13,MT,Khánh Hòa,ĐB,80445
2025-05-13,MT,Khánh Hòa,1,90574
2025-05-13,MT,Khánh Hòa,2,79722
2025-05-13,MT,Khánh Hòa,3,30749 - 29444 - 39726 - 35369 - 81591 - 44999
2025-05-13,MT,Khánh Hòa,4,19593 - 88504 - 19469 - 92520 - 03004 - 74645
2025-05-13,MT,Khánh Hòa,5,06482 - 40731 - 35059
2025-05-13,MT,Khánh Hòa,6,14046 - 97037 - 75282
2025-05-13,MT,Khánh Hòa,7,05302 - 55278 - 79255 - 84850
2025-05-13,MT,Khánh Hòa,8,10521
2025-05-13,MN,TP. HCM,ĐB,30820
2025-05-13,MN,TP. HCM,1,21309
2025-05-13,MN,TP. HCM,2,68998
2025-05-13,MN,TP. HCM,3,40819 - 32003 - 33166 - 46889 - 11944 - 66835
2025-05-13,MN,TP. HCM,4,85456 - 18543 - 66729 - 63602 - 06328 - 13962
2025-05-13,MN,TP. HCM,5,53873 - 90083 - 95872
2025-05-13,MN,TP. HCM,6,10511 - 63185 - 44543
2025-05-13,MN,TP. HCM,7,48217 - 45491 - 67151 - 51894
2025-05-13,MN,TP. HCM,8,69696
2025-05-13,MN,Đồng Tháp,ĐB,43204
2025-05-13,MN,Đồng Tháp,1,85747
2025-05-13,MN,Đồng Tháp,2,82008
2025-05-13,MN,Đồng Tháp,3,01924 - 43449 - 39134 - 54503 - 60878 - 40886
2025-05-13,MN,Đồng Tháp,4,21198 - 12870 - 15212 - 43216 - 42971 - 98841
2025-05-13,MN,Đồng Tháp,5,92002 - 59967 - 59848
2025-05-13,MN,Đồng Tháp,6,07600 - 54062 - 77849
2025-05-13,MN,Đồng Tháp,7,61143 - 34682 - 59267 - 10029
2025-05-13,MN,Đồng Tháp,8,55732
2025-05-13,MN,Cà Mau,ĐB,71540
2025-05-13,MN,Cà Mau,1,95096
2025-05-13,MN,Cà Mau,2,04646
2025-05-13,MN,Cà Mau,3,95279 - 27681 - 07381 - 99610 - 56948 - 10466
2025-05-13,MN,Cà Mau,4,25100 - 88617 - 05075 - 35164 - 94015 - 37886
2025-05-13,MN,Cà Mau,5,10655 - 50390 - 60968
2025-05-13,MN,Cà Mau,6,87087 - 30426 - 74928
2025-05-13,MN,Cà Mau,7,26523 - 57900 - 78398 - 65405
2025-05-13,MN,Cà Mau,8,65868
2025-05-14,MB,Hà Nội,ĐB,01039
2025-05-14,MB,Hà Nội,1,76716
2025-05-14,MB,Hà Nội,2,80357
2025-05-14,MB,Hà Nội,3,52598 - 26698 - 73564 - 41108 - 70500 - 98869
2025-05-14,MB,Hà Nội,4,26664 - 30943 - 36281 - 01221 - 96035 - 09550
2025-05-14,MB,Hà Nội,5,44141 - 25399 - 76601
2025-05-14,MB,Hà Nội,6,08222 - 01733 - 35999
2025-05-14,MB,Hà Nội,7,55347 - 88576 - 03018 - 76366
2025-05-14,MT,Đà Nẵng,ĐB,31138
2025-05-14,MT,Đà Nẵng,1,93628
2025-05-14,MT,Đà Nẵng,2,54393
2025-05-14,MT,Đà Nẵng,3,78165 - 81259 - 50617 - 24873 - 72314 - 70041
2025-05-14,MT,Đà Nẵng,4,03682 - 36540 - 79256 - 58390 - 77147 - 65869
2025-05-14,MT,Đà Nẵng,5,34119 - 12212 - 84146
2025-05-14,MT,Đà Nẵng,6,71616 - 60875 - 08342
2025-05-14,MT,Đà Nẵng,7,07212 - 09057 - 00063 - 49995
2025-05-14,MT,Đà Nẵng,8,04063
2025-05-14,MT,Khánh Hòa,ĐB,03205
2025-05-14,MT,Khánh Hòa,1,87391
2025-05-14,MT,Khánh Hòa,2,99453
2025-05-14,MT,Khánh Hòa,3,07215 - 94489 - 58477 - 57064 - 47269 - 69369
2025-05-14,MT,Khánh Hòa,4,00959 - 63211 - 48536 - 09914 - 52194 - 83222
2025-05-14,MT,Khánh Hòa,5,60309 - 30343 - 37843
2025-05-14,MT,Khánh Hòa,6,34719 - 77348 - 27089
2025-05-14,MT,Khánh Hòa,7,60258 - 00383 - 79012 - 80739
2025-05-14,MT,Khánh Hòa,8,68204
2025-05-14,MN,TP. HCM,ĐB,27603
2025-05-14,MN,TP. HCM,1,80056
2025-05-14,MN,TP. HCM,2,73504
2025-05-14,MN,TP. HCM,3,63784 - 73762 - 57894 - 00826 - 60993 - 31199
2025-05-14,MN,TP. HCM,4,08628 - 51121 - 16824 - 82726 - 44763 - 47849
2025-05-14,MN,TP. HCM,5,90873 - 26319 - 65683
2025-05-14,MN,TP. HCM,6,83234 - 82959 - 02039
2025-05-14,MN,TP. HCM,7,82260 - 70892 - 37843 - 36986
2025-05-14,MN,TP. HCM,8,53390
2025-05-14,MN,Đồng Tháp,ĐB,00227
2025-05-14,MN,Đồng Tháp,1,09546
2025-05-14,MN,Đồng Tháp,2,49167
2025-05-14,MN,Đồng Tháp,3,78491 - 14944 - 50724 - 33454 - 26501 - 20069
2025-05-14,MN,Đồng Tháp,4,51670 - 29864 - 06749 - 02408 - 30283 - 35932
2025-05-14,MN,Đồng Tháp,5,51671 - 20740 - 08390
2025-05-14,MN,Đồng Tháp,6,89354 - 39663 - 58658
2025-05-14,MN,Đồng Tháp,7,23676 - 72319 - 53778 - 47580
2025-05-14,MN,Đồng Tháp,8,01443
2025-05-14,MN,Cà Mau,ĐB,24765
2025-05-14,MN,Cà Mau,1,78333
2025-05-14,MN,Cà Mau,2,80819
2025-05-14,MN,Cà Mau,3,81822 - 67722 - 56424 - 06265 - 27015 - 02150
2025-05-14,MN,Cà Mau,4,73393 - 25959 - 20440 - 33157 - 75863 - 73101
2025-05-14,MN,Cà Mau,5,06559 - 11243 - 90156
2025-05-14,MN,Cà Mau,6,16425 - 47291 - 95700
2025-05-14,MN,Cà Mau,7,11736 - 77125 - 14490 - 44921
2025-05-14,MN,Cà Mau,8,52744
2025-05-15,MB,Hà Nội,ĐB,10711
2025-05-15,MB,Hà Nội,1,04538
2025-05-15,MB,Hà Nội,2,04466
2025-05-15,MB,Hà Nội,3,62364 - 49935 - 03752 - 16091 - 75589 - 77647
2025-05-15,MB,Hà Nội,4,61367 - 48972 - 10405 - 75189 - 34142 - 90313
2025-05-15,MB,Hà Nội,5,38956 - 37232 - 96671
2025-05-15,MB,Hà Nội,6,75670 - 35347 - 85959
2025-05-15,MB,Hà Nội,7,10914 - 42555 - 04885 - 12111
2025-05-15,MT,Đà Nẵng,ĐB,64491
2025-05-15,MT,Đà Nẵng,1,72007
2025-05-15,MT,Đà Nẵng,2,42930
2025-05-15,MT,Đà Nẵng,3,63783 - 78786 - 59564 - 23063 - 61442 - 08618
2025-05-15,MT,Đà Nẵng,4,60261 - 50968 - 27270 - 75612 - 61813 - 13070
2025-05-15,MT,Đà Nẵng,5,55402 - 07500 - 60267
2025-05-15,MT,Đà Nẵng,6,98621 - 56332 - 34086
2025-05-15,MT,Đà Nẵng,7,78215 - 94210 - 71406 - 92837
2025-05-15,MT,Đà Nẵng,8,47603
2025-05-15,MT,Khánh Hòa,ĐB,67839
2025-05-15,MT,Khánh Hòa,1,66794
2025-05-15,MT,Khánh Hòa,2,16995
2025-05-15,MT,Khánh Hòa,3,68310 - 38987 - 41773 - 12903 - 03951 - 33074
2025-05-15,MT,Khánh Hòa,4,16801 - 97223 - 30750 - 67094 - 02506 - 31803
2025-05-15,MT,Khánh Hòa,5,23403 - 69721 - 32924
2025-05-15,MT,Khánh Hòa,6,93500 - 95230 - 28617
2025-05-15,MT,Khánh Hòa,7,49967 - 40271 - 20701 - 13388
2025-05-15,MT,Khánh Hòa,8,83292
2025-05-15,MN,TP. HCM,ĐB,12434
2025-05-15,MN,TP. HCM,1,11395
2025-05-15,MN,TP. HCM,2,61817
2025-05-15,MN,TP. HCM,3,43578 - 17955 - 21489 - 25843 - 31109 - 43247
2025-05-15,MN,TP. HCM,4,67189 - 60072 - 42516 - 49850 - 36981 - 05903
2025-05-15,MN,TP. HCM,5,31329 - 49565 - 89640
2025-05-15,MN,TP. HCM,6,48010 - 36619 - 24704
2025-05-15,MN,TP. HCM,7,07726 - 04625 - 00027 - 19963
2025-05-15,MN,TP. HCM,8,06320
2025-05-15,MN,Đồng Tháp,ĐB,64601
2025-05-15,MN,Đồng Tháp,1,53859
2025-05-15,MN,Đồng Tháp,2,81073
2025-05-15,MN,Đồng Tháp,3,34439 - 54287 - 41696 - 52880 - 96902 - 90203
2025-05-15,MN,Đồng Tháp,4,63701 - 69637 - 10075 - 92832 - 79623 - 10828
2025-05-15,MN,Đồng Tháp,5,99871 - 88873 - 85401
2025-05-15,MN,Đồng Tháp,6,25716 - 20468 - 00950
2025-05-15,MN,Đồng Tháp,7,89128 - 67970 - 87730 - 88405
2025-05-15,MN,Đồng Tháp,8,68073
2025-05-15,MN,Cà Mau,ĐB,19821
2025-05-15,MN,Cà Mau,1,03542
2025-05-15,MN,Cà Mau,2,08224
2025-05-15,MN,Cà Mau,3,34933 - 52548 - 69122 - 24959 - 48422 - 09355
2025-05-15,MN,Cà Mau,4,38079 - 45814 - 81840 - 47583 - 45146 - 34661
2025-05-15,MN,Cà Mau,5,34036 - 92674 - 93581
2025-05-15,MN,Cà Mau,6,52934 - 52561 - 09730
2025-05-15,MN,Cà Mau,7,16140 - 46298 - 75120 - 81609
2025-05-15,MN,Cà Mau,8,93001
2025-05-16,MB,Hà Nội,ĐB,23331
2025-05-16,MB,Hà Nội,1,50707
2025-05-16,MB,Hà Nội,2,01762
2025-05-16,MB,Hà Nội,3,54587 - 11785 - 78298 - 32212 - 62550 - 02808
2025-05-16,MB,Hà Nội,4,14767 - 13536 - 51727 - 45780 - 73501 - 80158
2025-05-16,MB,Hà Nội,5,46208 - 10750 - 66752
2025-05-16,MB,Hà Nội,6,26717 - 59058 - 49294
2025-05-16,MB,Hà Nội,7,14704 - 91823 - 86458 - 69349
2025-05-16,MT,Đà Nẵng,ĐB,10791
2025-05-16,MT,Đà Nẵng,1,62593
2025-05-16,MT,Đà Nẵng,2,59093
2025-05-16,MT,Đà Nẵng,3,28299 - 81731 - 19142 - 61597 - 20381 - 44281
2025-05-16,MT,Đà Nẵng,4,96753 - 24965 - 96108 - 24093 - 12849 - 45480
2025-05-16,MT,Đà Nẵng,5,19915 - 09861 - 65761
2025-05-16,MT,Đà Nẵng,6,39875 - 48062 - 99096
2025-05-16,MT,Đà Nẵng,7,80141 - 28236 - 99908 - 48783
2025-05-16,MT,Đà Nẵng,8,27390
2025-05-16,MT,Khánh Hòa,ĐB,15821
2025-05-16,MT,Khánh Hòa,1,92325
2025-05-16,MT,Khánh Hòa,2,37870
2025-05-16,MT,Khánh Hòa,3,24651 - 00804 - 39397 - 17409 - 08619 - 24389
2025-05-16,MT,Khánh Hòa,4,61417 - 30256 - 63644 - 60267 - 09306 - 43954
2025-05-16,MT,Khánh Hòa,5,79084 - 26431 - 10201
2025-05-16,MT,Khánh Hòa,6,90027 - 28310 - 27738
2025-05-16,MT,Khánh Hòa,7,99920 - 63762 - 59522 - 92321
2025-05-16,MT,Khánh Hòa,8,58024
2025-05-16,MN,TP. HCM,ĐB,60059
2025-05-16,MN,TP. HCM,1,27199
2025-05-16,MN,TP. HCM,2,66113
2025-05-16,MN,TP. HCM,3,84372 - 66675 - 53716 - 95708 - 71406 - 96938
2025-05-16,MN,TP. HCM,4,29609 - 18256 - 02289 - 02626 - 72165 - 65368
2025-05-16,MN,TP. HCM,5,07548 - 62476 - 94656
2025-05-16,MN,TP. HCM,6,59019 - 35854 - 20536
2025-05-16,MN,TP. HCM,7,89250 - 67483 - 71587 - 51092
2025-05-16,MN,TP. HCM,8,21324
2025-05-16,MN,Đồng Tháp,ĐB,21898
2025-05-16,MN,Đồng Tháp,1,11048
2025-05-16,MN,Đồng Tháp,2,52586
2025-05-16,MN,Đồng Tháp,3,41620 - 44065 - 25968 - 04102 - 89920 - 91182
2025-05-16,MN,Đồng Tháp,4,41249 - 58776 - 27799 - 93989 - 81616 - 69599
2025-05-16,MN,Đồng Tháp,5,50751 - 11293 - 75568
2025-05-16,MN,Đồng Tháp,6,48366 - 82677 - 35564
2025-05-16,MN,Đồng Tháp,7,66511 - 98034 - 85393 - 66101
2025-05-16,MN,Đồng Tháp,8,04830
2025-05-16,MN,Cà Mau,ĐB,36225
2025-05-16,MN,Cà Mau,1,79409
2025-05-16,MN,Cà Mau,2,34101
2025-05-16,MN,Cà Mau,3,55008 - 40005 - 75141 - 84619 - 41482 - 81666
2025-05-16,MN,Cà Mau,4,22989 - 41865 - 92433 - 28705 - 86416 - 57095
2025-05-16,MN,Cà Mau,5,23745 - 51452 - 12840
2025-05-16,MN,Cà Mau,6,95048 - 51873 - 89451
2025-05-16,MN,Cà Mau,7,91232 - 81354 - 29411 - 28819
2025-05-16,MN,Cà Mau,8,14909
2025-05-17,MB,Hà Nội,ĐB,29669
2025-05-17,MB,Hà Nội,1,72036
2025-05-17,MB,Hà Nội,2,22120
2025-05-17,MB,Hà Nội,3,77889 - 89700 - 26328 - 14079 - 46269 - 92230
2025-05-17,MB,Hà Nội,4,34206 - 80858 - 29655 - 85317 - 35594 - 06500
2025-05-17,MB,Hà Nội,5,52676 - 89277 - 38556
2025-05-17,MB,Hà Nội,6,56140 - 99223 - 70115
2025-05-17,MB,Hà Nội,7,64724 - 86864 - 51718 - 75364
2025-05-17,MT,Đà Nẵng,ĐB,14625
2025-05-17,MT,Đà Nẵng,1,32984
2025-05-17,MT,Đà Nẵng,2,74792
2025-05-17,MT,Đà Nẵng,3,47998 - 73447 - 65922 - 49635 - 77738 - 26012
2025-05-17,MT,Đà Nẵng,4,02351 - 31462 - 75611 - 09647 - 90893 - 88223
2025-05-17,MT,Đà Nẵng,5,41203 - 23981 - 60805
2025-05-17,MT,Đà Nẵng,6,56077 - 20557 - 54606
2025-05-17,MT,Đà Nẵng,7,77117 - 96507 - 58842 - 07139
2025-05-17,MT,Đà Nẵng,8,38810
2025-05-17,MT,Khánh Hòa,ĐB,19327
2025-05-17,MT,Khánh Hòa,1,21930
2025-05-17,MT,Khánh Hòa,2,34300
2025-05-17,MT,Khánh Hòa,3,22114 - 84931 - 04998 - 98038 - 80206 - 85257
2025-05-17,MT,Khánh Hòa,4,24349 - 70522 - 08233 - 64452 - 54759 - 76800
2025-05-17,MT,Khánh Hòa,5,69687 - 53173 - 61906
2025-05-17,MT,Khánh Hòa,6,58111 - 85130 - 10167
2025-05-17,MT,Khánh Hòa,7,96532 - 69803 - 59567 - 43883
2025-05-17,MT,Khánh Hòa,8,87377
2025-05-17,MN,TP. HCM,ĐB,68628
2025-05-17,MN,TP. HCM,1,83383
2025-05-17,MN,TP. HCM,2,60350
2025-05-17,MN,TP. HCM,3,23223 - 63027 - 34469 - 68308 - 43492 - 10650
2025-05-17,MN,TP. HCM,4,85060 - 60075 - 35935 - 80037 - 13354 - 86167
2025-05-17,MN,TP. HCM,5,94934 - 22760 - 87324
2025-05-17,MN,TP. HCM,6,87312 - 39803 - 82563
2025-05-17,MN,TP. HCM,7,93492 - 54100 - 18453 - 53461
2025-05-17,MN,TP. HCM,8,93969
2025-05-17,MN,Đồng Tháp,ĐB,87164
2025-05-17,MN,Đồng Tháp,1,56670
2025-05-17,MN,Đồng Tháp,2,99034
2025-05-17,MN,Đồng Tháp,3,39048 - 39899 - 90989 - 24033 - 24285 - 47077
2025-05-17,MN,Đồng Tháp,4,05073 - 30851 - 53312 - 68033 - 22164 - 46829
2025-05-17,MN,Đồng Tháp,5,62665 - 84238 - 37900
2025-05-17,MN,Đồng Tháp,6,94052 - 47817 - 59784
2025-05-17,MN,Đồng Tháp,7,12816 - 02694 - 73224 - 70944
2025-05-17,MN,Đồng Tháp,8,51313
2025-05-17,MN,Cà Mau,ĐB,04012
2025-05-17,MN,Cà Mau,1,16421
2025-05-17,MN,Cà Mau,2,06169
2025-05-17,MN,Cà Mau,3,91407 - 98903 - 57820 - 77292 - 36675 - 19393
2025-05-17,MN,Cà Mau,4,17028 - 03698 - 05846 - 38318 - 63782 - 42037
2025-05-17,MN,Cà Mau,5,99814 - 25681 - 98790
2025-05-17,MN,Cà Mau,6,46809 - 08590 - 83503
2025-05-17,MN,Cà Mau,7,13283 - 44773 - 86742 - 55140
2025-05-17,MN,Cà Mau,8,43572
2025-05-18,MB,Hà Nội,ĐB,73079
2025-05-18,MB,Hà Nội,1,34827
2025-05-18,MB,Hà Nội,2,25750
2025-05-18,MB,Hà Nội,3,19303 - 05837 - 83614 - 52954 - 70749 - 31374
2025-05-18,MB,Hà Nội,4,81951 - 43125 - 77379 - 63269 - 11264 - 16670
2025-05-18,MB,Hà Nội,5,92424 - 93092 - 10585
2025-05-18,MB,Hà Nội,6,55719 - 84798 - 62618
2025-05-18,MB,Hà Nội,7,84601 - 33029 - 54030 - 10926
2025-05-18,MT,Đà Nẵng,ĐB,10277
2025-05-18,MT,Đà Nẵng,1,68587
2025-05-18,MT,Đà Nẵng,2,42699
2025-05-18,MT,Đà Nẵng,3,42307 - 38913 - 00902 - 62167 - 28932 - 04277
2025-05-18,MT,Đà Nẵng,4,51196 - 67663 - 65008 - 92279 - 54701 - 28118
2025-05-18,MT,Đà Nẵng,5,83511 - 81614 - 62900
2025-05-18,MT,Đà Nẵng,6,56830 - 56261 - 16385
2025-05-18,MT,Đà Nẵng,7,17646 - 17628 - 51241 - 27078
2025-05-18,MT,Đà Nẵng,8,18268
2025-05-18,MT,Khánh Hòa,ĐB,68523
2025-05-18,MT,Khánh Hòa,1,48671
2025-05-18,MT,Khánh Hòa,2,83828
2025-05-18,MT,Khánh Hòa,3,29574 - 19052 - 83735 - 57603 - 25958 - 05465
2025-05-18,MT,Khánh Hòa,4,03937 - 48359 - 98663 - 04609 - 04711 - 72831
2025-05-18,MT,Khánh Hòa,5,71739 - 54227 - 97360
2025-05-18,MT,Khánh Hòa,6,62045 - 77423 - 46817
2025-05-18,MT,Khánh Hòa,7,20199 - 56114 - 46893 - 45654
2025-05-18,MT,Khánh Hòa,8,17140
2025-05-18,MN,TP. HCM,ĐB,02519
2025-05-18,MN,TP. HCM,1,41743
2025-05-18,MN,TP. HCM,2,11707
2025-05-18,MN,TP. HCM,3,20242 - 05472 - 77147 - 68692 - 58893 - 24375
2025-05-18,MN,TP. HCM,4,92259 - 56941 - 20525 - 07667 - 11741 - 77674
2025-05-18,MN,TP. HCM,5,18154 - 65234 - 90326
2025-05-18,MN,TP. HCM,6,60857 - 28403 - 49176
2025-05-18,MN,TP. HCM,7,44887 - 82073 - 43957 - 49156
2025-05-18,MN,TP. HCM,8,25721
2025-05-18,MN,Đồng Tháp,ĐB,87851
2025-05-18,MN,Đồng Tháp,1,97081
2025-05-18,MN,Đồng Tháp,2,32235
2025-05-18,MN,Đồng Tháp,3,46217 - 01142 - 42932 - 11137 - 43480 - 12568
2025-05-18,MN,Đồng Tháp,4,73169 - 89099 - 38039 - 17212 - 39516 - 73176
2025-05-18,MN,Đồng Tháp,5,80083 - 68767 - 09504
2025-05-18,MN,Đồng Tháp,6,37550 - 42089 - 97331
2025-05-18,MN,Đồng Tháp,7,95731 - 51085 - 76951 - 29408
2025-05-18,MN,Đồng Tháp,8,90991
2025-05-18,MN,Cà Mau,ĐB,33309
2025-05-18,MN,Cà Mau,1,26257
2025-05-18,MN,Cà Mau,2,00722
2025-05-18,MN,Cà Mau,3,01484 - 59905 - 61240 - 05050 - 65905 - 12282
2025-05-18,MN,Cà Mau,4,15870 - 03031 - 72385 - 12602 - 15376 - 63014
2025-05-18,MN,Cà Mau,5,60455 - 99887 - 33594
2025-05-18,MN,Cà Mau,6,75838 - 45753 - 09766
2025-05-18,MN,Cà Mau,7,76970 - 25089 - 95230 - 96397
2025-05-18,MN,Cà Mau,8,20347
2025-05-19,MB,Hà Nội,ĐB,40162
2025-05-19,MB,Hà Nội,1,66015
2025-05-19,MB,Hà Nội,2,59465
2025-05-19,MB,Hà Nội,3,63966 - 07325 - 32753 - 30783 - 23915 - 62922
2025-05-19,MB,Hà Nội,4,32729 - 04000 - 83033 - 75952 - 76632 - 11922
2025-05-19,MB,Hà Nội,5,27657 - 54457 - 12704
2025-05-19,MB,Hà Nội,6,24819 - 66172 - 31524
2025-05-19,MB,Hà Nội,7,50909 - 54954 - 63643 - 63499
2025-05-19,MT,Đà Nẵng,ĐB,97168
2025-05-19,MT,Đà Nẵng,1,05951
2025-05-19,MT,Đà Nẵng,2,68050
2025-05-19,MT,Đà Nẵng,3,29002 - 15841 - 67266 - 62260 - 06445 - 12045
2025-05-19,MT,Đà Nẵng,4,05280 - 24766 - 56130 - 68844 - 86802 - 90347
2025-05-19,MT,Đà Nẵng,5,61284 - 22789 - 08871
2025-05-19,MT,Đà Nẵng,6,62323 - 78763 - 49049
2025-05-19,MT,Đà Nẵng,7,15595 - 76647 - 02090 - 27194
2025-05-19,MT,Đà Nẵng,8,50810
2025-05-19,MT,Khánh Hòa,ĐB,00654
2025-05-19,MT,Khánh Hòa,1,88073
2025-05-19,MT,Khánh Hòa,2,58848
2025-05-19,MT,Khánh Hòa,3,90541 - 19116 - 52782 - 52591 - 37189 - 73188
2025-05-19,MT,Khánh Hòa,4,21399 - 52458 - 98282 - 49595 - 80277 - 83856
2025-05-19,MT,Khánh Hòa,5,95462 - 63891 - 63492
2025-05-19,MT,Khánh Hòa,6,91787 - 93074 - 22774
2025-05-19,MT,Khánh Hòa,7,62786 - 56538 - 53105 - 49053
2025-05-19,MT,Khánh Hòa,8,13850
2025-05-19,MN,TP. HCM,ĐB,12207
2025-05-19,MN,TP. HCM,1,81338
2025-05-19,MN,TP. HCM,2,35366
2025-05-19,MN,TP. HCM,3,83237 - 62395 - 55256 - 09033 - 15433 - 19635
2025-05-19,MN,TP. HCM,4,27322 - 54664 - 96595 - 60834 - 97478 - 40322
2025-05-19,MN,TP. HCM,5,48696 - 58212 - 98447
2025-05-19,MN,TP. HCM,6,38523 - 52447 - 24291
2025-05-19,MN,TP. HCM,7,02869 - 92471 - 10901 - 64165
2025-05-19,MN,TP. HCM,8,95347
2025-05-19,MN,Đồng Tháp,ĐB,44492
2025-05-19,MN,Đồng Tháp,1,50527
2025-05-19,MN,Đồng Tháp,2,42203
2025-05-19,MN,Đồng Tháp,3,74609 - 68516 - 61068 - 22676 - 27652 - 05973
2025-05-19,MN,Đồng Tháp,4,49991 - 00871 - 25710 - 56853 - 23638 - 26480
2025-05-19,MN,Đồng Tháp,5,60197 - 27259 - 70400
2025-05-19,MN,Đồng Tháp,6,10054 - 42171 - 06378
2025-05-19,MN,Đồng Tháp,7,84612 - 38576 - 97673 - 92888
2025-05-19,MN,Đồng Tháp,8,49446
2025-05-19,MN,Cà Mau,ĐB,68561
2025-05-19,MN,Cà Mau,1,10589
2025-05-19,MN,Cà Mau,2,60627
2025-05-19,MN,Cà Mau,3,11041 - 92597 - 38582 - 29154 - 23125 - 40147
2025-05-19,MN,Cà Mau,4,01299 - 26884 - 70504 - 54520 - 93431 - 63166
2025-05-19,MN,Cà Mau,5,00531 - 03340 - 22724
2025-05-19,MN,Cà Mau,6,33538 - 73611 - 06767
2025-05-19,MN,Cà Mau,7,63315 - 66679 - 04899 - 34180
2025-05-19,MN,Cà Mau,8,92690
2025-05-20,MB,Hà Nội,ĐB,28881
2025-05-20,MB,Hà Nội,1,04592
2025-05-20,MB,Hà Nội,2,80872
2025-05-20,MB,Hà Nội,3,62555 - 98745 - 64320 - 54983 - 42508 - 25717
2025-05-20,MB,Hà Nội,4,15969 - 71570 - 81798 - 97168 - 37694 - 52869
2025-05-20,MB,Hà Nội,5,91002 - 45515 - 86221
2025-05-20,MB,Hà Nội,6,49857 - 77413 - 92856
2025-05-20,MB,Hà Nội,7,03391 - 54175 - 29663 - 91756
2025-05-20,MT,Đà Nẵng,ĐB,96526
2025-05-20,MT,Đà Nẵng,1,59473
2025-05-20,MT,Đà Nẵng,2,54945
2025-05-20,MT,Đà Nẵng,3,70408 - 22555 - 35603 - 73051 - 68817 - 17938
2025-05-20,MT,Đà Nẵng,4,45537 - 94347 - 06314 - 37211 - 12976 - 93865
2025-05-20,MT,Đà Nẵng,5,59992 - 75635 - 04066
2025-05-20,MT,Đà Nẵng,6,86018 - 51629 - 63688
2025-05-20,MT,Đà Nẵng,7,28202 - 47678 - 51640 - 80662
2025-05-20,MT,Đà Nẵng,8,19695
2025-05-20,MT,Khánh Hòa,ĐB,03389
2025-05-20,MT,Khánh Hòa,1,60651
2025-05-20,MT,Khánh Hòa,2,42225
2025-05-20,MT,Khánh Hòa,3,18187 - 58039 - 21854 - 65505 - 80493 - 57030
2025-05-20,MT,Khánh Hòa,4,24703 - 11557 - 74655 - 43649 - 38348 - 41605
2025-05-20,MT,Khánh Hòa,5,79141 - 45662 - 45360
2025-05-20,MT,Khánh Hòa,6,74349 - 61724 - 62212
2025-05-20,MT,Khánh Hòa,7,82412 - 81674 - 98536 - 58064
2025-05-20,MT,Khánh Hòa,8,78525
2025-05-20,MN,TP. HCM,ĐB,87106
2025-05-20,MN,TP. HCM,1,75314
2025-05-20,MN,TP. HCM,2,16651
2025-05-20,MN,TP. HCM,3,20197 - 15177 - 06800 - 82220 - 96864 - 45072
2025-05-20,MN,TP. HCM,4,28931 - 98382 - 69345 - 36046 - 11496 - 25931
2025-05-20,MN,TP. HCM,5,49030 - 13430 - 15789
2025-05-20,MN,TP. HCM,6,32552 - 46506 - 26981
2025-05-20,MN,TP. HCM,7,30975 - 88506 - 43722 - 85470
2025-05-20,MN,TP. HCM,8,43171
2025-05-20,MN,Đồng Tháp,ĐB,90276
2025-05-20,MN,Đồng Tháp,1,74596
2025-05-20,MN,Đồng Tháp,2,81465
2025-05-20,MN,Đồng Tháp,3,59901 - 19547 - 12043 - 43997 - 01373 - 53941
2025-05-20,MN,Đồng Tháp,4,54141 - 04219 - 35304 - 45616 - 15576 - 16543
2025-05-20,MN,Đồng Tháp,5,57123 - 87115 - 61502
2025-05-20,MN,Đồng Tháp,6,74636 - 70450 - 76691
2025-05-20,MN,Đồng Tháp,7,64164 - 78846 - 44917 - 65593
2025-05-20,MN,Đồng Tháp,8,35399
2025-05-20,MN,Cà Mau,ĐB,79105
2025-05-20,MN,Cà Mau,1,29597
2025-05-20,MN,Cà Mau,2,83441
2025-05-20,MN,Cà Mau,3,60142 - 05050 - 89850 - 61618 - 84038 - 92237
2025-05-20,MN,Cà Mau,4,15423 - 67281 - 08601 - 50262 - 60636 - 06896
2025-05-20,MN,Cà Mau,5,51724 - 08209 - 38264
2025-05-20,MN,Cà Mau,6,19587 - 09086 - 71054
2025-05-20,MN,Cà Mau,7,92110 - 24988 - 00517 - 91981
2025-05-20,MN,Cà Mau,8,96696
2025-05-21,MB,Hà Nội,ĐB,75703
2025-05-21,MB,Hà Nội,1,29546
2025-05-21,MB,Hà Nội,2,68369
2025-05-21,MB,Hà Nội,3,03237 - 63897 - 21587 - 13142 - 95075 - 74948
2025-05-21,MB,Hà Nội,4,01418 - 47901 - 74900 - 41124 - 09427 - 96517
2025-05-21,MB,Hà Nội,5,65100 - 63535 - 36457
2025-05-21,MB,Hà Nội,6,55375 - 21077 - 97001
2025-05-21,MB,Hà Nội,7,15957 - 08346 - 21295 - 21563
2025-05-21,MT,Đà Nẵng,ĐB,11756
2025-05-21,MT,Đà Nẵng,1,30800
2025-05-21,MT,Đà Nẵng,2,11446
2025-05-21,MT,Đà Nẵng,3,11820 - 13404 - 11005 - 73671 - 64216 - 60597
2025-05-21,MT,Đà Nẵng,4,18152 - 23060 - 11397 - 34825 - 53648 - 19715
2025-05-21,MT,Đà Nẵng,5,43243 - 65541 - 11530
2025-05-21,MT,Đà Nẵng,6,16294 - 31086 - 23124
2025-05-21,MT,Đà Nẵng,7,19219 - 78052 - 44709 - 91974
2025-05-21,MT,Đà Nẵng,8,91670
2025-05-21,MT,Khánh Hòa,ĐB,52354
2025-05-21,MT,Khánh Hòa,1,21288
2025-05-21,MT,Khánh Hòa,2,16430
2025-05-21,MT,Khánh Hòa,3,18079 - 26616 - 31336 - 07994 - 35154 - 60396
2025-05-21,MT,Khánh Hòa,4,72143 - 77342 - 65858 - 39723 - 78249 - 54936
2025-05-21,MT,Khánh Hòa,5,97234 - 49216 - 99004
2025-05-21,MT,Khánh Hòa,6,70875 - 88366 - 66420
2025-05-21,MT,Khánh Hòa,7,19769 - 23590 - 04591 - 85590
2025-05-21,MT,Khánh Hòa,8,35247
2025-05-21,MN,TP. HCM,ĐB,80607
2025-05-21,MN,TP. HCM,1,14294
2025-05-21,MN,TP. HCM,2,10890
2025-05-21,MN,TP. HCM,3,99352 - 90458 - 97647 - 22315 - 36752 - 82235
2025-05-21,MN,TP. HCM,4,89808 - 07031 - 21631 - 10000 - 53454 - 70380
2025-05-21,MN,TP. HCM,5,03532 - 28193 - 72303
2025-05-21,MN,TP. HCM,6,66399 - 68582 - 63903
2025-05-21,MN,TP. HCM,7,41794 - 66836 - 91315 - 22382
2025-05-21,MN,TP. HCM,8,93595
2025-05-21,MN,Đồng Tháp,ĐB,91950
2025-05-21,MN,Đồng Tháp,1,66352
2025-05-21,MN,Đồng Tháp,2,23649
2025-05-21,MN,Đồng Tháp,3,30912 - 96351 - 96282 - 18796 - 98725 - 97966
2025-05-21,MN,Đồng Tháp,4,30886 - 79622 - 22264 - 46363 - 34745 - 52443
2025-05-21,MN,Đồng Tháp,5,61413 - 17485 - 75997
2025-05-21,MN,Đồng Tháp,6,73629 - 30655 - 88968
2025-05-21,MN,Đồng Tháp,7,07025 - 08999 - 70998 - 91599
2025-05-21,MN,Đồng Tháp,8,57894
2025-05-21,MN,Cà Mau,ĐB,00069
2025-05-21,MN,Cà Mau,1,03143
2025-05-21,MN,Cà Mau,2,97625
2025-05-21,MN,Cà Mau,3,09036 - 61883 - 40895 - 97302 - 57158 - 51079
2025-05-21,MN,Cà Mau,4,15557 - 43138 - 55501 - 60887 - 16058 - 49628
2025-05-21,MN,Cà Mau,5,71066 - 55045 - 46501
2025-05-21,MN,Cà Mau,6,98956 - 22935 - 21401
2025-05-21,MN,Cà Mau,7,39700 - 24426 - 08292 - 92985
2025-05-21,MN,Cà Mau,8,13975
2025-05-22,MB,Hà Nội,ĐB,69562
2025-05-22,MB,Hà Nội,1,40389
2025-05-22,MB,Hà Nội,2,70782
2025-05-22,MB,Hà Nội,3,73830 - 83157 - 89394 - 86992 - 05164 - 31113
2025-05-22,MB,Hà Nội,4,22693 - 64518 - 45985 - 53078 - 49434 - 13105
2025-05-22,MB,Hà Nội,5,27620 - 09054 - 53608
2025-05-22,MB,Hà Nội,6,82321 - 74954 - 37201
2025-05-22,MB,Hà Nội,7,23200 - 44003 - 83985 - 26392
2025-05-22,MT,Đà Nẵng,ĐB,42187
2025-05-22,MT,Đà Nẵng,1,48382
2025-05-22,MT,Đà Nẵng,2,56639
2025-05-22,MT,Đà Nẵng,3,96427 - 91133 - 86738 - 33410 - 97786 - 25502
2025-05-22,MT,Đà Nẵng,4,60410 - 05123 - 40879 - 89311 - 88860 - 64525
2025-05-22,MT,Đà Nẵng,5,06389 - 69090 - 79286
2025-05-22,MT,Đà Nẵng,6,32127 - 81131 - 63689
2025-05-22,MT,Đà Nẵng,7,08918 - 42262 - 66391 - 51896
2025-05-22,MT,Đà Nẵng,8,64307
2025-05-22,MT,Khánh Hòa,ĐB,34418
2025-05-22,MT,Khánh Hòa,1,09742
2025-05-22,MT,Khánh Hòa,2,54784
2025-05-22,MT,Khánh Hòa,3,86499 - 85789 - 26035 - 97019 - 00324 - 62153
2025-05-22,MT,Khánh Hòa,4,83550 - 38841 - 49426 - 17293 - 52158 - 10952
2025-05-22,MT,Khánh Hòa,5,62735 - 55774 - 59448
2025-05-22,MT,Khánh Hòa,6,26096 - 11055 - 37667
2025-05-22,MT,Khánh Hòa,7,67818 - 22831 - 25050 - 21712
2025-05-22,MT,Khánh Hòa,8,39642
2025-05-22,MN,TP. HCM,ĐB,76846
2025-05-22,MN,TP. HCM,1,61882
2025-05-22,MN,TP. HCM,2,89168
2025-05-22,MN,TP. HCM,3,36955 - 90875 - 84564 - 24201 - 94807 - 13943
2025-05-22,MN,TP. HCM,4,80452 - 25402 - 66600 - 59553 - 04116 - 37800
2025-05-22,MN,TP. HCM,5,81313 - 81839 - 82155
2025-05-22,MN,TP. HCM,6,06639 - 45062 - 11483
2025-05-22,MN,TP. HCM,7,22355 - 71247 - 80348 - 80855
2025-05-22,MN,TP. HCM,8,92113
2025-05-22,MN,Đồng Tháp,ĐB,08239
2025-05-22,MN,Đồng Tháp,1,31142
2025-05-22,MN,Đồng Tháp,2,50182
2025-05-22,MN,Đồng Tháp,3,25827 - 74886 - 10397 - 08661 - 29613 - 96315
2025-05-22,MN,Đồng Tháp,4,92578 - 29207 - 16042 - 33390 - 07065 - 07966
2025-05-22,MN,Đồng Tháp,5,69013 - 58228 - 86298
2025-05-22,MN,Đồng Tháp,6,24185 - 68801 - 38291
2025-05-22,MN,Đồng Tháp,7,88941 - 77318 - 25589 - 71828
2025-05-22,MN,Đồng Tháp,8,40685
2025-05-22,MN,Cà Mau,ĐB,86787
2025-05-22,MN,Cà Mau,1,73514
2025-05-22,MN,Cà Mau,2,78696
2025-05-22,MN,Cà Mau,3,89320 - 75110 - 52682 - 11690 - 88866 - 36187
2025-05-22,MN,Cà Mau,4,50714 - 72505 - 27584 - 81549 - 34084 - 27935
2025-05-22,MN,Cà Mau,5,14983 - 60293 - 10578
2025-05-22,MN,Cà Mau,6,56455 - 53505 - 33835
2025-05-22,MN,Cà Mau,7,89749 - 81825 - 64334 - 92787
2025-05-22,MN,Cà Mau,8,04936
2025-05-23,MB,Hà Nội,ĐB,19017
2025-05-23,MB,Hà Nội,1,00615
2025-05-23,MB,Hà Nội,2,21926
2025-05-23,MB,Hà Nội,3,36072 - 85615 - 89648 - 90132 - 17607 - 07027
2025-05-23,MB,Hà Nội,4,33286 - 14114 - 33157 - 15227 - 33961 - 08957
2025-05-23,MB,Hà Nội,5,31793 - 22378 - 40786
2025-05-23,MB,Hà Nội,6,97297 - 59712 - 48047
2025-05-23,MB,Hà Nội,7,76695 - 94350 - 51800 - 93045
2025-05-23,MT,Đà Nẵng,ĐB,01557
2025-05-23,MT,Đà Nẵng,1,67400
2025-05-23,MT,Đà Nẵng,2,56177
2025-05-23,MT,Đà Nẵng,3,62991 - 64142 - 31813 - 50309 - 88108 - 00022
2025-05-23,MT,Đà Nẵng,4,18164 - 04541 - 05337 - 45724 - 71821 - 33136
2025-05-23,MT,Đà Nẵng,5,79264 - 84983 - 01340
2025-05-23,MT,Đà Nẵng,6,93826 - 77345 - 90869
2025-05-23,MT,Đà Nẵng,7,97521 - 71638 - 53376 - 23310
2025-05-23,MT,Đà Nẵng,8,94109
2025-05-23,MT,Khánh Hòa,ĐB,27399
2025-05-23,MT,Khánh Hòa,1,84101
2025-05-23,MT,Khánh Hòa,2,41395
2025-05-23,MT,Khánh Hòa,3,89651 - 66953 - 12685 - 02406 - 85228 - 68984
2025-05-23,MT,Khánh Hòa,4,23864 - 46313 - 06106 - 96364 - 48793 - 91701
2025-05-23,MT,Khánh Hòa,5,22004 - 41099 - 89522
2025-05-23,MT,Khánh Hòa,6,08095 - 75265 - 00050
2025-05-23,MT,Khánh Hòa,7,36375 - 29452 - 50438 - 70939
2025-05-23,MT,Khánh Hòa,8,36694
2025-05-23,MN,TP. HCM,ĐB,83587
2025-05-23,MN,TP. HCM,1,80884
2025-05-23,MN,TP. HCM,2,80573
2025-05-23,MN,TP. HCM,3,17732 - 61847 - 31193 - 58330 - 79640 - 57031
2025-05-23,MN,TP. HCM,4,78242 - 48674 - 47984 - 40895 - 98734 - 54113
2025-05-23,MN,TP. HCM,5,23164 - 26245 - 15836
2025-05-23,MN,TP. HCM,6,71950 - 61148 - 70922
2025-05-23,MN,TP. HCM,7,68079 - 93037 - 92500 - 17075
2025-05-23,MN,TP. HCM,8,91301
2025-05-23,MN,Đồng Tháp,ĐB,99045
2025-05-23,MN,Đồng Tháp,1,45722
2025-05-23,MN,Đồng Tháp,2,13146
2025-05-23,MN,Đồng Tháp,3,82272 - 66400 - 10809 - 48729 - 59021 - 54072
2025-05-23,MN,Đồng Tháp,4,18881 - 15075 - 41457 - 33697 - 62873 - 60254
2025-05-23,MN,Đồng Tháp,5,82172 - 85437 - 47166
2025-05-23,MN,Đồng Tháp,6,18408 - 27621 - 26069
2025-05-23,MN,Đồng Tháp,7,75624 - 63447 - 61900 - 95582
2025-05-23,MN,Đồng Tháp,8,56974
2025-05-23,MN,Cà Mau,ĐB,73161
2025-05-23,MN,Cà Mau,1,55300
2025-05-23,MN,Cà Mau,2,72560
2025-05-23,MN,Cà Mau,3,72637 - 73693 - 41707 - 10631 - 06847 - 36313
2025-05-23,MN,Cà Mau,4,68327 - 98091 - 89643 - 69358 - 45469 - 04421
2025-05-23,MN,Cà Mau,5,06432 - 05007 - 18442
2025-05-23,MN,Cà Mau,6,32251 - 54917 - 09473
2025-05-23,MN,Cà Mau,7,42537 - 04014 - 62234 - 69766
2025-05-23,MN,Cà Mau,8,72016
2025-05-24,MB,Hà Nội,ĐB,16016
2025-05-24,MB,Hà Nội,1,68624
2025-05-24,MB,Hà Nội,2,39271
2025-05-24,MB,Hà Nội,3,67796 - 19918 - 87676 - 24833 - 85643 - 17495
2025-05-24,MB,Hà Nội,4,06701 - 20089 - 23913 - 92876 - 32886 - 89464
2025-05-24,MB,Hà Nội,5,74625 - 09871 - 81186
2025-05-24,MB,Hà Nội,6,81890 - 06515 - 71228
2025-05-24,MB,Hà Nội,7,50658 - 25510 - 48048 - 80076
2025-05-24,MT,Đà Nẵng,ĐB,24506
2025-05-24,MT,Đà Nẵng,1,60318
2025-05-24,MT,Đà Nẵng,2,56238
2025-05-24,MT,Đà Nẵng,3,72289 - 96774 - 44384 - 17826 - 50451 - 98526
2025-05-24,MT,Đà Nẵng,4,78430 - 87376 - 18201 - 24730 - 31281 - 65987
2025-05-24,MT,Đà Nẵng,5,18774 - 91191 - 53504
2025-05-24,MT,Đà Nẵng,6,91914 - 92570 - 58675
2025-05-24,MT,Đà Nẵng,7,60587 - 43911 - 69267 - 68362
2025-05-24,MT,Đà Nẵng,8,52063
2025-05-24,MT,Khánh Hòa,ĐB,21084
2025-05-24,MT,Khánh Hòa,1,04694
2025-05-24,MT,Khánh Hòa,2,28818
2025-05-24,MT,Khánh Hòa,3,38671 - 16412 - 35845 - 22131 - 14581 - 52473
2025-05-24,MT,Khánh Hòa,4,99597 - 79815 - 83699 - 13439 - 52094 - 56396
2025-05-24,MT,Khánh Hòa,5,40686 - 56620 - 75050
2025-05-24,MT,Khánh Hòa,6,13260 - 75317 - 87843
2025-05-24,MT,Khánh Hòa,7,44069 - 53768 - 30036 - 55442
2025-05-24,MT,Khánh Hòa,8,43105
2025-05-24,MN,TP. HCM,ĐB,26650
2025-05-24,MN,TP. HCM,1,51427
2025-05-24,MN,TP. HCM,2,75479
2025-05-24,MN,TP. HCM,3,15352 - 51509 - 95123 - 10440 - 14971 - 54682
2025-05-24,MN,TP. HCM,4,78690 - 41773 - 57438 - 12325 - 28211 - 80049
2025-05-24,MN,TP. HCM,5,21673 - 89988 - 05993
2025-05-24,MN,TP. HCM,6,29093 - 61244 - 68145
2025-05-24,MN,TP. HCM,7,45740 - 17525 - 13980 - 55844
2025-05-24,MN,TP. HCM,8,05274
2025-05-24,MN,Đồng Tháp,ĐB,31074
2025-05-24,MN,Đồng Tháp,1,36402
2025-05-24,MN,Đồng Tháp,2,93037
2025-05-24,MN,Đồng Tháp,3,62394 - 05421 - 80438 - 39494 - 05059 - 77546
2025-05-24,MN,Đồng Tháp,4,63811 - 83143 - 56921 - 39802 - 82897 - 82681
2025-05-24,MN,Đồng Tháp,5,32671 - 14557 - 79952
2025-05-24,MN,Đồng Tháp,6,48328 - 62887 - 83872
2025-05-24,MN,Đồng Tháp,7,25491 - 41705 - 94147 - 29154
2025-05-24,MN,Đồng Tháp,8,46160
2025-05-24,MN,Cà Mau,ĐB,36373
2025-05-24,MN,Cà Mau,1,91978
2025-05-24,MN,Cà Mau,2,98798
2025-05-24,MN,Cà Mau,3,88978 - 71928 - 83860 - 60329 - 05520 - 26135
2025-05-24,MN,Cà Mau,4,68851 - 09092 - 18187 - 07328 - 37079 - 02822
2025-05-24,MN,Cà Mau,5,98193 - 95612 - 54314
2025-05-24,MN,Cà Mau,6,82128 - 65016 - 25468
2025-05-24,MN,Cà Mau,7,66211 - 16959 - 51626 - 91784
2025-05-24,MN,Cà Mau,8,99899
2025-05-25,MB,Hà Nội,ĐB,40749
2025-05-25,MB,Hà Nội,1,06899
2025-05-25,MB,Hà Nội,2,16988
2025-05-25,MB,Hà Nội,3,18892 - 60512 - 12495 - 32702 - 01553 - 78464
2025-05-25,MB,Hà Nội,4,15338 - 36442 - 76902 - 26737 - 44083 - 14137
2025-05-25,MB,Hà Nội,5,89571 - 77192 - 89890
2025-05-25,MB,Hà Nội,6,97232 - 14876 - 39852
2025-05-25,MB,Hà Nội,7,01648 - 49630 - 92257 - 93125
2025-05-25,MT,Đà Nẵng,ĐB,50602
2025-05-25,MT,Đà Nẵng,1,46938
2025-05-25,MT,Đà Nẵng,2,63967
2025-05-25,MT,Đà Nẵng,3,53673 - 96021 - 53026 - 48281 - 60472 - 26791
2025-05-25,MT,Đà Nẵng,4,21523 - 85266 - 43981 - 41551 - 79992 - 38571
2025-05-25,MT,Đà Nẵng,5,65010 - 73473 - 45826
2025-05-25,MT,Đà Nẵng,6,30562 - 63775 - 99896
2025-05-25,MT,Đà Nẵng,7,77739 - 40241 - 56033 - 73869
2025-05-25,MT,Đà Nẵng,8,00388
2025-05-25,MT,Khánh Hòa,ĐB,05518
2025-05-25,MT,Khánh Hòa,1,95915
2025-05-25,MT,Khánh Hòa,2,66108
2025-05-25,MT,Khánh Hòa,3,22589 - 71420 - 00271 - 13484 - 47727 - 44695
2025-05-25,MT,Khánh Hòa,4,58526 - 17446 - 43775 - 36361 - 04751 - 40020
2025-05-25,MT,Khánh Hòa,5,35079 - 76773 - 33654
2025-05-25,MT,Khánh Hòa,6,39574 - 34292 - 38049
2025-05-25,MT,Khánh Hòa,7,15792 - 68436 - 42094 - 84522
2025-05-25,MT,Khánh Hòa,8,94226
2025-05-25,MN,TP. HCM,ĐB,63840
2025-05-25,MN,TP. HCM,1,88075
2025-05-25,MN,TP. HCM,2,58633
2025-05-25,MN,TP. HCM,3,58910 - 46315 - 85433 - 09894 - 91684 - 20549
2025-05-25,MN,TP. HCM,4,45449 - 18572 - 02379 - 45199 - 63315 - 15571
2025-05-25,MN,TP. HCM,5,35901 - 27314 - 40428
2025-05-25,MN,TP. HCM,6,65291 - 61601 - 49909
2025-05-25,MN,TP. HCM,7,24692 - 92155 - 25556 - 72721
2025-05-25,MN,TP. HCM,8,96505
2025-05-25,MN,Đồng Tháp,ĐB,16487
2025-05-25,MN,Đồng Tháp,1,01403
2025-05-25,MN,Đồng Tháp,2,18519
2025-05-25,MN,Đồng Tháp,3,24199 - 26533 - 03964 - 28315 - 33710 - 26382
2025-05-25,MN,Đồng Tháp,4,72957 - 53795 - 19399 - 91252 - 35178 - 95811
2025-05-25,MN,Đồng Tháp,5,90585 - 65079 - 38065
2025-05-25,MN,Đồng Tháp,6,87263 - 08560 - 81269
2025-05-25,MN,Đồng Tháp,7,54979 - 42625 - 02230 - 55000
2025-05-25,MN,Đồng Tháp,8,57844
2025-05-25,MN,Cà Mau,ĐB,54233
2025-05-25,MN,Cà Mau,1,83573
2025-05-25,MN,Cà Mau,2,67794
2025-05-25,MN,Cà Mau,3,82923 - 09302 - 55773 - 57551 - 24285 - 88471
2025-05-25,MN,Cà Mau,4,85837 - 24591 - 39268 - 20413 - 58616 - 78492
2025-05-25,MN,Cà Mau,5,91520 - 37792 - 18467
2025-05-25,MN,Cà Mau,6,39727 - 81930 - 76327
2025-05-25,MN,Cà Mau,7,74319 - 15183 - 96949 - 44436
2025-05-25,MN,Cà Mau,8,21458
2025-05-26,MB,Hà Nội,ĐB,85139
2025-05-26,MB,Hà Nội,1,81330
2025-05-26,MB,Hà Nội,2,40016
2025-05-26,MB,Hà Nội,3,86532 - 23716 - 32115 - 46690 - 77376 - 99088
2025-05-26,MB,Hà Nội,4,95713 - 55808 - 06391 - 82107 - 76194 - 45974
2025-05-26,MB,Hà Nội,5,97593 - 71265 - 13756
2025-05-26,MB,Hà Nội,6,64806 - 80477 - 48832
2025-05-26,MB,Hà Nội,7,27624 - 00899 - 14388 - 74172
2025-05-26,MT,Đà Nẵng,ĐB,56246
2025-05-26,MT,Đà Nẵng,1,18280
2025-05-26,MT,Đà Nẵng,2,51303
2025-05-26,MT,Đà Nẵng,3,49745 - 77785 - 44866 - 05789 - 05286 - 10356
2025-05-26,MT,Đà Nẵng,4,76410 - 35918 - 81324 - 50567 - 09531 - 79504
2025-05-26,MT,Đà Nẵng,5,27496 - 00785 - 69732
2025-05-26,MT,Đà Nẵng,6,69970 - 68816 - 47414
2025-05-26,MT,Đà Nẵng,7,60266 - 30637 - 14750 - 60415
2025-05-26,MT,Đà Nẵng,8,52289
2025-05-26,MT,Khánh Hòa,ĐB,72659
2025-05-26,MT,Khánh Hòa,1,06581
2025-05-26,MT,Khánh Hòa,2,52206
2025-05-26,MT,Khánh Hòa,3,64901 - 40077 - 44536 - 07293 - 63284 - 50609
2025-05-26,MT,Khánh Hòa,4,44923 - 26547 - 37983 - 21729 - 51678 - 13990
2025-05-26,MT,Khánh Hòa,5,12622 - 11267 - 85884
2025-05-26,MT,Khánh Hòa,6,96295 - 47547 - 11775
2025-05-26,MT,Khánh Hòa,7,58497 - 98018 - 52834 - 00625
2025-05-26,MT,Khánh Hòa,8,53810
2025-05-26,MN,TP. HCM,ĐB,53506
2025-05-26,MN,TP. HCM,1,93412
2025-05-26,MN,TP. HCM,2,40759
2025-05-26,MN,TP. HCM,3,24778 - 67792 - 94037 - 01417 - 52452 - 43935
2025-05-26,MN,TP. HCM,4,45341 - 26415 - 58439 - 03429 - 30475 - 47692
2025-05-26,MN,TP. HCM,5,26647 - 89137 - 84646
2025-05-26,MN,TP. HCM,6,23588 - 94544 - 55247
2025-05-26,MN,TP. HCM,7,99855 - 81785 - 36625 - 66196
2025-05-26,MN,TP. HCM,8,34387
2025-05-26,MN,Đồng Tháp,ĐB,77196
2025-05-26,MN,Đồng Tháp,1,78169
2025-05-26,MN,Đồng Tháp,2,44870
2025-05-26,MN,Đồng Tháp,3,98441 - 64095 - 61142 - 14006 - 04641 - 27161
2025-05-26,MN,Đồng Tháp,4,20322 - 86793 - 51605 - 37804 - 73879 - 47512
2025-05-26,MN,Đồng Tháp,5,43950 - 57674 - 83059
2025-05-26,MN,Đồng Tháp,6,05770 - 26165 - 49766
2025-05-26,MN,Đồng Tháp,7,92085 - 09326 - 73844 - 41005
2025-05-26,MN,Đồng Tháp,8,93972
2025-05-26,MN,Cà Mau,ĐB,27684
2025-05-26,MN,Cà Mau,1,01319
2025-05-26,MN,Cà Mau,2,50524
2025-05-26,MN,Cà Mau,3,67842 - 24004 - 66536 - 42385 - 11785 - 13379
2025-05-26,MN,Cà Mau,4,10944 - 73673 - 71417 - 76757 - 60396 - 79714
2025-05-26,MN,Cà Mau,5,45676 - 92015 - 84972
2025-05-26,MN,Cà Mau,6,36711 - 90309 - 67302
2025-05-26,MN,Cà Mau,7,03176 - 28631 - 51779 - 98695
2025-05-26,MN,Cà Mau,8,23779
2025-05-27,MB,Hà Nội,ĐB,62405
2025-05-27,MB,Hà Nội,1,92500
2025-05-27,MB,Hà Nội,2,69405
2025-05-27,MB,Hà Nội,3,66806 - 96207 - 68126 - 43583 - 27131 - 78183
2025-05-27,MB,Hà Nội,4,67457 - 06701 - 83882 - 03918 - 54543 - 41022
2025-05-27,MB,Hà Nội,5,61497 - 91598 - 49419
2025-05-27,MB,Hà Nội,6,97013 - 58297 - 38234
2025-05-27,MB,Hà Nội,7,82092 - 66373 - 98983 - 62260
2025-05-27,MT,Đà Nẵng,ĐB,05453
2025-05-27,MT,Đà Nẵng,1,61800
2025-05-27,MT,Đà Nẵng,2,28408
2025-05-27,MT,Đà Nẵng,3,43903 - 55396 - 70660 - 03048 - 52061 - 59367
2025-05-27,MT,Đà Nẵng,4,79433 - 50937 - 63075 - 55515 - 13891 - 33690
2025-05-27,MT,Đà Nẵng,5,05572 - 42542 - 12582
2025-05-27,MT,Đà Nẵng,6,95667 - 18638 - 54504
2025-05-27,MT,Đà Nẵng,7,16785 - 53952 - 57566 - 71765
2025-05-27,MT,Đà Nẵng,8,64929
2025-05-27,MT,Khánh Hòa,ĐB,67302
2025-05-27,MT,Khánh Hòa,1,73195
2025-05-27,MT,Khánh Hòa,2,61635
2025-05-27,MT,Khánh Hòa,3,40064 - 35172 - 01005 - 29594 - 23482 - 71204
2025-05-27,MT,Khánh Hòa,4,51678 - 67159 - 56471 - 40521 - 36682 - 17778
2025-05-27,MT,Khánh Hòa,5,63378 - 97966 - 58435
2025-05-27,MT,Khánh Hòa,6,70970 - 74769 - 85964
2025-05-27,MT,Khánh Hòa,7,36677 - 52857 - 11978 - 69873
2025-05-27,MT,Khánh Hòa,8,42845
2025-05-27,MN,TP. HCM,ĐB,47995
2025-05-27,MN,TP. HCM,1,54365
2025-05-27,MN,TP. HCM,2,64280
2025-05-27,MN,TP. HCM,3,42236 - 79248 - 26036 - 66710 - 01308 - 39675
2025-05-27,MN,TP. HCM,4,48710 - 04264 - 64169 - 59814 - 13901 - 93530
2025-05-27,MN,TP. HCM,5,89310 - 90873 - 02143
2025-05-27,MN,TP. HCM,6,43080 - 90082 - 90684
2025-05-27,MN,TP. HCM,7,94198 - 33857 - 55540 - 29505
2025-05-27,MN,TP. HCM,8,78710
2025-05-27,MN,Đồng Tháp,ĐB,25249
2025-05-27,MN,Đồng Tháp,1,77331
2025-05-27,MN,Đồng Tháp,2,29038
2025-05-27,MN,Đồng Tháp,3,49852 - 34960 - 81102 - 44295 - 70833 - 19425
2025-05-27,MN,Đồng Tháp,4,14256 - 66356 - 70671 - 94137 - 89968 - 03882
2025-05-27,MN,Đồng Tháp,5,68314 - 33930 - 25487
2025-05-27,MN,Đồng Tháp,6,78503 - 58753 - 38753
2025-05-27,MN,Đồng Tháp,7,63155 - 07758 - 49425 - 51007
2025-05-27,MN,Đồng Tháp,8,32576
2025-05-27,MN,Cà Mau,ĐB,76141
2025-05-27,MN,Cà Mau,1,85315
2025-05-27,MN,Cà Mau,2,81259
2025-05-27,MN,Cà Mau,3,59667 - 63407 - 12095 - 98946 - 95740 - 04211
2025-05-27,MN,Cà Mau,4,52217 - 42052 - 93334 - 89536 - 23049 - 11776
2025-05-27,MN,Cà Mau,5,75382 - 06337 - 21555
2025-05-27,MN,Cà Mau,6,44401 - 10555 - 23892
2025-05-27,MN,Cà Mau,7,86036 - 06818 - 33211 - 77174
2025-05-27,MN,Cà Mau,8,31599
2025-05-28,MB,Hà Nội,ĐB,13577
2025-05-28,MB,Hà Nội,1,01645
2025-05-28,MB,Hà Nội,2,68353
2025-05-28,MB,Hà Nội,3,24919 - 40758 - 91565 - 85603 - 53856 - 64063
2025-05-28,MB,Hà Nội,4,25682 - 55272 - 36471 - 17980 - 20096 - 91925
2025-05-28,MB,Hà Nội,5,30668 - 93660 - 75439
2025-05-28,MB,Hà Nội,6,52636 - 57056 - 34243
2025-05-28,MB,Hà Nội,7,09154 - 42366 - 70349 - 01472
2025-05-28,MT,Đà Nẵng,ĐB,90053
2025-05-28,MT,Đà Nẵng,1,71708
2025-05-28,MT,Đà Nẵng,2,12773
2025-05-28,MT,Đà Nẵng,3,27790 - 79313 - 69715 - 99246 - 46874 - 81297
2025-05-28,MT,Đà Nẵng,4,70685 - 35041 - 20365 - 15173 - 29783 - 55767
2025-05-28,MT,Đà Nẵng,5,04013 - 52114 - 95979
2025-05-28,MT,Đà Nẵng,6,42282 - 95644 - 73802
2025-05-28,MT,Đà Nẵng,7,02139 - 20485 - 52394 - 15352
2025-05-28,MT,Đà Nẵng,8,07025
2025-05-28,MT,Khánh Hòa,ĐB,21202
2025-05-28,MT,Khánh Hòa,1,37529
2025-05-28,MT,Khánh Hòa,2,73707
2025-05-28,MT,Khánh Hòa,3,04941 - 50458 - 49974 - 18880 - 33042 - 39014
2025-05-28,MT,Khánh Hòa,4,33102 - 88535 - 79842 - 63066 - 58151 - 65575
2025-05-28,MT,Khánh Hòa,5,76385 - 93911 - 97533
2025-05-28,MT,Khánh Hòa,6,13818 - 46615 - 28844
2025-05-28,MT,Khánh Hòa,7,60097 - 60844 - 62698 - 24713
2025-05-28,MT,Khánh Hòa,8,74273
2025-05-28,MN,TP. HCM,ĐB,28460
2025-05-28,MN,TP. HCM,1,89014
2025-05-28,MN,TP. HCM,2,21170
2025-05-28,MN,TP. HCM,3,47086 - 98855 - 56595 - 68064 - 72945 - 06409
2025-05-28,MN,TP. HCM,4,87795 - 34683 - 28617 - 06877 - 16718 - 33083
2025-05-28,MN,TP. HCM,5,75374 - 10581 - 83229
2025-05-28,MN,TP. HCM,6,24662 - 86633 - 67999
2025-05-28,MN,TP. HCM,7,81443 - 37859 - 54859 - 53646
2025-05-28,MN,TP. HCM,8,91823
2025-05-28,MN,Đồng Tháp,ĐB,64744
2025-05-28,MN,Đồng Tháp,1,38613
2025-05-28,MN,Đồng Tháp,2,22178
2025-05-28,MN,Đồng Tháp,3,54314 - 24102 - 09541 - 90452 - 13876 - 82507
2025-05-28,MN,Đồng Tháp,4,98667 - 95173 - 45480 - 65585 - 04120 - 43822
2025-05-28,MN,Đồng Tháp,5,74738 - 06098 - 03769
2025-05-28,MN,Đồng Tháp,6,23176 - 67288 - 87544
2025-05-28,MN,Đồng Tháp,7,48767 - 00344 - 78910 - 65299
2025-05-28,MN,Đồng Tháp,8,42895
2025-05-28,MN,Cà Mau,ĐB,01153
2025-05-28,MN,Cà Mau,1,00465
2025-05-28,MN,Cà Mau,2,23442
2025-05-28,MN,Cà Mau,3,85544 - 39605 - 10454 - 10058 - 45585 - 37936
2025-05-28,MN,Cà Mau,4,64932 - 87569 - 82034 - 90397 - 81746 - 50814
2025-05-28,MN,Cà Mau,5,20038 - 79840 - 39958
2025-05-28,MN,Cà Mau,6,01870 - 89400 - 17605
2025-05-28,MN,Cà Mau,7,80554 - 18662 - 45087 - 26855
2025-05-28,MN,Cà Mau,8,35297
2025-05-29,MB,Hà Nội,ĐB,53826
2025-05-29,MB,Hà Nội,1,73394
2025-05-29,MB,Hà Nội,2,67294
2025-05-29,MB,Hà Nội,3,75966 - 70962 - 37779 - 48542 - 24975 - 03414
2025-05-29,MB,Hà Nội,4,16257 - 95598 - 37708 - 84186 - 99007 - 18606
2025-05-29,MB,Hà Nội,5,10510 - 94850 - 94298
2025-05-29,MB,Hà Nội,6,22598 - 60359 - 06869
2025-05-29,MB,Hà Nội,7,14075 - 18605 - 70840 - 93450
2025-05-29,MT,Đà Nẵng,ĐB,28720
2025-05-29,MT,Đà Nẵng,1,73309
2025-05-29,MT,Đà Nẵng,2,80941
2025-05-29,MT,Đà Nẵng,3,04839 - 92102 - 11372 - 22316 - 97406 - 56871
2025-05-29,MT,Đà Nẵng,4,48666 - 03120 - 21573 - 79487 - 58481 - 23624
2025-05-29,MT,Đà Nẵng,5,24128 - 80859 - 25092
2025-05-29,MT,Đà Nẵng,6,20399 - 07145 - 59605
2025-05-29,MT,Đà Nẵng,7,76058 - 41274 - 16303 - 82114
2025-05-29,MT,Đà Nẵng,8,26241
2025-05-29,MT,Khánh Hòa,ĐB,74381
2025-05-29,MT,Khánh Hòa,1,19773
2025-05-29,MT,Khánh Hòa,2,98875
2025-05-29,MT,Khánh Hòa,3,97850 - 35598 - 22141 - 22308 - 45145 - 51465
2025-05-29,MT,Khánh Hòa,4,61561 - 82778 - 25620 - 31246 - 83137 - 88414
2025-05-29,MT,Khánh Hòa,5,75465 - 68895 - 71159
2025-05-29,MT,Khánh Hòa,6,95593 - 78417 - 28695
2025-05-29,MT,Khánh Hòa,7,44509 - 76237 - 86806 - 38343
2025-05-29,MT,Khánh Hòa,8,67136
2025-05-29,MN,TP. HCM,ĐB,01696
2025-05-29,MN,TP. HCM,1,11059
2025-05-29,MN,TP. HCM,2,78449
2025-05-29,MN,TP. HCM,3,78397 - 00209 - 16048 - 64984 - 30936 - 62730
2025-05-29,MN,TP. HCM,4,80350 - 82378 - 42781 - 66516 - 78749 - 86975
2025-05-29,MN,TP. HCM,5,10502 - 24291 - 29280
2025-05-29,MN,TP. HCM,6,30758 - 26764 - 19925
2025-05-29,MN,TP. HCM,7,30373 - 23572 - 63272 - 04854
2025-05-29,MN,TP. HCM,8,82225
2025-05-29,MN,Đồng Tháp,ĐB,97675
2025-05-29,MN,Đồng Tháp,1,71054
2025-05-29,MN,Đồng Tháp,2,16841
2025-05-29,MN,Đồng Tháp,3,02982 - 61794 - 74492 - 73336 - 14131 - 37602
2025-05-29,MN,Đồng Tháp,4,73570 - 42686 - 25801 - 55535 - 47217 - 58928
2025-05-29,MN,Đồng Tháp,5,22043 - 87312 - 83743
2025-05-29,MN,Đồng Tháp,6,67709 - 86267 - 39626
2025-05-29,MN,Đồng Tháp,7,20216 - 22413 - 01665 - 29943
2025-05-29,MN,Đồng Tháp,8,56015
2025-05-29,MN,Cà Mau,ĐB,63429
2025-05-29,MN,Cà Mau,1,72375
2025-05-29,MN,Cà Mau,2,88307
2025-05-29,MN,Cà Mau,3,97893 - 17874 - 61460 - 17415 - 85767 - 32733
2025-05-29,MN,Cà Mau,4,74039 - 38698 - 72848 - 86399 - 37016 - 18174
2025-05-29,MN,Cà Mau,5,41777 - 84504 - 23917
2025-05-29,MN,Cà Mau,6,61671 - 68071 - 52669
2025-05-29,MN,Cà Mau,7,31860 - 89708 - 16684 - 16264
2025-05-29,MN,Cà Mau,8,91376
2025-05-30,MB,Hà Nội,ĐB,32804
2025-05-30,MB,Hà Nội,1,39762
2025-05-30,MB,Hà Nội,2,20697
2025-05-30,MB,Hà Nội,3,51822 - 65837 - 86532 - 61364 - 77198 - 34281
2025-05-30,MB,Hà Nội,4,73441 - 18959 - 95995 - 10477 - 69458 - 37302
2025-05-30,MB,Hà Nội,5,01914 - 31796 - 27828
2025-05-30,MB,Hà Nội,6,37877 - 27244 - 26695
2025-05-30,MB,Hà Nội,7,03309 - 99458 - 07271 - 58125
2025-05-30,MT,Đà Nẵng,ĐB,84112
2025-05-30,MT,Đà Nẵng,1,17776
2025-05-30,MT,Đà Nẵng,2,39487
2025-05-30,MT,Đà Nẵng,3,46416 - 70897 - 06755 - 57357 - 86623 - 01184
2025-05-30,MT,Đà Nẵng,4,40985 - 74034 - 24183 - 70072 - 65254 - 52170
2025-05-30,MT,Đà Nẵng,5,45840 - 61407 - 63580
2025-05-30,MT,Đà Nẵng,6,87852 - 96085 - 50124
2025-05-30,MT,Đà Nẵng,7,57017 - 58407 - 33730 - 77175
2025-05-30,MT,Đà Nẵng,8,66068
2025-05-30,MT,Khánh Hòa,ĐB,56488
2025-05-30,MT,Khánh Hòa,1,11904
2025-05-30,MT,Khánh Hòa,2,50266
2025-05-30,MT,Khánh Hòa,3,36513 - 67107 - 16036 - 59541 - 54134 - 23992
2025-05-30,MT,Khánh Hòa,4,27723 - 56566 - 10175 - 38498 - 81214 - 43711
2025-05-30,MT,Khánh Hòa,5,28964 - 38215 - 64043
2025-05-30,MT,Khánh Hòa,6,14159 - 91957 - 99730
2025-05-30,MT,Khánh Hòa,7,57419 - 75151 - 48649 - 55175
2025-05-30,MT,Khánh Hòa,8,25441
2025-05-30,MN,TP. HCM,ĐB,36727
2025-05-30,MN,TP. HCM,1,51316
2025-05-30,MN,TP. HCM,2,11349
2025-05-30,MN,TP. HCM,3,18262 - 44082 - 61112 - 90060 - 70414 - 17872
2025-05-30,MN,TP. HCM,4,83459 - 78779 - 36907 - 65029 - 44104 - 84560
2025-05-30,MN,TP. HCM,5,94022 - 39610 - 26265
2025-05-30,MN,TP. HCM,6,73945 - 88596 - 91393
2025-05-30,MN,TP. HCM,7,50223 - 06205 - 77763 - 71266
2025-05-30,MN,TP. HCM,8,20946
2025-05-30,MN,Đồng Tháp,ĐB,27302
2025-05-30,MN,Đồng Tháp,1,04110
2025-05-30,MN,Đồng Tháp,2,18994
2025-05-30,MN,Đồng Tháp,3,07480 - 31790 - 13761 - 36324 - 81291 - 70465
2025-05-30,MN,Đồng Tháp,4,03566 - 23714 - 89707 - 45080 - 91702 - 66282
2025-05-30,MN,Đồng Tháp,5,06810 - 70524 - 61168
2025-05-30,MN,Đồng Tháp,6,29127 - 12163 - 08049
2025-05-30,MN,Đồng Tháp,7,48303 - 75133 - 73147 - 08759
2025-05-30,MN,Đồng Tháp,8,01103
2025-05-30,MN,Cà Mau,ĐB,58570
2025-05-30,MN,Cà Mau,1,19243
2025-05-30,MN,Cà Mau,2,14089
2025-05-30,MN,Cà Mau,3,55403 - 43012 - 30453 - 71151 - 55694 - 29627
2025-05-30,MN,Cà Mau,4,60665 - 96573 - 11662 - 92982 - 05461 - 94796
2025-05-30,MN,Cà Mau,5,37938 - 63019 - 75673
2025-05-30,MN,Cà Mau,6,02500 - 71341 - 00683
2025-05-30,MN,Cà Mau,7,13183 - 97959 - 11643 - 72346
2025-05-30,MN,Cà Mau,8,64306
2025-05-31,MB,Hà Nội,ĐB,48981
2025-05-31,MB,Hà Nội,1,31030
2025-05-31,MB,Hà Nội,2,89682
2025-05-31,MB,Hà Nội,3,86572 - 57516 - 34823 - 91459 - 46221 - 62387
2025-05-31,MB,Hà Nội,4,39785 - 11066 - 02552 - 23777 - 54124 - 48645
2025-05-31,MB,Hà Nội,5,24188 - 11583 - 01845
2025-05-31,MB,Hà Nội,6,31381 - 55340 - 14659
2025-05-31,MB,Hà Nội,7,85407 - 34335 - 63904 - 80691
2025-05-31,MT,Đà Nẵng,ĐB,48286
2025-05-31,MT,Đà Nẵng,1,00234
2025-05-31,MT,Đà Nẵng,2,01496
2025-05-31,MT,Đà Nẵng,3,66952 - 92176 - 51185 - 93154 - 76872 - 85516
2025-05-31,MT,Đà Nẵng,4,62248 - 19812 - 21989 - 01441 - 29018 - 63765
2025-05-31,MT,Đà Nẵng,5,69875 - 21481 - 66839
2025-05-31,MT,Đà Nẵng,6,85586 - 71022 - 33377
2025-05-31,MT,Đà Nẵng,7,12335 - 65783 - 43770 - 10289
2025-05-31,MT,Đà Nẵng,8,03792
2025-05-31,MT,Khánh Hòa,ĐB,80334
2025-05-31,MT,Khánh Hòa,1,50367
2025-05-31,MT,Khánh Hòa,2,05226
2025-05-31,MT,Khánh Hòa,3,52387 - 18575 - 37890 - 75604 - 64239 - 34794
2025-05-31,MT,Khánh Hòa,4,50507 - 25914 - 40391 - 51887 - 85853 - 49177
2025-05-31,MT,Khánh Hòa,5,00536 - 53681 - 81707
2025-05-31,MT,Khánh Hòa,6,86104 - 46104 - 45947
2025-05-31,MT,Khánh Hòa,7,52594 - 71964 - 84158 - 51454
2025-05-31,MT,Khánh Hòa,8,14646
2025-05-31,MN,TP. HCM,ĐB,09585
2025-05-31,MN,TP. HCM,1,20948
2025-05-31,MN,TP. HCM,2,75360
2025-05-31,MN,TP. HCM,3,50524 - 36834 - 23761 - 56797 - 99954 - 45264
2025-05-31,MN,TP. HCM,4,66468 - 58063 - 65610 - 19890 - 40697 - 76190
2025-05-31,MN,TP. HCM,5,97664 - 17903 - 30336
2025-05-31,MN,TP. HCM,6,02707 - 55961 - 91993
2025-05-31,MN,TP. HCM,7,10445 - 38733 - 45534 - 49357
2025-05-31,MN,TP. HCM,8,03527
2025-05-31,MN,Đồng Tháp,ĐB,92468
2025-05-31,MN,Đồng Tháp,1,02463
2025-05-31,MN,Đồng Tháp,2,77091
2025-05-31,MN,Đồng Tháp,3,54280 - 74180 - 68719 - 72995 - 52835 - 93858
2025-05-31,MN,Đồng Tháp,4,84555 - 32446 - 63193 - 78312 - 99388 - 44201
2025-05-31,MN,Đồng Tháp,5,80332 - 77807 - 94316
2025-05-31,MN,Đồng Tháp,6,36856 - 59347 - 51108
2025-05-31,MN,Đồng Tháp,7,38925 - 82342 - 47355 - 26666
2025-05-31,MN,Đồng Tháp,8,30391
2025-05-31,MN,Cà Mau,ĐB,97261
2025-05-31,MN,Cà Mau,1,46553
2025-05-31,MN,Cà Mau,2,36398
2025-05-31,MN,Cà Mau,3,67817 - 56659 - 49679 - 08892 - 54845 - 41846
2025-05-31,MN,Cà Mau,4,79398 - 30458 - 61091 - 44353 - 55881 - 54645
2025-05-31,MN,Cà Mau,5,04386 - 22928 - 56332
2025-05-31,MN,Cà Mau,6,37068 - 62479 - 27509
2025-05-31,MN,Cà Mau,7,61889 - 90596 - 70844 - 33236
2025-05-31,MN,Cà Mau,8,68016
2025-06-01,MB,Hà Nội,ĐB,03878
2025-06-01,MB,Hà Nội,1,43645
2025-06-01,MB,Hà Nội,2,85907
2025-06-01,MB,Hà Nội,3,97924 - 46961 - 50306 - 71444 - 64601 - 82312
2025-06-01,MB,Hà Nội,4,54817 - 28213 - 68459 - 85131 - 44831 - 57015
2025-06-01,MB,Hà Nội,5,33773 - 34321 - 16117
2025-06-01,MB,Hà Nội,6,43675 - 53659 - 35445
2025-06-01,MB,Hà Nội,7,38776 - 57803 - 16881 - 94439
2025-06-01,MT,Đà Nẵng,ĐB,50340
2025-06-01,MT,Đà Nẵng,1,28764
2025-06-01,MT,Đà Nẵng,2,83118
2025-06-01,MT,Đà Nẵng,3,25270 - 59129 - 39806 - 79018 - 03114 - 61102
2025-06-01,MT,Đà Nẵng,4,91998 - 71755 - 00402 - 29495 - 99920 - 36137
2025-06-01,MT,Đà Nẵng,5,39397 - 68860 - 88044
2025-06-01,MT,Đà Nẵng,6,98892 - 20945 - 53133
2025-06-01,MT,Đà Nẵng,7,04915 - 60078 - 48569 - 71738
2025-06-01,MT,Đà Nẵng,8,02450
2025-06-01,MT,Khánh Hòa,ĐB,70352
2025-06-01,MT,Khánh Hòa,1,25809
2025-06-01,MT,Khánh Hòa,2,98371
2025-06-01,MT,Khánh Hòa,3,11588 - 83342 - 78409 - 96877 - 73873 - 41145
2025-06-01,MT,Khánh Hòa,4,89035 - 93266 - 24913 - 72762 - 63462 - 62613
2025-06-01,MT,Khánh Hòa,5,74823 - 26696 - 01201
2025-06-01,MT,Khánh Hòa,6,08029 - 47160 - 80810
2025-06-01,MT,Khánh Hòa,7,73211 - 05771 - 72689 - 36453
2025-06-01,MT,Khánh Hòa,8,82474
2025-06-01,MN,TP. HCM,ĐB,00266
2025-06-01,MN,TP. HCM,1,11779
2025-06-01,MN,TP. HCM,2,39523
2025-06-01,MN,TP. HCM,3,02858 - 27299 - 16309 - 98736 - 23727 - 50342
2025-06-01,MN,TP. HCM,4,95769 - 66797 - 09747 - 91987 - 58009 - 25430
2025-06-01,MN,TP. HCM,5,67940 - 08402 - 57417
2025-06-01,MN,TP. HCM,6,21159 - 44018 - 19549
2025-06-01,MN,TP. HCM,7,06063 - 81318 - 03621 - 77767
2025-06-01,MN,TP. HCM,8,51611
2025-06-01,MN,Đồng Tháp,ĐB,58388
2025-06-01,MN,Đồng Tháp,1,67003
2025-06-01,MN,Đồng Tháp,2,28373
2025-06-01,MN,Đồng Tháp,3,09153 - 20825 - 10763 - 51068 - 89832 - 20418
2025-06-01,MN,Đồng Tháp,4,29382 - 23430 - 47514 - 19564 - 32658 - 60767
2025-06-01,MN,Đồng Tháp,5,88003 - 52152 - 97981
2025-06-01,MN,Đồng Tháp,6,70726 - 88726 - 86341
2025-06-01,MN,Đồng Tháp,7,24618 - 52722 - 22240 - 30476
2025-06-01,MN,Đồng Tháp,8,06538
2025-06-01,MN,Cà Mau,ĐB,70730
2025-06-01,MN,Cà Mau,1,71741
2025-06-01,MN,Cà Mau,2,18439
2025-06-01,MN,Cà Mau,3,59275 - 03401 - 03139 - 97154 - 38700 - 26060
2025-06-01,MN,Cà Mau,4,00757 - 83058 - 62202 - 91246 - 47063 - 67273
2025-06-01,MN,Cà Mau,5,40872 - 73250 - 69612
2025-06-01,MN,Cà Mau,6,21993 - 44115 - 29896
2025-06-01,MN,Cà Mau,7,81592 - 44733 - 99623 - 44805
2025-06-01,MN,Cà Mau,8,72131
2025-06-02,MB,Hà Nội,ĐB,70556
2025-06-02,MB,Hà Nội,1,49335
2025-06-02,MB,Hà Nội,2,62790
2025-06-02,MB,Hà Nội,3,33771 - 31067 - 66583 - 33158 - 05668 - 52350
2025-06-02,MB,Hà Nội,4,63754 - 94057 - 60336 - 19576 - 45212 - 56631
2025-06-02,MB,Hà Nội,5,43032 - 95891 - 29247
2025-06-02,MB,Hà Nội,6,82857 - 65054 - 42877
2025-06-02,MB,Hà Nội,7,59317 - 29959 - 43181 - 52242
2025-06-02,MT,Đà Nẵng,ĐB,32202
2025-06-02,MT,Đà Nẵng,1,72008
2025-06-02,MT,Đà Nẵng,2,24735
2025-06-02,MT,Đà Nẵng,3,82447 - 58575 - 79313 - 45749 - 46869 - 16948
2025-06-02,MT,Đà Nẵng,4,02468 - 71188 - 86946 - 48772 - 97858 - 12669
2025-06-02,MT,Đà Nẵng,5,76334 - 15267 - 09510
2025-06-02,MT,Đà Nẵng,6,46993 - 59647 - 56876
2025-06-02,MT,Đà Nẵng,7,23372 - 98140 - 62983 - 91829
2025-06-02,MT,Đà Nẵng,8,12121
2025-06-02,MT,Khánh Hòa,ĐB,05267
2025-06-02,MT,Khánh Hòa,1,94380
2025-06-02,MT,Khánh Hòa,2,41356
2025-06-02,MT,Khánh Hòa,3,70373 - 10634 - 80253 - 93052 - 97846 - 41185
2025-06-02,MT,Khánh Hòa,4,42994 - 50593 - 25535 - 82395 - 01665 - 07885
2025-06-02,MT,Khánh Hòa,5,92038 - 26491 - 11716
2025-06-02,MT,Khánh Hòa,6,16869 - 30485 - 70887
2025-06-02,MT,Khánh Hòa,7,31438 - 41146 - 12654 - 25391
2025-06-02,MT,Khánh Hòa,8,06674
2025-06-02,MN,TP. HCM,ĐB,22447
2025-06-02,MN,TP. HCM,1,69356
2025-06-02,MN,TP. HCM,2,46865
2025-06-02,MN,TP. HCM,3,19247 - 89283 - 50057 - 29255 - 73101 - 05720
2025-06-02,MN,TP. HCM,4,48838 - 69747 - 53984 - 33248 - 21424 - 73192
2025-06-02,MN,TP. HCM,5,63720 - 50321 - 33795
2025-06-02,MN,TP. HCM,6,45747 - 41746 - 02816
2025-06-02,MN,TP. HCM,7,81625 - 12826 - 89695 - 10289
2025-06-02,MN,TP. HCM,8,38114
2025-06-02,MN,Đồng Tháp,ĐB,85438
2025-06-02,MN,Đồng Tháp,1,25662
2025-06-02,MN,Đồng Tháp,2,44669
2025-06-02,MN,Đồng Tháp,3,61747 - 14811 - 76919 - 54385 - 00534 - 96016
2025-06-02,MN,Đồng Tháp,4,72028 - 24205 - 45809 - 99282 - 42502 - 65178
2025-06-02,MN,Đồng Tháp,5,98227 - 49055 - 05300
2025-06-02,MN,Đồng Tháp,6,36235 - 48403 - 52070
2025-06-02,MN,Đồng Tháp,7,86355 - 21597 - 65356 - 94527
2025-06-02,MN,Đồng Tháp,8,03751
2025-06-02,MN,Cà Mau,ĐB,26296
2025-06-02,MN,Cà Mau,1,64265
2025-06-02,MN,Cà Mau,2,40302
2025-06-02,MN,Cà Mau,3,33441 - 50970 - 62332 - 73766 - 80366 - 08866
2025-06-02,MN,Cà Mau,4,66115 - 62792 - 03545 - 28621 - 83409 - 21990
2025-06-02,MN,Cà Mau,5,25669 - 53281 - 76037
2025-06-02,MN,Cà Mau,6,78785 - 19496 - 10634
2025-06-02,MN,Cà Mau,7,30651 - 19376 - 02284 - 86938
2025-06-02,MN,Cà Mau,8,35200
2025-06-03,MB,Hà Nội,ĐB,68731
2025-06-03,MB,Hà Nội,1,21089
2025-06-03,MB,Hà Nội,2,06849
2025-06-03,MB,Hà Nội,3,65366 - 49327 - 28573 - 44979 - 03175 - 84898
2025-06-03,MB,Hà Nội,4,27062 - 76525 - 19630 - 72650 - 08615 - 27822
2025-06-03,MB,Hà Nội,5,39524 - 02342 - 74212
2025-06-03,MB,Hà Nội,6,74378 - 37383 - 36207
2025-06-03,MB,Hà Nội,7,67193 - 89660 - 55509 - 80504
2025-06-03,MT,Đà Nẵng,ĐB,39862
2025-06-03,MT,Đà Nẵng,1,24747
2025-06-03,MT,Đà Nẵng,2,52509
2025-06-03,MT,Đà Nẵng,3,85914 - 17686 - 66944 - 93945 - 41686 - 74631
2025-06-03,MT,Đà Nẵng,4,68914 - 52692 - 21687 - 91600 - 81774 - 36203
2025-06-03,MT,Đà Nẵng,5,86922 - 97794 - 30916
2025-06-03,MT,Đà Nẵng,6,19324 - 58785 - 98320
2025-06-03,MT,Đà Nẵng,7,09132 - 51562 - 52926 - 12253
2025-06-03,MT,Đà Nẵng,8,62060
2025-06-03,MT,Khánh Hòa,ĐB,97319
2025-06-03,MT,Khánh Hòa,1,35172
2025-06-03,MT,Khánh Hòa,2,19881
2025-06-03,MT,Khánh Hòa,3,68006 - 63173 - 34238 - 73138 - 69832 - 01553
2025-06-03,MT,Khánh Hòa,4,45091 - 07211 - 91415 - 51271 - 96162 - 10211
2025-06-03,MT,Khánh Hòa,5,98740 - 00956 - 82066
2025-06-03,MT,Khánh Hòa,6,52964 - 49685 - 75646
2025-06-03,MT,Khánh Hòa,7,01732 - 62927 - 68193 - 67015
2025-06-03,MT,Khánh Hòa,8,84178
2025-06-03,MN,TP. HCM,ĐB,37940
2025-06-03,MN,TP. HCM,1,20596
2025-06-03,MN,TP. HCM,2,95223
2025-06-03,MN,TP. HCM,3,19876 - 02174 - 63754 - 30461 - 36932 - 67851
2025-06-03,MN,TP. HCM,4,17082 - 93654 - 59928 - 62245 - 50483 - 58194
2025-06-03,MN,TP. HCM,5,29948 - 22950 - 27202
2025-06-03,MN,TP. HCM,6,28846 - 23706 - 61386
2025-06-03,MN,TP. HCM,7,43200 - 66109 - 06805 - 50131
2025-06-03,MN,TP. HCM,8,57943
2025-06-03,MN,Đồng Tháp,ĐB,68046
2025-06-03,MN,Đồng Tháp,1,15268
2025-06-03,MN,Đồng Tháp,2,50845
2025-06-03,MN,Đồng Tháp,3,44637 - 93801 - 01827 - 34540 - 79718 - 32977
2025-06-03,MN,Đồng Tháp,4,81365 - 47878 - 13428 - 20383 - 72523 - 25519
2025-06-03,MN,Đồng Tháp,5,69308 - 60879 - 34054
2025-06-03,MN,Đồng Tháp,6,62261 - 91862 - 37602
2025-06-03,MN,Đồng Tháp,7,26922 - 94552 - 78666 - 78829
2025-06-03,MN,Đồng Tháp,8,85373
2025-06-03,MN,Cà Mau,ĐB,70843
2025-06-03,MN,Cà Mau,1,79028
2025-06-03,MN,Cà Mau,2,34834
2025-06-03,MN,Cà Mau,3,45553 - 58727 - 28740 - 95560 - 31506 - 77426
2025-06-03,MN,Cà Mau,4,73178 - 53132 - 53956 - 89935 - 61901 - 12928
2025-06-03,MN,Cà Mau,5,77150 - 01632 - 18625
2025-06-03,MN,Cà Mau,6,82508 - 71590 - 61047
2025-06-03,MN,Cà Mau,7,93766 - 91786 - 47148 - 10695
2025-06-03,MN,Cà Mau,8,26398
2025-06-04,MB,Hà Nội,ĐB,79725
2025-06-04,MB,Hà Nội,1,38617
2025-06-04,MB,Hà Nội,2,04460
2025-06-04,MB,Hà Nội,3,23373 - 20653 - 05579 - 45207 - 76571 - 71823
2025-06-04,MB,Hà Nội,4,07361 - 63916 - 76117 - 99410 - 88554 - 43334
2025-06-04,MB,Hà Nội,5,86390 - 41767 - 44276
2025-06-04,MB,Hà Nội,6,67413 - 22885 - 98539
2025-06-04,MB,Hà Nội,7,93760 - 01102 - 93276 - 63431
2025-06-04,MT,Đà Nẵng,ĐB,75433
2025-06-04,MT,Đà Nẵng,1,00145
2025-06-04,MT,Đà Nẵng,2,37483
2025-06-04,MT,Đà Nẵng,3,81796 - 14140 - 83772 - 09008 - 84724 - 91027
2025-06-04,MT,Đà Nẵng,4,97762 - 74056 - 53202 - 99422 - 81720 - 54818
2025-06-04,MT,Đà Nẵng,5,26541 - 45285 - 25983
2025-06-04,MT,Đà Nẵng,6,76054 - 03063 - 63182
2025-06-04,MT,Đà Nẵng,7,39194 - 27636 - 49399 - 02619
2025-06-04,MT,Đà Nẵng,8,94781
2025-06-04,MT,Khánh Hòa,ĐB,67910
2025-06-04,MT,Khánh Hòa,1,95881
2025-06-04,MT,Khánh Hòa,2,90962
2025-06-04,MT,Khánh Hòa,3,13468 - 74540 - 98108 - 33987 - 64360 - 11190
2025-06-04,MT,Khánh Hòa,4,56654 - 37957 - 43316 - 39105 - 47113 - 10069
2025-06-04,MT,Khánh Hòa,5,02210 - 19198 - 27785
2025-06-04,MT,Khánh Hòa,6,24314 - 99864 - 05153
2025-06-04,MT,Khánh Hòa,7,98134 - 34819 - 01007 - 91467
2025-06-04,MT,Khánh Hòa,8,99284
2025-06-04,MN,TP. HCM,ĐB,69546
2025-06-04,MN,TP. HCM,1,38583
2025-06-04,MN,TP. HCM,2,39551
2025-06-04,MN,TP. HCM,3,36728 - 66651 - 48986 - 17548 - 50245 - 71025
2025-06-04,MN,TP. HCM,4,60863 - 50718 - 33639 - 04509 - 07272 - 50631
2025-06-04,MN,TP. HCM,5,49408 - 09885 - 70439
2025-06-04,MN,TP. HCM,6,24282 - 80489 - 60572
2025-06-04,MN,TP. HCM,7,24639 - 70678 - 16942 - 13714
2025-06-04,MN,TP. HCM,8,65825
2025-06-04,MN,Đồng Tháp,ĐB,05806
2025-06-04,MN,Đồng Tháp,1,38205
2025-06-04,MN,Đồng Tháp,2,13676
2025-06-04,MN,Đồng Tháp,3,00452 - 00105 - 41554 - 76363 - 13550 - 19157
2025-06-04,MN,Đồng Tháp,4,38175 - 80399 - 01833 - 84392 - 06106 - 48686
2025-06-04,MN,Đồng Tháp,5,79313 - 58452 - 01568
2025-06-04,MN,Đồng Tháp,6,42011 - 45133 - 90959
2025-06-04,MN,Đồng Tháp,7,35331 - 74252 - 50113 - 63263
2025-06-04,MN,Đồng Tháp,8,56317
2025-06-04,MN,Cà Mau,ĐB,30853
2025-06-04,MN,Cà Mau,1,82395
2025-06-04,MN,Cà Mau,2,87519
2025-06-04,MN,Cà Mau,3,62245 - 84993 - 42569 - 88227 - 30556 - 47478
2025-06-04,MN,Cà Mau,4,10482 - 11206 - 68177 - 55256 - 31998 - 80345
2025-06-04,MN,Cà Mau,5,68746 - 33238 - 76892
2025-06-04,MN,Cà Mau,6,12174 - 51471 - 25437
2025-06-04,MN,Cà Mau,7,92180 - 77523 - 83081 - 73539
2025-06-04,MN,Cà Mau,8,61897
2025-06-05,MB,Hà Nội,ĐB,02650
2025-06-05,MB,Hà Nội,1,99883
2025-06-05,MB,Hà Nội,2,70616
2025-06-05,MB,Hà Nội,3,01796 - 33006 - 65816 - 89388 - 50606 - 33792
2025-06-05,MB,Hà Nội,4,45516 - 53333 - 68943 - 95113 - 03421 - 73276
2025-06-05,MB,Hà Nội,5,94358 - 06944 - 76775
2025-06-05,MB,Hà Nội,6,86670 - 66006 - 42283
2025-06-05,MB,Hà Nội,7,98465 - 57802 - 09241 - 92554
2025-06-05,MT,Đà Nẵng,ĐB,57919
2025-06-05,MT,Đà Nẵng,1,48040
2025-06-05,MT,Đà Nẵng,2,06750
2025-06-05,MT,Đà Nẵng,3,50733 - 94713 - 62182 - 55223 - 69802 - 80612
2025-06-05,MT,Đà Nẵng,4,86507 - 87095 - 14237 - 82711 - 70020 - 32879
2025-06-05,MT,Đà Nẵng,5,20944 - 50209 - 23969
2025-06-05,MT,Đà Nẵng,6,20417 - 69130 - 52453
2025-06-05,MT,Đà Nẵng,7,14119 - 55558 - 69799 - 07622
2025-06-05,MT,Đà Nẵng,8,22954
2025-06-05,MT,Khánh Hòa,ĐB,72317
2025-06-05,MT,Khánh Hòa,1,38208
2025-06-05,MT,Khánh Hòa,2,69915
2025-06-05,MT,Khánh Hòa,3,97425 - 45865 - 65443 - 06179 - 60012 - 22485
2025-06-05,MT,Khánh Hòa,4,75246 - 07977 - 23748 - 76395 - 64242 - 25100
2025-06-05,MT,Khánh Hòa,5,21531 - 93758 - 97825
2025-06-05,MT,Khánh Hòa,6,14778 - 67133 - 41988
2025-06-05,MT,Khánh Hòa,7,96031 - 91650 - 34028 - 42313
2025-06-05,MT,Khánh Hòa,8,33283
2025-06-05,MN,TP. HCM,ĐB,82965
2025-06-05,MN,TP. HCM,1,09611
2025-06-05,MN,TP. HCM,2,01092
2025-06-05,MN,TP. HCM,3,56007 - 15730 - 47342 - 34491 - 72950 - 14738
2025-06-05,MN,TP. HCM,4,27605 - 55853 - 17153 - 66051 - 98724 - 32651
2025-06-05,MN,TP. HCM,5,97215 - 47166 - 01453
2025-06-05,MN,TP. HCM,6,03490 - 53532 - 83758
2025-06-05,MN,TP. HCM,7,37709 - 18409 - 15288 - 73650
2025-06-05,MN,TP. HCM,8,54411
2025-06-05,MN,Đồng Tháp,ĐB,84502
2025-06-05,MN,Đồng Tháp,1,01837
2025-06-05,MN,Đồng Tháp,2,09827
2025-06-05,MN,Đồng Tháp,3,20463 - 83027 - 79589 - 46571 - 43330 - 33030
2025-06-05,MN,Đồng Tháp,4,37671 - 73206 - 19025 - 78975 - 78147 - 41542
2025-06-05,MN,Đồng Tháp,5,78316 - 66486 - 26676
2025-06-05,MN,Đồng Tháp,6,11824 - 26774 - 39107
2025-06-05,MN,Đồng Tháp,7,94651 - 11736 - 61985 - 02951
2025-06-05,MN,Đồng Tháp,8,08162
2025-06-05,MN,Cà Mau,ĐB,42027
2025-06-05,MN,Cà Mau,1,66954
2025-06-05,MN,Cà Mau,2,24761
2025-06-05,MN,Cà Mau,3,40935 - 01930 - 94319 - 37386 - 27396 - 89829
2025-06-05,MN,Cà Mau,4,53060 - 03481 - 02642 - 16909 - 24182 - 83837
2025-06-05,MN,Cà Mau,5,66450 - 32734 - 44777
2025-06-05,MN,Cà Mau,6,34081 - 23647 - 94476
2025-06-05,MN,Cà Mau,7,15853 - 55828 - 84969 - 56159
2025-06-05,MN,Cà Mau,8,90125
2025-06-06,MB,Hà Nội,ĐB,52669
2025-06-06,MB,Hà Nội,1,63095
2025-06-06,MB,Hà Nội,2,80633
2025-06-06,MB,Hà Nội,3,01718 - 16665 - 94388 - 97102 - 88920 - 70843
2025-06-06,MB,Hà Nội,4,00840 - 83779 - 76523 - 77032 - 17385 - 53212
2025-06-06,MB,Hà Nội,5,42953 - 38964 - 52632
2025-06-06,MB,Hà Nội,6,35243 - 07669 - 88242
2025-06-06,MB,Hà Nội,7,24550 - 21877 - 71925 - 94055
2025-06-06,MT,Đà Nẵng,ĐB,28738
2025-06-06,MT,Đà Nẵng,1,26340
2025-06-06,MT,Đà Nẵng,2,37529
2025-06-06,MT,Đà Nẵng,3,97750 - 22401 - 11898 - 02366 - 02909 - 81472
2025-06-06,MT,Đà Nẵng,4,97765 - 77684 - 53576 - 52137 - 26529 - 15739
2025-06-06,MT,Đà Nẵng,5,94750 - 24623 - 85957
2025-06-06,MT,Đà Nẵng,6,90644 - 74593 - 35361
2025-06-06,MT,Đà Nẵng,7,62675 - 67241 - 26858 - 57867
2025-06-06,MT,Đà Nẵng,8,27078
2025-06-06,MT,Khánh Hòa,ĐB,64330
2025-06-06,MT,Khánh Hòa,1,81443
2025-06-06,MT,Khánh Hòa,2,25202
2025-06-06,MT,Khánh Hòa,3,91984 - 33675 - 66249 - 78703 - 16358 - 64881
2025-06-06,MT,Khánh Hòa,4,81663 - 05133 - 28289 - 87700 - 84168 - 56929
2025-06-06,MT,Khánh Hòa,5,81397 - 31975 - 00920
2025-06-06,MT,Khánh Hòa,6,52855 - 04431 - 70082
2025-06-06,MT,Khánh Hòa,7,89056 - 77089 - 97458 - 44760
2025-06-06,MT,Khánh Hòa,8,58229
2025-06-06,MN,TP. HCM,ĐB,01407
2025-06-06,MN,TP. HCM,1,46876
2025-06-06,MN,TP. HCM,2,34736
2025-06-06,MN,TP. HCM,3,28129 - 35803 - 27199 - 63194 - 20738 - 62284
2025-06-06,MN,TP. HCM,4,04869 - 26677 - 43025 - 55874 - 49617 - 74902
2025-06-06,MN,TP. HCM,5,19041 - 13039 - 61604
2025-06-06,MN,TP. HCM,6,65261 - 77610 - 00931
2025-06-06,MN,TP. HCM,7,86300 - 82614 - 82337 - 37012
2025-06-06,MN,TP. HCM,8,13850
2025-06-06,MN,Đồng Tháp,ĐB,11647
2025-06-06,MN,Đồng Tháp,1,33208
2025-06-06,MN,Đồng Tháp,2,09862
2025-06-06,MN,Đồng Tháp,3,23746 - 71903 - 05052 - 67807 - 60177 - 75518
2025-06-06,MN,Đồng Tháp,4,32889 - 52952 - 09017 - 67679 - 25421 - 53640
2025-06-06,MN,Đồng Tháp,5,63584 - 64229 - 79828
2025-06-06,MN,Đồng Tháp,6,14858 - 25862 - 39700
2025-06-06,MN,Đồng Tháp,7,22974 - 26546 - 86492 - 81007
2025-06-06,MN,Đồng Tháp,8,09065
2025-06-06,MN,Cà Mau,ĐB,41736
2025-06-06,MN,Cà Mau,1,66812
2025-06-06,MN,Cà Mau,2,85809
2025-06-06,MN,Cà Mau,3,93574 - 58325 - 66068 - 85803 - 18792 - 72271
2025-06-06,MN,Cà Mau,4,89286 - 34071 - 78853 - 90583 - 31466 - 17256
2025-06-06,MN,Cà Mau,5,08484 - 34303 - 36649
2025-06-06,MN,Cà Mau,6,74730 - 56270 - 39401
2025-06-06,MN,Cà Mau,7,45377 - 95847 - 59580 - 63526
2025-06-06,MN,Cà Mau,8,07734
2025-06-07,MB,Hà Nội,ĐB,79497
2025-06-07,MB,Hà Nội,1,66963
2025-06-07,MB,Hà Nội,2,46443
2025-06-07,MB,Hà Nội,3,68608 - 07035 - 84756 - 99687 - 64826 - 99863
2025-06-07,MB,Hà Nội,4,98041 - 71715 - 67013 - 57881 - 71558 - 04419
2025-06-07,MB,Hà Nội,5,23059 - 87192 - 59417
2025-06-07,MB,Hà Nội,6,84462 - 86381 - 09082
2025-06-07,MB,Hà Nội,7,16640 - 58061 - 22787 - 81060
2025-06-07,MT,Đà Nẵng,ĐB,73219
2025-06-07,MT,Đà Nẵng,1,59088
2025-06-07,MT,Đà Nẵng,2,46835
2025-06-07,MT,Đà Nẵng,3,69937 - 45670 - 94653 - 77449 - 46301 - 94690
2025-06-07,MT,Đà Nẵng,4,31512 - 14859 - 16879 - 91313 - 99996 - 18714
2025-06-07,MT,Đà Nẵng,5,87528 - 64186 - 96528
2025-06-07,MT,Đà Nẵng,6,01595 - 87835 - 47348
2025-06-07,MT,Đà Nẵng,7,05223 - 42236 - 19804 - 84092
2025-06-07,MT,Đà Nẵng,8,81825
2025-06-07,MT,Khánh Hòa,ĐB,40768
2025-06-07,MT,Khánh Hòa,1,28729
2025-06-07,MT,Khánh Hòa,2,73905
2025-06-07,MT,Khánh Hòa,3,73889 - 09737 - 68474 - 30823 - 28967 - 11185
2025-06-07,MT,Khánh Hòa,4,99186 - 75382 - 40133 - 10376 - 25388 - 44277
2025-06-07,MT,Khánh Hòa,5,28483 - 44444 - 17945
2025-06-07,MT,Khánh Hòa,6,12504 - 85083 - 13298
2025-06-07,MT,Khánh Hòa,7,20772 - 85584 - 36004 - 54415
2025-06-07,MT,Khánh Hòa,8,67901
2025-06-07,MN,TP. HCM,ĐB,90751
2025-06-07,MN,TP. HCM,1,92050
2025-06-07,MN,TP. HCM,2,66018
2025-06-07,MN,TP. HCM,3,11107 - 97536 - 16472 - 50515 - 49761 - 91467
2025-06-07,MN,TP. HCM,4,91629 - 97107 - 87479 - 08332 - 07363 - 51857
2025-06-07,MN,TP. HCM,5,96277 - 82053 - 83442
2025-06-07,MN,TP. HCM,6,75792 - 08820 - 09972
2025-06-07,MN,TP. HCM,7,83158 - 56849 - 83324 - 28390
2025-06-07,MN,TP. HCM,8,69970
2025-06-07,MN,Đồng Tháp,ĐB,27924
2025-06-07,MN,Đồng Tháp,1,66229
2025-06-07,MN,Đồng Tháp,2,45224
2025-06-07,MN,Đồng Tháp,3,04584 - 08216 - 06320 - 29608 - 98874 - 88052
2025-06-07,MN,Đồng Tháp,4,23363 - 32761 - 10064 - 31789 - 81784 - 93976
2025-06-07,MN,Đồng Tháp,5,08064 - 12952 - 75217
2025-06-07,MN,Đồng Tháp,6,90259 - 74200 - 28384
2025-06-07,MN,Đồng Tháp,7,50556 - 79018 - 41709 - 58708
2025-06-07,MN,Đồng Tháp,8,62575
2025-06-07,MN,Cà Mau,ĐB,00033
2025-06-07,MN,Cà Mau,1,91580
2025-06-07,MN,Cà Mau,2,22764
2025-06-07,MN,Cà Mau,3,75308 - 73534 - 39900 - 03253 - 98731 - 84115
2025-06-07,MN,Cà Mau,4,85700 - 37040 - 78561 - 71636 - 09074 - 43987
2025-06-07,MN,Cà Mau,5,76158 - 27488 - 70776
2025-06-07,MN,Cà Mau,6,05253 - 33562 - 95675
2025-06-07,MN,Cà Mau,7,28154 - 32747 - 35043 - 89465
2025-06-07,MN,Cà Mau,8,82125
2025-06-08,MB,Hà Nội,ĐB,73770
2025-06-08,MB,Hà Nội,1,50174
2025-06-08,MB,Hà Nội,2,52800
2025-06-08,MB,Hà Nội,3,59534 - 77585 - 10327 - 04861 - 47744 - 96064
2025-06-08,MB,Hà Nội,4,92740 - 57778 - 19363 - 79377 - 63524 - 40055
2025-06-08,MB,Hà Nội,5,77125 - 36582 - 91725
2025-06-08,MB,Hà Nội,6,48573 - 81692 - 15881
2025-06-08,MB,Hà Nội,7,69616 - 26409 - 65018 - 05935
2025-06-08,MT,Đà Nẵng,ĐB,64175
2025-06-08,MT,Đà Nẵng,1,49956
2025-06-08,MT,Đà Nẵng,2,43154
2025-06-08,MT,Đà Nẵng,3,28115 - 55027 - 81419 - 76444 - 10010 - 41323
2025-06-08,MT,Đà Nẵng,4,65848 - 66224 - 26215 - 14245 - 62264 - 20160
2025-06-08,MT,Đà Nẵng,5,81299 - 30751 - 24041
2025-06-08,MT,Đà Nẵng,6,42748 - 41923 - 25114
2025-06-08,MT,Đà Nẵng,7,08224 - 15307 - 85870 - 89505
2025-06-08,MT,Đà Nẵng,8,78387
2025-06-08,MT,Khánh Hòa,ĐB,43153
2025-06-08,MT,Khánh Hòa,1,30492
2025-06-08,MT,Khánh Hòa,2,15365
2025-06-08,MT,Khánh Hòa,3,90003 - 08878 - 35453 - 82805 - 47269 - 48736
2025-06-08,MT,Khánh Hòa,4,26817 - 81762 - 12249 - 59414 - 29125 - 41624
2025-06-08,MT,Khánh Hòa,5,56802 - 54457 - 50552
2025-06-08,MT,Khánh Hòa,6,93547 - 17495 - 82263
2025-06-08,MT,Khánh Hòa,7,05118 - 71210 - 86413 - 25362
2025-06-08,MT,Khánh Hòa,8,48487
2025-06-08,MN,TP. HCM,ĐB,72177
2025-06-08,MN,TP. HCM,1,16366
2025-06-08,MN,TP. HCM,2,59797
2025-06-08,MN,TP. HCM,3,64487 - 44622 - 42172 - 63059 - 30029 - 17386
2025-06-08,MN,TP. HCM,4,47075 - 99354 - 89127 - 53796 - 92979 - 19055
2025-06-08,MN,TP. HCM,5,99501 - 85764 - 00396
2025-06-08,MN,TP. HCM,6,51431 - 65188 - 40866
2025-06-08,MN,TP. HCM,7,95900 - 16124 - 44000 - 21825
2025-06-08,MN,TP. HCM,8,38630
2025-06-08,MN,Đồng Tháp,ĐB,60240
2025-06-08,MN,Đồng Tháp,1,88639
2025-06-08,MN,Đồng Tháp,2,08892
2025-06-08,MN,Đồng Tháp,3,87775 - 43688 - 09881 - 70056 - 40088 - 24840
2025-06-08,MN,Đồng Tháp,4,15779 - 55806 - 72704 - 05987 - 58586 - 60255
2025-06-08,MN,Đồng Tháp,5,56036 - 18889 - 41675
2025-06-08,MN,Đồng Tháp,6,72479 - 34193 - 80075
2025-06-08,MN,Đồng Tháp,7,29405 - 18232 - 51383 - 93585
2025-06-08,MN,Đồng Tháp,8,03676
2025-06-08,MN,Cà Mau,ĐB,57946
2025-06-08,MN,Cà Mau,1,63552
2025-06-08,MN,Cà Mau,2,21944
2025-06-08,MN,Cà Mau,3,74756 - 34841 - 67808 - 98575 - 51900 - 59154
2025-06-08,MN,Cà Mau,4,49767 - 04494 - 75397 - 31645 - 52919 - 85259
2025-06-08,MN,Cà Mau,5,02608 - 13993 - 48218
2025-06-08,MN,Cà Mau,6,13814 - 89943 - 67897
2025-06-08,MN,Cà Mau,7,85481 - 36116 - 67982 - 26259
2025-06-08,MN,Cà Mau,8,34150
2025-06-09,MB,Hà Nội,ĐB,33627
2025-06-09,MB,Hà Nội,1,86709
2025-06-09,MB,Hà Nội,2,55704
2025-06-09,MB,Hà Nội,3,37064 - 62584 - 86734 - 04757 - 00291 - 97235
2025-06-09,MB,Hà Nội,4,35255 - 68513 - 54909 - 75054 - 60464 - 55147
2025-06-09,MB,Hà Nội,5,57555 - 19719 - 34847
2025-06-09,MB,Hà Nội,6,66794 - 06289 - 23946
2025-06-09,MB,Hà Nội,7,87398 - 04583 - 88937 - 81162
2025-06-09,MT,Đà Nẵng,ĐB,67265
2025-06-09,MT,Đà Nẵng,1,10189
2025-06-09,MT,Đà Nẵng,2,48528
2025-06-09,MT,Đà Nẵng,3,22962 - 54699 - 35025 - 66407 - 52201 - 90518
2025-06-09,MT,Đà Nẵng,4,51285 - 54229 - 01619 - 92218 - 44860 - 00475
2025-06-09,MT,Đà Nẵng,5,65874 - 41655 - 13186
2025-06-09,MT,Đà Nẵng,6,04551 - 39735 - 14073
2025-06-09,MT,Đà Nẵng,7,70018 - 68508 - 78694 - 97122
2025-06-09,MT,Đà Nẵng,8,05765
2025-06-09,MT,Khánh Hòa,ĐB,61133
2025-06-09,MT,Khánh Hòa,1,61361
2025-06-09,MT,Khánh Hòa,2,56369
2025-06-09,MT,Khánh Hòa,3,74685 - 87899 - 02196 - 79601 - 43659 - 11569
2025-06-09,MT,Khánh Hòa,4,20373 - 80644 - 44656 - 34070 - 15520 - 85738
2025-06-09,MT,Khánh Hòa,5,54461 - 90258 - 65008
2025-06-09,MT,Khánh Hòa,6,64273 - 56631 - 73768
2025-06-09,MT,Khánh Hòa,7,37636 - 89620 - 79005 - 29513
2025-06-09,MT,Khánh Hòa,8,70353
2025-06-09,MN,TP. HCM,ĐB,48271
2025-06-09,MN,TP. HCM,1,85459
2025-06-09,MN,TP. HCM,2,70015
2025-06-09,MN,TP. HCM,3,31969 - 27448 - 03671 - 38115 - 54564 - 00649
2025-06-09,MN,TP. HCM,4,67795 - 62434 - 34900 - 78763 - 32748 - 78836
2025-06-09,MN,TP. HCM,5,84906 - 68289 - 41591
2025-06-09,MN,TP. HCM,6,79971 - 61011 - 35035
2025-06-09,MN,TP. HCM,7,69581 - 09776 - 68172 - 68140
2025-06-09,MN,TP. HCM,8,57532
2025-06-09,MN,Đồng Tháp,ĐB,36339
2025-06-09,MN,Đồng Tháp,1,09844
2025-06-09,MN,Đồng Tháp,2,05121
2025-06-09,MN,Đồng Tháp,3,51796 - 23754 - 59170 - 38482 - 02097 - 49587
2025-06-09,MN,Đồng Tháp,4,74625 - 62651 - 17860 - 29821 - 96164 - 06974
2025-06-09,MN,Đồng Tháp,5,65832 - 16271 - 47667
2025-06-09,MN,Đồng Tháp,6,36689 - 79912 - 92362
2025-06-09,MN,Đồng Tháp,7,66813 - 76675 - 20050 - 29591
2025-06-09,MN,Đồng Tháp,8,11413
2025-06-09,MN,Cà Mau,ĐB,96124
2025-06-09,MN,Cà Mau,1,95280
2025-06-09,MN,Cà Mau,2,76650
2025-06-09,MN,Cà Mau,3,87519 - 12962 - 00552 - 07054 - 19970 - 39429
2025-06-09,MN,Cà Mau,4,56354 - 30361 - 22024 - 08234 - 52604 - 98698
2025-06-09,MN,Cà Mau,5,43850 - 67814 - 88086
2025-06-09,MN,Cà Mau,6,07619 - 00287 - 72039
2025-06-09,MN,Cà Mau,7,66765 - 21601 - 87521 - 14027
2025-06-09,MN,Cà Mau,8,36702
2025-06-10,MB,Hà Nội,ĐB,91200
2025-06-10,MB,Hà Nội,1,96218
2025-06-10,MB,Hà Nội,2,78838
2025-06-10,MB,Hà Nội,3,87907 - 76517 - 77964 - 77202 - 29754 - 33458
2025-06-10,MB,Hà Nội,4,62555 - 87484 - 21044 - 45546 - 88931 - 88158
2025-06-10,MB,Hà Nội,5,81959 - 73595 - 21061
2025-06-10,MB,Hà Nội,6,94508 - 95610 - 62442
2025-06-10,MB,Hà Nội,7,07924 - 28249 - 32532 - 14263
2025-06-10,MT,Đà Nẵng,ĐB,15944
2025-06-10,MT,Đà Nẵng,1,92575
2025-06-10,MT,Đà Nẵng,2,46012
2025-06-10,MT,Đà Nẵng,3,51737 - 31660 - 96273 - 53487 - 96519 - 13516
2025-06-10,MT,Đà Nẵng,4,61039 - 77521 - 14377 - 00590 - 13614 - 91209
2025-06-10,MT,Đà Nẵng,5,97278 - 28427 - 54169
2025-06-10,MT,Đà Nẵng,6,34391 - 71718 - 56555
2025-06-10,MT,Đà Nẵng,7,26348 - 66240 - 35824 - 58979
2025-06-10,MT,Đà Nẵng,8,68967
2025-06-10,MT,Khánh Hòa,ĐB,68618
2025-06-10,MT,Khánh Hòa,1,14841
2025-06-10,MT,Khánh Hòa,2,88353
2025-06-10,MT,Khánh Hòa,3,59960 - 40069 - 53394 - 68876 - 54199 - 92040
2025-06-10,MT,Khánh Hòa,4,70838 - 33438 - 22114 - 69561 - 15966 - 81130
2025-06-10,MT,Khánh Hòa,5,69709 - 26962 - 83585
2025-06-10,MT,Khánh Hòa,6,79070 - 30173 - 17123
2025-06-10,MT,Khánh Hòa,7,34816 - 11828 - 67038 - 74792
2025-06-10,MT,Khánh Hòa,8,35344
2025-06-10,MN,TP. HCM,ĐB,85633
2025-06-10,MN,TP. HCM,1,13314
2025-06-10,MN,TP. HCM,2,20181
2025-06-10,MN,TP. HCM,3,67765 - 78646 - 66691 - 10122 - 93305 - 43205
2025-06-10,MN,TP. HCM,4,14141 - 07113 - 35233 - 08060 - 33080 - 47548
2025-06-10,MN,TP. HCM,5,44353 - 11653 - 73860
2025-06-10,MN,TP. HCM,6,51030 - 77349 - 69044
2025-06-10,MN,TP. HCM,7,69263 - 80656 - 08187 - 56292
2025-06-10,MN,TP. HCM,8,09498
2025-06-10,MN,Đồng Tháp,ĐB,99823
2025-06-10,MN,Đồng Tháp,1,61622
2025-06-10,MN,Đồng Tháp,2,89064
2025-06-10,MN,Đồng Tháp,3,52981 - 09702 - 62673 - 64874 - 73951 - 01602
2025-06-10,MN,Đồng Tháp,4,12234 - 14135 - 06450 - 15423 - 50809 - 36352
2025-06-10,MN,Đồng Tháp,5,73039 - 62945 - 12375
2025-06-10,MN,Đồng Tháp,6,97296 - 38003 - 13488
2025-06-10,MN,Đồng Tháp,7,01148 - 13075 - 98953 - 13221
2025-06-10,MN,Đồng Tháp,8,12893
2025-06-10,MN,Cà Mau,ĐB,26262
2025-06-10,MN,Cà Mau,1,60433
2025-06-10,MN,Cà Mau,2,89271
2025-06-10,MN,Cà Mau,3,15956 - 90958 - 14645 - 41516 - 69485 - 03134
2025-06-10,MN,Cà Mau,4,16847 - 26962 - 89365 - 35487 - 24650 - 54076
2025-06-10,MN,Cà Mau,5,01457 - 89307 - 03219
2025-06-10,MN,Cà Mau,6,04017 - 93758 - 31439
2025-06-10,MN,Cà Mau,7,54330 - 54978 - 14300 - 84056
2025-06-10,MN,Cà Mau,8,43190
2025-06-11,MB,Hà Nội,ĐB,79438
2025-06-11,MB,Hà Nội,1,96481
2025-06-11,MB,Hà Nội,2,85710
2025-06-11,MB,Hà Nội,3,22123 - 83256 - 97522 - 82227 - 27951 - 43234
2025-06-11,MB,Hà Nội,4,78636 - 21446 - 25239 - 40785 - 54938 - 22774
2025-06-11,MB,Hà Nội,5,99524 - 70413 - 01971
2025-06-11,MB,Hà Nội,6,29586 - 90676 - 73338
2025-06-11,MB,Hà Nội,7,58731 - 14880 - 49263 - 62370
2025-06-11,MT,Đà Nẵng,ĐB,25912
2025-06-11,MT,Đà Nẵng,1,58781
2025-06-11,MT,Đà Nẵng,2,83086
2025-06-11,MT,Đà Nẵng,3,91131 - 27740 - 99295 - 62879 - 36988 - 11379
2025-06-11,MT,Đà Nẵng,4,89768 - 07220 - 85013 - 84049 - 47018 - 50194
2025-06-11,MT,Đà Nẵng,5,96162 - 38500 - 63700
2025-06-11,MT,Đà Nẵng,6,91840 - 14430 - 49508
2025-06-11,MT,Đà Nẵng,7,90897 - 75683 - 07387 - 04108
2025-06-11,MT,Đà Nẵng,8,88778
2025-06-11,MT,Khánh Hòa,ĐB,90238
2025-06-11,MT,Khánh Hòa,1,23786
2025-06-11,MT,Khánh Hòa,2,71474
2025-06-11,MT,Khánh Hòa,3,66893 - 55462 - 41270 - 04213 - 33418 - 80714
2025-06-11,MT,Khánh Hòa,4,73201 - 83416 - 11355 - 50974 - 50161 - 76365
2025-06-11,MT,Khánh Hòa,5,77864 - 36578 - 66299
2025-06-11,MT,Khánh Hòa,6,59130 - 35090 - 76804
2025-06-11,MT,Khánh Hòa,7,61659 - 91104 - 03566 - 76595
2025-06-11,MT,Khánh Hòa,8,94043
2025-06-11,MN,TP. HCM,ĐB,87464
2025-06-11,MN,TP. HCM,1,58466
2025-06-11,MN,TP. HCM,2,40364
2025-06-11,MN,TP. HCM,3,35359 - 69610 - 50262 - 93710 - 02973 - 40785
2025-06-11,MN,TP. HCM,4,64198 - 96970 - 94449 - 74963 - 90850 - 09181
2025-06-11,MN,TP. HCM,5,59247 - 06999 - 27025
2025-06-11,MN,TP. HCM,6,02947 - 46824 - 57437
2025-06-11,MN,TP. HCM,7,72975 - 51205 - 81902 - 74017
2025-06-11,MN,TP. HCM,8,30994
2025-06-11,MN,Đồng Tháp,ĐB,62527
2025-06-11,MN,Đồng Tháp,1,64942
2025-06-11,MN,Đồng Tháp,2,26534
2025-06-11,MN,Đồng Tháp,3,46674 - 23399 - 45863 - 40858 - 11450 - 10520
2025-06-11,MN,Đồng Tháp,4,89619 - 69600 - 27536 - 01639 - 46901 - 75489
2025-06-11,MN,Đồng Tháp,5,50481 - 61643 - 67388
2025-06-11,MN,Đồng Tháp,6,54294 - 47593 - 28833
2025-06-11,MN,Đồng Tháp,7,30430 - 49824 - 51159 - 65731
2025-06-11,MN,Đồng Tháp,8,01030
2025-06-11,MN,Cà Mau,ĐB,24908
2025-06-11,MN,Cà Mau,1,00089
2025-06-11,MN,Cà Mau,2,08158
2025-06-11,MN,Cà Mau,3,54944 - 97230 - 53776 - 59804 - 13532 - 36372
2025-06-11,MN,Cà Mau,4,23614 - 01541 - 88939 - 61938 - 60994 - 83209
2025-06-11,MN,Cà Mau,5,27632 - 58951 - 79461
2025-06-11,MN,Cà Mau,6,50829 - 77272 - 42577
2025-06-11,MN,Cà Mau,7,87528 - 55250 - 67428 - 63372
2025-06-11,MN,Cà Mau,8,42455
2025-06-12,MB,Hà Nội,ĐB,64080
2025-06-12,MB,Hà Nội,1,82843
2025-06-12,MB,Hà Nội,2,38014
2025-06-12,MB,Hà Nội,3,03974 - 64447 - 46103 - 64891 - 59090 - 40313
2025-06-12,MB,Hà Nội,4,79154 - 89345 - 16760 - 29686 - 51619 - 80852
2025-06-12,MB,Hà Nội,5,72986 - 94054 - 25942
2025-06-12,MB,Hà Nội,6,35523 - 12106 - 23348
2025-06-12,MB,Hà Nội,7,29325 - 08508 - 00493 - 25252
2025-06-12,MT,Đà Nẵng,ĐB,29657
2025-06-12,MT,Đà Nẵng,1,00528
2025-06-12,MT,Đà Nẵng,2,50500
2025-06-12,MT,Đà Nẵng,3,28856 - 75570 - 72738 - 63938 - 57056 - 30627
2025-06-12,MT,Đà Nẵng,4,84871 - 85466 - 84993 - 31889 - 35179 - 53147
2025-06-12,MT,Đà Nẵng,5,94324 - 52252 - 95189
2025-06-12,MT,Đà Nẵng,6,81917 - 12439 - 03464
2025-06-12,MT,Đà Nẵng,7,92591 - 10645 - 74162 - 04199
2025-06-12,MT,Đà Nẵng,8,39756
2025-06-12,MT,Khánh Hòa,ĐB,64252
2025-06-12,MT,Khánh Hòa,1,18697
2025-06-12,MT,Khánh Hòa,2,24851
2025-06-12,MT,Khánh Hòa,3,50493 - 89211 - 90202 - 18953 - 45764 - 79173
2025-06-12,MT,Khánh Hòa,4,15081 - 50575 - 78016 - 34526 - 60853 - 13593
2025-06-12,MT,Khánh Hòa,5,11950 - 85887 - 24125
2025-06-12,MT,Khánh Hòa,6,57432 - 35519 - 64808
2025-06-12,MT,Khánh Hòa,7,71084 - 16301 - 92561 - 03588
2025-06-12,MT,Khánh Hòa,8,16765
2025-06-12,MN,TP. HCM,ĐB,22546
2025-06-12,MN,TP. HCM,1,27950
2025-06-12,MN,TP. HCM,2,83757
2025-06-12,MN,TP. HCM,3,07425 - 73240 - 81451 - 09590 - 63866 - 80405
2025-06-12,MN,TP. HCM,4,50368 - 36472 - 65537 - 86885 - 45710 - 66263
2025-06-12,MN,TP. HCM,5,37843 - 73651 - 19701
2025-06-12,MN,TP. HCM,6,45346 - 24102 - 29217
2025-06-12,MN,TP. HCM,7,57464 - 50192 - 37446 - 32130
2025-06-12,MN,TP. HCM,8,71268
2025-06-12,MN,Đồng Tháp,ĐB,95417
2025-06-12,MN,Đồng Tháp,1,58773
2025-06-12,MN,Đồng Tháp,2,47859
2025-06-12,MN,Đồng Tháp,3,12091 - 84605 - 19152 - 12322 - 77266 - 47602
2025-06-12,MN,Đồng Tháp,4,10522 - 11096 - 84801 - 56328 - 16501 - 32539
2025-06-12,MN,Đồng Tháp,5,36200 - 64926 - 17213
2025-06-12,MN,Đồng Tháp,6,95127 - 83222 - 85332
2025-06-12,MN,Đồng Tháp,7,55367 - 15762 - 34051 - 15156
2025-06-12,MN,Đồng Tháp,8,92784
2025-06-12,MN,Cà Mau,ĐB,89469
2025-06-12,MN,Cà Mau,1,97808
2025-06-12,MN,Cà Mau,2,81245
2025-06-12,MN,Cà Mau,3,22473 - 86573 - 58443 - 78384 - 69135 - 87950
2025-06-12,MN,Cà Mau,4,90588 - 86471 - 73438 - 90024 - 74201 - 99264
2025-06-12,MN,Cà Mau,5,69614 - 35831 - 63873
2025-06-12,MN,Cà Mau,6,14377 - 14464 - 76194
2025-06-12,MN,Cà Mau,7,95478 - 76137 - 99711 - 22974
2025-06-12,MN,Cà Mau,8,98006
2025-06-13,MB,Hà Nội,ĐB,83861
2025-06-13,MB,Hà Nội,1,08564
2025-06-13,MB,Hà Nội,2,36350
2025-06-13,MB,Hà Nội,3,26197 - 73858 - 37223 - 08127 - 43740 - 04040
2025-06-13,MB,Hà Nội,4,50475 - 52046 - 96956 - 27311 - 25024 - 54293
2025-06-13,MB,Hà Nội,5,40530 - 56789 - 53899
2025-06-13,MB,Hà Nội,6,43850 - 36010 - 73086
2025-06-13,MB,Hà Nội,7,83786 - 36708 - 79436 - 78382
2025-06-13,MT,Đà Nẵng,ĐB,52100
2025-06-13,MT,Đà Nẵng,1,35873
2025-06-13,MT,Đà Nẵng,2,57456
2025-06-13,MT,Đà Nẵng,3,54861 - 14039 - 10453 - 73443 - 15535 - 75741
2025-06-13,MT,Đà Nẵng,4,70927 - 20718 - 17828 - 32259 - 80434 - 54271
2025-06-13,MT,Đà Nẵng,5,54471 - 23651 - 46923
2025-06-13,MT,Đà Nẵng,6,70132 - 75148 - 77448
2025-06-13,MT,Đà Nẵng,7,50659 - 71516 - 39850 - 55985
2025-06-13,MT,Đà Nẵng,8,17827
2025-06-13,MT,Khánh Hòa,ĐB,94202
2025-06-13,MT,Khánh Hòa,1,53192
2025-06-13,MT,Khánh Hòa,2,45301
2025-06-13,MT,Khánh Hòa,3,75813 - 32636 - 54957 - 48724 - 38299 - 44972
2025-06-13,MT,Khánh Hòa,4,95804 - 82916 - 59751 - 28799 - 31313 - 60598
2025-06-13,MT,Khánh Hòa,5,96326 - 02327 - 86038
2025-06-13,MT,Khánh Hòa,6,98434 - 86307 - 27947
2025-06-13,MT,Khánh Hòa,7,64826 - 15212 - 60833 - 10163
2025-06-13,MT,Khánh Hòa,8,65060
2025-06-13,MN,TP. HCM,ĐB,58664
2025-06-13,MN,TP. HCM,1,31853
2025-06-13,MN,TP. HCM,2,41582
2025-06-13,MN,TP. HCM,3,26374 - 93653 - 54511 - 03187 - 67738 - 44944
2025-06-13,MN,TP. HCM,4,00259 - 34458 - 22303 - 09546 - 93818 - 41708
2025-06-13,MN,TP. HCM,5,49830 - 11591 - 49005
2025-06-13,MN,TP. HCM,6,28526 - 99501 - 28878
2025-06-13,MN,TP. HCM,7,35884 - 35131 - 56811 - 57581
2025-06-13,MN,TP. HCM,8,46085
2025-06-13,MN,Đồng Tháp,ĐB,35814
2025-06-13,MN,Đồng Tháp,1,40023
2025-06-13,MN,Đồng Tháp,2,54657
2025-06-13,MN,Đồng Tháp,3,40715 - 94812 - 46440 - 14835 - 50020 - 72929
2025-06-13,MN,Đồng Tháp,4,33736 - 50491 - 80580 - 94320 - 69917 - 75158
2025-06-13,MN,Đồng Tháp,5,68155 - 21948 - 49459
2025-06-13,MN,Đồng Tháp,6,11398 - 54059 - 92423
2025-06-13,MN,Đồng Tháp,7,50871 - 50917 - 86542 - 54996
2025-06-13,MN,Đồng Tháp,8,64034
2025-06-13,MN,Cà Mau,ĐB,66624
2025-06-13,MN,Cà Mau,1,07576
2025-06-13,MN,Cà Mau,2,44185
2025-06-13,MN,Cà Mau,3,90880 - 57854 - 09000 - 57685 - 85413 - 80752
2025-06-13,MN,Cà Mau,4,44520 - 67008 - 31374 - 67916 - 03259 - 36326
2025-06-13,MN,Cà Mau,5,40987 - 94950 - 98315
2025-06-13,MN,Cà Mau,6,69069 - 93444 - 50121
2025-06-13,MN,Cà Mau,7,03111 - 52050 - 80122 - 19242
2025-06-13,MN,Cà Mau,8,92142
2025-06-14,MB,Hà Nội,ĐB,09059
2025-06-14,MB,Hà Nội,1,23520
2025-06-14,MB,Hà Nội,2,19345
2025-06-14,MB,Hà Nội,3,76943 - 12972 - 14609 - 87692 - 83194 - 69431
2025-06-14,MB,Hà Nội,4,72899 - 67147 - 68830 - 45270 - 43902 - 10310
2025-06-14,MB,Hà Nội,5,13661 - 58529 - 60006
2025-06-14,MB,Hà Nội,6,56925 - 65847 - 55111
2025-06-14,MB,Hà Nội,7,14242 - 45941 - 70379 - 39494
2025-06-14,MT,Đà Nẵng,ĐB,54992
2025-06-14,MT,Đà Nẵng,1,81701
2025-06-14,MT,Đà Nẵng,2,42658
2025-06-14,MT,Đà Nẵng,3,11736 - 71474 - 67902 - 07336 - 76964 - 41519
2025-06-14,MT,Đà Nẵng,4,18267 - 90663 - 74638 - 80457 - 97281 - 36157
2025-06-14,MT,Đà Nẵng,5,71566 - 70480 - 70311
2025-06-14,MT,Đà Nẵng,6,16982 - 87154 - 38436
2025-06-14,MT,Đà Nẵng,7,82263 - 19169 - 97857 - 71196
2025-06-14,MT,Đà Nẵng,8,48185
2025-06-14,MT,Khánh Hòa,ĐB,98345
2025-06-14,MT,Khánh Hòa,1,89549
2025-06-14,MT,Khánh Hòa,2,27775
2025-06-14,MT,Khánh Hòa,3,17440 - 62371 - 17179 - 71619 - 07968 - 90384
2025-06-14,MT,Khánh Hòa,4,81263 - 06783 - 57466 - 87350 - 48575 - 05408
2025-06-14,MT,Khánh Hòa,5,73094 - 43597 - 89092
2025-06-14,MT,Khánh Hòa,6,24777 - 79030 - 98418
2025-06-14,MT,Khánh Hòa,7,76656 - 97549 - 63829 - 66741
2025-06-14,MT,Khánh Hòa,8,75280
2025-06-14,MN,TP. HCM,ĐB,93281
2025-06-14,MN,TP. HCM,1,44978
2025-06-14,MN,TP. HCM,2,46493
2025-06-14,MN,TP. HCM,3,53979 - 34860 - 48062 - 91788 - 24171 - 85999
2025-06-14,MN,TP. HCM,4,52037 - 89818 - 88048 - 85126 - 28408 - 50691
2025-06-14,MN,TP. HCM,5,79680 - 24460 - 05921
2025-06-14,MN,TP. HCM,6,66496 - 61826 - 49446
2025-06-14,MN,TP. HCM,7,65524 - 67006 - 17066 - 88865
2025-06-14,MN,TP. HCM,8,70669
2025-06-14,MN,Đồng Tháp,ĐB,21375
2025-06-14,MN,Đồng Tháp,1,06329
2025-06-14,MN,Đồng Tháp,2,72131
2025-06-14,MN,Đồng Tháp,3,92826 - 44310 - 28763 - 59979 - 08116 - 64201
2025-06-14,MN,Đồng Tháp,4,68239 - 04295 - 35496 - 07389 - 75258 - 68589
2025-06-14,MN,Đồng Tháp,5,67876 - 21278 - 22600
2025-06-14,MN,Đồng Tháp,6,23179 - 62281 - 84634
2025-06-14,MN,Đồng Tháp,7,57165 - 49999 - 17020 - 14625
2025-06-14,MN,Đồng Tháp,8,39644
2025-06-14,MN,Cà Mau,ĐB,59866
2025-06-14,MN,Cà Mau,1,43898
2025-06-14,MN,Cà Mau,2,60968
2025-06-14,MN,Cà Mau,3,67977 - 88591 - 95891 - 57257 - 47255 - 97904
2025-06-14,MN,Cà Mau,4,31805 - 79870 - 18097 - 05256 - 74488 - 52405
2025-06-14,MN,Cà Mau,5,83077 - 20678 - 22483
2025-06-14,MN,Cà Mau,6,21039 - 39022 - 37476
2025-06-14,MN,Cà Mau,7,88752 - 04657 - 91247 - 91318
2025-06-14,MN,Cà Mau,8,35602
2025-06-15,MB,Hà Nội,ĐB,19105
2025-06-15,MB,Hà Nội,1,23903
2025-06-15,MB,Hà Nội,2,13600
2025-06-15,MB,Hà Nội,3,06532 - 20784 - 74868 - 02495 - 44164 - 66821
2025-06-15,MB,Hà Nội,4,77455 - 83187 - 89649 - 29743 - 46237 - 07765
2025-06-15,MB,Hà Nội,5,13995 - 74861 - 66320
2025-06-15,MB,Hà Nội,6,55147 - 54143 - 24842
2025-06-15,MB,Hà Nội,7,27554 - 51941 - 08635 - 53528
2025-06-15,MT,Đà Nẵng,ĐB,21437
2025-06-15,MT,Đà Nẵng,1,30321
2025-06-15,MT,Đà Nẵng,2,97693
2025-06-15,MT,Đà Nẵng,3,16762 - 28757 - 93130 - 60584 - 36722 - 53392
2025-06-15,MT,Đà Nẵng,4,30970 - 92203 - 84461 - 25132 - 74428 - 27254
2025-06-15,MT,Đà Nẵng,5,45057 - 29594 - 87821
2025-06-15,MT,Đà Nẵng,6,15932 - 91127 - 76186
2025-06-15,MT,Đà Nẵng,7,31873 - 78207 - 02648 - 24891
2025-06-15,MT,Đà Nẵng,8,15589
2025-06-15,MT,Khánh Hòa,ĐB,18899
2025-06-15,MT,Khánh Hòa,1,41834
2025-06-15,MT,Khánh Hòa,2,44004
2025-06-15,MT,Khánh Hòa,3,62643 - 34321 - 96767 - 17240 - 78326 - 41209
2025-06-15,MT,Khánh Hòa,4,89910 - 79042 - 95103 - 63383 - 43225 - 22070
2025-06-15,MT,Khánh Hòa,5,93005 - 74988 - 34835
2025-06-15,MT,Khánh Hòa,6,80111 - 22954 - 68916
2025-06-15,MT,Khánh Hòa,7,03240 - 48596 - 29060 - 13930
2025-06-15,MT,Khánh Hòa,8,68811
2025-06-15,MN,TP. HCM,ĐB,96180
2025-06-15,MN,TP. HCM,1,71192
2025-06-15,MN,TP. HCM,2,88810
2025-06-15,MN,TP. HCM,3,61451 - 10777 - 06754 - 92144 - 15941 - 00473
2025-06-15,MN,TP. HCM,4,71359 - 31061 - 32695 - 87070 - 44931 - 73243
2025-06-15,MN,TP. HCM,5,78270 - 35231 - 79141
2025-06-15,MN,TP. HCM,6,05243 - 78811 - 75520
2025-06-15,MN,TP. HCM,7,20744 - 62706 - 48662 - 28335
2025-06-15,MN,TP. HCM,8,65677
2025-06-15,MN,Đồng Tháp,ĐB,65524
2025-06-15,MN,Đồng Tháp,1,28012
2025-06-15,MN,Đồng Tháp,2,02273
2025-06-15,MN,Đồng Tháp,3,45355 - 53458 - 82197 - 13934 - 69648 - 08842
2025-06-15,MN,Đồng Tháp,4,56932 - 73030 - 85896 - 48293 - 98975 - 20955
2025-06-15,MN,Đồng Tháp,5,41567 - 19180 - 42936
2025-06-15,MN,Đồng Tháp,6,60755 - 73026 - 40603
2025-06-15,MN,Đồng Tháp,7,80883 - 45337 - 99395 - 94443
2025-06-15,MN,Đồng Tháp,8,00172
2025-06-15,MN,Cà Mau,ĐB,37566
2025-06-15,MN,Cà Mau,1,84433
2025-06-15,MN,Cà Mau,2,20966
2025-06-15,MN,Cà Mau,3,99316 - 40730 - 36231 - 87549 - 87619 - 92445
2025-06-15,MN,Cà Mau,4,20599 - 64125 - 83574 - 18435 - 78386 - 36177
2025-06-15,MN,Cà Mau,5,56430 - 40880 - 56428
2025-06-15,MN,Cà Mau,6,80673 - 08124 - 91944
2025-06-15,MN,Cà Mau,7,25261 - 32765 - 65737 - 47114
2025-06-15,MN,Cà Mau,8,40385
2025-06-16,MB,Hà Nội,ĐB,56303
2025-06-16,MB,Hà Nội,1,26944
2025-06-16,MB,Hà Nội,2,51315
2025-06-16,MB,Hà Nội,3,17033 - 50296 - 11688 - 62497 - 68916 - 16186
2025-06-16,MB,Hà Nội,4,47967 - 48799 - 01791 - 55162 - 18051 - 34607
2025-06-16,MB,Hà Nội,5,43675 - 11130 - 25503
2025-06-16,MB,Hà Nội,6,71194 - 22549 - 04389
2025-06-16,MB,Hà Nội,7,08075 - 25731 - 95684 - 28336
2025-06-16,MT,Đà Nẵng,ĐB,97424
2025-06-16,MT,Đà Nẵng,1,11057
2025-06-16,MT,Đà Nẵng,2,73196
2025-06-16,MT,Đà Nẵng,3,93063 - 02539 - 90257 - 87106 - 47232 - 24741
2025-06-16,MT,Đà Nẵng,4,24444 - 56238 - 16846 - 67289 - 84630 - 86873
2025-06-16,MT,Đà Nẵng,5,42382 - 74715 - 92973
2025-06-16,MT,Đà Nẵng,6,01555 - 31343 - 76167
2025-06-16,MT,Đà Nẵng,7,56090 - 36008 - 83055 - 38995
2025-06-16,MT,Đà Nẵng,8,18283
2025-06-16,MT,Khánh Hòa,ĐB,66497
2025-06-16,MT,Khánh Hòa,1,87328
2025-06-16,MT,Khánh Hòa,2,10221
2025-06-16,MT,Khánh Hòa,3,47405 - 45430 - 61309 - 66917 - 84158 - 40005
2025-06-16,MT,Khánh Hòa,4,16570 - 84357 - 69278 - 72404 - 85328 - 75850
2025-06-16,MT,Khánh Hòa,5,37044 - 92051 - 09023
2025-06-16,MT,Khánh Hòa,6,12274 - 29526 - 99792
2025-06-16,MT,Khánh Hòa,7,06853 - 71033 - 16919 - 36440
2025-06-16,MT,Khánh Hòa,8,38495
2025-06-16,MN,TP. HCM,ĐB,03757
2025-06-16,MN,TP. HCM,1,19715
2025-06-16,MN,TP. HCM,2,20159
2025-06-16,MN,TP. HCM,3,33891 - 01073 - 29217 - 72109 - 32711 - 37779
2025-06-16,MN,TP. HCM,4,16510 - 15347 - 17717 - 01711 - 22240 - 06116
2025-06-16,MN,TP. HCM,5,04466 - 98937 - 00697
2025-06-16,MN,TP. HCM,6,09451 - 50922 - 73006
2025-06-16,MN,TP. HCM,7,47629 - 88685 - 55345 - 77811
2025-06-16,MN,TP. HCM,8,67296
2025-06-16,MN,Đồng Tháp,ĐB,63932
2025-06-16,MN,Đồng Tháp,1,27007
2025-06-16,MN,Đồng Tháp,2,96930
2025-06-16,MN,Đồng Tháp,3,46984 - 71234 - 13352 - 65225 - 54828 - 75159
2025-06-16,MN,Đồng Tháp,4,23638 - 61200 - 81145 - 82262 - 82475 - 84822
2025-06-16,MN,Đồng Tháp,5,29045 - 01420 - 31887
2025-06-16,MN,Đồng Tháp,6,99122 - 38722 - 60193
2025-06-16,MN,Đồng Tháp,7,37784 - 47663 - 13645 - 11493
2025-06-16,MN,Đồng Tháp,8,60130
2025-06-16,MN,Cà Mau,ĐB,10795
2025-06-16,MN,Cà Mau,1,84694
2025-06-16,MN,Cà Mau,2,58706
2025-06-16,MN,Cà Mau,3,62068 - 27050 - 72086 - 25341 - 00073 - 41793
2025-06-16,MN,Cà Mau,4,69979 - 77040 - 66549 - 55426 - 15041 - 76743
2025-06-16,MN,Cà Mau,5,02867 - 58187 - 99290
2025-06-16,MN,Cà Mau,6,49555 - 83691 - 19406
2025-06-16,MN,Cà Mau,7,32301 - 29519 - 82399 - 98657
2025-06-16,MN,Cà Mau,8,47809
2025-06-17,MB,Hà Nội,ĐB,04785
2025-06-17,MB,Hà Nội,1,15155
2025-06-17,MB,Hà Nội,2,41579
2025-06-17,MB,Hà Nội,3,39890 - 73657 - 88758 - 36941 - 89826 - 31091
2025-06-17,MB,Hà Nội,4,06130 - 08063 - 04129 - 49497 - 61055 - 91631
2025-06-17,MB,Hà Nội,5,26027 - 88491 - 58540
2025-06-17,MB,Hà Nội,6,36473 - 52884 - 76615
2025-06-17,MB,Hà Nội,7,39696 - 86443 - 87659 - 39382
2025-06-17,MT,Đà Nẵng,ĐB,92834
2025-06-17,MT,Đà Nẵng,1,70319
2025-06-17,MT,Đà Nẵng,2,16437
2025-06-17,MT,Đà Nẵng,3,81852 - 63490 - 55342 - 57659 - 64968 - 71465
2025-06-17,MT,Đà Nẵng,4,94138 - 68970 - 90497 - 39833 - 59920 - 51892
2025-06-17,MT,Đà Nẵng,5,62898 - 91777 - 73186
2025-06-17,MT,Đà Nẵng,6,38222 - 72517 - 82248
2025-06-17,MT,Đà Nẵng,7,02289 - 09472 - 73214 - 09279
2025-06-17,MT,Đà Nẵng,8,79802
2025-06-17,MT,Khánh Hòa,ĐB,80684
2025-06-17,MT,Khánh Hòa,1,70970
2025-06-17,MT,Khánh Hòa,2,83626
2025-06-17,MT,Khánh Hòa,3,13944 - 10161 - 31837 - 83704 - 94303 - 67957
2025-06-17,MT,Khánh Hòa,4,13870 - 91882 - 01987 - 03013 - 48018 - 87268
2025-06-17,MT,Khánh Hòa,5,08733 - 04608 - 94533
2025-06-17,MT,Khánh Hòa,6,41464 - 31938 - 14904
2025-06-17,MT,Khánh Hòa,7,79669 - 04521 - 72881 - 85941
2025-06-17,MT,Khánh Hòa,8,02980
2025-06-17,MN,TP. HCM,ĐB,33650
2025-06-17,MN,TP. HCM,1,14893
2025-06-17,MN,TP. HCM,2,21188
2025-06-17,MN,TP. HCM,3,08786 - 46668 - 61841 - 90856 - 43606 - 43386
2025-06-17,MN,TP. HCM,4,63312 - 51626 - 82670 - 02153 - 23888 - 23662
2025-06-17,MN,TP. HCM,5,37301 - 58969 - 81245
2025-06-17,MN,TP. HCM,6,06591 - 19596 - 72994
2025-06-17,MN,TP. HCM,7,77708 - 95242 - 73493 - 35858
2025-06-17,MN,TP. HCM,8,06139
2025-06-17,MN,Đồng Tháp,ĐB,52378
2025-06-17,MN,Đồng Tháp,1,68462
2025-06-17,MN,Đồng Tháp,2,63894
2025-06-17,MN,Đồng Tháp,3,74013 - 11208 - 25149 - 33217 - 25439 - 96647
2025-06-17,MN,Đồng Tháp,4,29705 - 51536 - 30215 - 47891 - 87276 - 60949
2025-06-17,MN,Đồng Tháp,5,81191 - 78435 - 87669
2025-06-17,MN,Đồng Tháp,6,26240 - 37753 - 32685
2025-06-17,MN,Đồng Tháp,7,52962 - 75122 - 83887 - 06237
2025-06-17,MN,Đồng Tháp,8,54456
2025-06-17,MN,Cà Mau,ĐB,01787
2025-06-17,MN,Cà Mau,1,71863
2025-06-17,MN,Cà Mau,2,34829
2025-06-17,MN,Cà Mau,3,81030 - 66624 - 76944 - 34018 - 32817 - 71138
2025-06-17,MN,Cà Mau,4,55928 - 28501 - 54614 - 17333 - 30763 - 72252
2025-06-17,MN,Cà Mau,5,66118 - 45114 - 09205
2025-06-17,MN,Cà Mau,6,01312 - 58094 - 20339
2025-06-17,MN,Cà Mau,7,63772 - 14878 - 16126 - 01901
2025-06-17,MN,Cà Mau,8,60592
2025-06-18,MB,Hà Nội,ĐB,22135
2025-06-18,MB,Hà Nội,1,92776
2025-06-18,MB,Hà Nội,2,44141
2025-06-18,MB,Hà Nội,3,47596 - 88502 - 89254 - 68413 - 40500 - 69736
2025-06-18,MB,Hà Nội,4,76107 - 12515 - 79567 - 70577 - 49361 - 38031
2025-06-18,MB,Hà Nội,5,02961 - 47087 - 23924
2025-06-18,MB,Hà Nội,6,06561 - 73137 - 58613
2025-06-18,MB,Hà Nội,7,60336 - 53036 - 96212 - 47517
2025-06-18,MT,Đà Nẵng,ĐB,92708
2025-06-18,MT,Đà Nẵng,1,68310
2025-06-18,MT,Đà Nẵng,2,42824
2025-06-18,MT,Đà Nẵng,3,73651 - 28200 - 11126 - 71038 - 26805 - 37137
2025-06-18,MT,Đà Nẵng,4,50972 - 97160 - 51686 - 15593 - 96751 - 38933
2025-06-18,MT,Đà Nẵng,5,82956 - 23041 - 25619
2025-06-18,MT,Đà Nẵng,6,82823 - 97660 - 89640
2025-06-18,MT,Đà Nẵng,7,03117 - 51433 - 94150 - 07087
2025-06-18,MT,Đà Nẵng,8,88406
2025-06-18,MT,Khánh Hòa,ĐB,81995
2025-06-18,MT,Khánh Hòa,1,44414
2025-06-18,MT,Khánh Hòa,2,61114
2025-06-18,MT,Khánh Hòa,3,65864 - 05405 - 30395 - 25109 - 23156 - 64835
2025-06-18,MT,Khánh Hòa,4,32964 - 51250 - 99827 - 76473 - 59591 - 26886
2025-06-18,MT,Khánh Hòa,5,29079 - 83624 - 37471
2025-06-18,MT,Khánh Hòa,6,89904 - 39059 - 86334
2025-06-18,MT,Khánh Hòa,7,97437 - 69576 - 51282 - 59979
2025-06-18,MT,Khánh Hòa,8,60491
2025-06-18,MN,TP. HCM,ĐB,90507
2025-06-18,MN,TP. HCM,1,74086
2025-06-18,MN,TP. HCM,2,27427
2025-06-18,MN,TP. HCM,3,03457 - 84718 - 97427 - 57173 - 13470 - 18241
2025-06-18,MN,TP. HCM,4,25746 - 23374 - 90455 - 58225 - 66998 - 64932
2025-06-18,MN,TP. HCM,5,83882 - 93138 - 16919
2025-06-18,MN,TP. HCM,6,47110 - 09080 - 47298
2025-06-18,MN,TP. HCM,7,72658 - 60334 - 75274 - 90201
2025-06-18,MN,TP. HCM,8,34948
2025-06-18,MN,Đồng Tháp,ĐB,71343
2025-06-18,MN,Đồng Tháp,1,55260
2025-06-18,MN,Đồng Tháp,2,42257
2025-06-18,MN,Đồng Tháp,3,67971 - 28490 - 64121 - 52666 - 76574 - 38171
2025-06-18,MN,Đồng Tháp,4,63783 - 89535 - 51240 - 13779 - 96662 - 60907
2025-06-18,MN,Đồng Tháp,5,21348 - 01992 - 38851
2025-06-18,MN,Đồng Tháp,6,52926 - 33688 - 55499
2025-06-18,MN,Đồng Tháp,7,95916 - 46874 - 70676 - 57902
2025-06-18,MN,Đồng Tháp,8,16559
2025-06-18,MN,Cà Mau,ĐB,69555
2025-06-18,MN,Cà Mau,1,86325
2025-06-18,MN,Cà Mau,2,52524
2025-06-18,MN,Cà Mau,3,97634 - 88358 - 02497 - 65195 - 01933 - 71421
2025-06-18,MN,Cà Mau,4,37472 - 30776 - 35379 - 16438 - 14148 - 42029
2025-06-18,MN,Cà Mau,5,25569 - 45859 - 70474
2025-06-18,MN,Cà Mau,6,18881 - 04656 - 62818
2025-06-18,MN,Cà Mau,7,28207 - 81243 - 94987 - 27801
2025-06-18,MN,Cà Mau,8,05912
2025-06-19,MB,Hà Nội,ĐB,65074
2025-06-19,MB,Hà Nội,1,49116
2025-06-19,MB,Hà Nội,2,00237
2025-06-19,MB,Hà Nội,3,36877 - 02512 - 60885 - 60644 - 72611 - 42860
2025-06-19,MB,Hà Nội,4,50253 - 14654 - 52703 - 72254 - 94307 - 54883
2025-06-19,MB,Hà Nội,5,81728 - 37580 - 75682
2025-06-19,MB,Hà Nội,6,01079 - 67154 - 30275
2025-06-19,MB,Hà Nội,7,58882 - 96727 - 74879 - 20191
2025-06-19,MT,Đà Nẵng,ĐB,44654
2025-06-19,MT,Đà Nẵng,1,31687
2025-06-19,MT,Đà Nẵng,2,70135
2025-06-19,MT,Đà Nẵng,3,06774 - 60403 - 66676 - 42638 - 28174 - 96710
2025-06-19,MT,Đà Nẵng,4,56744 - 16151 - 70875 - 97585 - 49396 - 93667
2025-06-19,MT,Đà Nẵng,5,81605 - 86146 - 56928
2025-06-19,MT,Đà Nẵng,6,28564 - 70139 - 29943
2025-06-19,MT,Đà Nẵng,7,16862 - 20415 - 67244 - 14375
2025-06-19,MT,Đà Nẵng,8,46385
2025-06-19,MT,Khánh Hòa,ĐB,67772
2025-06-19,MT,Khánh Hòa,1,62828
2025-06-19,MT,Khánh Hòa,2,95506
2025-06-19,MT,Khánh Hòa,3,51899 - 14781 - 19271 - 26576 - 74453 - 20888
2025-06-19,MT,Khánh Hòa,4,16224 - 70953 - 80246 - 04136 - 87388 - 14820
2025-06-19,MT,Khánh Hòa,5,32130 - 90110 - 97776
2025-06-19,MT,Khánh Hòa,6,54644 - 39437 - 81285
2025-06-19,MT,Khánh Hòa,7,58464 - 12040 - 19318 - 79462
2025-06-19,MT,Khánh Hòa,8,97734
2025-06-19,MN,TP. HCM,ĐB,22466
2025-06-19,MN,TP. HCM,1,73920
2025-06-19,MN,TP. HCM,2,60719
2025-06-19,MN,TP. HCM,3,81578 - 91315 - 44381 - 14641 - 90950 - 70883
2025-06-19,MN,TP. HCM,4,99022 - 37710 - 67548 - 90830 - 98315 - 27471
2025-06-19,MN,TP. HCM,5,95750 - 47534 - 82143
2025-06-19,MN,TP. HCM,6,66497 - 08615 - 89322
2025-06-19,MN,TP. HCM,7,63149 - 56242 - 55413 - 86737
2025-06-19,MN,TP. HCM,8,96597
2025-06-19,MN,Đồng Tháp,ĐB,35969
2025-06-19,MN,Đồng Tháp,1,39662
2025-06-19,MN,Đồng Tháp,2,16900
2025-06-19,MN,Đồng Tháp,3,07810 - 20811 - 74805 - 05398 - 97662 - 90400
2025-06-19,MN,Đồng Tháp,4,10367 - 86849 - 10187 - 16182 - 93330 - 07445
2025-06-19,MN,Đồng Tháp,5,47336 - 92924 - 81957
2025-06-19,MN,Đồng Tháp,6,86996 - 13816 - 70162
2025-06-19,MN,Đồng Tháp,7,51729 - 34708 - 88231 - 46941
2025-06-19,MN,Đồng Tháp,8,52270
2025-06-19,MN,Cà Mau,ĐB,42204
2025-06-19,MN,Cà Mau,1,16311
2025-06-19,MN,Cà Mau,2,30960
2025-06-19,MN,Cà Mau,3,59440 - 56141 - 31857 - 92332 - 83267 - 82179
2025-06-19,MN,Cà Mau,4,63511 - 27392 - 21466 - 12368 - 43704 - 53984
2025-06-19,MN,Cà Mau,5,68365 - 33764 - 37057
2025-06-19,MN,Cà Mau,6,29152 - 03814 - 19227
2025-06-19,MN,Cà Mau,7,62304 - 23724 - 91999 - 07327
2025-06-19,MN,Cà Mau,8,58499
2025-06-20,MB,Hà Nội,ĐB,68824
2025-06-20,MB,Hà Nội,1,83844
2025-06-20,MB,Hà Nội,2,46743
2025-06-20,MB,Hà Nội,3,65546 - 71580 - 74063 - 21306 - 41538 - 14201
2025-06-20,MB,Hà Nội,4,25486 - 94817 - 93814 - 08680 - 77228 - 75931
2025-06-20,MB,Hà Nội,5,68188 - 97476 - 23910
2025-06-20,MB,Hà Nội,6,18520 - 04825 - 25933
2025-06-20,MB,Hà Nội,7,17007 - 95901 - 81513 - 21562
2025-06-20,MT,Đà Nẵng,ĐB,36057
2025-06-20,MT,Đà Nẵng,1,36283
2025-06-20,MT,Đà Nẵng,2,16523
2025-06-20,MT,Đà Nẵng,3,23927 - 96798 - 15554 - 98567 - 95992 - 20447
2025-06-20,MT,Đà Nẵng,4,46256 - 01385 - 60348 - 84248 - 35840 - 95078
2025-06-20,MT,Đà Nẵng,5,03944 - 98657 - 23954
2025-06-20,MT,Đà Nẵng,6,19975 - 28260 - 54876
2025-06-20,MT,Đà Nẵng,7,46778 - 48668 - 58338 - 06268
2025-06-20,MT,Đà Nẵng,8,83680
2025-06-20,MT,Khánh Hòa,ĐB,71927
2025-06-20,MT,Khánh Hòa,1,11617
2025-06-20,MT,Khánh Hòa,2,56133
2025-06-20,MT,Khánh Hòa,3,01436 - 42592 - 71607 - 24983 - 33108 - 30158
2025-06-20,MT,Khánh Hòa,4,92225 - 59038 - 68231 - 41704 - 71855 - 97741
2025-06-20,MT,Khánh Hòa,5,51262 - 24644 - 87146
2025-06-20,MT,Khánh Hòa,6,24473 - 27527 - 88874
2025-06-20,MT,Khánh Hòa,7,18207 - 46906 - 56268 - 47852
2025-06-20,MT,Khánh Hòa,8,12585
2025-06-20,MN,TP. HCM,ĐB,12439
2025-06-20,MN,TP. HCM,1,39446
2025-06-20,MN,TP. HCM,2,75655
2025-06-20,MN,TP. HCM,3,29579 - 97379 - 47419 - 19381 - 18858 - 70758
2025-06-20,MN,TP. HCM,4,94148 - 99951 - 97584 - 75721 - 78797 - 40530
2025-06-20,MN,TP. HCM,5,90033 - 37505 - 52286
2025-06-20,MN,TP. HCM,6,75262 - 13193 - 67694
2025-06-20,MN,TP. HCM,7,87265 - 22884 - 46531 - 31969
2025-06-20,MN,TP. HCM,8,46985
2025-06-20,MN,Đồng Tháp,ĐB,97632
2025-06-20,MN,Đồng Tháp,1,40617
2025-06-20,MN,Đồng Tháp,2,31493
2025-06-20,MN,Đồng Tháp,3,37707 - 43433 - 42301 - 58900 - 29388 - 74417
2025-06-20,MN,Đồng Tháp,4,05131 - 97474 - 58805 - 29685 - 28681 - 73627
2025-06-20,MN,Đồng Tháp,5,23921 - 27420 - 92827
2025-06-20,MN,Đồng Tháp,6,40972 - 77807 - 15585
2025-06-20,MN,Đồng Tháp,7,55752 - 38698 - 78518 - 73067
2025-06-20,MN,Đồng Tháp,8,41894
2025-06-20,MN,Cà Mau,ĐB,84442
2025-06-20,MN,Cà Mau,1,49605
2025-06-20,MN,Cà Mau,2,35055
2025-06-20,MN,Cà Mau,3,09894 - 74925 - 22989 - 18741 - 03961 - 13852
2025-06-20,MN,Cà Mau,4,99351 - 77049 - 37723 - 33494 - 94860 - 13951
2025-06-20,MN,Cà Mau,5,88216 - 40357 - 89749
2025-06-20,MN,Cà Mau,6,39613 - 78839 - 17498
2025-06-20,MN,Cà Mau,7,16096 - 94813 - 37478 - 70722
2025-06-20,MN,Cà Mau,8,18797
2025-06-21,MB,Hà Nội,ĐB,98714
2025-06-21,MB,Hà Nội,1,93884
2025-06-21,MB,Hà Nội,2,13254
2025-06-21,MB,Hà Nội,3,55545 - 22419 - 68928 - 52991 - 59793 - 25403
2025-06-21,MB,Hà Nội,4,58141 - 00037 - 57092 - 93337 - 58222 - 59224
2025-06-21,MB,Hà Nội,5,63510 - 75331 - 80642
2025-06-21,MB,Hà Nội,6,41614 - 78119 - 82921
2025-06-21,MB,Hà Nội,7,49669 - 46478 - 47962 - 50451
2025-06-21,MT,Đà Nẵng,ĐB,57409
2025-06-21,MT,Đà Nẵng,1,39742
2025-06-21,MT,Đà Nẵng,2,38754
2025-06-21,MT,Đà Nẵng,3,85790 - 87170 - 09469 - 75323 - 06461 - 63364
2025-06-21,MT,Đà Nẵng,4,16003 - 98156 - 89703 - 23168 - 11238 - 98327
2025-06-21,MT,Đà Nẵng,5,98161 - 23434 - 98174
2025-06-21,MT,Đà Nẵng,6,33472 - 65143 - 44881
2025-06-21,MT,Đà Nẵng,7,57814 - 78195 - 99222 - 89900
2025-06-21,MT,Đà Nẵng,8,00057
2025-06-21,MT,Khánh Hòa,ĐB,42662
2025-06-21,MT,Khánh Hòa,1,69705
2025-06-21,MT,Khánh Hòa,2,76840
2025-06-21,MT,Khánh Hòa,3,26355 - 11077 - 39268 - 61178 - 35352 - 24525
2025-06-21,MT,Khánh Hòa,4,37908 - 06791 - 16704 - 84013 - 16093 - 16131
2025-06-21,MT,Khánh Hòa,5,98177 - 39268 - 04469
2025-06-21,MT,Khánh Hòa,6,82778 - 13908 - 39478
2025-06-21,MT,Khánh Hòa,7,01154 - 67996 - 46770 - 15295
2025-06-21,MT,Khánh Hòa,8,70220
2025-06-21,MN,TP. HCM,ĐB,40699
2025-06-21,MN,TP. HCM,1,84510
2025-06-21,MN,TP. HCM,2,28076
2025-06-21,MN,TP. HCM,3,95723 - 83496 - 55795 - 79412 - 48263 - 34264
2025-06-21,MN,TP. HCM,4,35713 - 16009 - 40387 - 00963 - 05518 - 65547
2025-06-21,MN,TP. HCM,5,68057 - 67715 - 55994
2025-06-21,MN,TP. HCM,6,69444 - 65643 - 06331
2025-06-21,MN,TP. HCM,7,37532 - 03057 - 15849 - 26024
2025-06-21,MN,TP. HCM,8,91055
2025-06-21,MN,Đồng Tháp,ĐB,25480
2025-06-21,MN,Đồng Tháp,1,01144
2025-06-21,MN,Đồng Tháp,2,68824
2025-06-21,MN,Đồng Tháp,3,19891 - 59983 - 93890 - 72823 - 21382 - 44718
2025-06-21,MN,Đồng Tháp,4,27055 - 40303 - 52535 - 04766 - 14992 - 54157
2025-06-21,MN,Đồng Tháp,5,20664 - 47624 - 58606
2025-06-21,MN,Đồng Tháp,6,57179 - 36965 - 32607
2025-06-21,MN,Đồng Tháp,7,78714 - 73953 - 04063 - 08640
2025-06-21,MN,Đồng Tháp,8,04296
2025-06-21,MN,Cà Mau,ĐB,55238
2025-06-21,MN,Cà Mau,1,82572
2025-06-21,MN,Cà Mau,2,40965
2025-06-21,MN,Cà Mau,3,33394 - 84297 - 31052 - 10831 - 20872 - 39647
2025-06-21,MN,Cà Mau,4,28247 - 60434 - 81013 - 95272 - 03199 - 26971
2025-06-21,MN,Cà Mau,5,27607 - 86333 - 78563
2025-06-21,MN,Cà Mau,6,23249 - 55235 - 32641
2025-06-21,MN,Cà Mau,7,12819 - 15782 - 28059 - 25890
2025-06-21,MN,Cà Mau,8,76179
2025-06-22,MB,Hà Nội,ĐB,07001
2025-06-22,MB,Hà Nội,1,75188
2025-06-22,MB,Hà Nội,2,69201
2025-06-22,MB,Hà Nội,3,87720 - 46522 - 79318 - 55739 - 72636 - 04495
2025-06-22,MB,Hà Nội,4,15069 - 12417 - 37064 - 19317 - 11533 - 60760
2025-06-22,MB,Hà Nội,5,63707 - 01472 - 11867
2025-06-22,MB,Hà Nội,6,24542 - 71050 - 14898
2025-06-22,MB,Hà Nội,7,13871 - 95247 - 66239 - 17104
2025-06-22,MT,Đà Nẵng,ĐB,07330
2025-06-22,MT,Đà Nẵng,1,54406
2025-06-22,MT,Đà Nẵng,2,36805
2025-06-22,MT,Đà Nẵng,3,23430 - 20425 - 13211 - 02398 - 65346 - 70588
2025-06-22,MT,Đà Nẵng,4,54411 - 05926 - 15694 - 20330 - 20394 - 67733
2025-06-22,MT,Đà Nẵng,5,81851 - 28214 - 21999
2025-06-22,MT,Đà Nẵng,6,58038 - 72160 - 74267
2025-06-22,MT,Đà Nẵng,7,65902 - 06914 - 21849 - 71620
2025-06-22,MT,Đà Nẵng,8,64599
2025-06-22,MT,Khánh Hòa,ĐB,75942
2025-06-22,MT,Khánh Hòa,1,77397
2025-06-22,MT,Khánh Hòa,2,61877
2025-06-22,MT,Khánh Hòa,3,64468 - 31998 - 49625 - 82136 - 98504 - 29509
2025-06-22,MT,Khánh Hòa,4,24590 - 05614 - 90733 - 10042 - 25066 - 45792
2025-06-22,MT,Khánh Hòa,5,03961 - 14381 - 89149
2025-06-22,MT,Khánh Hòa,6,19414 - 34992 - 78095
2025-06-22,MT,Khánh Hòa,7,48028 - 95681 - 64906 - 87250
2025-06-22,MT,Khánh Hòa,8,58061
2025-06-22,MN,TP. HCM,ĐB,69956
2025-06-22,MN,TP. HCM,1,80916
2025-06-22,MN,TP. HCM,2,58804
2025-06-22,MN,TP. HCM,3,68606 - 94725 - 99455 - 59541 - 59290 - 59855
2025-06-22,MN,TP. HCM,4,86603 - 07546 - 17682 - 10521 - 08939 - 04531
2025-06-22,MN,TP. HCM,5,25519 - 48800 - 32539
2025-06-22,MN,TP. HCM,6,63085 - 38155 - 62036
2025-06-22,MN,TP. HCM,7,59121 - 22787 - 48130 - 74680
2025-06-22,MN,TP. HCM,8,94511
2025-06-22,MN,Đồng Tháp,ĐB,89705
2025-06-22,MN,Đồng Tháp,1,66599
2025-06-22,MN,Đồng Tháp,2,93062
2025-06-22,MN,Đồng Tháp,3,69380 - 27614 - 58979 - 13969 - 64834 - 02840
2025-06-22,MN,Đồng Tháp,4,03850 - 51278 - 16182 - 37794 - 62885 - 95012
2025-06-22,MN,Đồng Tháp,5,57118 - 31898 - 41272
2025-06-22,MN,Đồng Tháp,6,03942 - 30931 - 64942
2025-06-22,MN,Đồng Tháp,7,11979 - 31713 - 27763 - 82808
2025-06-22,MN,Đồng Tháp,8,40416
2025-06-22,MN,Cà Mau,ĐB,22578
2025-06-22,MN,Cà Mau,1,83677
2025-06-22,MN,Cà Mau,2,77922
2025-06-22,MN,Cà Mau,3,90156 - 36922 - 25347 - 75332 - 08409 - 13506
2025-06-22,MN,Cà Mau,4,90319 - 00389 - 61244 - 56728 - 90845 - 33062
2025-06-22,MN,Cà Mau,5,88188 - 79786 - 00429
2025-06-22,MN,Cà Mau,6,95712 - 29829 - 90688
2025-06-22,MN,Cà Mau,7,68814 - 91170 - 88748 - 92748
2025-06-22,MN,Cà Mau,8,69848
2025-06-23,MB,Hà Nội,ĐB,90669
2025-06-23,MB,Hà Nội,1,92889
2025-06-23,MB,Hà Nội,2,87678
2025-06-23,MB,Hà Nội,3,54369 - 64516 - 34386 - 50040 - 70361 - 76873
2025-06-23,MB,Hà Nội,4,59947 - 15560 - 82492 - 30973 - 73451 - 25667
2025-06-23,MB,Hà Nội,5,54498 - 03337 - 45927
2025-06-23,MB,Hà Nội,6,50948 - 23414 - 53190
2025-06-23,MB,Hà Nội,7,25251 - 36232 - 33649 - 90509
2025-06-23,MT,Đà Nẵng,ĐB,71911
2025-06-23,MT,Đà Nẵng,1,88792
2025-06-23,MT,Đà Nẵng,2,03396
2025-06-23,MT,Đà Nẵng,3,62264 - 29297 - 09490 - 10941 - 73893 - 98966
2025-06-23,MT,Đà Nẵng,4,03696 - 43320 - 77085 - 79539 - 22806 - 10564
2025-06-23,MT,Đà Nẵng,5,35416 - 82113 - 23402
2025-06-23,MT,Đà Nẵng,6,79510 - 58126 - 17286
2025-06-23,MT,Đà Nẵng,7,13069 - 41312 - 56662 - 04764
2025-06-23,MT,Đà Nẵng,8,28346
2025-06-23,MT,Khánh Hòa,ĐB,30805
2025-06-23,MT,Khánh Hòa,1,80232
2025-06-23,MT,Khánh Hòa,2,98879
2025-06-23,MT,Khánh Hòa,3,96567 - 07473 - 42780 - 99053 - 47272 - 85635
2025-06-23,MT,Khánh Hòa,4,22529 - 71996 - 76028 - 99201 - 55872 - 97459
2025-06-23,MT,Khánh Hòa,5,32384 - 52006 - 82960
2025-06-23,MT,Khánh Hòa,6,12163 - 28969 - 11698
2025-06-23,MT,Khánh Hòa,7,03424 - 49461 - 98865 - 69059
2025-06-23,MT,Khánh Hòa,8,86973
2025-06-23,MN,TP. HCM,ĐB,80696
2025-06-23,MN,TP. HCM,1,17730
2025-06-23,MN,TP. HCM,2,16194
2025-06-23,MN,TP. HCM,3,55704 - 75224 - 39120 - 75975 - 69733 - 39930
2025-06-23,MN,TP. HCM,4,54097 - 14530 - 52162 - 54487 - 73968 - 18560
2025-06-23,MN,TP. HCM,5,80608 - 10921 - 10289
2025-06-23,MN,TP. HCM,6,58621 - 35054 - 99295
2025-06-23,MN,TP. HCM,7,62735 - 31842 - 48234 - 23071
2025-06-23,MN,TP. HCM,8,20541
2025-06-23,MN,Đồng Tháp,ĐB,00482
2025-06-23,MN,Đồng Tháp,1,01438
2025-06-23,MN,Đồng Tháp,2,10061
2025-06-23,MN,Đồng Tháp,3,84963 - 38188 - 09128 - 13968 - 03631 - 24489
2025-06-23,MN,Đồng Tháp,4,76975 - 52471 - 23378 - 87537 - 21634 - 91487
2025-06-23,MN,Đồng Tháp,5,76194 - 97373 - 63639
2025-06-23,MN,Đồng Tháp,6,50186 - 89065 - 77370
2025-06-23,MN,Đồng Tháp,7,42523 - 30160 - 19791 - 04303
2025-06-23,MN,Đồng Tháp,8,27263
2025-06-23,MN,Cà Mau,ĐB,45629
2025-06-23,MN,Cà Mau,1,98401
2025-06-23,MN,Cà Mau,2,72894
2025-06-23,MN,Cà Mau,3,33479 - 97441 - 01422 - 08273 - 58961 - 12384
2025-06-23,MN,Cà Mau,4,79713 - 29988 - 40218 - 83316 - 61362 - 67894
2025-06-23,MN,Cà Mau,5,23058 - 20070 - 11787
2025-06-23,MN,Cà Mau,6,72132 - 08612 - 66836
2025-06-23,MN,Cà Mau,7,65521 - 41370 - 32785 - 65231
2025-06-23,MN,Cà Mau,8,60423
2025-06-24,MB,Hà Nội,ĐB,59478
2025-06-24,MB,Hà Nội,1,48046
2025-06-24,MB,Hà Nội,2,35030
2025-06-24,MB,Hà Nội,3,74082 - 71538 - 28654 - 69090 - 13790 - 99042
2025-06-24,MB,Hà Nội,4,95494 - 26248 - 14721 - 58934 - 00088 - 67678
2025-06-24,MB,Hà Nội,5,54863 - 47135 - 13054
2025-06-24,MB,Hà Nội,6,72949 - 50143 - 93991
2025-06-24,MB,Hà Nội,7,68061 - 77782 - 14307 - 95315
2025-06-24,MT,Đà Nẵng,ĐB,79697
2025-06-24,MT,Đà Nẵng,1,16816
2025-06-24,MT,Đà Nẵng,2,59526
2025-06-24,MT,Đà Nẵng,3,71310 - 50823 - 61754 - 63910 - 47186 - 40666
2025-06-24,MT,Đà Nẵng,4,59121 - 66088 - 88387 - 93084 - 96058 - 84829
2025-06-24,MT,Đà Nẵng,5,83357 - 09827 - 55842
2025-06-24,MT,Đà Nẵng,6,46484 - 45442 - 72103
2025-06-24,MT,Đà Nẵng,7,77567 - 26309 - 37197 - 26810
2025-06-24,MT,Đà Nẵng,8,26284
2025-06-24,MT,Khánh Hòa,ĐB,73911
2025-06-24,MT,Khánh Hòa,1,53403
2025-06-24,MT,Khánh Hòa,2,51037
2025-06-24,MT,Khánh Hòa,3,80929 - 56522 - 48120 - 28060 - 39402 - 85433
2025-06-24,MT,Khánh Hòa,4,28532 - 94434 - 94431 - 62044 - 40983 - 53998
2025-06-24,MT,Khánh Hòa,5,43227 - 42571 - 08128
2025-06-24,MT,Khánh Hòa,6,30931 - 97835 - 69934
2025-06-24,MT,Khánh Hòa,7,02386 - 48324 - 33822 - 29890
2025-06-24,MT,Khánh Hòa,8,30456
2025-06-24,MN,TP. HCM,ĐB,80789
2025-06-24,MN,TP. HCM,1,55592
2025-06-24,MN,TP. HCM,2,13611
2025-06-24,MN,TP. HCM,3,77286 - 06054 - 94145 - 23194 - 50602 - 54445
2025-06-24,MN,TP. HCM,4,96386 - 73416 - 40023 - 32304 - 69610 - 71765
2025-06-24,MN,TP. HCM,5,46215 - 46642 - 70010
2025-06-24,MN,TP. HCM,6,44945 - 53148 - 07195
2025-06-24,MN,TP. HCM,7,33944 - 22577 - 11538 - 66792
2025-06-24,MN,TP. HCM,8,78069
2025-06-24,MN,Đồng Tháp,ĐB,25922
2025-06-24,MN,Đồng Tháp,1,98060
2025-06-24,MN,Đồng Tháp,2,22404
2025-06-24,MN,Đồng Tháp,3,85688 - 15207 - 88118 - 83919 - 82952 - 42615
2025-06-24,MN,Đồng Tháp,4,17175 - 27524 - 95491 - 15681 - 59022 - 38234
2025-06-24,MN,Đồng Tháp,5,11024 - 41750 - 34927
2025-06-24,MN,Đồng Tháp,6,84289 - 07557 - 68026
2025-06-24,MN,Đồng Tháp,7,98468 - 91513 - 03166 - 65230
2025-06-24,MN,Đồng Tháp,8,67500
2025-06-24,MN,Cà Mau,ĐB,59858
2025-06-24,MN,Cà Mau,1,82082
2025-06-24,MN,Cà Mau,2,44039
2025-06-24,MN,Cà Mau,3,94677 - 99288 - 47166 - 30522 - 72155 - 95917
2025-06-24,MN,Cà Mau,4,79675 - 13754 - 67661 - 84437 - 11061 - 49943
2025-06-24,MN,Cà Mau,5,75513 - 39574 - 86503
2025-06-24,MN,Cà Mau,6,13853 - 20182 - 54279
2025-06-24,MN,Cà Mau,7,87462 - 20352 - 09794 - 86883
2025-06-24,MN,Cà Mau,8,81806
2025-06-25,MB,Hà Nội,ĐB,24527
2025-06-25,MB,Hà Nội,1,68862
2025-06-25,MB,Hà Nội,2,76362
2025-06-25,MB,Hà Nội,3,80983 - 76704 - 12774 - 06277 - 06452 - 40086
2025-06-25,MB,Hà Nội,4,63992 - 00031 - 55267 - 09344 - 66769 - 41163
2025-06-25,MB,Hà Nội,5,02899 - 58529 - 90445
2025-06-25,MB,Hà Nội,6,90235 - 03371 - 60041
2025-06-25,MB,Hà Nội,7,53811 - 42555 - 66790 - 29909
2025-06-25,MT,Đà Nẵng,ĐB,80154
2025-06-25,MT,Đà Nẵng,1,66759
2025-06-25,MT,Đà Nẵng,2,61451
2025-06-25,MT,Đà Nẵng,3,99478 - 31194 - 76043 - 22677 - 03041 - 20979
2025-06-25,MT,Đà Nẵng,4,17131 - 29773 - 54092 - 35459 - 78701 - 69383
2025-06-25,MT,Đà Nẵng,5,63915 - 65298 - 83382
2025-06-25,MT,Đà Nẵng,6,46691 - 93285 - 81529
2025-06-25,MT,Đà Nẵng,7,32716 - 93563 - 67388 - 73924
2025-06-25,MT,Đà Nẵng,8,49106
2025-06-25,MT,Khánh Hòa,ĐB,54539
2025-06-25,MT,Khánh Hòa,1,84529
2025-06-25,MT,Khánh Hòa,2,95432
2025-06-25,MT,Khánh Hòa,3,72730 - 01271 - 78397 - 68959 - 04403 - 28745
2025-06-25,MT,Khánh Hòa,4,59496 - 22028 - 94543 - 18645 - 27920 - 62185
2025-06-25,MT,Khánh Hòa,5,59862 - 84276 - 50998
2025-06-25,MT,Khánh Hòa,6,09341 - 73408 - 53066
2025-06-25,MT,Khánh Hòa,7,96313 - 91931 - 03969 - 15145
2025-06-25,MT,Khánh Hòa,8,83053
2025-06-25,MN,TP. HCM,ĐB,24870
2025-06-25,MN,TP. HCM,1,30484
2025-06-25,MN,TP. HCM,2,36514
2025-06-25,MN,TP. HCM,3,03749 - 77500 - 95732 - 00776 - 71458 - 76150
2025-06-25,MN,TP. HCM,4,29055 - 57772 - 34997 - 90657 - 68355 - 79091
2025-06-25,MN,TP. HCM,5,32669 - 38014 - 38507
2025-06-25,MN,TP. HCM,6,09880 - 27768 - 42355
2025-06-25,MN,TP. HCM,7,95302 - 72900 - 75556 - 22872
2025-06-25,MN,TP. HCM,8,74518
2025-06-25,MN,Đồng Tháp,ĐB,30536
2025-06-25,MN,Đồng Tháp,1,77864
2025-06-25,MN,Đồng Tháp,2,61853
2025-06-25,MN,Đồng Tháp,3,37046 - 23164 - 38593 - 94670 - 01691 - 27637
2025-06-25,MN,Đồng Tháp,4,39410 - 09999 - 78353 - 42072 - 35228 - 86201
2025-06-25,MN,Đồng Tháp,5,55022 - 05600 - 68375
2025-06-25,MN,Đồng Tháp,6,48332 - 63085 - 32906
2025-06-25,MN,Đồng Tháp,7,80507 - 95544 - 27871 - 04053
2025-06-25,MN,Đồng Tháp,8,90916
2025-06-25,MN,Cà Mau,ĐB,33184
2025-06-25,MN,Cà Mau,1,70989
2025-06-25,MN,Cà Mau,2,23486
2025-06-25,MN,Cà Mau,3,45667 - 89607 - 19651 - 45883 - 71556 - 55092
2025-06-25,MN,Cà Mau,4,58036 - 65598 - 53659 - 96097 - 56282 - 84643
2025-06-25,MN,Cà Mau,5,45329 - 90428 - 63184
2025-06-25,MN,Cà Mau,6,60006 - 71265 - 11099
2025-06-25,MN,Cà Mau,7,74413 - 54596 - 37135 - 95279
2025-06-25,MN,Cà Mau,8,02906
2025-06-26,MB,Hà Nội,ĐB,45015
2025-06-26,MB,Hà Nội,1,37088
2025-06-26,MB,Hà Nội,2,00747
2025-06-26,MB,Hà Nội,3,64833 - 25516 - 95153 - 48760 - 71027 - 18898
2025-06-26,MB,Hà Nội,4,18560 - 46632 - 38777 - 25451 - 30275 - 83329
2025-06-26,MB,Hà Nội,5,06696 - 35804 - 42575
2025-06-26,MB,Hà Nội,6,99206 - 78244 - 03834
2025-06-26,MB,Hà Nội,7,53662 - 35677 - 48732 - 43476
2025-06-26,MT,Đà Nẵng,ĐB,12016
2025-06-26,MT,Đà Nẵng,1,28158
2025-06-26,MT,Đà Nẵng,2,87942
2025-06-26,MT,Đà Nẵng,3,41395 - 19331 - 01872 - 89398 - 96173 - 34772
2025-06-26,MT,Đà Nẵng,4,40324 - 33781 - 13869 - 05900 - 79072 - 56888
2025-06-26,MT,Đà Nẵng,5,43976 - 03732 - 59577
2025-06-26,MT,Đà Nẵng,6,40537 - 72864 - 17290
2025-06-26,MT,Đà Nẵng,7,52232 - 28074 - 49369 - 74713
2025-06-26,MT,Đà Nẵng,8,87406
2025-06-26,MT,Khánh Hòa,ĐB,00145
2025-06-26,MT,Khánh Hòa,1,46933
2025-06-26,MT,Khánh Hòa,2,65349
2025-06-26,MT,Khánh Hòa,3,20229 - 26652 - 01319 - 44172 - 96540 - 29388
2025-06-26,MT,Khánh Hòa,4,37529 - 69549 - 29260 - 35097 - 06801 - 73044
2025-06-26,MT,Khánh Hòa,5,49990 - 67044 - 23725
2025-06-26,MT,Khánh Hòa,6,30232 - 48942 - 10217
2025-06-26,MT,Khánh Hòa,7,36278 - 05605 - 55489 - 18940
2025-06-26,MT,Khánh Hòa,8,09801
2025-06-26,MN,TP. HCM,ĐB,59030
2025-06-26,MN,TP. HCM,1,89433
2025-06-26,MN,TP. HCM,2,00093
2025-06-26,MN,TP. HCM,3,52660 - 40896 - 97709 - 41373 - 15360 - 96862
2025-06-26,MN,TP. HCM,4,15438 - 99430 - 83392 - 52303 - 66085 - 01381
2025-06-26,MN,TP. HCM,5,13161 - 34410 - 58211
2025-06-26,MN,TP. HCM,6,67939 - 85625 - 55695
2025-06-26,MN,TP. HCM,7,11420 - 59130 - 13308 - 32480
2025-06-26,MN,TP. HCM,8,39934
2025-06-26,MN,Đồng Tháp,ĐB,25513
2025-06-26,MN,Đồng Tháp,1,52199
2025-06-26,MN,Đồng Tháp,2,77328
2025-06-26,MN,Đồng Tháp,3,26066 - 62811 - 80095 - 11068 - 71444 - 68821
2025-06-26,MN,Đồng Tháp,4,25971 - 21435 - 50134 - 92456 - 31930 - 26728
2025-06-26,MN,Đồng Tháp,5,25978 - 11498 - 12412
2025-06-26,MN,Đồng Tháp,6,68863 - 68505 - 63987
2025-06-26,MN,Đồng Tháp,7,26824 - 40861 - 12376 - 41274
2025-06-26,MN,Đồng Tháp,8,39906
2025-06-26,MN,Cà Mau,ĐB,88654
2025-06-26,MN,Cà Mau,1,77256
2025-06-26,MN,Cà Mau,2,88885
2025-06-26,MN,Cà Mau,3,68365 - 87744 - 61601 - 73179 - 00637 - 83629
2025-06-26,MN,Cà Mau,4,39538 - 48817 - 21387 - 52790 - 40392 - 92086
2025-06-26,MN,Cà Mau,5,00731 - 23931 - 34873
2025-06-26,MN,Cà Mau,6,65089 - 70914 - 59805
2025-06-26,MN,Cà Mau,7,30564 - 42022 - 21307 - 56404
2025-06-26,MN,Cà Mau,8,78865
2025-06-27,MB,Hà Nội,ĐB,44314
2025-06-27,MB,Hà Nội,1,91340
2025-06-27,MB,Hà Nội,2,93912
2025-06-27,MB,Hà Nội,3,74870 - 29610 - 81615 - 10634 - 13922 - 94284
2025-06-27,MB,Hà Nội,4,49224 - 28586 - 71063 - 16004 - 02820 - 10180
2025-06-27,MB,Hà Nội,5,75879 - 63708 - 09502
2025-06-27,MB,Hà Nội,6,62220 - 58487 - 58201
2025-06-27,MB,Hà Nội,7,50220 - 36842 - 11979 - 30414
2025-06-27,MT,Đà Nẵng,ĐB,42744
2025-06-27,MT,Đà Nẵng,1,12376
2025-06-27,MT,Đà Nẵng,2,58988
2025-06-27,MT,Đà Nẵng,3,64796 - 21417 - 50196 - 93621 - 69842 - 07589
2025-06-27,MT,Đà Nẵng,4,92855 - 83941 - 87084 - 86864 - 38711 - 44826
2025-06-27,MT,Đà Nẵng,5,05610 - 09195 - 72234
2025-06-27,MT,Đà Nẵng,6,03442 - 89131 - 18425
2025-06-27,MT,Đà Nẵng,7,17518 - 31671 - 84036 - 20362
2025-06-27,MT,Đà Nẵng,8,09140
2025-06-27,MT,Khánh Hòa,ĐB,90626
2025-06-27,MT,Khánh Hòa,1,12841
2025-06-27,MT,Khánh Hòa,2,83092
2025-06-27,MT,Khánh Hòa,3,00486 - 16852 - 31332 - 09624 - 16969 - 77503
2025-06-27,MT,Khánh Hòa,4,33554 - 77646 - 66558 - 77760 - 18538 - 48891
2025-06-27,MT,Khánh Hòa,5,12902 - 84427 - 87935
2025-06-27,MT,Khánh Hòa,6,82076 - 99823 - 31684
2025-06-27,MT,Khánh Hòa,7,93564 - 61055 - 01732 - 04086
2025-06-27,MT,Khánh Hòa,8,32802
2025-06-27,MN,TP. HCM,ĐB,79553
2025-06-27,MN,TP. HCM,1,96772
2025-06-27,MN,TP. HCM,2,05317
2025-06-27,MN,TP. HCM,3,16765 - 34322 - 52140 - 74838 - 21586 - 30386
2025-06-27,MN,TP. HCM,4,74325 - 64132 - 57159 - 80571 - 69139 - 44665
2025-06-27,MN,TP. HCM,5,46166 - 30622 - 77765
2025-06-27,MN,TP. HCM,6,08438 - 71472 - 76553
2025-06-27,MN,TP. HCM,7,85641 - 93832 - 68028 - 66502
2025-06-27,MN,TP. HCM,8,67419
2025-06-27,MN,Đồng Tháp,ĐB,16504
2025-06-27,MN,Đồng Tháp,1,96956
2025-06-27,MN,Đồng Tháp,2,41846
2025-06-27,MN,Đồng Tháp,3,89949 - 32350 - 28062 - 70722 - 00180 - 93051
2025-06-27,MN,Đồng Tháp,4,95627 - 99222 - 72321 - 79200 - 24352 - 78701
2025-06-27,MN,Đồng Tháp,5,77166 - 82618 - 12884
2025-06-27,MN,Đồng Tháp,6,01538 - 85322 - 64385
2025-06-27,MN,Đồng Tháp,7,70811 - 98457 - 98406 - 86394
2025-06-27,MN,Đồng Tháp,8,46387
2025-06-27,MN,Cà Mau,ĐB,95937
2025-06-27,MN,Cà Mau,1,23107
2025-06-27,MN,Cà Mau,2,16868
2025-06-27,MN,Cà Mau,3,03620 - 20534 - 01886 - 92428 - 22824 - 30827
2025-06-27,MN,Cà Mau,4,03562 - 90302 - 51605 - 29984 - 86265 - 60821
2025-06-27,MN,Cà Mau,5,05446 - 70648 - 35766
2025-06-27,MN,Cà Mau,6,01216 - 17231 - 03549
2025-06-27,MN,Cà Mau,7,29069 - 92893 - 59089 - 61975
2025-06-27,MN,Cà Mau,8,38595
2025-06-28,MB,Hà Nội,ĐB,89074
2025-06-28,MB,Hà Nội,1,50967
2025-06-28,MB,Hà Nội,2,53052
2025-06-28,MB,Hà Nội,3,54641 - 55283 - 52075 - 83495 - 38064 - 96906
2025-06-28,MB,Hà Nội,4,59062 - 43870 - 79331 - 94414 - 46263 - 67173
2025-06-28,MB,Hà Nội,5,64849 - 86322 - 46788
2025-06-28,MB,Hà Nội,6,11971 - 35953 - 58318
2025-06-28,MB,Hà Nội,7,34406 - 04248 - 69146 - 73698
2025-06-28,MT,Đà Nẵng,ĐB,83915
2025-06-28,MT,Đà Nẵng,1,72940
2025-06-28,MT,Đà Nẵng,2,19254
2025-06-28,MT,Đà Nẵng,3,32308 - 44422 - 29660 - 76830 - 92009 - 69205
2025-06-28,MT,Đà Nẵng,4,21236 - 73660 - 27583 - 66772 - 16766 - 08536
2025-06-28,MT,Đà Nẵng,5,42280 - 09736 - 12113
2025-06-28,MT,Đà Nẵng,6,41252 - 95768 - 59816
2025-06-28,MT,Đà Nẵng,7,40570 - 17774 - 73059 - 54886
2025-06-28,MT,Đà Nẵng,8,32528
2025-06-28,MT,Khánh Hòa,ĐB,37585
2025-06-28,MT,Khánh Hòa,1,28143
2025-06-28,MT,Khánh Hòa,2,73955
2025-06-28,MT,Khánh Hòa,3,15310 - 63650 - 13354 - 93671 - 49233 - 15855
2025-06-28,MT,Khánh Hòa,4,59843 - 28688 - 91262 - 61468 - 23355 - 99086
2025-06-28,MT,Khánh Hòa,5,87236 - 69260 - 40249
2025-06-28,MT,Khánh Hòa,6,70870 - 10779 - 59509
2025-06-28,MT,Khánh Hòa,7,08907 - 68011 - 85274 - 85860
2025-06-28,MT,Khánh Hòa,8,87221
2025-06-28,MN,TP. HCM,ĐB,58268
2025-06-28,MN,TP. HCM,1,02547
2025-06-28,MN,TP. HCM,2,74522
2025-06-28,MN,TP. HCM,3,26300 - 45996 - 96027 - 62938 - 63490 - 59081
2025-06-28,MN,TP. HCM,4,22752 - 69164 - 42664 - 54080 - 95395 - 01649
2025-06-28,MN,TP. HCM,5,29010 - 66301 - 99631
2025-06-28,MN,TP. HCM,6,34449 - 54223 - 11067
2025-06-28,MN,TP. HCM,7,67733 - 25386 - 38139 - 49014
2025-06-28,MN,TP. HCM,8,03119
2025-06-28,MN,Đồng Tháp,ĐB,56602
2025-06-28,MN,Đồng Tháp,1,32595
2025-06-28,MN,Đồng Tháp,2,71463
2025-06-28,MN,Đồng Tháp,3,54090 - 83644 - 28406 - 73131 - 71074 - 13244
2025-06-28,MN,Đồng Tháp,4,72991 - 91524 - 46699 - 28677 - 68971 - 97952
2025-06-28,MN,Đồng Tháp,5,58998 - 70787 - 39122
2025-06-28,MN,Đồng Tháp,6,83470 - 24477 - 55702
2025-06-28,MN,Đồng Tháp,7,73935 - 19051 - 65897 - 34569
2025-06-28,MN,Đồng Tháp,8,03614
2025-06-28,MN,Cà Mau,ĐB,83462
2025-06-28,MN,Cà Mau,1,75453
2025-06-28,MN,Cà Mau,2,45477
2025-06-28,MN,Cà Mau,3,99206 - 69955 - 76286 - 51312 - 98299 - 99474
2025-06-28,MN,Cà Mau,4,00910 - 91733 - 20741 - 91554 - 35601 - 39142
2025-06-28,MN,Cà Mau,5,84961 - 76642 - 83274
2025-06-28,MN,Cà Mau,6,63127 - 39187 - 63359
2025-06-28,MN,Cà Mau,7,42012 - 56726 - 39802 - 81756
2025-06-28,MN,Cà Mau,8,65961
2025-06-29,MB,Hà Nội,ĐB,72082
2025-06-29,MB,Hà Nội,1,11077
2025-06-29,MB,Hà Nội,2,87901
2025-06-29,MB,Hà Nội,3,70083 - 65152 - 95182 - 81827 - 40182 - 44403
2025-06-29,MB,Hà Nội,4,30660 - 50329 - 11577 - 99126 - 35093 - 19769
2025-06-29,MB,Hà Nội,5,43027 - 03278 - 38683
2025-06-29,MB,Hà Nội,6,33341 - 59906 - 78674
2025-06-29,MB,Hà Nội,7,06869 - 26967 - 93913 - 81025
2025-06-29,MT,Đà Nẵng,ĐB,84129
2025-06-29,MT,Đà Nẵng,1,42674
2025-06-29,MT,Đà Nẵng,2,91714
2025-06-29,MT,Đà Nẵng,3,05123 - 93341 - 08729 - 66465 - 45289 - 35243
2025-06-29,MT,Đà Nẵng,4,72270 - 57885 - 87321 - 13835 - 55487 - 54586
2025-06-29,MT,Đà Nẵng,5,42293 - 59185 - 59179
2025-06-29,MT,Đà Nẵng,6,94439 - 72525 - 38812
2025-06-29,MT,Đà Nẵng,7,34420 - 02219 - 40465 - 55994
2025-06-29,MT,Đà Nẵng,8,80865
2025-06-29,MT,Khánh Hòa,ĐB,99180
2025-06-29,MT,Khánh Hòa,1,97943
2025-06-29,MT,Khánh Hòa,2,38092
2025-06-29,MT,Khánh Hòa,3,06142 - 32965 - 30400 - 20281 - 86008 - 81695
2025-06-29,MT,Khánh Hòa,4,73735 - 28927 - 12212 - 23197 - 99823 - 04061
2025-06-29,MT,Khánh Hòa,5,97881 - 44964 - 97921
2025-06-29,MT,Khánh Hòa,6,03468 - 73954 - 93318
2025-06-29,MT,Khánh Hòa,7,29382 - 71735 - 47514 - 37527
2025-06-29,MT,Khánh Hòa,8,96120
2025-06-29,MN,TP. HCM,ĐB,87886
2025-06-29,MN,TP. HCM,1,97085
2025-06-29,MN,TP. HCM,2,12461
2025-06-29,MN,TP. HCM,3,61663 - 98201 - 25476 - 24959 - 67005 - 23098
2025-06-29,MN,TP. HCM,4,74797 - 89989 - 41890 - 47516 - 37649 - 78229
2025-06-29,MN,TP. HCM,5,55200 - 11004 - 08768
2025-06-29,MN,TP. HCM,6,58363 - 63240 - 49591
2025-06-29,MN,TP. HCM,7,67770 - 13811 - 16775 - 54525
2025-06-29,MN,TP. HCM,8,91400
2025-06-29,MN,Đồng Tháp,ĐB,48197
2025-06-29,MN,Đồng Tháp,1,49151
2025-06-29,MN,Đồng Tháp,2,10270
2025-06-29,MN,Đồng Tháp,3,18480 - 45902 - 25433 - 58842 - 32022 - 29824
2025-06-29,MN,Đồng Tháp,4,16121 - 75726 - 98465 - 60598 - 45589 - 88014
2025-06-29,MN,Đồng Tháp,5,97885 - 63594 - 45984
2025-06-29,MN,Đồng Tháp,6,01948 - 95018 - 20369
2025-06-29,MN,Đồng Tháp,7,36527 - 26708 - 00932 - 60379
2025-06-29,MN,Đồng Tháp,8,36164
2025-06-29,MN,Cà Mau,ĐB,74097
2025-06-29,MN,Cà Mau,1,11311
2025-06-29,MN,Cà Mau,2,21844
2025-06-29,MN,Cà Mau,3,46274 - 76652 - 41555 - 13960 - 36128 - 45040
2025-06-29,MN,Cà Mau,4,11536 - 44175 - 39471 - 86328 - 82877 - 72835
2025-06-29,MN,Cà Mau,5,12885 - 62920 - 15214
2025-06-29,MN,Cà Mau,6,39805 - 90986 - 86193
2025-06-29,MN,Cà Mau,7,16463 - 90220 - 65831 - 76951
2025-06-29,MN,Cà Mau,8,17314
2025-06-30,MB,Hà Nội,ĐB,92224
2025-06-30,MB,Hà Nội,1,42482
2025-06-30,MB,Hà Nội,2,29157
2025-06-30,MB,Hà Nội,3,09098 - 53542 - 42766 - 19607 - 43962 - 09155
2025-06-30,MB,Hà Nội,4,98700 - 33389 - 56709 - 97304 - 43881 - 36492
2025-06-30,MB,Hà Nội,5,70332 - 81398 - 22692
2025-06-30,MB,Hà Nội,6,66521 - 69871 - 41990
2025-06-30,MB,Hà Nội,7,78258 - 68023 - 80732 - 63431
2025-06-30,MT,Đà Nẵng,ĐB,91327
2025-06-30,MT,Đà Nẵng,1,59589
2025-06-30,MT,Đà Nẵng,2,75390
2025-06-30,MT,Đà Nẵng,3,30126 - 16975 - 23119 - 61446 - 63557 - 97403
2025-06-30,MT,Đà Nẵng,4,83240 - 58208 - 21766 - 10659 - 43040 - 44384
2025-06-30,MT,Đà Nẵng,5,95425 - 70366 - 09264
2025-06-30,MT,Đà Nẵng,6,04895 - 68962 - 22122
2025-06-30,MT,Đà Nẵng,7,12427 - 59807 - 78439 - 93271
2025-06-30,MT,Đà Nẵng,8,48510
2025-06-30,MT,Khánh Hòa,ĐB,59187
2025-06-30,MT,Khánh Hòa,1,19832
2025-06-30,MT,Khánh Hòa,2,16869
2025-06-30,MT,Khánh Hòa,3,85896 - 82769 - 61861 - 61673 - 07413 - 43056
2025-06-30,MT,Khánh Hòa,4,29098 - 81174 - 20006 - 69652 - 00261 - 51287
2025-06-30,MT,Khánh Hòa,5,99488 - 91248 - 79443
2025-06-30,MT,Khánh Hòa,6,62639 - 62496 - 26300
2025-06-30,MT,Khánh Hòa,7,39105 - 14501 - 00017 - 31384
2025-06-30,MT,Khánh Hòa,8,53967
2025-06-30,MN,TP. HCM,ĐB,46645
2025-06-30,MN,TP. HCM,1,12247
2025-06-30,MN,TP. HCM,2,88472
2025-06-30,MN,TP. HCM,3,02766 - 76547 - 46328 - 27301 - 01460 - 49617
2025-06-30,MN,TP. HCM,4,15321 - 31574 - 17527 - 82631 - 02037 - 40989
2025-06-30,MN,TP. HCM,5,36949 - 36491 - 08251
2025-06-30,MN,TP. HCM,6,70678 - 19734 - 42701
2025-06-30,MN,TP. HCM,7,15788 - 58759 - 86141 - 41573
2025-06-30,MN,TP. HCM,8,14003
2025-06-30,MN,Đồng Tháp,ĐB,40401
2025-06-30,MN,Đồng Tháp,1,75928
2025-06-30,MN,Đồng Tháp,2,90235
2025-06-30,MN,Đồng Tháp,3,26087 - 33856 - 59273 - 86069 - 81237 - 29617
2025-06-30,MN,Đồng Tháp,4,26800 - 47568 - 78424 - 17820 - 70482 - 23555
2025-06-30,MN,Đồng Tháp,5,68083 - 02047 - 46757
2025-06-30,MN,Đồng Tháp,6,32728 - 81602 - 26613
2025-06-30,MN,Đồng Tháp,7,13145 - 66057 - 62113 - 05077
2025-06-30,MN,Đồng Tháp,8,81127
2025-06-30,MN,Cà Mau,ĐB,13797
2025-06-30,MN,Cà Mau,1,94102
2025-06-30,MN,Cà Mau,2,02961
2025-06-30,MN,Cà Mau,3,71119 - 33908 - 67306 - 77994 - 23247 - 66957
2025-06-30,MN,Cà Mau,4,47544 - 91938 - 84154 - 48847 - 77418 - 26911
2025-06-30,MN,Cà Mau,5,94325 - 70704 - 23637
2025-06-30,MN,Cà Mau,6,44672 - 98923 - 99879
2025-06-30,MN,Cà Mau,7,58344 - 94686 - 64207 - 70047
2025-06-30,MN,Cà Mau,8,37682
