Date,Region,Province,Prize,Numbers
2026-01-01,MB,Hà Nội,ĐB,18116
2026-01-01,MB,Hà Nội,1,59099
2026-01-01,MB,Hà Nội,2,72292
2026-01-01,MB,Hà Nội,3,04749 - 48624 - 62137 - 84672 - 97102 - 28578
2026-01-01,MB,Hà Nội,4,32952 - 93230 - 76220 - 55322 - 82049 - 34473
2026-01-01,MB,Hà Nội,5,30791 - 12435 - 47428
2026-01-01,MB,Hà Nội,6,51500 - 07862 - 45046
2026-01-01,MB,Hà Nội,7,19987 - 10652 - 64323 - 04689
2026-01-01,MT,Đà Nẵng,ĐB,63260
2026-01-01,MT,Đà Nẵng,1,28883
2026-01-01,MT,Đà Nẵng,2,59493
2026-01-01,MT,Đà Nẵng,3,08095 - 69119 - 87919 - 40713 - 31610 - 21378
2026-01-01,MT,Đà Nẵng,4,51225 - 22863 - 19473 - 16737 - 76132 - 97259
2026-01-01,MT,Đà Nẵng,5,48499 - 76758 - 77048
2026-01-01,MT,Đà Nẵng,6,88767 - 49098 - 93885
2026-01-01,MT,Đà Nẵng,7,73824 - 21220 - 87677 - 43340
2026-01-01,MT,Đà Nẵng,8,03503
2026-01-01,MT,Khánh Hòa,ĐB,22032
2026-01-01,MT,Khánh Hòa,1,02267
2026-01-01,MT,Khánh Hòa,2,52301
2026-01-01,MT,Khánh Hòa,3,01117 - 47282 - 86518 - 49159 - 44681 - 43730
2026-01-01,MT,Khánh Hòa,4,45308 - 01296 - 75948 - 09351 - 43534 - 49821
2026-01-01,MT,Khánh Hòa,5,68040 - 27628 - 54571
2026-01-01,MT,Khánh Hòa,6,79852 - 54983 - 53601
2026-01-01,MT,Khánh Hòa,7,14243 - 81978 - 88548 - 02575
2026-01-01,MT,Khánh Hòa,8,41116
2026-01-01,MN,TP. HCM,ĐB,03952
2026-01-01,MN,TP. HCM,1,03748
2026-01-01,MN,TP. HCM,2,57006
2026-01-01,MN,TP. HCM,3,21236 - 11351 - 28999 - 98589 - 68101 - 70962
2026-01-01,MN,TP. HCM,4,82098 - 10226 - 38935 - 95390 - 66112 - 10171
2026-01-01,MN,TP. HCM,5,61702 - 23972 - 59405
2026-01-01,MN,TP. HCM,6,22847 - 53124 - 33401
2026-01-01,MN,TP. HCM,7,19493 - 59574 - 45448 - 41800
2026-01-01,MN,TP. HCM,8,92925
2026-01-01,MN,Đồng Tháp,ĐB,85222
2026-01-01,MN,Đồng Tháp,1,80500
2026-01-01,MN,Đồng Tháp,2,42273
2026-01-01,MN,Đồng Tháp,3,35643 - 66232 - 96489 - 72392 - 20208 - 47822
2026-01-01,MN,Đồng Tháp,4,01736 - 89036 - 52662 - 81555 - 66451 - 80691
2026-01-01,MN,Đồng Tháp,5,73030 - 07978 - 40098
2026-01-01,MN,Đồng Tháp,6,37321 - 23594 - 09083
2026-01-01,MN,Đồng Tháp,7,52914 - 12115 - 22381 - 18310
2026-01-01,MN,Đồng Tháp,8,56171
2026-01-01,MN,Cà Mau,ĐB,53477
2026-01-01,MN,Cà Mau,1,85308
2026-01-01,MN,Cà Mau,2,05499
2026-01-01,MN,Cà Mau,3,64667 - 51520 - 03717 - 94679 - 74449 - 75100
2026-01-01,MN,Cà Mau,4,05919 - 51298 - 95414 - 93750 - 29323 - 93359
2026-01-01,MN,Cà Mau,5,85165 - 52415 - 37878
2026-01-01,MN,Cà Mau,6,30492 - 06236 - 50018
2026-01-01,MN,Cà Mau,7,54908 - 84656 - 36467 - 01330
2026-01-01,MN,Cà Mau,8,44887
2026-01-02,MB,Hà Nội,ĐB,40147
2026-01-02,MB,Hà Nội,1,66765
2026-01-02,MB,Hà Nội,2,46014
2026-01-02,MB,Hà Nội,3,62206 - 63593 - 13638 - 50846 - 73233 - 77047
2026-01-02,MB,Hà Nội,4,94734 - 31397 - 12494 - 26384 - 23152 - 66072
2026-01-02,MB,Hà Nội,5,13654 - 43086 - 07823
2026-01-02,MB,Hà Nội,6,44629 - 87057 - 09353
2026-01-02,MB,Hà Nội,7,13537 - 20104 - 93555 - 29165
2026-01-02,MT,Đà Nẵng,ĐB,24587
2026-01-02,MT,Đà Nẵng,1,90288
2026-01-02,MT,Đà Nẵng,2,80387
2026-01-02,MT,Đà Nẵng,3,71335 - 96900 - 23387 - 32975 - 53324 - 77101
2026-01-02,MT,Đà Nẵng,4,71820 - 94841 - 61868 - 89998 - 14489 - 71934
2026-01-02,MT,Đà Nẵng,5,05474 - 56883 - 40340
2026-01-02,MT,Đà Nẵng,6,14044 - 78896 - 87848
2026-01-02,MT,Đà Nẵng,7,20315 - 66222 - 89131 - 70747
2026-01-02,MT,Đà Nẵng,8,87469
2026-01-02,MT,Khánh Hòa,ĐB,05841
2026-01-02,MT,Khánh Hòa,1,81090
2026-01-02,MT,Khánh Hòa,2,89382
2026-01-02,MT,Khánh Hòa,3,88951 - 46529 - 75158 - 45587 - 18311 - 12143
2026-01-02,MT,Khánh Hòa,4,85037 - 68662 - 77255 - 58384 - 84016 - 33748
2026-01-02,MT,Khánh Hòa,5,14976 - 54175 - 75393
2026-01-02,MT,Khánh Hòa,6,86965 - 92691 - 08012
2026-01-02,MT,Khánh Hòa,7,72348 - 38282 - 24901 - 60945
2026-01-02,MT,Khánh Hòa,8,22951
2026-01-02,MN,TP. HCM,ĐB,94012
2026-01-02,MN,TP. HCM,1,41533
2026-01-02,MN,TP. HCM,2,61411
2026-01-02,MN,TP. HCM,3,43223 - 25614 - 31888 - 67500 - 58040 - 90847
2026-01-02,MN,TP. HCM,4,07303 - 24458 - 44074 - 80001 - 37862 - 94841
2026-01-02,MN,TP. HCM,5,08265 - 66929 - 65235
2026-01-02,MN,TP. HCM,6,81477 - 07384 - 01939
2026-01-02,MN,TP. HCM,7,94863 - 81309 - 15805 - 95350
2026-01-02,MN,TP. HCM,8,96220
2026-01-02,MN,Đồng Tháp,ĐB,41403
2026-01-02,MN,Đồng Tháp,1,89591
2026-01-02,MN,Đồng Tháp,2,04938
2026-01-02,MN,Đồng Tháp,3,70015 - 69980 - 06261 - 14936 - 86774 - 03949
2026-01-02,MN,Đồng Tháp,4,30255 - 90537 - 32655 - 13402 - 56682 - 21399
2026-01-02,MN,Đồng Tháp,5,63795 - 40828 - 36848
2026-01-02,MN,Đồng Tháp,6,52691 - 17050 - 22943
2026-01-02,MN,Đồng Tháp,7,20818 - 85709 - 34545 - 14691
2026-01-02,MN,Đồng Tháp,8,66550
2026-01-02,MN,Cà Mau,ĐB,95023
2026-01-02,MN,Cà Mau,1,07288
2026-01-02,MN,Cà Mau,2,08443
2026-01-02,MN,Cà Mau,3,45481 - 90928 - 80423 - 58468 - 15571 - 94451
2026-01-02,MN,Cà Mau,4,90040 - 90273 - 87506 - 89016 - 89409 - 17550
2026-01-02,MN,Cà Mau,5,54625 - 41579 - 82297
2026-01-02,MN,Cà Mau,6,08712 - 42590 - 99532
2026-01-02,MN,Cà Mau,7,40320 - 76668 - 80108 - 12219
2026-01-02,MN,Cà Mau,8,46291
2026-01-03,MB,Hà Nội,ĐB,90222
2026-01-03,MB,Hà Nội,1,53292
2026-01-03,MB,Hà Nội,2,73696
2026-01-03,MB,Hà Nội,3,23571 - 00627 - 42691 - 59158 - 54674 - 57206
2026-01-03,MB,Hà Nội,4,22891 - 64015 - 49164 - 89217 - 20363 - 00103
2026-01-03,MB,Hà Nội,5,98260 - 02622 - 18140
2026-01-03,MB,Hà Nội,6,93997 - 90335 - 73616
2026-01-03,MB,Hà Nội,7,27136 - 58579 - 58783 - 35291
2026-01-03,MT,Đà Nẵng,ĐB,11803
2026-01-03,MT,Đà Nẵng,1,60818
2026-01-03,MT,Đà Nẵng,2,56740
2026-01-03,MT,Đà Nẵng,3,61576 - 82122 - 84936 - 69308 - 68480 - 11007
2026-01-03,MT,Đà Nẵng,4,72833 - 05560 - 60819 - 13686 - 71151 - 18712
2026-01-03,MT,Đà Nẵng,5,12918 - 94991 - 30494
2026-01-03,MT,Đà Nẵng,6,16025 - 14249 - 79094
2026-01-03,MT,Đà Nẵng,7,99324 - 37297 - 68023 - 85957
2026-01-03,MT,Đà Nẵng,8,30646
2026-01-03,MT,Khánh Hòa,ĐB,88075
2026-01-03,MT,Khánh Hòa,1,69749
2026-01-03,MT,Khánh Hòa,2,70658
2026-01-03,MT,Khánh Hòa,3,13416 - 03473 - 01811 - 01859 - 27671 - 30037
2026-01-03,MT,Khánh Hòa,4,56145 - 49838 - 17905 - 63483 - 57707 - 44727
2026-01-03,MT,Khánh Hòa,5,78804 - 01332 - 04928
2026-01-03,MT,Khánh Hòa,6,12054 - 12667 - 93847
2026-01-03,MT,Khánh Hòa,7,50840 - 93834 - 35900 - 81947
2026-01-03,MT,Khánh Hòa,8,64723
2026-01-03,MN,TP. HCM,ĐB,94035
2026-01-03,MN,TP. HCM,1,72412
2026-01-03,MN,TP. HCM,2,41639
2026-01-03,MN,TP. HCM,3,71425 - 26527 - 24616 - 43653 - 48984 - 38580
2026-01-03,MN,TP. HCM,4,63776 - 25658 - 00899 - 48489 - 31453 - 25577
2026-01-03,MN,TP. HCM,5,43134 - 75237 - 19096
2026-01-03,MN,TP. HCM,6,84903 - 51034 - 81179
2026-01-03,MN,TP. HCM,7,48066 - 88518 - 87972 - 30797
2026-01-03,MN,TP. HCM,8,22932
2026-01-03,MN,Đồng Tháp,ĐB,50683
2026-01-03,MN,Đồng Tháp,1,64693
2026-01-03,MN,Đồng Tháp,2,80843
2026-01-03,MN,Đồng Tháp,3,84223 - 41732 - 85578 - 40406 - 14111 - 59083
2026-01-03,MN,Đồng Tháp,4,09438 - 33496 - 66386 - 05945 - 61549 - 48234
2026-01-03,MN,Đồng Tháp,5,29831 - 92672 - 80982
2026-01-03,MN,Đồng Tháp,6,67324 - 21014 - 48088
2026-01-03,MN,Đồng Tháp,7,44566 - 47095 - 11228 - 69119
2026-01-03,MN,Đồng Tháp,8,49391
2026-01-03,MN,Cà Mau,ĐB,79228
2026-01-03,MN,Cà Mau,1,31551
2026-01-03,MN,Cà Mau,2,44187
2026-01-03,MN,Cà Mau,3,52294 - 46541 - 22358 - 39586 - 67439 - 56102
2026-01-03,MN,Cà Mau,4,91366 - 30400 - 02206 - 07046 - 98103 - 92599
2026-01-03,MN,Cà Mau,5,04679 - 23776 - 99624
2026-01-03,MN,Cà Mau,6,33912 - 09509 - 79789
2026-01-03,MN,Cà Mau,7,39235 - 93931 - 12640 - 20140
2026-01-03,MN,Cà Mau,8,14240
2026-01-04,MB,Hà Nội,ĐB,37222
2026-01-04,MB,Hà Nội,1,72856
2026-01-04,MB,Hà Nội,2,51376
2026-01-04,MB,Hà Nội,3,78878 - 03788 - 27699 - 62154 - 58924 - 07635
2026-01-04,MB,Hà Nội,4,58938 - 33015 - 73732 - 78798 - 59356 - 15118
2026-01-04,MB,Hà Nội,5,85065 - 64727 - 26567
2026-01-04,MB,Hà Nội,6,46411 - 42128 - 62265
2026-01-04,MB,Hà Nội,7,22703 - 04146 - 52490 - 53595
2026-01-04,MT,Đà Nẵng,ĐB,72746
2026-01-04,MT,Đà Nẵng,1,16415
2026-01-04,MT,Đà Nẵng,2,92347
2026-01-04,MT,Đà Nẵng,3,08989 - 66606 - 96465 - 02566 - 34054 - 73454
2026-01-04,MT,Đà Nẵng,4,81541 - 66863 - 75623 - 65743 - 60009 - 49552
2026-01-04,MT,Đà Nẵng,5,77128 - 81118 - 67407
2026-01-04,MT,Đà Nẵng,6,84121 - 01024 - 51659
2026-01-04,MT,Đà Nẵng,7,55907 - 80561 - 22360 - 83059
2026-01-04,MT,Đà Nẵng,8,80435
2026-01-04,MT,Khánh Hòa,ĐB,16051
2026-01-04,MT,Khánh Hòa,1,75175
2026-01-04,MT,Khánh Hòa,2,43560
2026-01-04,MT,Khánh Hòa,3,43106 - 67312 - 62905 - 79366 - 32439 - 12513
2026-01-04,MT,Khánh Hòa,4,71545 - 27837 - 45338 - 84161 - 48860 - 17964
2026-01-04,MT,Khánh Hòa,5,37169 - 55494 - 89109
2026-01-04,MT,Khánh Hòa,6,17521 - 69612 - 43540
2026-01-04,MT,Khánh Hòa,7,52829 - 44130 - 67488 - 21940
2026-01-04,MT,Khánh Hòa,8,77872
2026-01-04,MN,TP. HCM,ĐB,39241
2026-01-04,MN,TP. HCM,1,91437
2026-01-04,MN,TP. HCM,2,69343
2026-01-04,MN,TP. HCM,3,25320 - 09747 - 58526 - 86492 - 69559 - 01509
2026-01-04,MN,TP. HCM,4,51595 - 06493 - 73154 - 07678 - 42100 - 65171
2026-01-04,MN,TP. HCM,5,80929 - 11470 - 22717
2026-01-04,MN,TP. HCM,6,08200 - 74124 - 94302
2026-01-04,MN,TP. HCM,7,01983 - 22735 - 13684 - 70879
2026-01-04,MN,TP. HCM,8,12841
2026-01-04,MN,Đồng Tháp,ĐB,37595
2026-01-04,MN,Đồng Tháp,1,76674
2026-01-04,MN,Đồng Tháp,2,49458
2026-01-04,MN,Đồng Tháp,3,07145 - 65079 - 10441 - 24333 - 04866 - 95224
2026-01-04,MN,Đồng Tháp,4,82893 - 49741 - 60862 - 39868 - 65456 - 33145
2026-01-04,MN,Đồng Tháp,5,97965 - 93284 - 85571
2026-01-04,MN,Đồng Tháp,6,72358 - 29108 - 94972
2026-01-04,MN,Đồng Tháp,7,18087 - 87784 - 80179 - 20019
2026-01-04,MN,Đồng Tháp,8,24306
2026-01-04,MN,Cà Mau,ĐB,53098
2026-01-04,MN,Cà Mau,1,06433
2026-01-04,MN,Cà Mau,2,52771
2026-01-04,MN,Cà Mau,3,25579 - 87314 - 33144 - 25571 - 95944 - 43536
2026-01-04,MN,Cà Mau,4,31680 - 20940 - 91058 - 68631 - 34593 - 85524
2026-01-04,MN,Cà Mau,5,28101 - 36892 - 76282
2026-01-04,MN,Cà Mau,6,93489 - 43981 - 93253
2026-01-04,MN,Cà Mau,7,05655 - 64576 - 29070 - 55773
2026-01-04,MN,Cà Mau,8,31980
2026-01-05,MB,Hà Nội,ĐB,24882
2026-01-05,MB,Hà Nội,1,14141
2026-01-05,MB,Hà Nội,2,01359
2026-01-05,MB,Hà Nội,3,39567 - 97689 - 04213 - 84049 - 81172 - 64983
2026-01-05,MB,Hà Nội,4,78602 - 12548 - 86313 - 65373 - 15746 - 17821
2026-01-05,MB,Hà Nội,5,98993 - 19460 - 48523
2026-01-05,MB,Hà Nội,6,35867 - 64893 - 72958
2026-01-05,MB,Hà Nội,7,57245 - 79343 - 87718 - 36098
2026-01-05,MT,Đà Nẵng,ĐB,23352
2026-01-05,MT,Đà Nẵng,1,42829
2026-01-05,MT,Đà Nẵng,2,06600
2026-01-05,MT,Đà Nẵng,3,47074 - 28499 - 01855 - 46099 - 62661 - 14146
2026-01-05,MT,Đà Nẵng,4,42211 - 41431 - 60194 - 74115 - 24452 - 85415
2026-01-05,MT,Đà Nẵng,5,85252 - 85550 - 39482
2026-01-05,MT,Đà Nẵng,6,59634 - 72862 - 66183
2026-01-05,MT,Đà Nẵng,7,29053 - 15133 - 79434 - 26758
2026-01-05,MT,Đà Nẵng,8,17679
2026-01-05,MT,Khánh Hòa,ĐB,10482
2026-01-05,MT,Khánh Hòa,1,51734
2026-01-05,MT,Khánh Hòa,2,39431
2026-01-05,MT,Khánh Hòa,3,14639 - 49133 - 17266 - 00548 - 36055 - 75763
2026-01-05,MT,Khánh Hòa,4,20298 - 97523 - 36976 - 16059 - 74992 - 15087
2026-01-05,MT,Khánh Hòa,5,16117 - 71144 - 77940
2026-01-05,MT,Khánh Hòa,6,74074 - 95807 - 85945
2026-01-05,MT,Khánh Hòa,7,70303 - 08389 - 47432 - 70041
2026-01-05,MT,Khánh Hòa,8,81304
2026-01-05,MN,TP. HCM,ĐB,18715
2026-01-05,MN,TP. HCM,1,08727
2026-01-05,MN,TP. HCM,2,92948
2026-01-05,MN,TP. HCM,3,72024 - 02774 - 35339 - 94116 - 79595 - 10656
2026-01-05,MN,TP. HCM,4,59672 - 36119 - 05484 - 40786 - 83678 - 38433
2026-01-05,MN,TP. HCM,5,51222 - 19244 - 69605
2026-01-05,MN,TP. HCM,6,15100 - 90189 - 03185
2026-01-05,MN,TP. HCM,7,17878 - 57429 - 47048 - 55784
2026-01-05,MN,TP. HCM,8,42267
2026-01-05,MN,Đồng Tháp,ĐB,80107
2026-01-05,MN,Đồng Tháp,1,64814
2026-01-05,MN,Đồng Tháp,2,27151
2026-01-05,MN,Đồng Tháp,3,60314 - 65581 - 61283 - 37382 - 36846 - 15792
2026-01-05,MN,Đồng Tháp,4,63471 - 69281 - 97208 - 60784 - 03874 - 23374
2026-01-05,MN,Đồng Tháp,5,41110 - 04204 - 75167
2026-01-05,MN,Đồng Tháp,6,45437 - 71383 - 19235
2026-01-05,MN,Đồng Tháp,7,04618 - 88386 - 96479 - 76987
2026-01-05,MN,Đồng Tháp,8,98128
2026-01-05,MN,Cà Mau,ĐB,05531
2026-01-05,MN,Cà Mau,1,53741
2026-01-05,MN,Cà Mau,2,32193
2026-01-05,MN,Cà Mau,3,36872 - 01095 - 59780 - 98273 - 98378 - 46389
2026-01-05,MN,Cà Mau,4,83746 - 35979 - 46269 - 50987 - 99816 - 92274
2026-01-05,MN,Cà Mau,5,91504 - 57098 - 12918
2026-01-05,MN,Cà Mau,6,98174 - 04066 - 03819
2026-01-05,MN,Cà Mau,7,94858 - 61097 - 77786 - 75367
2026-01-05,MN,Cà Mau,8,83838
2026-01-06,MB,Hà Nội,ĐB,75886
2026-01-06,MB,Hà Nội,1,18406
2026-01-06,MB,Hà Nội,2,74053
2026-01-06,MB,Hà Nội,3,83553 - 73566 - 23834 - 12218 - 43247 - 91962
2026-01-06,MB,Hà Nội,4,72831 - 82858 - 82141 - 00617 - 57556 - 22091
2026-01-06,MB,Hà Nội,5,80203 - 68492 - 99239
2026-01-06,MB,Hà Nội,6,85583 - 95910 - 63206
2026-01-06,MB,Hà Nội,7,32018 - 65655 - 94334 - 67023
2026-01-06,MT,Đà Nẵng,ĐB,22964
2026-01-06,MT,Đà Nẵng,1,38851
2026-01-06,MT,Đà Nẵng,2,92471
2026-01-06,MT,Đà Nẵng,3,88306 - 85374 - 58778 - 23608 - 38914 - 14632
2026-01-06,MT,Đà Nẵng,4,00138 - 72257 - 34116 - 85420 - 92952 - 21711
2026-01-06,MT,Đà Nẵng,5,05706 - 70976 - 20972
2026-01-06,MT,Đà Nẵng,6,19698 - 96779 - 12110
2026-01-06,MT,Đà Nẵng,7,52533 - 13422 - 96825 - 74473
2026-01-06,MT,Đà Nẵng,8,70356
2026-01-06,MT,Khánh Hòa,ĐB,30167
2026-01-06,MT,Khánh Hòa,1,85355
2026-01-06,MT,Khánh Hòa,2,25151
2026-01-06,MT,Khánh Hòa,3,24091 - 04014 - 56677 - 10074 - 52795 - 43531
2026-01-06,MT,Khánh Hòa,4,66781 - 53922 - 16615 - 91431 - 74460 - 44407
2026-01-06,MT,Khánh Hòa,5,77133 - 33141 - 97441
2026-01-06,MT,Khánh Hòa,6,33831 - 30900 - 89878
2026-01-06,MT,Khánh Hòa,7,87672 - 28299 - 29279 - 62031
2026-01-06,MT,Khánh Hòa,8,11630
2026-01-06,MN,TP. HCM,ĐB,34969
2026-01-06,MN,TP. HCM,1,46579
2026-01-06,MN,TP. HCM,2,76160
2026-01-06,MN,TP. HCM,3,61012 - 54696 - 36055 - 04755 - 58173 - 06575
2026-01-06,MN,TP. HCM,4,22390 - 68852 - 67553 - 75287 - 17222 - 34400
2026-01-06,MN,TP. HCM,5,61226 - 02090 - 76799
2026-01-06,MN,TP. HCM,6,90543 - 47480 - 22481
2026-01-06,MN,TP. HCM,7,99455 - 97887 - 36576 - 60169
2026-01-06,MN,TP. HCM,8,64732
2026-01-06,MN,Đồng Tháp,ĐB,68285
2026-01-06,MN,Đồng Tháp,1,75590
2026-01-06,MN,Đồng Tháp,2,46089
2026-01-06,MN,Đồng Tháp,3,91934 - 44907 - 01788 - 33386 - 00388 - 29557
2026-01-06,MN,Đồng Tháp,4,21304 - 14235 - 97759 - 81019 - 91468 - 42495
2026-01-06,MN,Đồng Tháp,5,32234 - 40568 - 20940
2026-01-06,MN,Đồng Tháp,6,06297 - 42634 - 58802
2026-01-06,MN,Đồng Tháp,7,88396 - 98243 - 74597 - 66371
2026-01-06,MN,Đồng Tháp,8,21147
2026-01-06,MN,Cà Mau,ĐB,14446
2026-01-06,MN,Cà Mau,1,82280
2026-01-06,MN,Cà Mau,2,45165
2026-01-06,MN,Cà Mau,3,02011 - 85544 - 61922 - 09479 - 84793 - 88655
2026-01-06,MN,Cà Mau,4,90573 - 88998 - 08374 - 69464 - 65559 - 19873
2026-01-06,MN,Cà Mau,5,11404 - 20791 - 50343
2026-01-06,MN,Cà Mau,6,17820 - 94434 - 42788
2026-01-06,MN,Cà Mau,7,78514 - 59467 - 99297 - 36261
2026-01-06,MN,Cà Mau,8,51543
2026-01-07,MB,Hà Nội,ĐB,42887
2026-01-07,MB,Hà Nội,1,36542
2026-01-07,MB,Hà Nội,2,68305
2026-01-07,MB,Hà Nội,3,56241 - 93872 - 74468 - 54451 - 49270 - 20233
2026-01-07,MB,Hà Nội,4,22633 - 80340 - 04753 - 95897 - 29360 - 54919
2026-01-07,MB,Hà Nội,5,45035 - 68002 - 51644
2026-01-07,MB,Hà Nội,6,75035 - 08995 - 47725
2026-01-07,MB,Hà Nội,7,93307 - 16080 - 58108 - 43179
2026-01-07,MT,Đà Nẵng,ĐB,99338
2026-01-07,MT,Đà Nẵng,1,88486
2026-01-07,MT,Đà Nẵng,2,65857
2026-01-07,MT,Đà Nẵng,3,94999 - 55831 - 10626 - 75576 - 17088 - 53946
2026-01-07,MT,Đà Nẵng,4,29762 - 98019 - 56224 - 29349 - 15896 - 85369
2026-01-07,MT,Đà Nẵng,5,34017 - 13874 - 06321
2026-01-07,MT,Đà Nẵng,6,89018 - 40053 - 51065
2026-01-07,MT,Đà Nẵng,7,03566 - 53969 - 30087 - 00099
2026-01-07,MT,Đà Nẵng,8,39864
2026-01-07,MT,Khánh Hòa,ĐB,15347
2026-01-07,MT,Khánh Hòa,1,84968
2026-01-07,MT,Khánh Hòa,2,02156
2026-01-07,MT,Khánh Hòa,3,18691 - 96660 - 01660 - 74839 - 19017 - 53878
2026-01-07,MT,Khánh Hòa,4,34480 - 79129 - 33316 - 75090 - 98454 - 59483
2026-01-07,MT,Khánh Hòa,5,91156 - 27071 - 53646
2026-01-07,MT,Khánh Hòa,6,24202 - 00426 - 37155
2026-01-07,MT,Khánh Hòa,7,30521 - 75661 - 19044 - 31526
2026-01-07,MT,Khánh Hòa,8,14474
2026-01-07,MN,TP. HCM,ĐB,68851
2026-01-07,MN,TP. HCM,1,18315
2026-01-07,MN,TP. HCM,2,03232
2026-01-07,MN,TP. HCM,3,23143 - 86063 - 50888 - 75604 - 94799 - 46682
2026-01-07,MN,TP. HCM,4,01245 - 38650 - 74286 - 30847 - 48257 - 02513
2026-01-07,MN,TP. HCM,5,29139 - 01304 - 12219
2026-01-07,MN,TP. HCM,6,67715 - 56013 - 55737
2026-01-07,MN,TP. HCM,7,51314 - 04721 - 89917 - 29225
2026-01-07,MN,TP. HCM,8,08645
2026-01-07,MN,Đồng Tháp,ĐB,24708
2026-01-07,MN,Đồng Tháp,1,95683
2026-01-07,MN,Đồng Tháp,2,46094
2026-01-07,MN,Đồng Tháp,3,16930 - 76459 - 07696 - 04525 - 68300 - 22597
2026-01-07,MN,Đồng Tháp,4,91024 - 61388 - 86139 - 67141 - 03681 - 55824
2026-01-07,MN,Đồng Tháp,5,98627 - 09410 - 99541
2026-01-07,MN,Đồng Tháp,6,40744 - 29417 - 59922
2026-01-07,MN,Đồng Tháp,7,14531 - 14498 - 04713 - 37572
2026-01-07,MN,Đồng Tháp,8,50833
2026-01-07,MN,Cà Mau,ĐB,04879
2026-01-07,MN,Cà Mau,1,01456
2026-01-07,MN,Cà Mau,2,12313
2026-01-07,MN,Cà Mau,3,05772 - 89654 - 07208 - 15269 - 09859 - 33450
2026-01-07,MN,Cà Mau,4,83168 - 14901 - 04048 - 77493 - 59784 - 44896
2026-01-07,MN,Cà Mau,5,51144 - 94542 - 66170
2026-01-07,MN,Cà Mau,6,89577 - 76255 - 75139
2026-01-07,MN,Cà Mau,7,70453 - 88359 - 49928 - 12617
2026-01-07,MN,Cà Mau,8,55664
2026-01-08,MB,Hà Nội,ĐB,97701
2026-01-08,MB,Hà Nội,1,16362
2026-01-08,MB,Hà Nội,2,80607
2026-01-08,MB,Hà Nội,3,88798 - 99923 - 62976 - 07444 - 20061 - 06060
2026-01-08,MB,Hà Nội,4,22189 - 69204 - 68925 - 63278 - 96575 - 84921
2026-01-08,MB,Hà Nội,5,14188 - 07602 - 19900
2026-01-08,MB,Hà Nội,6,75061 - 92964 - 90171
2026-01-08,MB,Hà Nội,7,66885 - 85891 - 90199 - 85204
2026-01-08,MT,Đà Nẵng,ĐB,75465
2026-01-08,MT,Đà Nẵng,1,09963
2026-01-08,MT,Đà Nẵng,2,79713
2026-01-08,MT,Đà Nẵng,3,07853 - 29135 - 54263 - 32969 - 69336 - 43284
2026-01-08,MT,Đà Nẵng,4,57037 - 04743 - 18945 - 79129 - 51221 - 91526
2026-01-08,MT,Đà Nẵng,5,48388 - 62506 - 97336
2026-01-08,MT,Đà Nẵng,6,11320 - 21727 - 73828
2026-01-08,MT,Đà Nẵng,7,15190 - 53326 - 53199 - 61976
2026-01-08,MT,Đà Nẵng,8,95608
2026-01-08,MT,Khánh Hòa,ĐB,84433
2026-01-08,MT,Khánh Hòa,1,29849
2026-01-08,MT,Khánh Hòa,2,29815
2026-01-08,MT,Khánh Hòa,3,80623 - 11834 - 06828 - 44608 - 91578 - 62453
2026-01-08,MT,Khánh Hòa,4,37997 - 11152 - 46020 - 10581 - 26194 - 01768
2026-01-08,MT,Khánh Hòa,5,07091 - 45039 - 20989
2026-01-08,MT,Khánh Hòa,6,27416 - 03736 - 65687
2026-01-08,MT,Khánh Hòa,7,33981 - 49480 - 47765 - 59958
2026-01-08,MT,Khánh Hòa,8,80161
2026-01-08,MN,TP. HCM,ĐB,66716
2026-01-08,MN,TP. HCM,1,67443
2026-01-08,MN,TP. HCM,2,43581
2026-01-08,MN,TP. HCM,3,48352 - 20472 - 97030 - 98212 - 09251 - 45058
2026-01-08,MN,TP. HCM,4,87495 - 00948 - 59884 - 72914 - 64115 - 91547
2026-01-08,MN,TP. HCM,5,89723 - 90571 - 16479
2026-01-08,MN,TP. HCM,6,94530 - 58073 - 49185
2026-01-08,MN,TP. HCM,7,46539 - 09157 - 74616 - 07708
2026-01-08,MN,TP. HCM,8,06914
2026-01-08,MN,Đồng Tháp,ĐB,16519
2026-01-08,MN,Đồng Tháp,1,46576
2026-01-08,MN,Đồng Tháp,2,85732
2026-01-08,MN,Đồng Tháp,3,56450 - 47095 - 21255 - 13548 - 84844 - 10312
2026-01-08,MN,Đồng Tháp,4,93018 - 89559 - 37421 - 29403 - 28255 - 86190
2026-01-08,MN,Đồng Tháp,5,37251 - 74553 - 92323
2026-01-08,MN,Đồng Tháp,6,74612 - 98578 - 54423
2026-01-08,MN,Đồng Tháp,7,09768 - 46271 - 43719 - 94062
2026-01-08,MN,Đồng Tháp,8,25832
2026-01-08,MN,Cà Mau,ĐB,71566
2026-01-08,MN,Cà Mau,1,34424
2026-01-08,MN,Cà Mau,2,00394
2026-01-08,MN,Cà Mau,3,52313 - 12096 - 14791 - 55584 - 49747 - 44484
2026-01-08,MN,Cà Mau,4,96292 - 14456 - 25146 - 78433 - 94853 - 14984
2026-01-08,MN,Cà Mau,5,38280 - 38431 - 94920
2026-01-08,MN,Cà Mau,6,16483 - 60097 - 23930
2026-01-08,MN,Cà Mau,7,06606 - 82291 - 35277 - 81588
2026-01-08,MN,Cà Mau,8,62989
2026-01-09,MB,Hà Nội,ĐB,77297
2026-01-09,MB,Hà Nội,1,41094
2026-01-09,MB,Hà Nội,2,42399
2026-01-09,MB,Hà Nội,3,63096 - 24899 - 95125 - 34347 - 82173 - 48769
2026-01-09,MB,Hà Nội,4,10054 - 04509 - 21357 - 83359 - 42555 - 27743
2026-01-09,MB,Hà Nội,5,08806 - 11099 - 57373
2026-01-09,MB,Hà Nội,6,50593 - 04176 - 18384
2026-01-09,MB,Hà Nội,7,75688 - 15639 - 54863 - 51378
2026-01-09,MT,Đà Nẵng,ĐB,93936
2026-01-09,MT,Đà Nẵng,1,36102
2026-01-09,MT,Đà Nẵng,2,99062
2026-01-09,MT,Đà Nẵng,3,76704 - 67221 - 47850 - 60453 - 42941 - 87514
2026-01-09,MT,Đà Nẵng,4,37192 - 72705 - 02741 - 78902 - 98078 - 64750
2026-01-09,MT,Đà Nẵng,5,37535 - 79291 - 74911
2026-01-09,MT,Đà Nẵng,6,78403 - 41360 - 06756
2026-01-09,MT,Đà Nẵng,7,51431 - 21508 - 09289 - 04232
2026-01-09,MT,Đà Nẵng,8,91807
2026-01-09,MT,Khánh Hòa,ĐB,29203
2026-01-09,MT,Khánh Hòa,1,68427
2026-01-09,MT,Khánh Hòa,2,65402
2026-01-09,MT,Khánh Hòa,3,39342 - 93340 - 21046 - 05879 - 94929 - 14353
2026-01-09,MT,Khánh Hòa,4,91720 - 79336 - 43073 - 88848 - 49040 - 59570
2026-01-09,MT,Khánh Hòa,5,29325 - 29009 - 73521
2026-01-09,MT,Khánh Hòa,6,63739 - 68904 - 09677
2026-01-09,MT,Khánh Hòa,7,73319 - 70755 - 22127 - 25752
2026-01-09,MT,Khánh Hòa,8,69998
2026-01-09,MN,TP. HCM,ĐB,96951
2026-01-09,MN,TP. HCM,1,43306
2026-01-09,MN,TP. HCM,2,31666
2026-01-09,MN,TP. HCM,3,01106 - 04148 - 20234 - 94791 - 88156 - 69083
2026-01-09,MN,TP. HCM,4,66909 - 46200 - 74146 - 50664 - 94571 - 78043
2026-01-09,MN,TP. HCM,5,33330 - 11058 - 13105
2026-01-09,MN,TP. HCM,6,42260 - 62194 - 32751
2026-01-09,MN,TP. HCM,7,64833 - 95539 - 61294 - 74754
2026-01-09,MN,TP. HCM,8,74196
2026-01-09,MN,Đồng Tháp,ĐB,63002
2026-01-09,MN,Đồng Tháp,1,10106
2026-01-09,MN,Đồng Tháp,2,32868
2026-01-09,MN,Đồng Tháp,3,03193 - 86014 - 69826 - 94825 - 09330 - 81307
2026-01-09,MN,Đồng Tháp,4,42202 - 03559 - 47981 - 98348 - 66032 - 12815
2026-01-09,MN,Đồng Tháp,5,74331 - 85891 - 61975
2026-01-09,MN,Đồng Tháp,6,40204 - 27211 - 35972
2026-01-09,MN,Đồng Tháp,7,65136 - 07185 - 60521 - 50351
2026-01-09,MN,Đồng Tháp,8,25232
2026-01-09,MN,Cà Mau,ĐB,64884
2026-01-09,MN,Cà Mau,1,46595
2026-01-09,MN,Cà Mau,2,06623
2026-01-09,MN,Cà Mau,3,24373 - 65426 - 34115 - 12513 - 38440 - 44828
2026-01-09,MN,Cà Mau,4,69860 - 89337 - 92563 - 67536 - 41011 - 22166
2026-01-09,MN,Cà Mau,5,10587 - 69619 - 13688
2026-01-09,MN,Cà Mau,6,13736 - 64742 - 23186
2026-01-09,MN,Cà Mau,7,03252 - 19676 - 00268 - 01451
2026-01-09,MN,Cà Mau,8,63327
2026-01-10,MB,Hà Nội,ĐB,75279
2026-01-10,MB,Hà Nội,1,73154
2026-01-10,MB,Hà Nội,2,14727
2026-01-10,MB,Hà Nội,3,65555 - 35118 - 40989 - 65705 - 09734 - 22614
2026-01-10,MB,Hà Nội,4,28641 - 72381 - 21962 - 05209 - 20525 - 33629
2026-01-10,MB,Hà Nội,5,14545 - 57880 - 65259
2026-01-10,MB,Hà Nội,6,83358 - 76546 - 30840
2026-01-10,MB,Hà Nội,7,31168 - 29202 - 33129 - 03168
2026-01-10,MT,Đà Nẵng,ĐB,87075
2026-01-10,MT,Đà Nẵng,1,99476
2026-01-10,MT,Đà Nẵng,2,19492
2026-01-10,MT,Đà Nẵng,3,21360 - 26488 - 44971 - 13760 - 46731 - 60429
2026-01-10,MT,Đà Nẵng,4,47128 - 98529 - 35543 - 07940 - 24141 - 40130
2026-01-10,MT,Đà Nẵng,5,82798 - 75838 - 67285
2026-01-10,MT,Đà Nẵng,6,47487 - 75790 - 31716
2026-01-10,MT,Đà Nẵng,7,29340 - 28102 - 67347 - 55607
2026-01-10,MT,Đà Nẵng,8,06325
2026-01-10,MT,Khánh Hòa,ĐB,96792
2026-01-10,MT,Khánh Hòa,1,76042
2026-01-10,MT,Khánh Hòa,2,37661
2026-01-10,MT,Khánh Hòa,3,88928 - 17957 - 80264 - 06678 - 44516 - 98131
2026-01-10,MT,Khánh Hòa,4,85764 - 37332 - 16323 - 91388 - 91631 - 64509
2026-01-10,MT,Khánh Hòa,5,28226 - 43717 - 77480
2026-01-10,MT,Khánh Hòa,6,23922 - 91565 - 00015
2026-01-10,MT,Khánh Hòa,7,78161 - 12016 - 32709 - 42364
2026-01-10,MT,Khánh Hòa,8,67631
2026-01-10,MN,TP. HCM,ĐB,78044
2026-01-10,MN,TP. HCM,1,38349
2026-01-10,MN,TP. HCM,2,61700
2026-01-10,MN,TP. HCM,3,18420 - 16005 - 84102 - 53787 - 26935 - 16508
2026-01-10,MN,TP. HCM,4,49563 - 37882 - 22062 - 01770 - 78181 - 35417
2026-01-10,MN,TP. HCM,5,28928 - 92551 - 04067
2026-01-10,MN,TP. HCM,6,14401 - 09039 - 16361
2026-01-10,MN,TP. HCM,7,76854 - 25501 - 24718 - 38294
2026-01-10,MN,TP. HCM,8,31966
2026-01-10,MN,Đồng Tháp,ĐB,08607
2026-01-10,MN,Đồng Tháp,1,21048
2026-01-10,MN,Đồng Tháp,2,02338
2026-01-10,MN,Đồng Tháp,3,55779 - 82873 - 77385 - 29424 - 02115 - 23400
2026-01-10,MN,Đồng Tháp,4,63282 - 76820 - 11204 - 50271 - 07057 - 26464
2026-01-10,MN,Đồng Tháp,5,22108 - 21030 - 31928
2026-01-10,MN,Đồng Tháp,6,85546 - 42577 - 72925
2026-01-10,MN,Đồng Tháp,7,55251 - 24872 - 35216 - 07893
2026-01-10,MN,Đồng Tháp,8,41448
2026-01-10,MN,Cà Mau,ĐB,09410
2026-01-10,MN,Cà Mau,1,74278
2026-01-10,MN,Cà Mau,2,24096
2026-01-10,MN,Cà Mau,3,55818 - 47373 - 27859 - 12389 - 13160 - 11467
2026-01-10,MN,Cà Mau,4,14267 - 29502 - 74264 - 64417 - 04473 - 64719
2026-01-10,MN,Cà Mau,5,04190 - 90141 - 82421
2026-01-10,MN,Cà Mau,6,43703 - 78666 - 20650
2026-01-10,MN,Cà Mau,7,92916 - 99586 - 29577 - 19541
2026-01-10,MN,Cà Mau,8,21484
2026-01-11,MB,Hà Nội,ĐB,10666
2026-01-11,MB,Hà Nội,1,26827
2026-01-11,MB,Hà Nội,2,23888
2026-01-11,MB,Hà Nội,3,44795 - 59289 - 26124 - 13004 - 15835 - 31272
2026-01-11,MB,Hà Nội,4,92940 - 95172 - 42699 - 79571 - 27213 - 40797
2026-01-11,MB,Hà Nội,5,46100 - 12857 - 87180
2026-01-11,MB,Hà Nội,6,22257 - 31897 - 81360
2026-01-11,MB,Hà Nội,7,84821 - 65366 - 78479 - 10821
2026-01-11,MT,Đà Nẵng,ĐB,41165
2026-01-11,MT,Đà Nẵng,1,38149
2026-01-11,MT,Đà Nẵng,2,59065
2026-01-11,MT,Đà Nẵng,3,59962 - 96428 - 63802 - 37507 - 84425 - 80547
2026-01-11,MT,Đà Nẵng,4,92300 - 83017 - 71121 - 04978 - 30927 - 30599
2026-01-11,MT,Đà Nẵng,5,98224 - 28987 - 89030
2026-01-11,MT,Đà Nẵng,6,33338 - 00706 - 25704
2026-01-11,MT,Đà Nẵng,7,46887 - 51108 - 46924 - 90451
2026-01-11,MT,Đà Nẵng,8,16398
2026-01-11,MT,Khánh Hòa,ĐB,93260
2026-01-11,MT,Khánh Hòa,1,30732
2026-01-11,MT,Khánh Hòa,2,60187
2026-01-11,MT,Khánh Hòa,3,87034 - 80894 - 26769 - 33981 - 07007 - 03263
2026-01-11,MT,Khánh Hòa,4,15959 - 58318 - 84709 - 84894 - 42939 - 47807
2026-01-11,MT,Khánh Hòa,5,06758 - 30298 - 43769
2026-01-11,MT,Khánh Hòa,6,10021 - 69085 - 63518
2026-01-11,MT,Khánh Hòa,7,70705 - 60154 - 98596 - 17513
2026-01-11,MT,Khánh Hòa,8,39235
2026-01-11,MN,TP. HCM,ĐB,67743
2026-01-11,MN,TP. HCM,1,52785
2026-01-11,MN,TP. HCM,2,43147
2026-01-11,MN,TP. HCM,3,34104 - 88183 - 14514 - 91178 - 05256 - 34611
2026-01-11,MN,TP. HCM,4,51603 - 16917 - 37575 - 07066 - 91110 - 89795
2026-01-11,MN,TP. HCM,5,28130 - 13296 - 43136
2026-01-11,MN,TP. HCM,6,27080 - 99041 - 92535
2026-01-11,MN,TP. HCM,7,10447 - 72039 - 12040 - 77980
2026-01-11,MN,TP. HCM,8,37274
2026-01-11,MN,Đồng Tháp,ĐB,40819
2026-01-11,MN,Đồng Tháp,1,45580
2026-01-11,MN,Đồng Tháp,2,66786
2026-01-11,MN,Đồng Tháp,3,27956 - 47599 - 70776 - 02799 - 16948 - 19792
2026-01-11,MN,Đồng Tháp,4,72141 - 66925 - 46278 - 53746 - 28008 - 99926
2026-01-11,MN,Đồng Tháp,5,64606 - 24032 - 17041
2026-01-11,MN,Đồng Tháp,6,11350 - 86784 - 03652
2026-01-11,MN,Đồng Tháp,7,70602 - 87247 - 62746 - 27211
2026-01-11,MN,Đồng Tháp,8,54425
2026-01-11,MN,Cà Mau,ĐB,98336
2026-01-11,MN,Cà Mau,1,72352
2026-01-11,MN,Cà Mau,2,59244
2026-01-11,MN,Cà Mau,3,74045 - 54882 - 74967 - 73028 - 64450 - 58763
2026-01-11,MN,Cà Mau,4,72646 - 28661 - 11525 - 72838 - 02461 - 83677
2026-01-11,MN,Cà Mau,5,31399 - 54654 - 82397
2026-01-11,MN,Cà Mau,6,61594 - 74732 - 60821
2026-01-11,MN,Cà Mau,7,78232 - 24422 - 96841 - 67391
2026-01-11,MN,Cà Mau,8,98355
2026-01-12,MB,Hà Nội,ĐB,05937
2026-01-12,MB,Hà Nội,1,46206
2026-01-12,MB,Hà Nội,2,73198
2026-01-12,MB,Hà Nội,3,55056 - 55240 - 24185 - 27925 - 02820 - 17456
2026-01-12,MB,Hà Nội,4,99236 - 63325 - 54935 - 21515 - 26459 - 30764
2026-01-12,MB,Hà Nội,5,40911 - 79297 - 10092
2026-01-12,MB,Hà Nội,6,47736 - 25926 - 89810
2026-01-12,MB,Hà Nội,7,66515 - 30991 - 01383 - 00422
2026-01-12,MT,Đà Nẵng,ĐB,35292
2026-01-12,MT,Đà Nẵng,1,37822
2026-01-12,MT,Đà Nẵng,2,10966
2026-01-12,MT,Đà Nẵng,3,36737 - 04197 - 86339 - 42853 - 72354 - 52050
2026-01-12,MT,Đà Nẵng,4,76154 - 53249 - 68389 - 08615 - 53908 - 94738
2026-01-12,MT,Đà Nẵng,5,12787 - 55979 - 41818
2026-01-12,MT,Đà Nẵng,6,05104 - 92966 - 03002
2026-01-12,MT,Đà Nẵng,7,29632 - 19179 - 74510 - 21737
2026-01-12,MT,Đà Nẵng,8,89608
2026-01-12,MT,Khánh Hòa,ĐB,64691
2026-01-12,MT,Khánh Hòa,1,87996
2026-01-12,MT,Khánh Hòa,2,13677
2026-01-12,MT,Khánh Hòa,3,51411 - 07076 - 31737 - 08538 - 65445 - 43943
2026-01-12,MT,Khánh Hòa,4,82624 - 50362 - 07878 - 03542 - 95242 - 40577
2026-01-12,MT,Khánh Hòa,5,38422 - 33057 - 62329
2026-01-12,MT,Khánh Hòa,6,37706 - 61721 - 52555
2026-01-12,MT,Khánh Hòa,7,97590 - 15908 - 29447 - 05446
2026-01-12,MT,Khánh Hòa,8,71003
2026-01-12,MN,TP. HCM,ĐB,76921
2026-01-12,MN,TP. HCM,1,98822
2026-01-12,MN,TP. HCM,2,71518
2026-01-12,MN,TP. HCM,3,81992 - 96430 - 63727 - 83733 - 60095 - 27816
2026-01-12,MN,TP. HCM,4,10785 - 01119 - 00750 - 46244 - 84853 - 81591
2026-01-12,MN,TP. HCM,5,16188 - 36739 - 47423
2026-01-12,MN,TP. HCM,6,85588 - 12579 - 29317
2026-01-12,MN,TP. HCM,7,06698 - 88889 - 36187 - 15449
2026-01-12,MN,TP. HCM,8,76454
2026-01-12,MN,Đồng Tháp,ĐB,28639
2026-01-12,MN,Đồng Tháp,1,21818
2026-01-12,MN,Đồng Tháp,2,57786
2026-01-12,MN,Đồng Tháp,3,75475 - 40918 - 24560 - 33923 - 05222 - 19677
2026-01-12,MN,Đồng Tháp,4,98043 - 68150 - 11749 - 55722 - 94326 - 67019
2026-01-12,MN,Đồng Tháp,5,41743 - 21249 - 65362
2026-01-12,MN,Đồng Tháp,6,50871 - 57126 - 56139
2026-01-12,MN,Đồng Tháp,7,73776 - 23569 - 43649 - 04201
2026-01-12,MN,Đồng Tháp,8,99850
2026-01-12,MN,Cà Mau,ĐB,61155
2026-01-12,MN,Cà Mau,1,84710
2026-01-12,MN,Cà Mau,2,69672
2026-01-12,MN,Cà Mau,3,12388 - 34021 - 46089 - 49983 - 10567 - 53534
2026-01-12,MN,Cà Mau,4,27487 - 45036 - 75954 - 53997 - 84420 - 44769
2026-01-12,MN,Cà Mau,5,12774 - 91306 - 77459
2026-01-12,MN,Cà Mau,6,50699 - 47317 - 85480
2026-01-12,MN,Cà Mau,7,63694 - 62529 - 17499 - 35835
2026-01-12,MN,Cà Mau,8,61787
2026-01-13,MB,Hà Nội,ĐB,18229
2026-01-13,MB,Hà Nội,1,22782
2026-01-13,MB,Hà Nội,2,30986
2026-01-13,MB,Hà Nội,3,07427 - 10562 - 25370 - 08647 - 02977 - 11575
2026-01-13,MB,Hà Nội,4,13117 - 69597 - 55776 - 10784 - 78851 - 06791
2026-01-13,MB,Hà Nội,5,33255 - 53981 - 30164
2026-01-13,MB,Hà Nội,6,78818 - 12153 - 48404
2026-01-13,MB,Hà Nội,7,93175 - 53445 - 84979 - 76226
2026-01-13,MT,Đà Nẵng,ĐB,46099
2026-01-13,MT,Đà Nẵng,1,68856
2026-01-13,MT,Đà Nẵng,2,79814
2026-01-13,MT,Đà Nẵng,3,86052 - 31535 - 30337 - 30291 - 32261 - 72513
2026-01-13,MT,Đà Nẵng,4,39961 - 06548 - 92699 - 53924 - 32491 - 49693
2026-01-13,MT,Đà Nẵng,5,74607 - 43112 - 41225
2026-01-13,MT,Đà Nẵng,6,22617 - 99157 - 35800
2026-01-13,MT,Đà Nẵng,7,30390 - 16297 - 53541 - 48129
2026-01-13,MT,Đà Nẵng,8,37091
2026-01-13,MT,Khánh Hòa,ĐB,67289
2026-01-13,MT,Khánh Hòa,1,19457
2026-01-13,MT,Khánh Hòa,2,29645
2026-01-13,MT,Khánh Hòa,3,97654 - 74106 - 72809 - 25751 - 65397 - 70756
2026-01-13,MT,Khánh Hòa,4,63103 - 96030 - 70618 - 67661 - 82275 - 67516
2026-01-13,MT,Khánh Hòa,5,76119 - 77398 - 89282
2026-01-13,MT,Khánh Hòa,6,30922 - 56037 - 09407
2026-01-13,MT,Khánh Hòa,7,69373 - 31505 - 26991 - 92367
2026-01-13,MT,Khánh Hòa,8,54991
2026-01-13,MN,TP. HCM,ĐB,55058
2026-01-13,MN,TP. HCM,1,26917
2026-01-13,MN,TP. HCM,2,32412
2026-01-13,MN,TP. HCM,3,40222 - 53394 - 03593 - 07762 - 57300 - 13299
2026-01-13,MN,TP. HCM,4,02012 - 11128 - 25526 - 12601 - 49126 - 26790
2026-01-13,MN,TP. HCM,5,25484 - 69877 - 03851
2026-01-13,MN,TP. HCM,6,94331 - 66076 - 94683
2026-01-13,MN,TP. HCM,7,91637 - 54914 - 39707 - 50766
2026-01-13,MN,TP. HCM,8,02428
2026-01-13,MN,Đồng Tháp,ĐB,71630
2026-01-13,MN,Đồng Tháp,1,86807
2026-01-13,MN,Đồng Tháp,2,86604
2026-01-13,MN,Đồng Tháp,3,49112 - 91136 - 75565 - 66679 - 37290 - 36607
2026-01-13,MN,Đồng Tháp,4,61458 - 77516 - 41418 - 99676 - 53356 - 49668
2026-01-13,MN,Đồng Tháp,5,48359 - 85276 - 38517
2026-01-13,MN,Đồng Tháp,6,98872 - 95742 - 02983
2026-01-13,MN,Đồng Tháp,7,90429 - 53933 - 52125 - 24706
2026-01-13,MN,Đồng Tháp,8,83861
2026-01-13,MN,Cà Mau,ĐB,16431
2026-01-13,MN,Cà Mau,1,27949
2026-01-13,MN,Cà Mau,2,42798
2026-01-13,MN,Cà Mau,3,05091 - 63309 - 96948 - 37492 - 57628 - 76849
2026-01-13,MN,Cà Mau,4,32089 - 41105 - 87462 - 78564 - 89512 - 48997
2026-01-13,MN,Cà Mau,5,60556 - 88377 - 06824
2026-01-13,MN,Cà Mau,6,73955 - 18534 - 56615
2026-01-13,MN,Cà Mau,7,28174 - 55971 - 13921 - 94990
2026-01-13,MN,Cà Mau,8,19179
2026-01-14,MB,Hà Nội,ĐB,80928
2026-01-14,MB,Hà Nội,1,16122
2026-01-14,MB,Hà Nội,2,41687
2026-01-14,MB,Hà Nội,3,16925 - 26302 - 63437 - 73530 - 51297 - 54830
2026-01-14,MB,Hà Nội,4,49025 - 45400 - 70069 - 38593 - 40359 - 11677
2026-01-14,MB,Hà Nội,5,62751 - 30619 - 55513
2026-01-14,MB,Hà Nội,6,10911 - 82249 - 14690
2026-01-14,MB,Hà Nội,7,83931 - 24790 - 09036 - 04945
2026-01-14,MT,Đà Nẵng,ĐB,07090
2026-01-14,MT,Đà Nẵng,1,86157
2026-01-14,MT,Đà Nẵng,2,16059
2026-01-14,MT,Đà Nẵng,3,85722 - 54408 - 59004 - 38823 - 90334 - 68446
2026-01-14,MT,Đà Nẵng,4,37190 - 17866 - 03931 - 25342 - 06744 - 76200
2026-01-14,MT,Đà Nẵng,5,16934 - 11596 - 43798
2026-01-14,MT,Đà Nẵng,6,83640 - 18371 - 34992
2026-01-14,MT,Đà Nẵng,7,48569 - 03503 - 36522 - 50794
2026-01-14,MT,Đà Nẵng,8,36422
2026-01-14,MT,Khánh Hòa,ĐB,79292
2026-01-14,MT,Khánh Hòa,1,65711
2026-01-14,MT,Khánh Hòa,2,84191
2026-01-14,MT,Khánh Hòa,3,98021 - 81695 - 35346 - 78480 - 18321 - 44906
2026-01-14,MT,Khánh Hòa,4,42655 - 69273 - 69470 - 57175 - 91939 - 29400
2026-01-14,MT,Khánh Hòa,5,74440 - 15245 - 89324
2026-01-14,MT,Khánh Hòa,6,42772 - 56490 - 10697
2026-01-14,MT,Khánh Hòa,7,06058 - 26219 - 43204 - 34579
2026-01-14,MT,Khánh Hòa,8,76767
2026-01-14,MN,TP. HCM,ĐB,91865
2026-01-14,MN,TP. HCM,1,20921
2026-01-14,MN,TP. HCM,2,97217
2026-01-14,MN,TP. HCM,3,67093 - 33294 - 94542 - 44035 - 78059 - 36972
2026-01-14,MN,TP. HCM,4,72849 - 91049 - 01268 - 91139 - 47731 - 05567
2026-01-14,MN,TP. HCM,5,67187 - 89254 - 42016
2026-01-14,MN,TP. HCM,6,97395 - 42848 - 62665
2026-01-14,MN,TP. HCM,7,33257 - 98346 - 77891 - 71073
2026-01-14,MN,TP. HCM,8,24524
2026-01-14,MN,Đồng Tháp,ĐB,88893
2026-01-14,MN,Đồng Tháp,1,79480
2026-01-14,MN,Đồng Tháp,2,19690
2026-01-14,MN,Đồng Tháp,3,05593 - 10230 - 55347 - 58467 - 24982 - 81900
2026-01-14,MN,Đồng Tháp,4,07277 - 01657 - 16054 - 19365 - 35839 - 74189
2026-01-14,MN,Đồng Tháp,5,21450 - 81059 - 64278
2026-01-14,MN,Đồng Tháp,6,13495 - 57785 - 48919
2026-01-14,MN,Đồng Tháp,7,13123 - 57421 - 28384 - 68825
2026-01-14,MN,Đồng Tháp,8,78339
2026-01-14,MN,Cà Mau,ĐB,94606
2026-01-14,MN,Cà Mau,1,01671
2026-01-14,MN,Cà Mau,2,97300
2026-01-14,MN,Cà Mau,3,53059 - 52050 - 94313 - 17495 - 06529 - 06677
2026-01-14,MN,Cà Mau,4,54491 - 76127 - 66441 - 26635 - 75313 - 92061
2026-01-14,MN,Cà Mau,5,82041 - 48133 - 21970
2026-01-14,MN,Cà Mau,6,62689 - 02230 - 79601
2026-01-14,MN,Cà Mau,7,21799 - 08994 - 83646 - 30948
2026-01-14,MN,Cà Mau,8,87469
2026-01-15,MB,Hà Nội,ĐB,20702
2026-01-15,MB,Hà Nội,1,16846
2026-01-15,MB,Hà Nội,2,94117
2026-01-15,MB,Hà Nội,3,64447 - 49761 - 37431 - 68307 - 76133 - 34007
2026-01-15,MB,Hà Nội,4,55130 - 81251 - 37074 - 27720 - 98107 - 40506
2026-01-15,MB,Hà Nội,5,79492 - 08499 - 71251
2026-01-15,MB,Hà Nội,6,85944 - 75386 - 38231
2026-01-15,MB,Hà Nội,7,78939 - 77514 - 13048 - 43443
2026-01-15,MT,Đà Nẵng,ĐB,28078
2026-01-15,MT,Đà Nẵng,1,76530
2026-01-15,MT,Đà Nẵng,2,64856
2026-01-15,MT,Đà Nẵng,3,69865 - 20782 - 98282 - 12154 - 40964 - 52007
2026-01-15,MT,Đà Nẵng,4,76130 - 24315 - 99912 - 81406 - 00597 - 68856
2026-01-15,MT,Đà Nẵng,5,76008 - 68848 - 68834
2026-01-15,MT,Đà Nẵng,6,05067 - 44883 - 73625
2026-01-15,MT,Đà Nẵng,7,47217 - 57666 - 90360 - 19718
2026-01-15,MT,Đà Nẵng,8,75145
2026-01-15,MT,Khánh Hòa,ĐB,38557
2026-01-15,MT,Khánh Hòa,1,04296
2026-01-15,MT,Khánh Hòa,2,25665
2026-01-15,MT,Khánh Hòa,3,95329 - 63584 - 99989 - 44268 - 97761 - 50858
2026-01-15,MT,Khánh Hòa,4,69931 - 36570 - 26966 - 05939 - 81960 - 37547
2026-01-15,MT,Khánh Hòa,5,61232 - 85782 - 12987
2026-01-15,MT,Khánh Hòa,6,48965 - 54946 - 37989
2026-01-15,MT,Khánh Hòa,7,48178 - 68385 - 66940 - 87313
2026-01-15,MT,Khánh Hòa,8,42201
2026-01-15,MN,TP. HCM,ĐB,21690
2026-01-15,MN,TP. HCM,1,08474
2026-01-15,MN,TP. HCM,2,70507
2026-01-15,MN,TP. HCM,3,21726 - 15851 - 83757 - 91589 - 78712 - 00162
2026-01-15,MN,TP. HCM,4,51808 - 71673 - 55727 - 54236 - 73497 - 77381
2026-01-15,MN,TP. HCM,5,04303 - 79895 - 46206
2026-01-15,MN,TP. HCM,6,31048 - 34515 - 99923
2026-01-15,MN,TP. HCM,7,46072 - 49297 - 76976 - 17065
2026-01-15,MN,TP. HCM,8,74711
2026-01-15,MN,Đồng Tháp,ĐB,30619
2026-01-15,MN,Đồng Tháp,1,05349
2026-01-15,MN,Đồng Tháp,2,77168
2026-01-15,MN,Đồng Tháp,3,51546 - 80343 - 49505 - 08142 - 05090 - 54534
2026-01-15,MN,Đồng Tháp,4,26458 - 90964 - 92805 - 69884 - 49083 - 29213
2026-01-15,MN,Đồng Tháp,5,76795 - 44893 - 04895
2026-01-15,MN,Đồng Tháp,6,52520 - 37662 - 44518
2026-01-15,MN,Đồng Tháp,7,26105 - 65835 - 99324 - 15606
2026-01-15,MN,Đồng Tháp,8,29860
2026-01-15,MN,Cà Mau,ĐB,05126
2026-01-15,MN,Cà Mau,1,83028
2026-01-15,MN,Cà Mau,2,34099
2026-01-15,MN,Cà Mau,3,32734 - 14586 - 95087 - 90102 - 77580 - 06794
2026-01-15,MN,Cà Mau,4,98424 - 95090 - 44802 - 73617 - 40184 - 98811
2026-01-15,MN,Cà Mau,5,24983 - 61086 - 88710
2026-01-15,MN,Cà Mau,6,79474 - 37269 - 87561
2026-01-15,MN,Cà Mau,7,68980 - 53800 - 59821 - 69643
2026-01-15,MN,Cà Mau,8,75207
2026-01-16,MB,Hà Nội,ĐB,00977
2026-01-16,MB,Hà Nội,1,09039
2026-01-16,MB,Hà Nội,2,62266
2026-01-16,MB,Hà Nội,3,68531 - 81303 - 51918 - 43062 - 05948 - 80913
2026-01-16,MB,Hà Nội,4,21572 - 01043 - 57046 - 72613 - 61479 - 43280
2026-01-16,MB,Hà Nội,5,76108 - 35547 - 21440
2026-01-16,MB,Hà Nội,6,26711 - 38362 - 03917
2026-01-16,MB,Hà Nội,7,81346 - 41613 - 29239 - 34358
2026-01-16,MT,Đà Nẵng,ĐB,71704
2026-01-16,MT,Đà Nẵng,1,13990
2026-01-16,MT,Đà Nẵng,2,59786
2026-01-16,MT,Đà Nẵng,3,70509 - 39769 - 94797 - 03317 - 87117 - 93427
2026-01-16,MT,Đà Nẵng,4,25709 - 07699 - 13384 - 31440 - 52009 - 55498
2026-01-16,MT,Đà Nẵng,5,88991 - 60889 - 21895
2026-01-16,MT,Đà Nẵng,6,99430 - 83214 - 20555
2026-01-16,MT,Đà Nẵng,7,91218 - 70064 - 15568 - 41540
2026-01-16,MT,Đà Nẵng,8,63458
2026-01-16,MT,Khánh Hòa,ĐB,81519
2026-01-16,MT,Khánh Hòa,1,91904
2026-01-16,MT,Khánh Hòa,2,20848
2026-01-16,MT,Khánh Hòa,3,41181 - 74035 - 89185 - 57814 - 82757 - 29940
2026-01-16,MT,Khánh Hòa,4,60923 - 78596 - 42813 - 87380 - 49559 - 70887
2026-01-16,MT,Khánh Hòa,5,91860 - 93146 - 48329
2026-01-16,MT,Khánh Hòa,6,00756 - 91175 - 88962
2026-01-16,MT,Khánh Hòa,7,69683 - 95427 - 79730 - 38636
2026-01-16,MT,Khánh Hòa,8,37194
2026-01-16,MN,TP. HCM,ĐB,45242
2026-01-16,MN,TP. HCM,1,32645
2026-01-16,MN,TP. HCM,2,39077
2026-01-16,MN,TP. HCM,3,90858 - 75536 - 99073 - 96530 - 99334 - 16061
2026-01-16,MN,TP. HCM,4,60977 - 34370 - 47048 - 85123 - 91028 - 83792
2026-01-16,MN,TP. HCM,5,32007 - 11530 - 35818
2026-01-16,MN,TP. HCM,6,81097 - 53352 - 40767
2026-01-16,MN,TP. HCM,7,18279 - 46571 - 25000 - 81546
2026-01-16,MN,TP. HCM,8,02594
2026-01-16,MN,Đồng Tháp,ĐB,89257
2026-01-16,MN,Đồng Tháp,1,19292
2026-01-16,MN,Đồng Tháp,2,97633
2026-01-16,MN,Đồng Tháp,3,81070 - 21380 - 15732 - 42944 - 34950 - 91785
2026-01-16,MN,Đồng Tháp,4,90806 - 70089 - 51535 - 48195 - 39367 - 00432
2026-01-16,MN,Đồng Tháp,5,42019 - 91363 - 63501
2026-01-16,MN,Đồng Tháp,6,53295 - 06800 - 35897
2026-01-16,MN,Đồng Tháp,7,89010 - 91798 - 70134 - 14704
2026-01-16,MN,Đồng Tháp,8,03548
2026-01-16,MN,Cà Mau,ĐB,25960
2026-01-16,MN,Cà Mau,1,13825
2026-01-16,MN,Cà Mau,2,66966
2026-01-16,MN,Cà Mau,3,45988 - 63777 - 48788 - 15949 - 95255 - 15909
2026-01-16,MN,Cà Mau,4,67374 - 96225 - 84693 - 26635 - 92899 - 28571
2026-01-16,MN,Cà Mau,5,22206 - 45611 - 58187
2026-01-16,MN,Cà Mau,6,58024 - 82590 - 33622
2026-01-16,MN,Cà Mau,7,23654 - 84275 - 96784 - 69552
2026-01-16,MN,Cà Mau,8,37242
2026-01-17,MB,Hà Nội,ĐB,08662
2026-01-17,MB,Hà Nội,1,41140
2026-01-17,MB,Hà Nội,2,81458
2026-01-17,MB,Hà Nội,3,17840 - 17489 - 14575 - 21959 - 40433 - 68734
2026-01-17,MB,Hà Nội,4,85702 - 86256 - 40810 - 27679 - 99976 - 49030
2026-01-17,MB,Hà Nội,5,10310 - 72152 - 58499
2026-01-17,MB,Hà Nội,6,35048 - 65862 - 02612
2026-01-17,MB,Hà Nội,7,48578 - 50569 - 20318 - 08552
2026-01-17,MT,Đà Nẵng,ĐB,39515
2026-01-17,MT,Đà Nẵng,1,24574
2026-01-17,MT,Đà Nẵng,2,34956
2026-01-17,MT,Đà Nẵng,3,74452 - 22461 - 99956 - 65770 - 56161 - 38430
2026-01-17,MT,Đà Nẵng,4,64791 - 49929 - 15265 - 10764 - 06099 - 59945
2026-01-17,MT,Đà Nẵng,5,07953 - 71961 - 15811
2026-01-17,MT,Đà Nẵng,6,00044 - 89709 - 79750
2026-01-17,MT,Đà Nẵng,7,12876 - 91827 - 34168 - 27077
2026-01-17,MT,Đà Nẵng,8,88638
2026-01-17,MT,Khánh Hòa,ĐB,08084
2026-01-17,MT,Khánh Hòa,1,62068
2026-01-17,MT,Khánh Hòa,2,20212
2026-01-17,MT,Khánh Hòa,3,26493 - 04065 - 73132 - 24140 - 05483 - 36555
2026-01-17,MT,Khánh Hòa,4,77389 - 06620 - 90310 - 61981 - 61001 - 32433
2026-01-17,MT,Khánh Hòa,5,16289 - 36238 - 96365
2026-01-17,MT,Khánh Hòa,6,31463 - 81987 - 04728
2026-01-17,MT,Khánh Hòa,7,18848 - 76696 - 39512 - 45887
2026-01-17,MT,Khánh Hòa,8,71571
2026-01-17,MN,TP. HCM,ĐB,31587
2026-01-17,MN,TP. HCM,1,10456
2026-01-17,MN,TP. HCM,2,17833
2026-01-17,MN,TP. HCM,3,34971 - 22890 - 19763 - 28426 - 61318 - 52425
2026-01-17,MN,TP. HCM,4,14786 - 65496 - 29776 - 03354 - 78734 - 20616
2026-01-17,MN,TP. HCM,5,88652 - 90246 - 08856
2026-01-17,MN,TP. HCM,6,30781 - 24943 - 02483
2026-01-17,MN,TP. HCM,7,38939 - 39756 - 34169 - 96620
2026-01-17,MN,TP. HCM,8,97322
2026-01-17,MN,Đồng Tháp,ĐB,17896
2026-01-17,MN,Đồng Tháp,1,53061
2026-01-17,MN,Đồng Tháp,2,69288
2026-01-17,MN,Đồng Tháp,3,36869 - 88358 - 19915 - 14652 - 51810 - 45369
2026-01-17,MN,Đồng Tháp,4,99679 - 38634 - 36342 - 96180 - 43057 - 01744
2026-01-17,MN,Đồng Tháp,5,32544 - 08576 - 17173
2026-01-17,MN,Đồng Tháp,6,29127 - 62211 - 86142
2026-01-17,MN,Đồng Tháp,7,70800 - 41523 - 64485 - 73237
2026-01-17,MN,Đồng Tháp,8,75046
2026-01-17,MN,Cà Mau,ĐB,27509
2026-01-17,MN,Cà Mau,1,91390
2026-01-17,MN,Cà Mau,2,69187
2026-01-17,MN,Cà Mau,3,90567 - 71549 - 27870 - 52369 - 73119 - 82970
2026-01-17,MN,Cà Mau,4,92022 - 75974 - 68041 - 53829 - 99101 - 49784
2026-01-17,MN,Cà Mau,5,97175 - 45481 - 18215
2026-01-17,MN,Cà Mau,6,22597 - 36897 - 17126
2026-01-17,MN,Cà Mau,7,97427 - 36032 - 21306 - 39411
2026-01-17,MN,Cà Mau,8,67376
2026-01-18,MB,Hà Nội,ĐB,22045
2026-01-18,MB,Hà Nội,1,39083
2026-01-18,MB,Hà Nội,2,34672
2026-01-18,MB,Hà Nội,3,32771 - 34930 - 47192 - 00430 - 49442 - 39995
2026-01-18,MB,Hà Nội,4,51816 - 26498 - 81034 - 56207 - 66097 - 53704
2026-01-18,MB,Hà Nội,5,06369 - 47063 - 17094
2026-01-18,MB,Hà Nội,6,69850 - 85971 - 42026
2026-01-18,MB,Hà Nội,7,28611 - 60071 - 01907 - 48455
2026-01-18,MT,Đà Nẵng,ĐB,82237
2026-01-18,MT,Đà Nẵng,1,19828
2026-01-18,MT,Đà Nẵng,2,46763
2026-01-18,MT,Đà Nẵng,3,45845 - 46530 - 03494 - 75885 - 73369 - 79551
2026-01-18,MT,Đà Nẵng,4,89218 - 50195 - 72959 - 52341 - 40389 - 64174
2026-01-18,MT,Đà Nẵng,5,76995 - 04382 - 54946
2026-01-18,MT,Đà Nẵng,6,76460 - 18075 - 15596
2026-01-18,MT,Đà Nẵng,7,81440 - 10240 - 13301 - 35987
2026-01-18,MT,Đà Nẵng,8,38383
2026-01-18,MT,Khánh Hòa,ĐB,13490
2026-01-18,MT,Khánh Hòa,1,95605
2026-01-18,MT,Khánh Hòa,2,97466
2026-01-18,MT,Khánh Hòa,3,22050 - 12852 - 03590 - 63303 - 77457 - 27689
2026-01-18,MT,Khánh Hòa,4,89345 - 82882 - 60542 - 00085 - 13074 - 82758
2026-01-18,MT,Khánh Hòa,5,85988 - 78336 - 23789
2026-01-18,MT,Khánh Hòa,6,17379 - 23326 - 23035
2026-01-18,MT,Khánh Hòa,7,59803 - 56022 - 00834 - 71929
2026-01-18,MT,Khánh Hòa,8,33143
2026-01-18,MN,TP. HCM,ĐB,86519
2026-01-18,MN,TP. HCM,1,24341
2026-01-18,MN,TP. HCM,2,81355
2026-01-18,MN,TP. HCM,3,67617 - 78285 - 39901 - 01371 - 84500 - 83984
2026-01-18,MN,TP. HCM,4,00186 - 07256 - 37677 - 01700 - 26440 - 28658
2026-01-18,MN,TP. HCM,5,34357 - 90255 - 88002
2026-01-18,MN,TP. HCM,6,50985 - 78780 - 06403
2026-01-18,MN,TP. HCM,7,90564 - 75730 - 57125 - 81955
2026-01-18,MN,TP. HCM,8,10421
2026-01-18,MN,Đồng Tháp,ĐB,86343
2026-01-18,MN,Đồng Tháp,1,75621
2026-01-18,MN,Đồng Tháp,2,39134
2026-01-18,MN,Đồng Tháp,3,62840 - 67611 - 64530 - 72954 - 71672 - 59274
2026-01-18,MN,Đồng Tháp,4,04776 - 90161 - 30605 - 31947 - 54249 - 56984
2026-01-18,MN,Đồng Tháp,5,95094 - 89906 - 02498
2026-01-18,MN,Đồng Tháp,6,92590 - 69175 - 99376
2026-01-18,MN,Đồng Tháp,7,12300 - 72456 - 52301 - 57270
2026-01-18,MN,Đồng Tháp,8,27650
2026-01-18,MN,Cà Mau,ĐB,08316
2026-01-18,MN,Cà Mau,1,75557
2026-01-18,MN,Cà Mau,2,07479
2026-01-18,MN,Cà Mau,3,89873 - 38017 - 99494 - 66545 - 27574 - 97357
2026-01-18,MN,Cà Mau,4,07170 - 03981 - 10932 - 44660 - 18442 - 56949
2026-01-18,MN,Cà Mau,5,16228 - 36104 - 74561
2026-01-18,MN,Cà Mau,6,11405 - 05814 - 32719
2026-01-18,MN,Cà Mau,7,60511 - 11228 - 07098 - 20587
2026-01-18,MN,Cà Mau,8,96245
2026-01-19,MB,Hà Nội,ĐB,50367
2026-01-19,MB,Hà Nội,1,88827
2026-01-19,MB,Hà Nội,2,02597
2026-01-19,MB,Hà Nội,3,76460 - 78841 - 61032 - 49084 - 98999 - 83363
2026-01-19,MB,Hà Nội,4,60229 - 17286 - 15983 - 05343 - 46651 - 56310
2026-01-19,MB,Hà Nội,5,00696 - 75855 - 24819
2026-01-19,MB,Hà Nội,6,58188 - 07906 - 19801
2026-01-19,MB,Hà Nội,7,24555 - 25577 - 47571 - 72061
2026-01-19,MT,Đà Nẵng,ĐB,83413
2026-01-19,MT,Đà Nẵng,1,01330
2026-01-19,MT,Đà Nẵng,2,38980
2026-01-19,MT,Đà Nẵng,3,51129 - 04367 - 84653 - 31408 - 11306 - 46570
2026-01-19,MT,Đà Nẵng,4,87664 - 53666 - 86334 - 33671 - 31032 - 15355
2026-01-19,MT,Đà Nẵng,5,16176 - 88000 - 56185
2026-01-19,MT,Đà Nẵng,6,08106 - 70933 - 64014
2026-01-19,MT,Đà Nẵng,7,05787 - 14046 - 68272 - 80306
2026-01-19,MT,Đà Nẵng,8,69012
2026-01-19,MT,Khánh Hòa,ĐB,39877
2026-01-19,MT,Khánh Hòa,1,28619
2026-01-19,MT,Khánh Hòa,2,85279
2026-01-19,MT,Khánh Hòa,3,20650 - 89699 - 27860 - 39554 - 61915 - 26521
2026-01-19,MT,Khánh Hòa,4,94242 - 97953 - 99788 - 79232 - 48607 - 16041
2026-01-19,MT,Khánh Hòa,5,96521 - 10153 - 28312
2026-01-19,MT,Khánh Hòa,6,95182 - 44460 - 75579
2026-01-19,MT,Khánh Hòa,7,16890 - 45254 - 93155 - 35876
2026-01-19,MT,Khánh Hòa,8,15019
2026-01-19,MN,TP. HCM,ĐB,79617
2026-01-19,MN,TP. HCM,1,53868
2026-01-19,MN,TP. HCM,2,44470
2026-01-19,MN,TP. HCM,3,14638 - 66869 - 37740 - 75144 - 80298 - 78844
2026-01-19,MN,TP. HCM,4,07461 - 41917 - 63866 - 32901 - 01310 - 00281
2026-01-19,MN,TP. HCM,5,74316 - 64005 - 18529
2026-01-19,MN,TP. HCM,6,62979 - 61589 - 98491
2026-01-19,MN,TP. HCM,7,90830 - 59757 - 98525 - 68914
2026-01-19,MN,TP. HCM,8,95114
2026-01-19,MN,Đồng Tháp,ĐB,57279
2026-01-19,MN,Đồng Tháp,1,39317
2026-01-19,MN,Đồng Tháp,2,91477
2026-01-19,MN,Đồng Tháp,3,40291 - 20334 - 28567 - 08086 - 53561 - 26853
2026-01-19,MN,Đồng Tháp,4,86907 - 61292 - 82235 - 29411 - 33388 - 61372
2026-01-19,MN,Đồng Tháp,5,04415 - 92799 - 20824
2026-01-19,MN,Đồng Tháp,6,71315 - 81546 - 94360
2026-01-19,MN,Đồng Tháp,7,05612 - 78207 - 00707 - 61534
2026-01-19,MN,Đồng Tháp,8,72337
2026-01-19,MN,Cà Mau,ĐB,06212
2026-01-19,MN,Cà Mau,1,06131
2026-01-19,MN,Cà Mau,2,25079
2026-01-19,MN,Cà Mau,3,55439 - 88288 - 37401 - 82920 - 83166 - 14646
2026-01-19,MN,Cà Mau,4,63635 - 11177 - 10029 - 82453 - 36293 - 00465
2026-01-19,MN,Cà Mau,5,75359 - 19600 - 00358
2026-01-19,MN,Cà Mau,6,16950 - 94336 - 95843
2026-01-19,MN,Cà Mau,7,46939 - 85793 - 85060 - 63623
2026-01-19,MN,Cà Mau,8,88584
2026-01-20,MB,Hà Nội,ĐB,65510
2026-01-20,MB,Hà Nội,1,30516
2026-01-20,MB,Hà Nội,2,08153
2026-01-20,MB,Hà Nội,3,16198 - 30935 - 60053 - 19614 - 76046 - 53796
2026-01-20,MB,Hà Nội,4,99155 - 66077 - 08900 - 56230 - 29378 - 65987
2026-01-20,MB,Hà Nội,5,01566 - 30026 - 49068
2026-01-20,MB,Hà Nội,6,69873 - 61890 - 09374
2026-01-20,MB,Hà Nội,7,92204 - 22983 - 72407 - 70022
2026-01-20,MT,Đà Nẵng,ĐB,01437
2026-01-20,MT,Đà Nẵng,1,07274
2026-01-20,MT,Đà Nẵng,2,05997
2026-01-20,MT,Đà Nẵng,3,09151 - 41936 - 29307 - 10824 - 40882 - 53356
2026-01-20,MT,Đà Nẵng,4,56712 - 45507 - 90090 - 08332 - 54793 - 09094
2026-01-20,MT,Đà Nẵng,5,06322 - 94615 - 98764
2026-01-20,MT,Đà Nẵng,6,91238 - 44134 - 60863
2026-01-20,MT,Đà Nẵng,7,30239 - 98047 - 79980 - 06788
2026-01-20,MT,Đà Nẵng,8,22550
2026-01-20,MT,Khánh Hòa,ĐB,30229
2026-01-20,MT,Khánh Hòa,1,13715
2026-01-20,MT,Khánh Hòa,2,71210
2026-01-20,MT,Khánh Hòa,3,04258 - 53099 - 91460 - 85586 - 03744 - 30316
2026-01-20,MT,Khánh Hòa,4,55627 - 21883 - 40412 - 52009 - 11209 - 97386
2026-01-20,MT,Khánh Hòa,5,17488 - 58346 - 72486
2026-01-20,MT,Khánh Hòa,6,85624 - 85339 - 43915
2026-01-20,MT,Khánh Hòa,7,08260 - 17208 - 99396 - 20166
2026-01-20,MT,Khánh Hòa,8,59264
2026-01-20,MN,TP. HCM,ĐB,04621
2026-01-20,MN,TP. HCM,1,66655
2026-01-20,MN,TP. HCM,2,18524
2026-01-20,MN,TP. HCM,3,68316 - 45713 - 65316 - 68959 - 80541 - 20275
2026-01-20,MN,TP. HCM,4,44580 - 21066 - 57684 - 82818 - 74041 - 79517
2026-01-20,MN,TP. HCM,5,22178 - 83023 - 31732
2026-01-20,MN,TP. HCM,6,26951 - 88511 - 49856
2026-01-20,MN,TP. HCM,7,26341 - 97328 - 77178 - 99482
2026-01-20,MN,TP. HCM,8,36207
2026-01-20,MN,Đồng Tháp,ĐB,68536
2026-01-20,MN,Đồng Tháp,1,29017
2026-01-20,MN,Đồng Tháp,2,40164
2026-01-20,MN,Đồng Tháp,3,52658 - 65504 - 16656 - 36928 - 14393 - 30600
2026-01-20,MN,Đồng Tháp,4,29382 - 10047 - 69603 - 87184 - 15932 - 64708
2026-01-20,MN,Đồng Tháp,5,54762 - 57820 - 98877
2026-01-20,MN,Đồng Tháp,6,28257 - 65109 - 45507
2026-01-20,MN,Đồng Tháp,7,84632 - 80544 - 57322 - 49465
2026-01-20,MN,Đồng Tháp,8,29674
2026-01-20,MN,Cà Mau,ĐB,85990
2026-01-20,MN,Cà Mau,1,37885
2026-01-20,MN,Cà Mau,2,86700
2026-01-20,MN,Cà Mau,3,22184 - 61511 - 46446 - 58894 - 36856 - 80735
2026-01-20,MN,Cà Mau,4,31051 - 55588 - 22106 - 66453 - 60034 - 74938
2026-01-20,MN,Cà Mau,5,49065 - 63345 - 52545
2026-01-20,MN,Cà Mau,6,95500 - 97288 - 21818
2026-01-20,MN,Cà Mau,7,44633 - 26766 - 12260 - 12026
2026-01-20,MN,Cà Mau,8,62695
2026-01-21,MB,Hà Nội,ĐB,09513
2026-01-21,MB,Hà Nội,1,92817
2026-01-21,MB,Hà Nội,2,02972
2026-01-21,MB,Hà Nội,3,71742 - 52905 - 72749 - 92564 - 56309 - 79353
2026-01-21,MB,Hà Nội,4,40602 - 60177 - 69012 - 89548 - 10201 - 09658
2026-01-21,MB,Hà Nội,5,92662 - 63008 - 43710
2026-01-21,MB,Hà Nội,6,11551 - 17480 - 32517
2026-01-21,MB,Hà Nội,7,53666 - 65773 - 50328 - 42703
2026-01-21,MT,Đà Nẵng,ĐB,90169
2026-01-21,MT,Đà Nẵng,1,09242
2026-01-21,MT,Đà Nẵng,2,66276
2026-01-21,MT,Đà Nẵng,3,67903 - 25109 - 57139 - 56010 - 62856 - 75629
2026-01-21,MT,Đà Nẵng,4,29361 - 38163 - 90594 - 36951 - 86648 - 96529
2026-01-21,MT,Đà Nẵng,5,68521 - 20429 - 36676
2026-01-21,MT,Đà Nẵng,6,19996 - 94960 - 48971
2026-01-21,MT,Đà Nẵng,7,42278 - 91495 - 55584 - 22172
2026-01-21,MT,Đà Nẵng,8,95785
2026-01-21,MT,Khánh Hòa,ĐB,01132
2026-01-21,MT,Khánh Hòa,1,20306
2026-01-21,MT,Khánh Hòa,2,66412
2026-01-21,MT,Khánh Hòa,3,95755 - 10142 - 10460 - 71445 - 31411 - 25163
2026-01-21,MT,Khánh Hòa,4,74322 - 10393 - 91053 - 82821 - 73145 - 94874
2026-01-21,MT,Khánh Hòa,5,66657 - 45912 - 12767
2026-01-21,MT,Khánh Hòa,6,02035 - 02909 - 10773
2026-01-21,MT,Khánh Hòa,7,60350 - 16486 - 02123 - 99432
2026-01-21,MT,Khánh Hòa,8,89993
2026-01-21,MN,TP. HCM,ĐB,37965
2026-01-21,MN,TP. HCM,1,98111
2026-01-21,MN,TP. HCM,2,43211
2026-01-21,MN,TP. HCM,3,32836 - 26700 - 21360 - 48447 - 86366 - 19528
2026-01-21,MN,TP. HCM,4,25969 - 94751 - 39227 - 62785 - 77976 - 51133
2026-01-21,MN,TP. HCM,5,79634 - 81229 - 43072
2026-01-21,MN,TP. HCM,6,83700 - 04078 - 09560
2026-01-21,MN,TP. HCM,7,59703 - 25332 - 48294 - 20277
2026-01-21,MN,TP. HCM,8,87186
2026-01-21,MN,Đồng Tháp,ĐB,87044
2026-01-21,MN,Đồng Tháp,1,51639
2026-01-21,MN,Đồng Tháp,2,42076
2026-01-21,MN,Đồng Tháp,3,30509 - 08986 - 24402 - 23017 - 48913 - 72053
2026-01-21,MN,Đồng Tháp,4,04578 - 81040 - 80751 - 16125 - 45290 - 48056
2026-01-21,MN,Đồng Tháp,5,00014 - 56205 - 84484
2026-01-21,MN,Đồng Tháp,6,56371 - 66006 - 71899
2026-01-21,MN,Đồng Tháp,7,90052 - 73350 - 51046 - 12000
2026-01-21,MN,Đồng Tháp,8,33328
2026-01-21,MN,Cà Mau,ĐB,24286
2026-01-21,MN,Cà Mau,1,30305
2026-01-21,MN,Cà Mau,2,45962
2026-01-21,MN,Cà Mau,3,62596 - 23790 - 75341 - 48733 - 32901 - 59377
2026-01-21,MN,Cà Mau,4,96065 - 97627 - 60952 - 32108 - 23006 - 69150
2026-01-21,MN,Cà Mau,5,50591 - 54719 - 93938
2026-01-21,MN,Cà Mau,6,22669 - 54622 - 59193
2026-01-21,MN,Cà Mau,7,19336 - 18683 - 38935 - 69984
2026-01-21,MN,Cà Mau,8,95968
2026-01-22,MB,Hà Nội,ĐB,22989
2026-01-22,MB,Hà Nội,1,75285
2026-01-22,MB,Hà Nội,2,19597
2026-01-22,MB,Hà Nội,3,52606 - 42231 - 31051 - 15882 - 36017 - 72818
2026-01-22,MB,Hà Nội,4,91605 - 10684 - 64332 - 71975 - 51797 - 87309
2026-01-22,MB,Hà Nội,5,47125 - 61986 - 55248
2026-01-22,MB,Hà Nội,6,37348 - 32366 - 42377
2026-01-22,MB,Hà Nội,7,78480 - 48966 - 35948 - 89310
2026-01-22,MT,Đà Nẵng,ĐB,15515
2026-01-22,MT,Đà Nẵng,1,32477
2026-01-22,MT,Đà Nẵng,2,89782
2026-01-22,MT,Đà Nẵng,3,25971 - 94093 - 28641 - 92218 - 36493 - 26607
2026-01-22,MT,Đà Nẵng,4,74855 - 63772 - 64792 - 38421 - 13681 - 33556
2026-01-22,MT,Đà Nẵng,5,68148 - 22670 - 92372
2026-01-22,MT,Đà Nẵng,6,81015 - 03022 - 70631
2026-01-22,MT,Đà Nẵng,7,42730 - 72970 - 05180 - 73809
2026-01-22,MT,Đà Nẵng,8,58985
2026-01-22,MT,Khánh Hòa,ĐB,27409
2026-01-22,MT,Khánh Hòa,1,90100
2026-01-22,MT,Khánh Hòa,2,69777
2026-01-22,MT,Khánh Hòa,3,05490 - 54768 - 75432 - 40783 - 85649 - 86619
2026-01-22,MT,Khánh Hòa,4,20637 - 54253 - 67263 - 32941 - 86747 - 41742
2026-01-22,MT,Khánh Hòa,5,50056 - 49815 - 73138
2026-01-22,MT,Khánh Hòa,6,12221 - 87927 - 35937
2026-01-22,MT,Khánh Hòa,7,15372 - 03172 - 94197 - 21625
2026-01-22,MT,Khánh Hòa,8,10941
2026-01-22,MN,TP. HCM,ĐB,64353
2026-01-22,MN,TP. HCM,1,36562
2026-01-22,MN,TP. HCM,2,64636
2026-01-22,MN,TP. HCM,3,06699 - 90980 - 17625 - 32564 - 92904 - 33009
2026-01-22,MN,TP. HCM,4,92683 - 90039 - 09874 - 81612 - 72343 - 82550
2026-01-22,MN,TP. HCM,5,22198 - 78102 - 07359
2026-01-22,MN,TP. HCM,6,62621 - 12522 - 54963
2026-01-22,MN,TP. HCM,7,16145 - 60212 - 34722 - 69298
2026-01-22,MN,TP. HCM,8,12458
2026-01-22,MN,Đồng Tháp,ĐB,96233
2026-01-22,MN,Đồng Tháp,1,99129
2026-01-22,MN,Đồng Tháp,2,35757
2026-01-22,MN,Đồng Tháp,3,89309 - 06277 - 25790 - 78303 - 32770 - 27023
2026-01-22,MN,Đồng Tháp,4,60776 - 52155 - 38899 - 37160 - 67090 - 88220
2026-01-22,MN,Đồng Tháp,5,25677 - 85714 - 61149
2026-01-22,MN,Đồng Tháp,6,83199 - 17052 - 23283
2026-01-22,MN,Đồng Tháp,7,86021 - 65686 - 96853 - 20392
2026-01-22,MN,Đồng Tháp,8,82491
2026-01-22,MN,Cà Mau,ĐB,13675
2026-01-22,MN,Cà Mau,1,48013
2026-01-22,MN,Cà Mau,2,85336
2026-01-22,MN,Cà Mau,3,97926 - 80153 - 00691 - 57381 - 47760 - 84924
2026-01-22,MN,Cà Mau,4,95185 - 18777 - 93168 - 61623 - 73488 - 22347
2026-01-22,MN,Cà Mau,5,29250 - 00302 - 34668
2026-01-22,MN,Cà Mau,6,96842 - 84725 - 49219
2026-01-22,MN,Cà Mau,7,33459 - 92601 - 32822 - 11806
2026-01-22,MN,Cà Mau,8,77418
2026-01-23,MB,Hà Nội,ĐB,00906
2026-01-23,MB,Hà Nội,1,87868
2026-01-23,MB,Hà Nội,2,59191
2026-01-23,MB,Hà Nội,3,21670 - 31362 - 33930 - 34526 - 54480 - 04841
2026-01-23,MB,Hà Nội,4,94090 - 30533 - 35660 - 07339 - 42597 - 27067
2026-01-23,MB,Hà Nội,5,10841 - 86736 - 74228
2026-01-23,MB,Hà Nội,6,97703 - 45692 - 02958
2026-01-23,MB,Hà Nội,7,47087 - 19152 - 26681 - 16528
2026-01-23,MT,Đà Nẵng,ĐB,03981
2026-01-23,MT,Đà Nẵng,1,14238
2026-01-23,MT,Đà Nẵng,2,03827
2026-01-23,MT,Đà Nẵng,3,67789 - 04105 - 36820 - 14059 - 12069 - 17344
2026-01-23,MT,Đà Nẵng,4,49252 - 35208 - 44539 - 52880 - 41541 - 94695
2026-01-23,MT,Đà Nẵng,5,40041 - 55525 - 77679
2026-01-23,MT,Đà Nẵng,6,10195 - 00172 - 30941
2026-01-23,MT,Đà Nẵng,7,08756 - 89405 - 45243 - 31708
2026-01-23,MT,Đà Nẵng,8,89731
2026-01-23,MT,Khánh Hòa,ĐB,80740
2026-01-23,MT,Khánh Hòa,1,37691
2026-01-23,MT,Khánh Hòa,2,24029
2026-01-23,MT,Khánh Hòa,3,93235 - 76405 - 93167 - 58431 - 76036 - 80652
2026-01-23,MT,Khánh Hòa,4,76835 - 27237 - 77794 - 41021 - 24623 - 81770
2026-01-23,MT,Khánh Hòa,5,24446 - 42628 - 46879
2026-01-23,MT,Khánh Hòa,6,80962 - 48113 - 52517
2026-01-23,MT,Khánh Hòa,7,19981 - 70727 - 29651 - 53122
2026-01-23,MT,Khánh Hòa,8,98881
2026-01-23,MN,TP. HCM,ĐB,97528
2026-01-23,MN,TP. HCM,1,96184
2026-01-23,MN,TP. HCM,2,89122
2026-01-23,MN,TP. HCM,3,07309 - 08078 - 60436 - 53140 - 52548 - 92582
2026-01-23,MN,TP. HCM,4,60158 - 95233 - 61784 - 41448 - 70440 - 61897
2026-01-23,MN,TP. HCM,5,81309 - 47989 - 49341
2026-01-23,MN,TP. HCM,6,88360 - 40804 - 92864
2026-01-23,MN,TP. HCM,7,09943 - 92821 - 88133 - 67090
2026-01-23,MN,TP. HCM,8,82509
2026-01-23,MN,Đồng Tháp,ĐB,99553
2026-01-23,MN,Đồng Tháp,1,22578
2026-01-23,MN,Đồng Tháp,2,74551
2026-01-23,MN,Đồng Tháp,3,06595 - 87774 - 89609 - 68529 - 34164 - 72021
2026-01-23,MN,Đồng Tháp,4,74778 - 92010 - 04132 - 51265 - 89373 - 01774
2026-01-23,MN,Đồng Tháp,5,07716 - 22527 - 96257
2026-01-23,MN,Đồng Tháp,6,02030 - 19754 - 79623
2026-01-23,MN,Đồng Tháp,7,21616 - 26932 - 88372 - 74845
2026-01-23,MN,Đồng Tháp,8,76258
2026-01-23,MN,Cà Mau,ĐB,15602
2026-01-23,MN,Cà Mau,1,25957
2026-01-23,MN,Cà Mau,2,43836
2026-01-23,MN,Cà Mau,3,51599 - 46588 - 88294 - 47927 - 51996 - 94982
2026-01-23,MN,Cà Mau,4,63542 - 63696 - 60341 - 31408 - 72192 - 30251
2026-01-23,MN,Cà Mau,5,76926 - 19183 - 73699
2026-01-23,MN,Cà Mau,6,61768 - 50228 - 33452
2026-01-23,MN,Cà Mau,7,24995 - 23021 - 73924 - 04407
2026-01-23,MN,Cà Mau,8,93866
2026-01-24,MB,Hà Nội,ĐB,48367
2026-01-24,MB,Hà Nội,1,66200
2026-01-24,MB,Hà Nội,2,57346
2026-01-24,MB,Hà Nội,3,76988 - 98863 - 35680 - 21471 - 35737 - 30318
2026-01-24,MB,Hà Nội,4,37612 - 49100 - 34438 - 29408 - 41106 - 39652
2026-01-24,MB,Hà Nội,5,83352 - 18190 - 69208
2026-01-24,MB,Hà Nội,6,64697 - 20399 - 22384
2026-01-24,MB,Hà Nội,7,01671 - 48202 - 84316 - 46772
2026-01-24,MT,Đà Nẵng,ĐB,59919
2026-01-24,MT,Đà Nẵng,1,34831
2026-01-24,MT,Đà Nẵng,2,04668
2026-01-24,MT,Đà Nẵng,3,66103 - 85442 - 61140 - 29833 - 00208 - 64314
2026-01-24,MT,Đà Nẵng,4,65745 - 79290 - 02937 - 84813 - 30074 - 56716
2026-01-24,MT,Đà Nẵng,5,10851 - 29603 - 81135
2026-01-24,MT,Đà Nẵng,6,79665 - 13173 - 12321
2026-01-24,MT,Đà Nẵng,7,75118 - 74649 - 56115 - 01850
2026-01-24,MT,Đà Nẵng,8,83724
2026-01-24,MT,Khánh Hòa,ĐB,43455
2026-01-24,MT,Khánh Hòa,1,39908
2026-01-24,MT,Khánh Hòa,2,16263
2026-01-24,MT,Khánh Hòa,3,00902 - 20381 - 92167 - 14609 - 20576 - 93669
2026-01-24,MT,Khánh Hòa,4,51533 - 52974 - 72621 - 50687 - 38713 - 42588
2026-01-24,MT,Khánh Hòa,5,26590 - 23282 - 85463
2026-01-24,MT,Khánh Hòa,6,50529 - 49469 - 61234
2026-01-24,MT,Khánh Hòa,7,06747 - 90439 - 04439 - 42987
2026-01-24,MT,Khánh Hòa,8,34534
2026-01-24,MN,TP. HCM,ĐB,76771
2026-01-24,MN,TP. HCM,1,89487
2026-01-24,MN,TP. HCM,2,53804
2026-01-24,MN,TP. HCM,3,59492 - 85420 - 47034 - 83072 - 39418 - 88885
2026-01-24,MN,TP. HCM,4,60152 - 66718 - 86230 - 33661 - 57990 - 83979
2026-01-24,MN,TP. HCM,5,86209 - 24590 - 56314
2026-01-24,MN,TP. HCM,6,89481 - 33299 - 11564
2026-01-24,MN,TP. HCM,7,57324 - 74025 - 95321 - 28586
2026-01-24,MN,TP. HCM,8,86532
2026-01-24,MN,Đồng Tháp,ĐB,50812
2026-01-24,MN,Đồng Tháp,1,12018
2026-01-24,MN,Đồng Tháp,2,18729
2026-01-24,MN,Đồng Tháp,3,42987 - 17316 - 06202 - 50635 - 80278 - 18093
2026-01-24,MN,Đồng Tháp,4,54079 - 50146 - 41221 - 07337 - 68940 - 89664
2026-01-24,MN,Đồng Tháp,5,48807 - 55248 - 48189
2026-01-24,MN,Đồng Tháp,6,14238 - 84701 - 48399
2026-01-24,MN,Đồng Tháp,7,13964 - 07373 - 08945 - 14038
2026-01-24,MN,Đồng Tháp,8,44980
2026-01-24,MN,Cà Mau,ĐB,32505
2026-01-24,MN,Cà Mau,1,17213
2026-01-24,MN,Cà Mau,2,23548
2026-01-24,MN,Cà Mau,3,93089 - 16071 - 46979 - 56742 - 84138 - 42613
2026-01-24,MN,Cà Mau,4,09326 - 93263 - 87488 - 71776 - 64772 - 04082
2026-01-24,MN,Cà Mau,5,61722 - 34042 - 15804
2026-01-24,MN,Cà Mau,6,71061 - 67234 - 80852
2026-01-24,MN,Cà Mau,7,97515 - 02773 - 94856 - 93945
2026-01-24,MN,Cà Mau,8,61788
2026-01-25,MB,Hà Nội,ĐB,06886
2026-01-25,MB,Hà Nội,1,41959
2026-01-25,MB,Hà Nội,2,83348
2026-01-25,MB,Hà Nội,3,84987 - 95681 - 99664 - 75931 - 56186 - 39087
2026-01-25,MB,Hà Nội,4,14005 - 31402 - 27865 - 73076 - 55408 - 61981
2026-01-25,MB,Hà Nội,5,05714 - 09346 - 96362
2026-01-25,MB,Hà Nội,6,11263 - 89476 - 84650
2026-01-25,MB,Hà Nội,7,09833 - 61760 - 81566 - 94796
2026-01-25,MT,Đà Nẵng,ĐB,54883
2026-01-25,MT,Đà Nẵng,1,07365
2026-01-25,MT,Đà Nẵng,2,74514
2026-01-25,MT,Đà Nẵng,3,94764 - 82383 - 96245 - 04570 - 81586 - 51748
2026-01-25,MT,Đà Nẵng,4,53183 - 45850 - 84519 - 63245 - 67645 - 34842
2026-01-25,MT,Đà Nẵng,5,75952 - 45467 - 03742
2026-01-25,MT,Đà Nẵng,6,82550 - 64359 - 36910
2026-01-25,MT,Đà Nẵng,7,53021 - 05819 - 65027 - 10300
2026-01-25,MT,Đà Nẵng,8,83387
2026-01-25,MT,Khánh Hòa,ĐB,67171
2026-01-25,MT,Khánh Hòa,1,53007
2026-01-25,MT,Khánh Hòa,2,76889
2026-01-25,MT,Khánh Hòa,3,05584 - 63399 - 16715 - 79952 - 78934 - 38626
2026-01-25,MT,Khánh Hòa,4,73532 - 43117 - 76092 - 39406 - 01120 - 57108
2026-01-25,MT,Khánh Hòa,5,85946 - 66640 - 32973
2026-01-25,MT,Khánh Hòa,6,28217 - 11964 - 77285
2026-01-25,MT,Khánh Hòa,7,21296 - 62802 - 90652 - 57663
2026-01-25,MT,Khánh Hòa,8,46822
2026-01-25,MN,TP. HCM,ĐB,75590
2026-01-25,MN,TP. HCM,1,81003
2026-01-25,MN,TP. HCM,2,28241
2026-01-25,MN,TP. HCM,3,08609 - 26697 - 00241 - 39721 - 08285 - 83079
2026-01-25,MN,TP. HCM,4,18446 - 49648 - 85519 - 24387 - 55821 - 00606
2026-01-25,MN,TP. HCM,5,50380 - 87355 - 97626
2026-01-25,MN,TP. HCM,6,95230 - 27177 - 02476
2026-01-25,MN,TP. HCM,7,63444 - 76439 - 39516 - 73013
2026-01-25,MN,TP. HCM,8,51505
2026-01-25,MN,Đồng Tháp,ĐB,72888
2026-01-25,MN,Đồng Tháp,1,86719
2026-01-25,MN,Đồng Tháp,2,49012
2026-01-25,MN,Đồng Tháp,3,68548 - 55255 - 52702 - 58851 - 86379 - 46689
2026-01-25,MN,Đồng Tháp,4,98301 - 05085 - 60310 - 40263 - 00535 - 13877
2026-01-25,MN,Đồng Tháp,5,99334 - 22611 - 58326
2026-01-25,MN,Đồng Tháp,6,80553 - 02890 - 23831
2026-01-25,MN,Đồng Tháp,7,76850 - 98693 - 63783 - 32958
2026-01-25,MN,Đồng Tháp,8,46639
2026-01-25,MN,Cà Mau,ĐB,48048
2026-01-25,MN,Cà Mau,1,35109
2026-01-25,MN,Cà Mau,2,41123
2026-01-25,MN,Cà Mau,3,26144 - 45401 - 63342 - 84142 - 81010 - 26539
2026-01-25,MN,Cà Mau,4,48845 - 78516 - 33505 - 74399 - 70250 - 13053
2026-01-25,MN,Cà Mau,5,21591 - 62232 - 07968
2026-01-25,MN,Cà Mau,6,42894 - 47713 - 16754
2026-01-25,MN,Cà Mau,7,46781 - 83690 - 56177 - 67155
2026-01-25,MN,Cà Mau,8,19848
2026-01-26,MB,Hà Nội,ĐB,91493
2026-01-26,MB,Hà Nội,1,21746
2026-01-26,MB,Hà Nội,2,21933
2026-01-26,MB,Hà Nội,3,41524 - 90148 - 36230 - 83597 - 78629 - 01682
2026-01-26,MB,Hà Nội,4,31003 - 82302 - 27550 - 40417 - 14030 - 05100
2026-01-26,MB,Hà Nội,5,84036 - 15807 - 84377
2026-01-26,MB,Hà Nội,6,69017 - 20480 - 33515
2026-01-26,MB,Hà Nội,7,42892 - 31258 - 32224 - 32879
2026-01-26,MT,Đà Nẵng,ĐB,43210
2026-01-26,MT,Đà Nẵng,1,11366
2026-01-26,MT,Đà Nẵng,2,01485
2026-01-26,MT,Đà Nẵng,3,50022 - 41879 - 58912 - 10323 - 33037 - 06048
2026-01-26,MT,Đà Nẵng,4,70273 - 85268 - 97607 - 98475 - 29898 - 01831
2026-01-26,MT,Đà Nẵng,5,82662 - 34208 - 83571
2026-01-26,MT,Đà Nẵng,6,12991 - 27244 - 99069
2026-01-26,MT,Đà Nẵng,7,77540 - 30958 - 98118 - 32554
2026-01-26,MT,Đà Nẵng,8,66939
2026-01-26,MT,Khánh Hòa,ĐB,53152
2026-01-26,MT,Khánh Hòa,1,83392
2026-01-26,MT,Khánh Hòa,2,72956
2026-01-26,MT,Khánh Hòa,3,16582 - 33481 - 05625 - 93751 - 74068 - 21806
2026-01-26,MT,Khánh Hòa,4,08798 - 19416 - 76566 - 01422 - 68581 - 83470
2026-01-26,MT,Khánh Hòa,5,91984 - 77949 - 86762
2026-01-26,MT,Khánh Hòa,6,18596 - 80057 - 72290
2026-01-26,MT,Khánh Hòa,7,73735 - 66774 - 46899 - 77710
2026-01-26,MT,Khánh Hòa,8,88760
2026-01-26,MN,TP. HCM,ĐB,74063
2026-01-26,MN,TP. HCM,1,85355
2026-01-26,MN,TP. HCM,2,90587
2026-01-26,MN,TP. HCM,3,31165 - 84791 - 12798 - 35993 - 55311 - 86644
2026-01-26,MN,TP. HCM,4,18813 - 28140 - 44313 - 44362 - 77390 - 01337
2026-01-26,MN,TP. HCM,5,34295 - 94157 - 18446
2026-01-26,MN,TP. HCM,6,24416 - 48106 - 18628
2026-01-26,MN,TP. HCM,7,58318 - 19296 - 58523 - 54102
2026-01-26,MN,TP. HCM,8,38716
2026-01-26,MN,Đồng Tháp,ĐB,74535
2026-01-26,MN,Đồng Tháp,1,40294
2026-01-26,MN,Đồng Tháp,2,47670
2026-01-26,MN,Đồng Tháp,3,02249 - 55816 - 33400 - 57600 - 70112 - 66831
2026-01-26,MN,Đồng Tháp,4,08905 - 69464 - 66141 - 15707 - 29136 - 81572
2026-01-26,MN,Đồng Tháp,5,95493 - 41604 - 66963
2026-01-26,MN,Đồng Tháp,6,26646 - 26435 - 43627
2026-01-26,MN,Đồng Tháp,7,84256 - 05827 - 12118 - 86971
2026-01-26,MN,Đồng Tháp,8,73645
2026-01-26,MN,Cà Mau,ĐB,24888
2026-01-26,MN,Cà Mau,1,79837
2026-01-26,MN,Cà Mau,2,78994
2026-01-26,MN,Cà Mau,3,27332 - 01621 - 49327 - 16761 - 41909 - 55666
2026-01-26,MN,Cà Mau,4,50238 - 86405 - 74619 - 03344 - 91092 - 37668
2026-01-26,MN,Cà Mau,5,13991 - 82365 - 24848
2026-01-26,MN,Cà Mau,6,60504 - 11636 - 34580
2026-01-26,MN,Cà Mau,7,52202 - 42849 - 84552 - 83455
2026-01-26,MN,Cà Mau,8,30301
2026-01-27,MB,Hà Nội,ĐB,56183
2026-01-27,MB,Hà Nội,1,68278
2026-01-27,MB,Hà Nội,2,23700
2026-01-27,MB,Hà Nội,3,26699 - 30617 - 99309 - 84594 - 19928 - 18093
2026-01-27,MB,Hà Nội,4,51012 - 62907 - 45443 - 92518 - 33654 - 48924
2026-01-27,MB,Hà Nội,5,15239 - 41164 - 69077
2026-01-27,MB,Hà Nội,6,08239 - 68457 - 51898
2026-01-27,MB,Hà Nội,7,17445 - 42698 - 50506 - 58872
2026-01-27,MT,Đà Nẵng,ĐB,92751
2026-01-27,MT,Đà Nẵng,1,42787
2026-01-27,MT,Đà Nẵng,2,37826
2026-01-27,MT,Đà Nẵng,3,64993 - 08284 - 32547 - 74498 - 03183 - 14282
2026-01-27,MT,Đà Nẵng,4,40871 - 40119 - 42534 - 57159 - 37541 - 28657
2026-01-27,MT,Đà Nẵng,5,71423 - 27875 - 15322
2026-01-27,MT,Đà Nẵng,6,74313 - 97351 - 64923
2026-01-27,MT,Đà Nẵng,7,79759 - 82309 - 00623 - 76009
2026-01-27,MT,Đà Nẵng,8,09865
2026-01-27,MT,Khánh Hòa,ĐB,31632
2026-01-27,MT,Khánh Hòa,1,57946
2026-01-27,MT,Khánh Hòa,2,92465
2026-01-27,MT,Khánh Hòa,3,72221 - 64870 - 35705 - 87152 - 07199 - 06059
2026-01-27,MT,Khánh Hòa,4,95114 - 23637 - 47214 - 28742 - 84642 - 73806
2026-01-27,MT,Khánh Hòa,5,99797 - 46973 - 57340
2026-01-27,MT,Khánh Hòa,6,75799 - 29710 - 21148
2026-01-27,MT,Khánh Hòa,7,38066 - 51587 - 62762 - 74609
2026-01-27,MT,Khánh Hòa,8,25913
2026-01-27,MN,TP. HCM,ĐB,86742
2026-01-27,MN,TP. HCM,1,98400
2026-01-27,MN,TP. HCM,2,73262
2026-01-27,MN,TP. HCM,3,29416 - 00610 - 53006 - 59176 - 26131 - 50782
2026-01-27,MN,TP. HCM,4,91658 - 69620 - 21010 - 85548 - 49993 - 84486
2026-01-27,MN,TP. HCM,5,98288 - 68312 - 12368
2026-01-27,MN,TP. HCM,6,06731 - 77810 - 21606
2026-01-27,MN,TP. HCM,7,34471 - 17365 - 97789 - 28404
2026-01-27,MN,TP. HCM,8,25416
2026-01-27,MN,Đồng Tháp,ĐB,08577
2026-01-27,MN,Đồng Tháp,1,27736
2026-01-27,MN,Đồng Tháp,2,61872
2026-01-27,MN,Đồng Tháp,3,75685 - 43928 - 98794 - 59337 - 39046 - 26736
2026-01-27,MN,Đồng Tháp,4,49216 - 33637 - 53802 - 94314 - 55876 - 93100
2026-01-27,MN,Đồng Tháp,5,86876 - 22205 - 20441
2026-01-27,MN,Đồng Tháp,6,53743 - 47354 - 88362
2026-01-27,MN,Đồng Tháp,7,28842 - 70828 - 84493 - 58907
2026-01-27,MN,Đồng Tháp,8,01059
2026-01-27,MN,Cà Mau,ĐB,45998
2026-01-27,MN,Cà Mau,1,67676
2026-01-27,MN,Cà Mau,2,83159
2026-01-27,MN,Cà Mau,3,36246 - 44645 - 55975 - 83249 - 28626 - 78190
2026-01-27,MN,Cà Mau,4,79127 - 78655 - 39250 - 09454 - 99131 - 95343
2026-01-27,MN,Cà Mau,5,69521 - 79210 - 16878
2026-01-27,MN,Cà Mau,6,41029 - 33924 - 03741
2026-01-27,MN,Cà Mau,7,79598 - 22379 - 48649 - 99911
2026-01-27,MN,Cà Mau,8,27076
2026-01-28,MB,Hà Nội,ĐB,34713
2026-01-28,MB,Hà Nội,1,54196
2026-01-28,MB,Hà Nội,2,34762
2026-01-28,MB,Hà Nội,3,79996 - 61826 - 57116 - 86551 - 97673 - 58200
2026-01-28,MB,Hà Nội,4,93662 - 64068 - 83632 - 03613 - 04566 - 87015
2026-01-28,MB,Hà Nội,5,05973 - 44086 - 13211
2026-01-28,MB,Hà Nội,6,84535 - 68490 - 19616
2026-01-28,MB,Hà Nội,7,97672 - 91842 - 46456 - 13675
2026-01-28,MT,Đà Nẵng,ĐB,15520
2026-01-28,MT,Đà Nẵng,1,08419
2026-01-28,MT,Đà Nẵng,2,54754
2026-01-28,MT,Đà Nẵng,3,71740 - 11229 - 72688 - 44364 - 26895 - 93791
2026-01-28,MT,Đà Nẵng,4,44158 - 95601 - 78429 - 24419 - 76239 - 50560
2026-01-28,MT,Đà Nẵng,5,32953 - 79157 - 27057
2026-01-28,MT,Đà Nẵng,6,52113 - 44835 - 81812
2026-01-28,MT,Đà Nẵng,7,72323 - 36349 - 70723 - 57949
2026-01-28,MT,Đà Nẵng,8,58441
2026-01-28,MT,Khánh Hòa,ĐB,93231
2026-01-28,MT,Khánh Hòa,1,31634
2026-01-28,MT,Khánh Hòa,2,70654
2026-01-28,MT,Khánh Hòa,3,69222 - 56454 - 12135 - 63743 - 93443 - 08285
2026-01-28,MT,Khánh Hòa,4,07038 - 29400 - 21896 - 18721 - 47360 - 43471
2026-01-28,MT,Khánh Hòa,5,75587 - 54083 - 09704
2026-01-28,MT,Khánh Hòa,6,26087 - 65127 - 12788
2026-01-28,MT,Khánh Hòa,7,54643 - 30241 - 17267 - 11491
2026-01-28,MT,Khánh Hòa,8,53364
2026-01-28,MN,TP. HCM,ĐB,57302
2026-01-28,MN,TP. HCM,1,37094
2026-01-28,MN,TP. HCM,2,30535
2026-01-28,MN,TP. HCM,3,11483 - 05384 - 72191 - 45388 - 84453 - 58546
2026-01-28,MN,TP. HCM,4,92075 - 94548 - 92831 - 20874 - 82444 - 87374
2026-01-28,MN,TP. HCM,5,34431 - 36743 - 27783
2026-01-28,MN,TP. HCM,6,26274 - 53855 - 22333
2026-01-28,MN,TP. HCM,7,95596 - 96943 - 09036 - 19334
2026-01-28,MN,TP. HCM,8,03455
2026-01-28,MN,Đồng Tháp,ĐB,76123
2026-01-28,MN,Đồng Tháp,1,12881
2026-01-28,MN,Đồng Tháp,2,81858
2026-01-28,MN,Đồng Tháp,3,72762 - 09848 - 43941 - 56408 - 95283 - 10774
2026-01-28,MN,Đồng Tháp,4,87684 - 97331 - 62070 - 53649 - 75612 - 60716
2026-01-28,MN,Đồng Tháp,5,31328 - 10109 - 08861
2026-01-28,MN,Đồng Tháp,6,62819 - 54102 - 06235
2026-01-28,MN,Đồng Tháp,7,62964 - 95933 - 40137 - 48942
2026-01-28,MN,Đồng Tháp,8,58852
2026-01-28,MN,Cà Mau,ĐB,75547
2026-01-28,MN,Cà Mau,1,64167
2026-01-28,MN,Cà Mau,2,16330
2026-01-28,MN,Cà Mau,3,40035 - 90837 - 06885 - 68635 - 13073 - 99080
2026-01-28,MN,Cà Mau,4,39046 - 05452 - 81612 - 38385 - 55966 - 80633
2026-01-28,MN,Cà Mau,5,76019 - 17808 - 16982
2026-01-28,MN,Cà Mau,6,94480 - 10323 - 26378
2026-01-28,MN,Cà Mau,7,68145 - 98365 - 84076 - 18098
2026-01-28,MN,Cà Mau,8,27614
2026-01-29,MB,Hà Nội,ĐB,25535
2026-01-29,MB,Hà Nội,1,32438
2026-01-29,MB,Hà Nội,2,78006
2026-01-29,MB,Hà Nội,3,41092 - 69773 - 87265 - 09219 - 27072 - 37029
2026-01-29,MB,Hà Nội,4,82503 - 65400 - 58506 - 50081 - 50224 - 60388
2026-01-29,MB,Hà Nội,5,91523 - 99993 - 46768
2026-01-29,MB,Hà Nội,6,44220 - 70084 - 72139
2026-01-29,MB,Hà Nội,7,57412 - 74956 - 27459 - 95759
2026-01-29,MT,Đà Nẵng,ĐB,61945
2026-01-29,MT,Đà Nẵng,1,27261
2026-01-29,MT,Đà Nẵng,2,47412
2026-01-29,MT,Đà Nẵng,3,84123 - 51429 - 38126 - 76051 - 47601 - 08650
2026-01-29,MT,Đà Nẵng,4,51247 - 52543 - 23050 - 25366 - 87219 - 10082
2026-01-29,MT,Đà Nẵng,5,69970 - 32754 - 64395
2026-01-29,MT,Đà Nẵng,6,27671 - 03631 - 27382
2026-01-29,MT,Đà Nẵng,7,89960 - 37877 - 38652 - 65777
2026-01-29,MT,Đà Nẵng,8,82727
2026-01-29,MT,Khánh Hòa,ĐB,49457
2026-01-29,MT,Khánh Hòa,1,42889
2026-01-29,MT,Khánh Hòa,2,79732
2026-01-29,MT,Khánh Hòa,3,44443 - 81050 - 38133 - 48291 - 12010 - 20014
2026-01-29,MT,Khánh Hòa,4,43817 - 33946 - 50552 - 31518 - 59816 - 87257
2026-01-29,MT,Khánh Hòa,5,20820 - 91435 - 86746
2026-01-29,MT,Khánh Hòa,6,40430 - 59859 - 76883
2026-01-29,MT,Khánh Hòa,7,31176 - 98403 - 63939 - 94662
2026-01-29,MT,Khánh Hòa,8,83390
2026-01-29,MN,TP. HCM,ĐB,56756
2026-01-29,MN,TP. HCM,1,06019
2026-01-29,MN,TP. HCM,2,45044
2026-01-29,MN,TP. HCM,3,54427 - 07446 - 95376 - 06905 - 21146 - 27791
2026-01-29,MN,TP. HCM,4,48144 - 89604 - 62419 - 52669 - 73798 - 59807
2026-01-29,MN,TP. HCM,5,99806 - 43822 - 05730
2026-01-29,MN,TP. HCM,6,06200 - 60701 - 53286
2026-01-29,MN,TP. HCM,7,03352 - 11175 - 86145 - 80225
2026-01-29,MN,TP. HCM,8,86251
2026-01-29,MN,Đồng Tháp,ĐB,34239
2026-01-29,MN,Đồng Tháp,1,48291
2026-01-29,MN,Đồng Tháp,2,81062
2026-01-29,MN,Đồng Tháp,3,85178 - 98935 - 07444 - 47112 - 81260 - 36623
2026-01-29,MN,Đồng Tháp,4,59677 - 51122 - 82266 - 59249 - 34124 - 93938
2026-01-29,MN,Đồng Tháp,5,37251 - 85825 - 29038
2026-01-29,MN,Đồng Tháp,6,08290 - 04456 - 48907
2026-01-29,MN,Đồng Tháp,7,04545 - 83427 - 48081 - 89145
2026-01-29,MN,Đồng Tháp,8,29701
2026-01-29,MN,Cà Mau,ĐB,58541
2026-01-29,MN,Cà Mau,1,99323
2026-01-29,MN,Cà Mau,2,41555
2026-01-29,MN,Cà Mau,3,32337 - 45246 - 66548 - 40754 - 20091 - 07234
2026-01-29,MN,Cà Mau,4,68018 - 16843 - 10384 - 64926 - 83518 - 84193
2026-01-29,MN,Cà Mau,5,51033 - 76682 - 67108
2026-01-29,MN,Cà Mau,6,03585 - 87886 - 34086
2026-01-29,MN,Cà Mau,7,10416 - 66884 - 86119 - 52472
2026-01-29,MN,Cà Mau,8,32216
2026-01-30,MB,Hà Nội,ĐB,42668
2026-01-30,MB,Hà Nội,1,11449
2026-01-30,MB,Hà Nội,2,16088
2026-01-30,MB,Hà Nội,3,68893 - 42875 - 58532 - 57548 - 97265 - 07643
2026-01-30,MB,Hà Nội,4,68798 - 42828 - 34756 - 41695 - 85893 - 78172
2026-01-30,MB,Hà Nội,5,12344 - 82481 - 48775
2026-01-30,MB,Hà Nội,6,21479 - 20309 - 88708
2026-01-30,MB,Hà Nội,7,23366 - 79101 - 16054 - 35620
2026-01-30,MT,Đà Nẵng,ĐB,49826
2026-01-30,MT,Đà Nẵng,1,62384
2026-01-30,MT,Đà Nẵng,2,95508
2026-01-30,MT,Đà Nẵng,3,29692 - 46516 - 54790 - 64089 - 89706 - 26185
2026-01-30,MT,Đà Nẵng,4,66701 - 72571 - 26009 - 31078 - 45044 - 15770
2026-01-30,MT,Đà Nẵng,5,87053 - 54070 - 90741
2026-01-30,MT,Đà Nẵng,6,59589 - 46855 - 99510
2026-01-30,MT,Đà Nẵng,7,59579 - 32906 - 48451 - 58175
2026-01-30,MT,Đà Nẵng,8,90687
2026-01-30,MT,Khánh Hòa,ĐB,54469
2026-01-30,MT,Khánh Hòa,1,50149
2026-01-30,MT,Khánh Hòa,2,55381
2026-01-30,MT,Khánh Hòa,3,84691 - 07738 - 01972 - 69844 - 79404 - 66470
2026-01-30,MT,Khánh Hòa,4,97446 - 25813 - 98837 - 32523 - 76197 - 17028
2026-01-30,MT,Khánh Hòa,5,14671 - 17531 - 94235
2026-01-30,MT,Khánh Hòa,6,20214 - 43418 - 28756
2026-01-30,MT,Khánh Hòa,7,22795 - 31718 - 11426 - 17912
2026-01-30,MT,Khánh Hòa,8,01488
2026-01-30,MN,TP. HCM,ĐB,39321
2026-01-30,MN,TP. HCM,1,87193
2026-01-30,MN,TP. HCM,2,23146
2026-01-30,MN,TP. HCM,3,84938 - 52550 - 21468 - 46506 - 75000 - 80531
2026-01-30,MN,TP. HCM,4,00912 - 65450 - 27442 - 73908 - 97391 - 35784
2026-01-30,MN,TP. HCM,5,00294 - 31660 - 82667
2026-01-30,MN,TP. HCM,6,44628 - 98204 - 24556
2026-01-30,MN,TP. HCM,7,34024 - 42025 - 87971 - 63917
2026-01-30,MN,TP. HCM,8,56571
2026-01-30,MN,Đồng Tháp,ĐB,47747
2026-01-30,MN,Đồng Tháp,1,05380
2026-01-30,MN,Đồng Tháp,2,62198
2026-01-30,MN,Đồng Tháp,3,12096 - 41755 - 10890 - 56736 - 92132 - 85076
2026-01-30,MN,Đồng Tháp,4,86759 - 24910 - 82276 - 99814 - 70923 - 89249
2026-01-30,MN,Đồng Tháp,5,34092 - 00854 - 83299
2026-01-30,MN,Đồng Tháp,6,35202 - 56691 - 57467
2026-01-30,MN,Đồng Tháp,7,22307 - 54651 - 84704 - 02824
2026-01-30,MN,Đồng Tháp,8,23798
2026-01-30,MN,Cà Mau,ĐB,34575
2026-01-30,MN,Cà Mau,1,39141
2026-01-30,MN,Cà Mau,2,08184
2026-01-30,MN,Cà Mau,3,86485 - 30597 - 74598 - 48141 - 62910 - 03823
2026-01-30,MN,Cà Mau,4,36081 - 58328 - 56366 - 81074 - 48199 - 98218
2026-01-30,MN,Cà Mau,5,37946 - 58368 - 25315
2026-01-30,MN,Cà Mau,6,63952 - 21894 - 28531
2026-01-30,MN,Cà Mau,7,26570 - 05095 - 02517 - 33910
2026-01-30,MN,Cà Mau,8,40413
2026-01-31,MB,Hà Nội,ĐB,08680
2026-01-31,MB,Hà Nội,1,63280
2026-01-31,MB,Hà Nội,2,97007
2026-01-31,MB,Hà Nội,3,19636 - 09015 - 11923 - 80730 - 31286 - 59426
2026-01-31,MB,Hà Nội,4,46668 - 45417 - 27701 - 97591 - 05512 - 59859
2026-01-31,MB,Hà Nội,5,34032 - 18744 - 44877
2026-01-31,MB,Hà Nội,6,30920 - 60435 - 98372
2026-01-31,MB,Hà Nội,7,35503 - 90447 - 22975 - 56521
2026-01-31,MT,Đà Nẵng,ĐB,07958
2026-01-31,MT,Đà Nẵng,1,43521
2026-01-31,MT,Đà Nẵng,2,19082
2026-01-31,MT,Đà Nẵng,3,67268 - 97689 - 78920 - 24618 - 36359 - 42867
2026-01-31,MT,Đà Nẵng,4,02606 - 20664 - 39520 - 20040 - 44816 - 02185
2026-01-31,MT,Đà Nẵng,5,50336 - 79725 - 55078
2026-01-31,MT,Đà Nẵng,6,99100 - 55147 - 63804
2026-01-31,MT,Đà Nẵng,7,34900 - 81854 - 96779 - 01342
2026-01-31,MT,Đà Nẵng,8,24196
2026-01-31,MT,Khánh Hòa,ĐB,63061
2026-01-31,MT,Khánh Hòa,1,70588
2026-01-31,MT,Khánh Hòa,2,20939
2026-01-31,MT,Khánh Hòa,3,17002 - 40254 - 39122 - 01061 - 78370 - 03056
2026-01-31,MT,Khánh Hòa,4,67990 - 90623 - 85724 - 61321 - 94229 - 69469
2026-01-31,MT,Khánh Hòa,5,01410 - 89006 - 18903
2026-01-31,MT,Khánh Hòa,6,55681 - 00990 - 09027
2026-01-31,MT,Khánh Hòa,7,67142 - 50322 - 54322 - 48355
2026-01-31,MT,Khánh Hòa,8,28010
2026-01-31,MN,TP. HCM,ĐB,79851
2026-01-31,MN,TP. HCM,1,71960
2026-01-31,MN,TP. HCM,2,05381
2026-01-31,MN,TP. HCM,3,15009 - 82391 - 52169 - 08706 - 82030 - 32964
2026-01-31,MN,TP. HCM,4,56219 - 05633 - 95040 - 16013 - 92731 - 15719
2026-01-31,MN,TP. HCM,5,31955 - 37831 - 71834
2026-01-31,MN,TP. HCM,6,64021 - 38604 - 29764
2026-01-31,MN,TP. HCM,7,91664 - 27412 - 52045 - 10226
2026-01-31,MN,TP. HCM,8,11413
2026-01-31,MN,Đồng Tháp,ĐB,43913
2026-01-31,MN,Đồng Tháp,1,56607
2026-01-31,MN,Đồng Tháp,2,24277
2026-01-31,MN,Đồng Tháp,3,62976 - 91536 - 93001 - 04881 - 12759 - 98877
2026-01-31,MN,Đồng Tháp,4,21155 - 74191 - 78377 - 59930 - 75782 - 41139
2026-01-31,MN,Đồng Tháp,5,93400 - 00250 - 39494
2026-01-31,MN,Đồng Tháp,6,61188 - 15600 - 83866
2026-01-31,MN,Đồng Tháp,7,19223 - 73720 - 30486 - 23893
2026-01-31,MN,Đồng Tháp,8,44920
2026-01-31,MN,Cà Mau,ĐB,61892
2026-01-31,MN,Cà Mau,1,41808
2026-01-31,MN,Cà Mau,2,22866
2026-01-31,MN,Cà Mau,3,40469 - 24562 - 69106 - 06736 - 43595 - 72533
2026-01-31,MN,Cà Mau,4,55850 - 17460 - 78178 - 05659 - 42319 - 52910
2026-01-31,MN,Cà Mau,5,35330 - 37448 - 25270
2026-01-31,MN,Cà Mau,6,18704 - 59136 - 81020
2026-01-31,MN,Cà Mau,7,14340 - 77564 - 86335 - 81009
2026-01-31,MN,Cà Mau,8,40358
2026-02-01,MB,Hà Nội,ĐB,10229
2026-02-01,MB,Hà Nội,1,12030
2026-02-01,MB,Hà Nội,2,13992
2026-02-01,MB,Hà Nội,3,58801 - 76316 - 49480 - 59176 - 11485 - 87056
2026-02-01,MB,Hà Nội,4,13625 - 64001 - 17592 - 34927 - 05525 - 97237
2026-02-01,MB,Hà Nội,5,49878 - 84178 - 92812
2026-02-01,MB,Hà Nội,6,30652 - 61693 - 25162
2026-02-01,MB,Hà Nội,7,13635 - 07268 - 75337 - 67888
2026-02-01,MT,Đà Nẵng,ĐB,49943
2026-02-01,MT,Đà Nẵng,1,17519
2026-02-01,MT,Đà Nẵng,2,87003
2026-02-01,MT,Đà Nẵng,3,78001 - 66205 - 62980 - 48730 - 40238 - 27394
2026-02-01,MT,Đà Nẵng,4,90191 - 78161 - 08007 - 64700 - 14947 - 80853
2026-02-01,MT,Đà Nẵng,5,12259 - 62004 - 24252
2026-02-01,MT,Đà Nẵng,6,38079 - 45324 - 96869
2026-02-01,MT,Đà Nẵng,7,73958 - 87830 - 15880 - 21445
2026-02-01,MT,Đà Nẵng,8,03436
2026-02-01,MT,Khánh Hòa,ĐB,31351
2026-02-01,MT,Khánh Hòa,1,53418
2026-02-01,MT,Khánh Hòa,2,92611
2026-02-01,MT,Khánh Hòa,3,55618 - 15358 - 52125 - 46161 - 80741 - 58725
2026-02-01,MT,Khánh Hòa,4,76671 - 76405 - 36011 - 24683 - 21228 - 13271
2026-02-01,MT,Khánh Hòa,5,52080 - 68892 - 34658
2026-02-01,MT,Khánh Hòa,6,12405 - 04647 - 60890
2026-02-01,MT,Khánh Hòa,7,83844 - 21202 - 40316 - 25369
2026-02-01,MT,Khánh Hòa,8,06607
2026-02-01,MN,TP. HCM,ĐB,55808
2026-02-01,MN,TP. HCM,1,02381
2026-02-01,MN,TP. HCM,2,85576
2026-02-01,MN,TP. HCM,3,54268 - 69213 - 50715 - 09034 - 76377 - 13799
2026-02-01,MN,TP. HCM,4,59560 - 18254 - 66371 - 40144 - 42800 - 26442
2026-02-01,MN,TP. HCM,5,63947 - 98927 - 80340
2026-02-01,MN,TP. HCM,6,85755 - 22369 - 77789
2026-02-01,MN,TP. HCM,7,92179 - 69481 - 84923 - 65288
2026-02-01,MN,TP. HCM,8,61366
2026-02-01,MN,Đồng Tháp,ĐB,09104
2026-02-01,MN,Đồng Tháp,1,43836
2026-02-01,MN,Đồng Tháp,2,44635
2026-02-01,MN,Đồng Tháp,3,10241 - 09143 - 22583 - 70188 - 13721 - 07291
2026-02-01,MN,Đồng Tháp,4,59207 - 72035 - 46219 - 68551 - 51878 - 53065
2026-02-01,MN,Đồng Tháp,5,08264 - 66282 - 27722
2026-02-01,MN,Đồng Tháp,6,50634 - 40228 - 43808
2026-02-01,MN,Đồng Tháp,7,47045 - 23722 - 48728 - 13179
2026-02-01,MN,Đồng Tháp,8,50190
2026-02-01,MN,Cà Mau,ĐB,49870
2026-02-01,MN,Cà Mau,1,90671
2026-02-01,MN,Cà Mau,2,26992
2026-02-01,MN,Cà Mau,3,92886 - 70366 - 37899 - 70872 - 48642 - 16196
2026-02-01,MN,Cà Mau,4,74189 - 63926 - 62818 - 14048 - 10138 - 54374
2026-02-01,MN,Cà Mau,5,38810 - 51752 - 77711
2026-02-01,MN,Cà Mau,6,08762 - 77498 - 57863
2026-02-01,MN,Cà Mau,7,60001 - 22348 - 23608 - 27547
2026-02-01,MN,Cà Mau,8,61431
2026-02-02,MB,Hà Nội,ĐB,48602
2026-02-02,MB,Hà Nội,1,48665
2026-02-02,MB,Hà Nội,2,13879
2026-02-02,MB,Hà Nội,3,36588 - 97759 - 21632 - 87307 - 76713 - 63897
2026-02-02,MB,Hà Nội,4,35475 - 32801 - 51316 - 28905 - 86752 - 82512
2026-02-02,MB,Hà Nội,5,04572 - 84963 - 66019
2026-02-02,MB,Hà Nội,6,17992 - 02988 - 84160
2026-02-02,MB,Hà Nội,7,35412 - 58306 - 21717 - 63961
2026-02-02,MT,Đà Nẵng,ĐB,58772
2026-02-02,MT,Đà Nẵng,1,75031
2026-02-02,MT,Đà Nẵng,2,80037
2026-02-02,MT,Đà Nẵng,3,31424 - 37033 - 36886 - 13418 - 03916 - 38207
2026-02-02,MT,Đà Nẵng,4,73256 - 93427 - 60727 - 84341 - 45895 - 53860
2026-02-02,MT,Đà Nẵng,5,52285 - 83127 - 04059
2026-02-02,MT,Đà Nẵng,6,56921 - 05229 - 48205
2026-02-02,MT,Đà Nẵng,7,40474 - 88228 - 96466 - 06383
2026-02-02,MT,Đà Nẵng,8,79406
2026-02-02,MT,Khánh Hòa,ĐB,26702
2026-02-02,MT,Khánh Hòa,1,31195
2026-02-02,MT,Khánh Hòa,2,56293
2026-02-02,MT,Khánh Hòa,3,82646 - 20077 - 38880 - 08617 - 35483 - 29164
2026-02-02,MT,Khánh Hòa,4,60282 - 74440 - 20053 - 15257 - 91340 - 24863
2026-02-02,MT,Khánh Hòa,5,73627 - 65910 - 75974
2026-02-02,MT,Khánh Hòa,6,29601 - 29730 - 92954
2026-02-02,MT,Khánh Hòa,7,07555 - 56042 - 32318 - 84404
2026-02-02,MT,Khánh Hòa,8,59147
2026-02-02,MN,TP. HCM,ĐB,86993
2026-02-02,MN,TP. HCM,1,06437
2026-02-02,MN,TP. HCM,2,76790
2026-02-02,MN,TP. HCM,3,35323 - 35869 - 14932 - 33407 - 36019 - 12385
2026-02-02,MN,TP. HCM,4,75404 - 97956 - 02566 - 67080 - 71255 - 40694
2026-02-02,MN,TP. HCM,5,53494 - 84696 - 50612
2026-02-02,MN,TP. HCM,6,47437 - 89035 - 35476
2026-02-02,MN,TP. HCM,7,21168 - 17189 - 58561 - 47299
2026-02-02,MN,TP. HCM,8,97681
2026-02-02,MN,Đồng Tháp,ĐB,88033
2026-02-02,MN,Đồng Tháp,1,66572
2026-02-02,MN,Đồng Tháp,2,41863
2026-02-02,MN,Đồng Tháp,3,24223 - 75793 - 19942 - 36243 - 18734 - 81089
2026-02-02,MN,Đồng Tháp,4,30013 - 06151 - 56964 - 80344 - 21099 - 76243
2026-02-02,MN,Đồng Tháp,5,19648 - 96991 - 75778
2026-02-02,MN,Đồng Tháp,6,36349 - 76980 - 66065
2026-02-02,MN,Đồng Tháp,7,31547 - 36849 - 09393 - 44050
2026-02-02,MN,Đồng Tháp,8,71425
2026-02-02,MN,Cà Mau,ĐB,86585
2026-02-02,MN,Cà Mau,1,79084
2026-02-02,MN,Cà Mau,2,84066
2026-02-02,MN,Cà Mau,3,50129 - 90120 - 53738 - 21054 - 85744 - 06426
2026-02-02,MN,Cà Mau,4,72485 - 42712 - 64963 - 04214 - 29541 - 08548
2026-02-02,MN,Cà Mau,5,40672 - 14433 - 82320
2026-02-02,MN,Cà Mau,6,19148 - 71809 - 61132
2026-02-02,MN,Cà Mau,7,63103 - 62547 - 01958 - 60087
2026-02-02,MN,Cà Mau,8,56205
2026-02-03,MB,Hà Nội,ĐB,06899
2026-02-03,MB,Hà Nội,1,12264
2026-02-03,MB,Hà Nội,2,15587
2026-02-03,MB,Hà Nội,3,97862 - 98866 - 58525 - 12673 - 40103 - 73085
2026-02-03,MB,Hà Nội,4,26308 - 10246 - 96612 - 80745 - 80865 - 82665
2026-02-03,MB,Hà Nội,5,48133 - 65750 - 41301
2026-02-03,MB,Hà Nội,6,89945 - 28519 - 93945
2026-02-03,MB,Hà Nội,7,75033 - 47435 - 91175 - 51520
2026-02-03,MT,Đà Nẵng,ĐB,68281
2026-02-03,MT,Đà Nẵng,1,64582
2026-02-03,MT,Đà Nẵng,2,62716
2026-02-03,MT,Đà Nẵng,3,50961 - 99855 - 34891 - 60357 - 70463 - 74991
2026-02-03,MT,Đà Nẵng,4,01259 - 30294 - 35924 - 73219 - 98763 - 22537
2026-02-03,MT,Đà Nẵng,5,53852 - 02631 - 53397
2026-02-03,MT,Đà Nẵng,6,52331 - 68855 - 82313
2026-02-03,MT,Đà Nẵng,7,06792 - 64046 - 90487 - 55115
2026-02-03,MT,Đà Nẵng,8,64191
2026-02-03,MT,Khánh Hòa,ĐB,40406
2026-02-03,MT,Khánh Hòa,1,36564
2026-02-03,MT,Khánh Hòa,2,18302
2026-02-03,MT,Khánh Hòa,3,54807 - 60140 - 89619 - 50838 - 32193 - 27983
2026-02-03,MT,Khánh Hòa,4,15516 - 54089 - 82570 - 82648 - 43638 - 47774
2026-02-03,MT,Khánh Hòa,5,94524 - 09773 - 82961
2026-02-03,MT,Khánh Hòa,6,99583 - 59800 - 39044
2026-02-03,MT,Khánh Hòa,7,90113 - 96610 - 80503 - 24357
2026-02-03,MT,Khánh Hòa,8,68102
2026-02-03,MN,TP. HCM,ĐB,24563
2026-02-03,MN,TP. HCM,1,96064
2026-02-03,MN,TP. HCM,2,23457
2026-02-03,MN,TP. HCM,3,25830 - 39301 - 36303 - 11673 - 78496 - 20474
2026-02-03,MN,TP. HCM,4,67644 - 47918 - 14197 - 98546 - 01212 - 47177
2026-02-03,MN,TP. HCM,5,44723 - 94700 - 54496
2026-02-03,MN,TP. HCM,6,47059 - 72232 - 03216
2026-02-03,MN,TP. HCM,7,18961 - 14481 - 49647 - 31349
2026-02-03,MN,TP. HCM,8,19817
2026-02-03,MN,Đồng Tháp,ĐB,80947
2026-02-03,MN,Đồng Tháp,1,42014
2026-02-03,MN,Đồng Tháp,2,19081
2026-02-03,MN,Đồng Tháp,3,52563 - 23837 - 32685 - 25336 - 12649 - 31648
2026-02-03,MN,Đồng Tháp,4,21296 - 48867 - 09740 - 74168 - 56395 - 81060
2026-02-03,MN,Đồng Tháp,5,46065 - 55409 - 94176
2026-02-03,MN,Đồng Tháp,6,02388 - 52582 - 22920
2026-02-03,MN,Đồng Tháp,7,44267 - 19900 - 21605 - 45494
2026-02-03,MN,Đồng Tháp,8,73533
2026-02-03,MN,Cà Mau,ĐB,96794
2026-02-03,MN,Cà Mau,1,70228
2026-02-03,MN,Cà Mau,2,28777
2026-02-03,MN,Cà Mau,3,11539 - 13909 - 17578 - 97079 - 66256 - 18425
2026-02-03,MN,Cà Mau,4,93893 - 18826 - 76203 - 90443 - 28657 - 10856
2026-02-03,MN,Cà Mau,5,93538 - 53324 - 22537
2026-02-03,MN,Cà Mau,6,81935 - 16808 - 42258
2026-02-03,MN,Cà Mau,7,78497 - 21560 - 51447 - 64482
2026-02-03,MN,Cà Mau,8,45278
2026-02-04,MB,Hà Nội,ĐB,77858
2026-02-04,MB,Hà Nội,1,99477
2026-02-04,MB,Hà Nội,2,99716
2026-02-04,MB,Hà Nội,3,70120 - 79382 - 29649 - 45180 - 70133 - 50327
2026-02-04,MB,Hà Nội,4,49122 - 84980 - 68364 - 22838 - 58217 - 09813
2026-02-04,MB,Hà Nội,5,46205 - 32043 - 88266
2026-02-04,MB,Hà Nội,6,29087 - 82349 - 46781
2026-02-04,MB,Hà Nội,7,51815 - 98082 - 53076 - 29236
2026-02-04,MT,Đà Nẵng,ĐB,33541
2026-02-04,MT,Đà Nẵng,1,54986
2026-02-04,MT,Đà Nẵng,2,32231
2026-02-04,MT,Đà Nẵng,3,63289 - 84164 - 94047 - 04814 - 56305 - 84594
2026-02-04,MT,Đà Nẵng,4,75149 - 13249 - 92659 - 91195 - 18467 - 36018
2026-02-04,MT,Đà Nẵng,5,95557 - 36712 - 86203
2026-02-04,MT,Đà Nẵng,6,02259 - 49458 - 55235
2026-02-04,MT,Đà Nẵng,7,29814 - 46881 - 13440 - 39700
2026-02-04,MT,Đà Nẵng,8,37599
2026-02-04,MT,Khánh Hòa,ĐB,64531
2026-02-04,MT,Khánh Hòa,1,69325
2026-02-04,MT,Khánh Hòa,2,67034
2026-02-04,MT,Khánh Hòa,3,46974 - 11479 - 03255 - 85716 - 52816 - 18768
2026-02-04,MT,Khánh Hòa,4,70190 - 35342 - 70480 - 79869 - 26647 - 11666
2026-02-04,MT,Khánh Hòa,5,98772 - 83928 - 46224
2026-02-04,MT,Khánh Hòa,6,33303 - 49025 - 52018
2026-02-04,MT,Khánh Hòa,7,28929 - 44168 - 42980 - 81213
2026-02-04,MT,Khánh Hòa,8,91441
2026-02-04,MN,TP. HCM,ĐB,28457
2026-02-04,MN,TP. HCM,1,75492
2026-02-04,MN,TP. HCM,2,48008
2026-02-04,MN,TP. HCM,3,18788 - 37406 - 73272 - 20978 - 65563 - 73103
2026-02-04,MN,TP. HCM,4,65730 - 15188 - 90206 - 99946 - 26097 - 59946
2026-02-04,MN,TP. HCM,5,52655 - 11948 - 17805
2026-02-04,MN,TP. HCM,6,08747 - 64315 - 64834
2026-02-04,MN,TP. HCM,7,83618 - 82026 - 83796 - 47880
2026-02-04,MN,TP. HCM,8,78939
2026-02-04,MN,Đồng Tháp,ĐB,07826
2026-02-04,MN,Đồng Tháp,1,43072
2026-02-04,MN,Đồng Tháp,2,69641
2026-02-04,MN,Đồng Tháp,3,67054 - 35691 - 67869 - 69992 - 21464 - 21998
2026-02-04,MN,Đồng Tháp,4,39088 - 83246 - 72532 - 94331 - 64814 - 72373
2026-02-04,MN,Đồng Tháp,5,37663 - 93121 - 89786
2026-02-04,MN,Đồng Tháp,6,29939 - 25204 - 89705
2026-02-04,MN,Đồng Tháp,7,29665 - 10382 - 67292 - 30568
2026-02-04,MN,Đồng Tháp,8,54240
2026-02-04,MN,Cà Mau,ĐB,28685
2026-02-04,MN,Cà Mau,1,53145
2026-02-04,MN,Cà Mau,2,11190
2026-02-04,MN,Cà Mau,3,95708 - 86449 - 97183 - 60938 - 87286 - 35560
2026-02-04,MN,Cà Mau,4,54446 - 83733 - 94323 - 13941 - 92627 - 58960
2026-02-04,MN,Cà Mau,5,95495 - 74581 - 28376
2026-02-04,MN,Cà Mau,6,33499 - 33143 - 03253
2026-02-04,MN,Cà Mau,7,07524 - 84966 - 79482 - 71661
2026-02-04,MN,Cà Mau,8,77403
2026-02-05,MB,Hà Nội,ĐB,97776
2026-02-05,MB,Hà Nội,1,51937
2026-02-05,MB,Hà Nội,2,79558
2026-02-05,MB,Hà Nội,3,30733 - 38385 - 00462 - 91727 - 54394 - 09469
2026-02-05,MB,Hà Nội,4,97610 - 68721 - 83632 - 66105 - 44207 - 65615
2026-02-05,MB,Hà Nội,5,40981 - 44704 - 39125
2026-02-05,MB,Hà Nội,6,11895 - 29061 - 11586
2026-02-05,MB,Hà Nội,7,12961 - 34510 - 28698 - 74843
2026-02-05,MT,Đà Nẵng,ĐB,94340
2026-02-05,MT,Đà Nẵng,1,74234
2026-02-05,MT,Đà Nẵng,2,50219
2026-02-05,MT,Đà Nẵng,3,59919 - 92781 - 82255 - 77299 - 75514 - 26722
2026-02-05,MT,Đà Nẵng,4,84036 - 31866 - 30935 - 21963 - 14716 - 00929
2026-02-05,MT,Đà Nẵng,5,83452 - 31324 - 13178
2026-02-05,MT,Đà Nẵng,6,65392 - 57392 - 00668
2026-02-05,MT,Đà Nẵng,7,39417 - 60270 - 38240 - 83104
2026-02-05,MT,Đà Nẵng,8,47575
2026-02-05,MT,Khánh Hòa,ĐB,44541
2026-02-05,MT,Khánh Hòa,1,23524
2026-02-05,MT,Khánh Hòa,2,12747
2026-02-05,MT,Khánh Hòa,3,48555 - 39543 - 38376 - 05593 - 65632 - 05989
2026-02-05,MT,Khánh Hòa,4,26916 - 54299 - 69217 - 71205 - 29312 - 29066
2026-02-05,MT,Khánh Hòa,5,47904 - 81182 - 96059
2026-02-05,MT,Khánh Hòa,6,41735 - 39722 - 49073
2026-02-05,MT,Khánh Hòa,7,52680 - 58821 - 25525 - 01430
2026-02-05,MT,Khánh Hòa,8,82186
2026-02-05,MN,TP. HCM,ĐB,78872
2026-02-05,MN,TP. HCM,1,30427
2026-02-05,MN,TP. HCM,2,58949
2026-02-05,MN,TP. HCM,3,34555 - 04647 - 91273 - 18824 - 03535 - 41699
2026-02-05,MN,TP. HCM,4,24905 - 50574 - 22201 - 64131 - 49420 - 35009
2026-02-05,MN,TP. HCM,5,23718 - 85026 - 93849
2026-02-05,MN,TP. HCM,6,27048 - 60874 - 43662
2026-02-05,MN,TP. HCM,7,20312 - 80398 - 85588 - 97284
2026-02-05,MN,TP. HCM,8,49171
2026-02-05,MN,Đồng Tháp,ĐB,45822
2026-02-05,MN,Đồng Tháp,1,97379
2026-02-05,MN,Đồng Tháp,2,94074
2026-02-05,MN,Đồng Tháp,3,11668 - 05372 - 56624 - 80831 - 60056 - 57237
2026-02-05,MN,Đồng Tháp,4,72212 - 35819 - 71823 - 44295 - 49482 - 90942
2026-02-05,MN,Đồng Tháp,5,45184 - 67923 - 19764
2026-02-05,MN,Đồng Tháp,6,75357 - 18395 - 95561
2026-02-05,MN,Đồng Tháp,7,72042 - 42771 - 07387 - 54689
2026-02-05,MN,Đồng Tháp,8,00556
2026-02-05,MN,Cà Mau,ĐB,69303
2026-02-05,MN,Cà Mau,1,64861
2026-02-05,MN,Cà Mau,2,54617
2026-02-05,MN,Cà Mau,3,21864 - 32317 - 54671 - 86097 - 58060 - 73441
2026-02-05,MN,Cà Mau,4,27406 - 84013 - 46154 - 50215 - 72341 - 98176
2026-02-05,MN,Cà Mau,5,71152 - 21283 - 87698
2026-02-05,MN,Cà Mau,6,69637 - 11374 - 50347
2026-02-05,MN,Cà Mau,7,73047 - 86662 - 78070 - 88567
2026-02-05,MN,Cà Mau,8,10202
2026-02-06,MB,Hà Nội,ĐB,55896
2026-02-06,MB,Hà Nội,1,68396
2026-02-06,MB,Hà Nội,2,91746
2026-02-06,MB,Hà Nội,3,39639 - 86909 - 43573 - 10952 - 08004 - 96655
2026-02-06,MB,Hà Nội,4,01904 - 24786 - 39995 - 60193 - 12707 - 59017
2026-02-06,MB,Hà Nội,5,47212 - 81119 - 61984
2026-02-06,MB,Hà Nội,6,36704 - 21273 - 74310
2026-02-06,MB,Hà Nội,7,77591 - 46246 - 67579 - 12360
2026-02-06,MT,Đà Nẵng,ĐB,42922
2026-02-06,MT,Đà Nẵng,1,80776
2026-02-06,MT,Đà Nẵng,2,97669
2026-02-06,MT,Đà Nẵng,3,17388 - 27977 - 23525 - 90820 - 79711 - 58254
2026-02-06,MT,Đà Nẵng,4,98429 - 48463 - 24725 - 01316 - 51779 - 23680
2026-02-06,MT,Đà Nẵng,5,11658 - 34587 - 52973
2026-02-06,MT,Đà Nẵng,6,26158 - 72567 - 90692
2026-02-06,MT,Đà Nẵng,7,50898 - 01085 - 72729 - 86147
2026-02-06,MT,Đà Nẵng,8,44300
2026-02-06,MT,Khánh Hòa,ĐB,25919
2026-02-06,MT,Khánh Hòa,1,47235
2026-02-06,MT,Khánh Hòa,2,26276
2026-02-06,MT,Khánh Hòa,3,99366 - 63542 - 66767 - 13201 - 70397 - 65416
2026-02-06,MT,Khánh Hòa,4,44630 - 95203 - 30673 - 87956 - 39684 - 11096
2026-02-06,MT,Khánh Hòa,5,29226 - 10464 - 45491
2026-02-06,MT,Khánh Hòa,6,68797 - 09398 - 24353
2026-02-06,MT,Khánh Hòa,7,01838 - 91674 - 85505 - 48221
2026-02-06,MT,Khánh Hòa,8,18686
2026-02-06,MN,TP. HCM,ĐB,75173
2026-02-06,MN,TP. HCM,1,73980
2026-02-06,MN,TP. HCM,2,60170
2026-02-06,MN,TP. HCM,3,98274 - 91865 - 94431 - 96861 - 26391 - 59567
2026-02-06,MN,TP. HCM,4,60293 - 96050 - 09257 - 09865 - 24057 - 05204
2026-02-06,MN,TP. HCM,5,13731 - 01177 - 36773
2026-02-06,MN,TP. HCM,6,64514 - 08497 - 08746
2026-02-06,MN,TP. HCM,7,98909 - 58187 - 43161 - 50087
2026-02-06,MN,TP. HCM,8,75790
2026-02-06,MN,Đồng Tháp,ĐB,30113
2026-02-06,MN,Đồng Tháp,1,69054
2026-02-06,MN,Đồng Tháp,2,35221
2026-02-06,MN,Đồng Tháp,3,73910 - 56895 - 67108 - 35335 - 88481 - 48968
2026-02-06,MN,Đồng Tháp,4,73045 - 87468 - 70477 - 11928 - 32603 - 17774
2026-02-06,MN,Đồng Tháp,5,21131 - 06803 - 37630
2026-02-06,MN,Đồng Tháp,6,61090 - 79555 - 18976
2026-02-06,MN,Đồng Tháp,7,18934 - 89196 - 89936 - 96055
2026-02-06,MN,Đồng Tháp,8,78808
2026-02-06,MN,Cà Mau,ĐB,80434
2026-02-06,MN,Cà Mau,1,98898
2026-02-06,MN,Cà Mau,2,35329
2026-02-06,MN,Cà Mau,3,20276 - 42864 - 42855 - 35046 - 53180 - 09890
2026-02-06,MN,Cà Mau,4,22300 - 55624 - 25955 - 99622 - 86016 - 08667
2026-02-06,MN,Cà Mau,5,71680 - 78309 - 76941
2026-02-06,MN,Cà Mau,6,46910 - 36499 - 47707
2026-02-06,MN,Cà Mau,7,47807 - 74391 - 59326 - 70828
2026-02-06,MN,Cà Mau,8,67302
2026-02-07,MB,Hà Nội,ĐB,41038
2026-02-07,MB,Hà Nội,1,63955
2026-02-07,MB,Hà Nội,2,93295
2026-02-07,MB,Hà Nội,3,42381 - 38540 - 21294 - 98636 - 77397 - 22815
2026-02-07,MB,Hà Nội,4,72541 - 83713 - 66124 - 36525 - 68005 - 25529
2026-02-07,MB,Hà Nội,5,19277 - 09531 - 12146
2026-02-07,MB,Hà Nội,6,36112 - 09879 - 60589
2026-02-07,MB,Hà Nội,7,03178 - 16913 - 53336 - 81992
2026-02-07,MT,Đà Nẵng,ĐB,80225
2026-02-07,MT,Đà Nẵng,1,54605
2026-02-07,MT,Đà Nẵng,2,67088
2026-02-07,MT,Đà Nẵng,3,63182 - 52490 - 55444 - 20324 - 78099 - 01494
2026-02-07,MT,Đà Nẵng,4,86229 - 04860 - 14916 - 70559 - 61527 - 18429
2026-02-07,MT,Đà Nẵng,5,19926 - 08731 - 46501
2026-02-07,MT,Đà Nẵng,6,97156 - 41750 - 81970
2026-02-07,MT,Đà Nẵng,7,68317 - 04608 - 17596 - 45469
2026-02-07,MT,Đà Nẵng,8,68411
2026-02-07,MT,Khánh Hòa,ĐB,55136
2026-02-07,MT,Khánh Hòa,1,24140
2026-02-07,MT,Khánh Hòa,2,02941
2026-02-07,MT,Khánh Hòa,3,73817 - 23809 - 43264 - 64065 - 91624 - 52974
2026-02-07,MT,Khánh Hòa,4,81400 - 85405 - 92651 - 40841 - 81488 - 23675
2026-02-07,MT,Khánh Hòa,5,43662 - 06701 - 03441
2026-02-07,MT,Khánh Hòa,6,56754 - 61434 - 62085
2026-02-07,MT,Khánh Hòa,7,93802 - 54156 - 88590 - 20489
2026-02-07,MT,Khánh Hòa,8,59920
2026-02-07,MN,TP. HCM,ĐB,69802
2026-02-07,MN,TP. HCM,1,26637
2026-02-07,MN,TP. HCM,2,28353
2026-02-07,MN,TP. HCM,3,13240 - 58106 - 63331 - 56468 - 70518 - 66448
2026-02-07,MN,TP. HCM,4,48674 - 19116 - 07567 - 94296 - 73997 - 62532
2026-02-07,MN,TP. HCM,5,56074 - 28089 - 64161
2026-02-07,MN,TP. HCM,6,10189 - 94944 - 90815
2026-02-07,MN,TP. HCM,7,17829 - 30562 - 60892 - 19688
2026-02-07,MN,TP. HCM,8,71917
2026-02-07,MN,Đồng Tháp,ĐB,90026
2026-02-07,MN,Đồng Tháp,1,39116
2026-02-07,MN,Đồng Tháp,2,96767
2026-02-07,MN,Đồng Tháp,3,79863 - 71759 - 96228 - 92822 - 85332 - 17159
2026-02-07,MN,Đồng Tháp,4,21572 - 74355 - 54918 - 44355 - 97302 - 05621
2026-02-07,MN,Đồng Tháp,5,20049 - 00661 - 62733
2026-02-07,MN,Đồng Tháp,6,09085 - 25388 - 99779
2026-02-07,MN,Đồng Tháp,7,71833 - 25779 - 13466 - 43310
2026-02-07,MN,Đồng Tháp,8,63233
2026-02-07,MN,Cà Mau,ĐB,24105
2026-02-07,MN,Cà Mau,1,85646
2026-02-07,MN,Cà Mau,2,33183
2026-02-07,MN,Cà Mau,3,86267 - 44812 - 62643 - 16504 - 04480 - 94836
2026-02-07,MN,Cà Mau,4,93941 - 44973 - 27375 - 94846 - 19810 - 84461
2026-02-07,MN,Cà Mau,5,97386 - 79116 - 27032
2026-02-07,MN,Cà Mau,6,50697 - 00496 - 36309
2026-02-07,MN,Cà Mau,7,26427 - 94202 - 52575 - 88833
2026-02-07,MN,Cà Mau,8,88106
2026-02-08,MB,Hà Nội,ĐB,73013
2026-02-08,MB,Hà Nội,1,34200
2026-02-08,MB,Hà Nội,2,93665
2026-02-08,MB,Hà Nội,3,17371 - 19312 - 72764 - 25160 - 45284 - 96320
2026-02-08,MB,Hà Nội,4,80891 - 11334 - 58355 - 26612 - 76687 - 11022
2026-02-08,MB,Hà Nội,5,37157 - 68951 - 93480
2026-02-08,MB,Hà Nội,6,00740 - 80643 - 38624
2026-02-08,MB,Hà Nội,7,75294 - 85045 - 26009 - 53753
2026-02-08,MT,Đà Nẵng,ĐB,03448
2026-02-08,MT,Đà Nẵng,1,30157
2026-02-08,MT,Đà Nẵng,2,09596
2026-02-08,MT,Đà Nẵng,3,10224 - 69498 - 58751 - 42212 - 08652 - 89497
2026-02-08,MT,Đà Nẵng,4,02687 - 57558 - 26621 - 44906 - 19073 - 12026
2026-02-08,MT,Đà Nẵng,5,99413 - 21037 - 00460
2026-02-08,MT,Đà Nẵng,6,47143 - 24038 - 17980
2026-02-08,MT,Đà Nẵng,7,13936 - 87129 - 45086 - 43144
2026-02-08,MT,Đà Nẵng,8,04023
2026-02-08,MT,Khánh Hòa,ĐB,19131
2026-02-08,MT,Khánh Hòa,1,98036
2026-02-08,MT,Khánh Hòa,2,33092
2026-02-08,MT,Khánh Hòa,3,51600 - 83079 - 62151 - 69653 - 34671 - 78571
2026-02-08,MT,Khánh Hòa,4,50392 - 48400 - 01723 - 98046 - 46926 - 81591
2026-02-08,MT,Khánh Hòa,5,37078 - 80362 - 99397
2026-02-08,MT,Khánh Hòa,6,36189 - 65710 - 42343
2026-02-08,MT,Khánh Hòa,7,29717 - 01847 - 24526 - 39875
2026-02-08,MT,Khánh Hòa,8,79751
2026-02-08,MN,TP. HCM,ĐB,23336
2026-02-08,MN,TP. HCM,1,83979
2026-02-08,MN,TP. HCM,2,09050
2026-02-08,MN,TP. HCM,3,89739 - 57634 - 98588 - 10744 - 12526 - 18930
2026-02-08,MN,TP. HCM,4,54533 - 10921 - 37856 - 10144 - 91886 - 54451
2026-02-08,MN,TP. HCM,5,43162 - 82788 - 99381
2026-02-08,MN,TP. HCM,6,54211 - 95274 - 36314
2026-02-08,MN,TP. HCM,7,58597 - 03234 - 59578 - 22181
2026-02-08,MN,TP. HCM,8,37165
2026-02-08,MN,Đồng Tháp,ĐB,32251
2026-02-08,MN,Đồng Tháp,1,52595
2026-02-08,MN,Đồng Tháp,2,88155
2026-02-08,MN,Đồng Tháp,3,20005 - 47373 - 79321 - 15517 - 74372 - 73642
2026-02-08,MN,Đồng Tháp,4,60909 - 06180 - 03469 - 91961 - 83346 - 28808
2026-02-08,MN,Đồng Tháp,5,87409 - 50921 - 46617
2026-02-08,MN,Đồng Tháp,6,68140 - 44166 - 62941
2026-02-08,MN,Đồng Tháp,7,62006 - 56642 - 95950 - 69579
2026-02-08,MN,Đồng Tháp,8,53417
2026-02-08,MN,Cà Mau,ĐB,91162
2026-02-08,MN,Cà Mau,1,42477
2026-02-08,MN,Cà Mau,2,27935
2026-02-08,MN,Cà Mau,3,45007 - 74187 - 07595 - 61174 - 24766 - 36488
2026-02-08,MN,Cà Mau,4,82318 - 52762 - 63123 - 83436 - 36479 - 79085
2026-02-08,MN,Cà Mau,5,73464 - 58854 - 08333
2026-02-08,MN,Cà Mau,6,71612 - 97634 - 25940
2026-02-08,MN,Cà Mau,7,79028 - 81998 - 67602 - 95469
2026-02-08,MN,Cà Mau,8,22204
2026-02-09,MB,Hà Nội,ĐB,53881
2026-02-09,MB,Hà Nội,1,01694
2026-02-09,MB,Hà Nội,2,94561
2026-02-09,MB,Hà Nội,3,77608 - 20826 - 39764 - 49799 - 03235 - 67241
2026-02-09,MB,Hà Nội,4,28451 - 36217 - 65677 - 66182 - 92970 - 97837
2026-02-09,MB,Hà Nội,5,42701 - 96368 - 87473
2026-02-09,MB,Hà Nội,6,37586 - 33753 - 66177
2026-02-09,MB,Hà Nội,7,17956 - 15116 - 75001 - 09788
2026-02-09,MT,Đà Nẵng,ĐB,94757
2026-02-09,MT,Đà Nẵng,1,48253
2026-02-09,MT,Đà Nẵng,2,37106
2026-02-09,MT,Đà Nẵng,3,72529 - 63890 - 32600 - 85716 - 39972 - 46857
2026-02-09,MT,Đà Nẵng,4,07589 - 13771 - 50630 - 67471 - 37488 - 56321
2026-02-09,MT,Đà Nẵng,5,33400 - 59994 - 01401
2026-02-09,MT,Đà Nẵng,6,51618 - 17263 - 20077
2026-02-09,MT,Đà Nẵng,7,32739 - 96906 - 43279 - 29131
2026-02-09,MT,Đà Nẵng,8,17045
2026-02-09,MT,Khánh Hòa,ĐB,43372
2026-02-09,MT,Khánh Hòa,1,19647
2026-02-09,MT,Khánh Hòa,2,03068
2026-02-09,MT,Khánh Hòa,3,43082 - 88864 - 88259 - 40349 - 07634 - 45671
2026-02-09,MT,Khánh Hòa,4,35417 - 02940 - 26113 - 35049 - 06689 - 26088
2026-02-09,MT,Khánh Hòa,5,98685 - 02895 - 90052
2026-02-09,MT,Khánh Hòa,6,21062 - 65898 - 51290
2026-02-09,MT,Khánh Hòa,7,63981 - 64123 - 98109 - 44748
2026-02-09,MT,Khánh Hòa,8,43637
2026-02-09,MN,TP. HCM,ĐB,10407
2026-02-09,MN,TP. HCM,1,03227
2026-02-09,MN,TP. HCM,2,17219
2026-02-09,MN,TP. HCM,3,55910 - 72008 - 78909 - 86317 - 42728 - 17495
2026-02-09,MN,TP. HCM,4,28278 - 14420 - 95998 - 97241 - 79078 - 87265
2026-02-09,MN,TP. HCM,5,54949 - 22627 - 04430
2026-02-09,MN,TP. HCM,6,92430 - 17438 - 34226
2026-02-09,MN,TP. HCM,7,35968 - 72652 - 94683 - 64370
2026-02-09,MN,TP. HCM,8,85501
2026-02-09,MN,Đồng Tháp,ĐB,88814
2026-02-09,MN,Đồng Tháp,1,57145
2026-02-09,MN,Đồng Tháp,2,47059
2026-02-09,MN,Đồng Tháp,3,09727 - 41355 - 96107 - 18958 - 33398 - 54601
2026-02-09,MN,Đồng Tháp,4,69295 - 43429 - 44579 - 62282 - 76770 - 06917
2026-02-09,MN,Đồng Tháp,5,92183 - 60244 - 51373
2026-02-09,MN,Đồng Tháp,6,14150 - 02297 - 13449
2026-02-09,MN,Đồng Tháp,7,86584 - 52012 - 04683 - 24277
2026-02-09,MN,Đồng Tháp,8,41070
2026-02-09,MN,Cà Mau,ĐB,75617
2026-02-09,MN,Cà Mau,1,82879
2026-02-09,MN,Cà Mau,2,19824
2026-02-09,MN,Cà Mau,3,73693 - 89507 - 89343 - 52402 - 76558 - 24603
2026-02-09,MN,Cà Mau,4,75048 - 26891 - 75888 - 24633 - 54113 - 91670
2026-02-09,MN,Cà Mau,5,06031 - 45133 - 31049
2026-02-09,MN,Cà Mau,6,21653 - 28848 - 40037
2026-02-09,MN,Cà Mau,7,20301 - 22216 - 01015 - 84369
2026-02-09,MN,Cà Mau,8,07487
2026-02-10,MB,Hà Nội,ĐB,54704
2026-02-10,MB,Hà Nội,1,36151
2026-02-10,MB,Hà Nội,2,66459
2026-02-10,MB,Hà Nội,3,65443 - 38769 - 09951 - 62521 - 45824 - 52300
2026-02-10,MB,Hà Nội,4,51986 - 15200 - 04669 - 21270 - 12427 - 52408
2026-02-10,MB,Hà Nội,5,88041 - 26536 - 40509
2026-02-10,MB,Hà Nội,6,64558 - 10717 - 70646
2026-02-10,MB,Hà Nội,7,58485 - 78726 - 48587 - 45748
2026-02-10,MT,Đà Nẵng,ĐB,83876
2026-02-10,MT,Đà Nẵng,1,27295
2026-02-10,MT,Đà Nẵng,2,96889
2026-02-10,MT,Đà Nẵng,3,69101 - 91557 - 41383 - 79714 - 52665 - 98616
2026-02-10,MT,Đà Nẵng,4,47451 - 22060 - 60760 - 18397 - 07751 - 41759
2026-02-10,MT,Đà Nẵng,5,52456 - 39182 - 20608
2026-02-10,MT,Đà Nẵng,6,29953 - 13154 - 51103
2026-02-10,MT,Đà Nẵng,7,68971 - 40544 - 09171 - 67199
2026-02-10,MT,Đà Nẵng,8,68460
2026-02-10,MT,Khánh Hòa,ĐB,58624
2026-02-10,MT,Khánh Hòa,1,70521
2026-02-10,MT,Khánh Hòa,2,17634
2026-02-10,MT,Khánh Hòa,3,09258 - 21327 - 14574 - 53600 - 32153 - 93737
2026-02-10,MT,Khánh Hòa,4,55425 - 83202 - 43027 - 71356 - 27687 - 69958
2026-02-10,MT,Khánh Hòa,5,68097 - 83206 - 18877
2026-02-10,MT,Khánh Hòa,6,16215 - 50270 - 77163
2026-02-10,MT,Khánh Hòa,7,00513 - 54903 - 80960 - 40795
2026-02-10,MT,Khánh Hòa,8,40942
2026-02-10,MN,TP. HCM,ĐB,70845
2026-02-10,MN,TP. HCM,1,20583
2026-02-10,MN,TP. HCM,2,83711
2026-02-10,MN,TP. HCM,3,68067 - 00346 - 87480 - 22194 - 65254 - 97978
2026-02-10,MN,TP. HCM,4,12760 - 85895 - 19471 - 46199 - 02974 - 13875
2026-02-10,MN,TP. HCM,5,22696 - 23343 - 72275
2026-02-10,MN,TP. HCM,6,09644 - 67996 - 83737
2026-02-10,MN,TP. HCM,7,21326 - 15868 - 85299 - 54803
2026-02-10,MN,TP. HCM,8,87041
2026-02-10,MN,Đồng Tháp,ĐB,94359
2026-02-10,MN,Đồng Tháp,1,64420
2026-02-10,MN,Đồng Tháp,2,62884
2026-02-10,MN,Đồng Tháp,3,91112 - 67201 - 34476 - 57350 - 80725 - 67352
2026-02-10,MN,Đồng Tháp,4,67110 - 87673 - 73070 - 85088 - 81153 - 97138
2026-02-10,MN,Đồng Tháp,5,95290 - 30709 - 20515
2026-02-10,MN,Đồng Tháp,6,91089 - 99071 - 74003
2026-02-10,MN,Đồng Tháp,7,63173 - 46696 - 65672 - 28079
2026-02-10,MN,Đồng Tháp,8,03481
2026-02-10,MN,Cà Mau,ĐB,45977
2026-02-10,MN,Cà Mau,1,45852
2026-02-10,MN,Cà Mau,2,34777
2026-02-10,MN,Cà Mau,3,41569 - 80937 - 77014 - 49374 - 98079 - 26163
2026-02-10,MN,Cà Mau,4,58647 - 85896 - 77049 - 89285 - 40129 - 97857
2026-02-10,MN,Cà Mau,5,46253 - 81935 - 10729
2026-02-10,MN,Cà Mau,6,26470 - 74704 - 24205
2026-02-10,MN,Cà Mau,7,02455 - 41736 - 04329 - 20960
2026-02-10,MN,Cà Mau,8,54753
2026-02-11,MB,Hà Nội,ĐB,30378
2026-02-11,MB,Hà Nội,1,53049
2026-02-11,MB,Hà Nội,2,71300
2026-02-11,MB,Hà Nội,3,61387 - 46809 - 09643 - 23288 - 47789 - 93158
2026-02-11,MB,Hà Nội,4,57264 - 09384 - 31233 - 17199 - 87589 - 24120
2026-02-11,MB,Hà Nội,5,45289 - 57431 - 35100
2026-02-11,MB,Hà Nội,6,33587 - 73838 - 57607
2026-02-11,MB,Hà Nội,7,64654 - 51923 - 68649 - 69310
2026-02-11,MT,Đà Nẵng,ĐB,35080
2026-02-11,MT,Đà Nẵng,1,43154
2026-02-11,MT,Đà Nẵng,2,65338
2026-02-11,MT,Đà Nẵng,3,61850 - 26653 - 57897 - 06682 - 53895 - 33434
2026-02-11,MT,Đà Nẵng,4,31052 - 21026 - 61568 - 39297 - 43725 - 36872
2026-02-11,MT,Đà Nẵng,5,45200 - 99106 - 52437
2026-02-11,MT,Đà Nẵng,6,80716 - 19289 - 71268
2026-02-11,MT,Đà Nẵng,7,78588 - 64914 - 78828 - 06663
2026-02-11,MT,Đà Nẵng,8,35293
2026-02-11,MT,Khánh Hòa,ĐB,07070
2026-02-11,MT,Khánh Hòa,1,90677
2026-02-11,MT,Khánh Hòa,2,25550
2026-02-11,MT,Khánh Hòa,3,19301 - 32081 - 94867 - 36032 - 23376 - 50304
2026-02-11,MT,Khánh Hòa,4,12908 - 62556 - 47586 - 72852 - 35698 - 52914
2026-02-11,MT,Khánh Hòa,5,58955 - 64601 - 94995
2026-02-11,MT,Khánh Hòa,6,16727 - 95991 - 15956
2026-02-11,MT,Khánh Hòa,7,52290 - 23623 - 99643 - 52341
2026-02-11,MT,Khánh Hòa,8,81743
2026-02-11,MN,TP. HCM,ĐB,45904
2026-02-11,MN,TP. HCM,1,02818
2026-02-11,MN,TP. HCM,2,03180
2026-02-11,MN,TP. HCM,3,77587 - 45941 - 55537 - 10908 - 27967 - 02791
2026-02-11,MN,TP. HCM,4,49003 - 28890 - 39070 - 80162 - 04358 - 15713
2026-02-11,MN,TP. HCM,5,99775 - 97201 - 17188
2026-02-11,MN,TP. HCM,6,30286 - 56202 - 07680
2026-02-11,MN,TP. HCM,7,62032 - 74435 - 24818 - 26866
2026-02-11,MN,TP. HCM,8,96368
2026-02-11,MN,Đồng Tháp,ĐB,38071
2026-02-11,MN,Đồng Tháp,1,33000
2026-02-11,MN,Đồng Tháp,2,78893
2026-02-11,MN,Đồng Tháp,3,48330 - 07730 - 89453 - 28829 - 81780 - 09430
2026-02-11,MN,Đồng Tháp,4,38547 - 59899 - 30580 - 09096 - 92285 - 70662
2026-02-11,MN,Đồng Tháp,5,17062 - 94134 - 89283
2026-02-11,MN,Đồng Tháp,6,42241 - 60457 - 00413
2026-02-11,MN,Đồng Tháp,7,61923 - 32261 - 54232 - 38584
2026-02-11,MN,Đồng Tháp,8,94345
2026-02-11,MN,Cà Mau,ĐB,49801
2026-02-11,MN,Cà Mau,1,09453
2026-02-11,MN,Cà Mau,2,96721
2026-02-11,MN,Cà Mau,3,36037 - 93295 - 84284 - 55617 - 62447 - 95018
2026-02-11,MN,Cà Mau,4,17558 - 68483 - 59873 - 68996 - 23902 - 18454
2026-02-11,MN,Cà Mau,5,90860 - 09403 - 47364
2026-02-11,MN,Cà Mau,6,06497 - 54573 - 36220
2026-02-11,MN,Cà Mau,7,18315 - 06977 - 33902 - 52006
2026-02-11,MN,Cà Mau,8,94733
2026-02-12,MB,Hà Nội,ĐB,48137
2026-02-12,MB,Hà Nội,1,00421
2026-02-12,MB,Hà Nội,2,04451
2026-02-12,MB,Hà Nội,3,32685 - 11572 - 70346 - 61043 - 52446 - 85641
2026-02-12,MB,Hà Nội,4,67980 - 66362 - 06327 - 41466 - 92788 - 66877
2026-02-12,MB,Hà Nội,5,75780 - 08700 - 41087
2026-02-12,MB,Hà Nội,6,18373 - 52040 - 39681
2026-02-12,MB,Hà Nội,7,05419 - 76930 - 61511 - 61951
2026-02-12,MT,Đà Nẵng,ĐB,17370
2026-02-12,MT,Đà Nẵng,1,69336
2026-02-12,MT,Đà Nẵng,2,20006
2026-02-12,MT,Đà Nẵng,3,95417 - 37672 - 12953 - 97280 - 54798 - 56877
2026-02-12,MT,Đà Nẵng,4,44450 - 73545 - 33319 - 43445 - 34397 - 90215
2026-02-12,MT,Đà Nẵng,5,12907 - 37964 - 70943
2026-02-12,MT,Đà Nẵng,6,70905 - 09810 - 07630
2026-02-12,MT,Đà Nẵng,7,31640 - 11890 - 96849 - 67372
2026-02-12,MT,Đà Nẵng,8,77134
2026-02-12,MT,Khánh Hòa,ĐB,63785
2026-02-12,MT,Khánh Hòa,1,28687
2026-02-12,MT,Khánh Hòa,2,77601
2026-02-12,MT,Khánh Hòa,3,85343 - 48219 - 00645 - 20981 - 74014 - 56794
2026-02-12,MT,Khánh Hòa,4,40015 - 95070 - 54443 - 50877 - 11580 - 35207
2026-02-12,MT,Khánh Hòa,5,67586 - 36692 - 39106
2026-02-12,MT,Khánh Hòa,6,88891 - 90097 - 81152
2026-02-12,MT,Khánh Hòa,7,72385 - 58876 - 07172 - 04183
2026-02-12,MT,Khánh Hòa,8,67542
2026-02-12,MN,TP. HCM,ĐB,44377
2026-02-12,MN,TP. HCM,1,35968
2026-02-12,MN,TP. HCM,2,53811
2026-02-12,MN,TP. HCM,3,67367 - 88292 - 07701 - 51239 - 96391 - 01015
2026-02-12,MN,TP. HCM,4,29142 - 23119 - 40327 - 47253 - 44260 - 05746
2026-02-12,MN,TP. HCM,5,78271 - 24948 - 01374
2026-02-12,MN,TP. HCM,6,37089 - 98753 - 70132
2026-02-12,MN,TP. HCM,7,44157 - 80842 - 64060 - 34199
2026-02-12,MN,TP. HCM,8,12056
2026-02-12,MN,Đồng Tháp,ĐB,82649
2026-02-12,MN,Đồng Tháp,1,01408
2026-02-12,MN,Đồng Tháp,2,06091
2026-02-12,MN,Đồng Tháp,3,58679 - 25483 - 34530 - 21418 - 00810 - 55939
2026-02-12,MN,Đồng Tháp,4,75366 - 76472 - 53606 - 91073 - 67228 - 99764
2026-02-12,MN,Đồng Tháp,5,01238 - 16595 - 89677
2026-02-12,MN,Đồng Tháp,6,31877 - 56477 - 65080
2026-02-12,MN,Đồng Tháp,7,27925 - 13293 - 01830 - 35607
2026-02-12,MN,Đồng Tháp,8,03533
2026-02-12,MN,Cà Mau,ĐB,24135
2026-02-12,MN,Cà Mau,1,54151
2026-02-12,MN,Cà Mau,2,40760
2026-02-12,MN,Cà Mau,3,86400 - 34358 - 82109 - 03817 - 56709 - 89208
2026-02-12,MN,Cà Mau,4,17889 - 64389 - 32803 - 17528 - 46195 - 38789
2026-02-12,MN,Cà Mau,5,56850 - 28194 - 59298
2026-02-12,MN,Cà Mau,6,97213 - 43777 - 06846
2026-02-12,MN,Cà Mau,7,21107 - 44855 - 41667 - 53547
2026-02-12,MN,Cà Mau,8,36948
2026-02-13,MB,Hà Nội,ĐB,32600
2026-02-13,MB,Hà Nội,1,13084
2026-02-13,MB,Hà Nội,2,27826
2026-02-13,MB,Hà Nội,3,27226 - 92295 - 55161 - 57611 - 52695 - 33295
2026-02-13,MB,Hà Nội,4,04472 - 46520 - 87876 - 09670 - 68881 - 57051
2026-02-13,MB,Hà Nội,5,79085 - 97319 - 92750
2026-02-13,MB,Hà Nội,6,27959 - 47478 - 34666
2026-02-13,MB,Hà Nội,7,54309 - 69693 - 18148 - 85434
2026-02-13,MT,Đà Nẵng,ĐB,51550
2026-02-13,MT,Đà Nẵng,1,25438
2026-02-13,MT,Đà Nẵng,2,92361
2026-02-13,MT,Đà Nẵng,3,16983 - 66535 - 50271 - 96029 - 53413 - 38168
2026-02-13,MT,Đà Nẵng,4,90660 - 78285 - 47250 - 24714 - 42903 - 08935
2026-02-13,MT,Đà Nẵng,5,22474 - 50553 - 48493
2026-02-13,MT,Đà Nẵng,6,84295 - 75966 - 34686
2026-02-13,MT,Đà Nẵng,7,46160 - 73784 - 15039 - 20767
2026-02-13,MT,Đà Nẵng,8,24884
2026-02-13,MT,Khánh Hòa,ĐB,78702
2026-02-13,MT,Khánh Hòa,1,56172
2026-02-13,MT,Khánh Hòa,2,29526
2026-02-13,MT,Khánh Hòa,3,63813 - 05792 - 40628 - 99263 - 70191 - 86812
2026-02-13,MT,Khánh Hòa,4,88181 - 58085 - 54719 - 21280 - 98521 - 49354
2026-02-13,MT,Khánh Hòa,5,22732 - 34230 - 70271
2026-02-13,MT,Khánh Hòa,6,26036 - 13154 - 34730
2026-02-13,MT,Khánh Hòa,7,07862 - 38180 - 56432 - 58034
2026-02-13,MT,Khánh Hòa,8,72240
2026-02-13,MN,TP. HCM,ĐB,87043
2026-02-13,MN,TP. HCM,1,61314
2026-02-13,MN,TP. HCM,2,88664
2026-02-13,MN,TP. HCM,3,45045 - 71653 - 71338 - 95285 - 92883 - 49408
2026-02-13,MN,TP. HCM,4,24118 - 74638 - 01788 - 25672 - 57124 - 91091
2026-02-13,MN,TP. HCM,5,90373 - 97949 - 15924
2026-02-13,MN,TP. HCM,6,86669 - 05394 - 15397
2026-02-13,MN,TP. HCM,7,59060 - 20752 - 91607 - 15398
2026-02-13,MN,TP. HCM,8,59928
2026-02-13,MN,Đồng Tháp,ĐB,41926
2026-02-13,MN,Đồng Tháp,1,36240
2026-02-13,MN,Đồng Tháp,2,70623
2026-02-13,MN,Đồng Tháp,3,01709 - 48009 - 02265 - 24374 - 23103 - 66727
2026-02-13,MN,Đồng Tháp,4,91572 - 71091 - 89686 - 81344 - 58348 - 59067
2026-02-13,MN,Đồng Tháp,5,59958 - 08822 - 22457
2026-02-13,MN,Đồng Tháp,6,90573 - 65559 - 73630
2026-02-13,MN,Đồng Tháp,7,49771 - 39620 - 49620 - 22487
2026-02-13,MN,Đồng Tháp,8,17104
2026-02-13,MN,Cà Mau,ĐB,84880
2026-02-13,MN,Cà Mau,1,04272
2026-02-13,MN,Cà Mau,2,20004
2026-02-13,MN,Cà Mau,3,50904 - 54075 - 69983 - 05318 - 50358 - 06080
2026-02-13,MN,Cà Mau,4,59243 - 53235 - 05265 - 09110 - 62389 - 49524
2026-02-13,MN,Cà Mau,5,59974 - 43588 - 82880
2026-02-13,MN,Cà Mau,6,03341 - 07820 - 05210
2026-02-13,MN,Cà Mau,7,96656 - 81404 - 73455 - 54387
2026-02-13,MN,Cà Mau,8,36570
2026-02-14,MB,Hà Nội,ĐB,09177
2026-02-14,MB,Hà Nội,1,82317
2026-02-14,MB,Hà Nội,2,47182
2026-02-14,MB,Hà Nội,3,99694 - 94464 - 86303 - 12639 - 85874 - 33260
2026-02-14,MB,Hà Nội,4,20958 - 11301 - 68812 - 09624 - 40747 - 66993
2026-02-14,MB,Hà Nội,5,60369 - 34308 - 83330
2026-02-14,MB,Hà Nội,6,03244 - 38235 - 13997
2026-02-14,MB,Hà Nội,7,04641 - 66570 - 79264 - 76522
2026-02-14,MT,Đà Nẵng,ĐB,08602
2026-02-14,MT,Đà Nẵng,1,93416
2026-02-14,MT,Đà Nẵng,2,78103
2026-02-14,MT,Đà Nẵng,3,48237 - 69825 - 28955 - 02873 - 29634 - 44624
2026-02-14,MT,Đà Nẵng,4,93233 - 93340 - 53987 - 57332 - 35494 - 13769
2026-02-14,MT,Đà Nẵng,5,13938 - 09844 - 21874
2026-02-14,MT,Đà Nẵng,6,44831 - 55256 - 81424
2026-02-14,MT,Đà Nẵng,7,76339 - 02767 - 71868 - 74134
2026-02-14,MT,Đà Nẵng,8,03493
2026-02-14,MT,Khánh Hòa,ĐB,42741
2026-02-14,MT,Khánh Hòa,1,50143
2026-02-14,MT,Khánh Hòa,2,28300
2026-02-14,MT,Khánh Hòa,3,02762 - 53316 - 19412 - 71593 - 19709 - 78973
2026-02-14,MT,Khánh Hòa,4,30892 - 58582 - 07742 - 61783 - 30914 - 17365
2026-02-14,MT,Khánh Hòa,5,37695 - 72745 - 17020
2026-02-14,MT,Khánh Hòa,6,34265 - 29598 - 14265
2026-02-14,MT,Khánh Hòa,7,72476 - 44721 - 91859 - 41011
2026-02-14,MT,Khánh Hòa,8,69159
2026-02-14,MN,TP. HCM,ĐB,19665
2026-02-14,MN,TP. HCM,1,59669
2026-02-14,MN,TP. HCM,2,96139
2026-02-14,MN,TP. HCM,3,95906 - 39655 - 19606 - 58736 - 53243 - 05058
2026-02-14,MN,TP. HCM,4,79330 - 04754 - 41786 - 82517 - 71552 - 81360
2026-02-14,MN,TP. HCM,5,35251 - 94877 - 09635
2026-02-14,MN,TP. HCM,6,90576 - 39713 - 33183
2026-02-14,MN,TP. HCM,7,03847 - 74933 - 62914 - 24360
2026-02-14,MN,TP. HCM,8,65195
2026-02-14,MN,Đồng Tháp,ĐB,28618
2026-02-14,MN,Đồng Tháp,1,76174
2026-02-14,MN,Đồng Tháp,2,87930
2026-02-14,MN,Đồng Tháp,3,82783 - 30598 - 67724 - 71058 - 54945 - 15344
2026-02-14,MN,Đồng Tháp,4,94294 - 54125 - 32608 - 10998 - 64304 - 56603
2026-02-14,MN,Đồng Tháp,5,62553 - 04446 - 97192
2026-02-14,MN,Đồng Tháp,6,43564 - 93164 - 32567
2026-02-14,MN,Đồng Tháp,7,81043 - 36742 - 71201 - 21909
2026-02-14,MN,Đồng Tháp,8,65159
2026-02-14,MN,Cà Mau,ĐB,89804
2026-02-14,MN,Cà Mau,1,89716
2026-02-14,MN,Cà Mau,2,50376
2026-02-14,MN,Cà Mau,3,90501 - 69198 - 09357 - 20860 - 45474 - 28225
2026-02-14,MN,Cà Mau,4,82646 - 75509 - 63456 - 39718 - 65438 - 04699
2026-02-14,MN,Cà Mau,5,03615 - 17553 - 07119
2026-02-14,MN,Cà Mau,6,11109 - 42513 - 62354
2026-02-14,MN,Cà Mau,7,48628 - 36747 - 36966 - 71493
2026-02-14,MN,Cà Mau,8,22913
2026-02-15,MB,Hà Nội,ĐB,44476
2026-02-15,MB,Hà Nội,1,28852
2026-02-15,MB,Hà Nội,2,63116
2026-02-15,MB,Hà Nội,3,42633 - 89742 - 07156 - 79661 - 00929 - 78072
2026-02-15,MB,Hà Nội,4,25164 - 43739 - 60545 - 62651 - 98821 - 94230
2026-02-15,MB,Hà Nội,5,15544 - 86184 - 54994
2026-02-15,MB,Hà Nội,6,49340 - 91655 - 51477
2026-02-15,MB,Hà Nội,7,69976 - 24418 - 67651 - 89246
2026-02-15,MT,Đà Nẵng,ĐB,56282
2026-02-15,MT,Đà Nẵng,1,14505
2026-02-15,MT,Đà Nẵng,2,66577
2026-02-15,MT,Đà Nẵng,3,89513 - 14580 - 60685 - 90468 - 07834 - 70166
2026-02-15,MT,Đà Nẵng,4,15365 - 82584 - 28993 - 10484 - 44641 - 79314
2026-02-15,MT,Đà Nẵng,5,22604 - 72013 - 68080
2026-02-15,MT,Đà Nẵng,6,72128 - 03292 - 98319
2026-02-15,MT,Đà Nẵng,7,46682 - 91452 - 49635 - 58244
2026-02-15,MT,Đà Nẵng,8,24564
2026-02-15,MT,Khánh Hòa,ĐB,68824
2026-02-15,MT,Khánh Hòa,1,99212
2026-02-15,MT,Khánh Hòa,2,84797
2026-02-15,MT,Khánh Hòa,3,87222 - 13149 - 27135 - 42323 - 03316 - 07086
2026-02-15,MT,Khánh Hòa,4,84598 - 11091 - 96694 - 31202 - 43580 - 73941
2026-02-15,MT,Khánh Hòa,5,40232 - 83186 - 80879
2026-02-15,MT,Khánh Hòa,6,54987 - 21854 - 81007
2026-02-15,MT,Khánh Hòa,7,04165 - 29179 - 71663 - 68862
2026-02-15,MT,Khánh Hòa,8,36910
2026-02-15,MN,TP. HCM,ĐB,35292
2026-02-15,MN,TP. HCM,1,68041
2026-02-15,MN,TP. HCM,2,70763
2026-02-15,MN,TP. HCM,3,68577 - 53371 - 30442 - 75338 - 28276 - 15651
2026-02-15,MN,TP. HCM,4,53290 - 70517 - 36705 - 99884 - 01491 - 11695
2026-02-15,MN,TP. HCM,5,43815 - 43550 - 32486
2026-02-15,MN,TP. HCM,6,85959 - 57737 - 44724
2026-02-15,MN,TP. HCM,7,98409 - 77558 - 89726 - 88980
2026-02-15,MN,TP. HCM,8,75397
2026-02-15,MN,Đồng Tháp,ĐB,86969
2026-02-15,MN,Đồng Tháp,1,85704
2026-02-15,MN,Đồng Tháp,2,69437
2026-02-15,MN,Đồng Tháp,3,22364 - 07299 - 30548 - 79586 - 92180 - 83932
2026-02-15,MN,Đồng Tháp,4,08305 - 00770 - 34891 - 80493 - 64337 - 60273
2026-02-15,MN,Đồng Tháp,5,96227 - 32295 - 87596
2026-02-15,MN,Đồng Tháp,6,78329 - 03711 - 32094
2026-02-15,MN,Đồng Tháp,7,68196 - 68691 - 82917 - 51694
2026-02-15,MN,Đồng Tháp,8,65503
2026-02-15,MN,Cà Mau,ĐB,81165
2026-02-15,MN,Cà Mau,1,45362
2026-02-15,MN,Cà Mau,2,95319
2026-02-15,MN,Cà Mau,3,87419 - 62663 - 45239 - 05666 - 85774 - 21495
2026-02-15,MN,Cà Mau,4,24235 - 86307 - 71318 - 74072 - 52493 - 05709
2026-02-15,MN,Cà Mau,5,61006 - 56706 - 71882
2026-02-15,MN,Cà Mau,6,09894 - 94609 - 14571
2026-02-15,MN,Cà Mau,7,28893 - 09294 - 77838 - 15969
2026-02-15,MN,Cà Mau,8,00470
2026-02-16,MB,Hà Nội,ĐB,98306
2026-02-16,MB,Hà Nội,1,88987
2026-02-16,MB,Hà Nội,2,80828
2026-02-16,MB,Hà Nội,3,47167 - 69046 - 70977 - 95733 - 41770 - 70455
2026-02-16,MB,Hà Nội,4,06893 - 97538 - 40479 - 35959 - 18975 - 18530
2026-02-16,MB,Hà Nội,5,44850 - 77631 - 51849
2026-02-16,MB,Hà Nội,6,30115 - 39880 - 53014
2026-02-16,MB,Hà Nội,7,00593 - 54097 - 73144 - 60931
2026-02-16,MT,Đà Nẵng,ĐB,73738
2026-02-16,MT,Đà Nẵng,1,23590
2026-02-16,MT,Đà Nẵng,2,87994
2026-02-16,MT,Đà Nẵng,3,89521 - 60386 - 99794 - 42706 - 65295 - 12475
2026-02-16,MT,Đà Nẵng,4,08756 - 08485 - 42505 - 11737 - 23287 - 62558
2026-02-16,MT,Đà Nẵng,5,03322 - 77742 - 85190
2026-02-16,MT,Đà Nẵng,6,33642 - 76915 - 64409
2026-02-16,MT,Đà Nẵng,7,91766 - 98433 - 35220 - 29881
2026-02-16,MT,Đà Nẵng,8,22983
2026-02-16,MT,Khánh Hòa,ĐB,69330
2026-02-16,MT,Khánh Hòa,1,32038
2026-02-16,MT,Khánh Hòa,2,21656
2026-02-16,MT,Khánh Hòa,3,78996 - 99044 - 41058 - 12165 - 23758 - 12923
2026-02-16,MT,Khánh Hòa,4,38504 - 84938 - 57744 - 63434 - 98365 - 55286
2026-02-16,MT,Khánh Hòa,5,82318 - 31724 - 10921
2026-02-16,MT,Khánh Hòa,6,84278 - 16984 - 79209
2026-02-16,MT,Khánh Hòa,7,36542 - 58383 - 84418 - 79642
2026-02-16,MT,Khánh Hòa,8,11257
2026-02-16,MN,TP. HCM,ĐB,61197
2026-02-16,MN,TP. HCM,1,34969
2026-02-16,MN,TP. HCM,2,74259
2026-02-16,MN,TP. HCM,3,14099 - 66139 - 25708 - 76509 - 84917 - 51555
2026-02-16,MN,TP. HCM,4,30441 - 94174 - 41046 - 53537 - 10272 - 23706
2026-02-16,MN,TP. HCM,5,18937 - 99162 - 38815
2026-02-16,MN,TP. HCM,6,34270 - 10769 - 62248
2026-02-16,MN,TP. HCM,7,85552 - 03696 - 62108 - 73121
2026-02-16,MN,TP. HCM,8,15714
2026-02-16,MN,Đồng Tháp,ĐB,02836
2026-02-16,MN,Đồng Tháp,1,08316
2026-02-16,MN,Đồng Tháp,2,23041
2026-02-16,MN,Đồng Tháp,3,72780 - 42692 - 90912 - 41469 - 49369 - 61754
2026-02-16,MN,Đồng Tháp,4,14416 - 65119 - 42512 - 20142 - 15328 - 15890
2026-02-16,MN,Đồng Tháp,5,54244 - 97223 - 74740
2026-02-16,MN,Đồng Tháp,6,68518 - 57052 - 88252
2026-02-16,MN,Đồng Tháp,7,83613 - 07595 - 25840 - 74338
2026-02-16,MN,Đồng Tháp,8,72626
2026-02-16,MN,Cà Mau,ĐB,14501
2026-02-16,MN,Cà Mau,1,47207
2026-02-16,MN,Cà Mau,2,40735
2026-02-16,MN,Cà Mau,3,52329 - 08188 - 49458 - 47472 - 33697 - 45906
2026-02-16,MN,Cà Mau,4,40389 - 10633 - 86719 - 25417 - 21214 - 71806
2026-02-16,MN,Cà Mau,5,45785 - 18323 - 68059
2026-02-16,MN,Cà Mau,6,97125 - 63278 - 95036
2026-02-16,MN,Cà Mau,7,68394 - 37369 - 93436 - 88471
2026-02-16,MN,Cà Mau,8,24015
2026-02-17,MB,Hà Nội,ĐB,58675
2026-02-17,MB,Hà Nội,1,87296
2026-02-17,MB,Hà Nội,2,12749
2026-02-17,MB,Hà Nội,3,67397 - 19612 - 96664 - 76559 - 23631 - 38016
2026-02-17,MB,Hà Nội,4,44150 - 13986 - 34873 - 08148 - 46778 - 41990
2026-02-17,MB,Hà Nội,5,52232 - 11332 - 04707
2026-02-17,MB,Hà Nội,6,45412 - 95353 - 01660
2026-02-17,MB,Hà Nội,7,16430 - 09946 - 09768 - 92167
2026-02-17,MT,Đà Nẵng,ĐB,82787
2026-02-17,MT,Đà Nẵng,1,93528
2026-02-17,MT,Đà Nẵng,2,52286
2026-02-17,MT,Đà Nẵng,3,21915 - 03757 - 21638 - 71511 - 87090 - 30146
2026-02-17,MT,Đà Nẵng,4,46086 - 45346 - 46068 - 67980 - 72335 - 41926
2026-02-17,MT,Đà Nẵng,5,53635 - 16874 - 07466
2026-02-17,MT,Đà Nẵng,6,42898 - 38531 - 61611
2026-02-17,MT,Đà Nẵng,7,96637 - 99435 - 17102 - 34334
2026-02-17,MT,Đà Nẵng,8,37095
2026-02-17,MT,Khánh Hòa,ĐB,24536
2026-02-17,MT,Khánh Hòa,1,47429
2026-02-17,MT,Khánh Hòa,2,86395
2026-02-17,MT,Khánh Hòa,3,79169 - 76027 - 39074 - 37989 - 54699 - 23639
2026-02-17,MT,Khánh Hòa,4,07767 - 81210 - 52050 - 82682 - 05311 - 18980
2026-02-17,MT,Khánh Hòa,5,21343 - 89927 - 87118
2026-02-17,MT,Khánh Hòa,6,79833 - 84663 - 22884
2026-02-17,MT,Khánh Hòa,7,34954 - 45191 - 78214 - 71454
2026-02-17,MT,Khánh Hòa,8,00521
2026-02-17,MN,TP. HCM,ĐB,97189
2026-02-17,MN,TP. HCM,1,76834
2026-02-17,MN,TP. HCM,2,52738
2026-02-17,MN,TP. HCM,3,69651 - 00221 - 85360 - 46546 - 79091 - 56176
2026-02-17,MN,TP. HCM,4,74715 - 92438 - 40806 - 60122 - 72531 - 25741
2026-02-17,MN,TP. HCM,5,07345 - 57794 - 79277
2026-02-17,MN,TP. HCM,6,04785 - 03511 - 42952
2026-02-17,MN,TP. HCM,7,41635 - 07102 - 84776 - 74095
2026-02-17,MN,TP. HCM,8,78073
2026-02-17,MN,Đồng Tháp,ĐB,50680
2026-02-17,MN,Đồng Tháp,1,81171
2026-02-17,MN,Đồng Tháp,2,03475
2026-02-17,MN,Đồng Tháp,3,47498 - 56241 - 64720 - 43236 - 71809 - 39709
2026-02-17,MN,Đồng Tháp,4,74474 - 77428 - 44741 - 06380 - 37544 - 83832
2026-02-17,MN,Đồng Tháp,5,98695 - 21294 - 99558
2026-02-17,MN,Đồng Tháp,6,59223 - 80457 - 16161
2026-02-17,MN,Đồng Tháp,7,30905 - 58284 - 41998 - 11997
2026-02-17,MN,Đồng Tháp,8,22974
2026-02-17,MN,Cà Mau,ĐB,73285
2026-02-17,MN,Cà Mau,1,96359
2026-02-17,MN,Cà Mau,2,36085
2026-02-17,MN,Cà Mau,3,82771 - 98042 - 37083 - 58800 - 53028 - 31774
2026-02-17,MN,Cà Mau,4,68667 - 85820 - 11110 - 24452 - 02809 - 38475
2026-02-17,MN,Cà Mau,5,04085 - 63278 - 32699
2026-02-17,MN,Cà Mau,6,99031 - 75196 - 96678
2026-02-17,MN,Cà Mau,7,48116 - 05846 - 99093 - 60658
2026-02-17,MN,Cà Mau,8,80486
2026-02-18,MB,Hà Nội,ĐB,28811
2026-02-18,MB,Hà Nội,1,83377
2026-02-18,MB,Hà Nội,2,22568
2026-02-18,MB,Hà Nội,3,04621 - 50823 - 64110 - 83444 - 84702 - 11481
2026-02-18,MB,Hà Nội,4,85681 - 15864 - 32754 - 17780 - 51499 - 01474
2026-02-18,MB,Hà Nội,5,52725 - 28069 - 04135
2026-02-18,MB,Hà Nội,6,19731 - 08043 - 73224
2026-02-18,MB,Hà Nội,7,03022 - 05390 - 38237 - 89087
2026-02-18,MT,Đà Nẵng,ĐB,58219
2026-02-18,MT,Đà Nẵng,1,93080
2026-02-18,MT,Đà Nẵng,2,48171
2026-02-18,MT,Đà Nẵng,3,89411 - 88656 - 30852 - 65072 - 89886 - 71858
2026-02-18,MT,Đà Nẵng,4,26847 - 09842 - 65499 - 87062 - 34508 - 67984
2026-02-18,MT,Đà Nẵng,5,91009 - 34345 - 17429
2026-02-18,MT,Đà Nẵng,6,09276 - 09187 - 28639
2026-02-18,MT,Đà Nẵng,7,67601 - 11480 - 48822 - 28657
2026-02-18,MT,Đà Nẵng,8,17520
2026-02-18,MT,Khánh Hòa,ĐB,43453
2026-02-18,MT,Khánh Hòa,1,94544
2026-02-18,MT,Khánh Hòa,2,54207
2026-02-18,MT,Khánh Hòa,3,20858 - 54643 - 91913 - 97579 - 79079 - 36392
2026-02-18,MT,Khánh Hòa,4,54779 - 68486 - 48547 - 98352 - 24302 - 30965
2026-02-18,MT,Khánh Hòa,5,94183 - 85093 - 13611
2026-02-18,MT,Khánh Hòa,6,99194 - 61688 - 08070
2026-02-18,MT,Khánh Hòa,7,03597 - 56816 - 61501 - 97134
2026-02-18,MT,Khánh Hòa,8,57622
2026-02-18,MN,TP. HCM,ĐB,70219
2026-02-18,MN,TP. HCM,1,87870
2026-02-18,MN,TP. HCM,2,17538
2026-02-18,MN,TP. HCM,3,35872 - 75284 - 43484 - 11164 - 51958 - 98594
2026-02-18,MN,TP. HCM,4,90482 - 37483 - 46615 - 97979 - 25018 - 13047
2026-02-18,MN,TP. HCM,5,54956 - 63637 - 30217
2026-02-18,MN,TP. HCM,6,06154 - 75417 - 67367
2026-02-18,MN,TP. HCM,7,71811 - 28115 - 37190 - 13450
2026-02-18,MN,TP. HCM,8,08673
2026-02-18,MN,Đồng Tháp,ĐB,53925
2026-02-18,MN,Đồng Tháp,1,22350
2026-02-18,MN,Đồng Tháp,2,93293
2026-02-18,MN,Đồng Tháp,3,94551 - 89644 - 07051 - 71499 - 75678 - 56484
2026-02-18,MN,Đồng Tháp,4,85207 - 17049 - 61232 - 89323 - 59894 - 29888
2026-02-18,MN,Đồng Tháp,5,03486 - 76387 - 80226
2026-02-18,MN,Đồng Tháp,6,52032 - 79253 - 38251
2026-02-18,MN,Đồng Tháp,7,22290 - 30109 - 38902 - 06595
2026-02-18,MN,Đồng Tháp,8,49453
2026-02-18,MN,Cà Mau,ĐB,67165
2026-02-18,MN,Cà Mau,1,20140
2026-02-18,MN,Cà Mau,2,34295
2026-02-18,MN,Cà Mau,3,37739 - 37008 - 46179 - 20749 - 90463 - 11279
2026-02-18,MN,Cà Mau,4,41142 - 76059 - 99241 - 74679 - 03256 - 94661
2026-02-18,MN,Cà Mau,5,74015 - 59390 - 84388
2026-02-18,MN,Cà Mau,6,89592 - 21744 - 57492
2026-02-18,MN,Cà Mau,7,31513 - 66698 - 82132 - 39598
2026-02-18,MN,Cà Mau,8,29815
2026-02-19,MB,Hà Nội,ĐB,14256
2026-02-19,MB,Hà Nội,1,07698
2026-02-19,MB,Hà Nội,2,75541
2026-02-19,MB,Hà Nội,3,45626 - 23156 - 07652 - 24489 - 76047 - 71318
2026-02-19,MB,Hà Nội,4,08837 - 00421 - 61479 - 32161 - 90877 - 53808
2026-02-19,MB,Hà Nội,5,59380 - 86338 - 64494
2026-02-19,MB,Hà Nội,6,62321 - 59274 - 58670
2026-02-19,MB,Hà Nội,7,67615 - 36838 - 27517 - 84961
2026-02-19,MT,Đà Nẵng,ĐB,06083
2026-02-19,MT,Đà Nẵng,1,90020
2026-02-19,MT,Đà Nẵng,2,77512
2026-02-19,MT,Đà Nẵng,3,31693 - 93523 - 62240 - 63760 - 28916 - 55950
2026-02-19,MT,Đà Nẵng,4,17471 - 30251 - 10350 - 20851 - 49072 - 62408
2026-02-19,MT,Đà Nẵng,5,81610 - 90670 - 63542
2026-02-19,MT,Đà Nẵng,6,47689 - 94373 - 42443
2026-02-19,MT,Đà Nẵng,7,17593 - 30586 - 35328 - 04469
2026-02-19,MT,Đà Nẵng,8,55245
2026-02-19,MT,Khánh Hòa,ĐB,56823
2026-02-19,MT,Khánh Hòa,1,60547
2026-02-19,MT,Khánh Hòa,2,53179
2026-02-19,MT,Khánh Hòa,3,32883 - 72820 - 17588 - 67682 - 59333 - 08973
2026-02-19,MT,Khánh Hòa,4,91140 - 99817 - 07345 - 03146 - 80264 - 77691
2026-02-19,MT,Khánh Hòa,5,15094 - 47521 - 80854
2026-02-19,MT,Khánh Hòa,6,73282 - 42219 - 94120
2026-02-19,MT,Khánh Hòa,7,12849 - 33831 - 82518 - 85604
2026-02-19,MT,Khánh Hòa,8,48655
2026-02-19,MN,TP. HCM,ĐB,48646
2026-02-19,MN,TP. HCM,1,13857
2026-02-19,MN,TP. HCM,2,72326
2026-02-19,MN,TP. HCM,3,45527 - 41096 - 54096 - 16547 - 40560 - 08821
2026-02-19,MN,TP. HCM,4,12950 - 55786 - 83417 - 65439 - 23353 - 26290
2026-02-19,MN,TP. HCM,5,72942 - 66318 - 42430
2026-02-19,MN,TP. HCM,6,75951 - 90634 - 08333
2026-02-19,MN,TP. HCM,7,25781 - 06002 - 66976 - 14300
2026-02-19,MN,TP. HCM,8,62743
2026-02-19,MN,Đồng Tháp,ĐB,03261
2026-02-19,MN,Đồng Tháp,1,45203
2026-02-19,MN,Đồng Tháp,2,10436
2026-02-19,MN,Đồng Tháp,3,27184 - 83859 - 80340 - 46924 - 30535 - 75218
2026-02-19,MN,Đồng Tháp,4,46295 - 22022 - 68219 - 41072 - 73956 - 21419
2026-02-19,MN,Đồng Tháp,5,12773 - 79555 - 58710
2026-02-19,MN,Đồng Tháp,6,24830 - 77890 - 69046
2026-02-19,MN,Đồng Tháp,7,45162 - 00332 - 83205 - 64851
2026-02-19,MN,Đồng Tháp,8,66140
2026-02-19,MN,Cà Mau,ĐB,62019
2026-02-19,MN,Cà Mau,1,04668
2026-02-19,MN,Cà Mau,2,66556
2026-02-19,MN,Cà Mau,3,09454 - 95898 - 19698 - 41494 - 79694 - 09131
2026-02-19,MN,Cà Mau,4,41889 - 48393 - 59040 - 19951 - 44189 - 04370
2026-02-19,MN,Cà Mau,5,18016 - 61941 - 32666
2026-02-19,MN,Cà Mau,6,39403 - 40008 - 35652
2026-02-19,MN,Cà Mau,7,00980 - 04838 - 45036 - 76884
2026-02-19,MN,Cà Mau,8,16005
2026-02-20,MB,Hà Nội,ĐB,41022
2026-02-20,MB,Hà Nội,1,26293
2026-02-20,MB,Hà Nội,2,71880
2026-02-20,MB,Hà Nội,3,94913 - 58605 - 39075 - 54811 - 76162 - 56910
2026-02-20,MB,Hà Nội,4,97119 - 60721 - 78573 - 38449 - 74388 - 81988
2026-02-20,MB,Hà Nội,5,81917 - 11162 - 06332
2026-02-20,MB,Hà Nội,6,92943 - 47231 - 64630
2026-02-20,MB,Hà Nội,7,37193 - 35310 - 84709 - 20764
2026-02-20,MT,Đà Nẵng,ĐB,38473
2026-02-20,MT,Đà Nẵng,1,83366
2026-02-20,MT,Đà Nẵng,2,65348
2026-02-20,MT,Đà Nẵng,3,22480 - 72105 - 19002 - 87211 - 10770 - 35456
2026-02-20,MT,Đà Nẵng,4,27763 - 59838 - 70922 - 93298 - 33822 - 22085
2026-02-20,MT,Đà Nẵng,5,05716 - 81687 - 70793
2026-02-20,MT,Đà Nẵng,6,83071 - 00463 - 19097
2026-02-20,MT,Đà Nẵng,7,36924 - 68460 - 20068 - 81634
2026-02-20,MT,Đà Nẵng,8,51244
2026-02-20,MT,Khánh Hòa,ĐB,24350
2026-02-20,MT,Khánh Hòa,1,25262
2026-02-20,MT,Khánh Hòa,2,29673
2026-02-20,MT,Khánh Hòa,3,81097 - 93110 - 85082 - 64696 - 32538 - 07888
2026-02-20,MT,Khánh Hòa,4,37694 - 02946 - 59447 - 42223 - 42420 - 86759
2026-02-20,MT,Khánh Hòa,5,73714 - 58357 - 20190
2026-02-20,MT,Khánh Hòa,6,34573 - 68370 - 68877
2026-02-20,MT,Khánh Hòa,7,77234 - 11972 - 21487 - 22756
2026-02-20,MT,Khánh Hòa,8,76449
2026-02-20,MN,TP. HCM,ĐB,42142
2026-02-20,MN,TP. HCM,1,49160
2026-02-20,MN,TP. HCM,2,30016
2026-02-20,MN,TP. HCM,3,07434 - 80762 - 78677 - 04608 - 02599 - 31789
2026-02-20,MN,TP. HCM,4,82414 - 04166 - 16968 - 83930 - 06767 - 40009
2026-02-20,MN,TP. HCM,5,85486 - 89707 - 69059
2026-02-20,MN,TP. HCM,6,34200 - 30082 - 04596
2026-02-20,MN,TP. HCM,7,43913 - 56578 - 31537 - 99023
2026-02-20,MN,TP. HCM,8,01501
2026-02-20,MN,Đồng Tháp,ĐB,54344
2026-02-20,MN,Đồng Tháp,1,22676
2026-02-20,MN,Đồng Tháp,2,49813
2026-02-20,MN,Đồng Tháp,3,77285 - 73020 - 37384 - 33202 - 73541 - 04412
2026-02-20,MN,Đồng Tháp,4,23036 - 93672 - 94088 - 18479 - 32185 - 21126
2026-02-20,MN,Đồng Tháp,5,48705 - 96512 - 09222
2026-02-20,MN,Đồng Tháp,6,17459 - 64614 - 05092
2026-02-20,MN,Đồng Tháp,7,06037 - 68328 - 83883 - 59973
2026-02-20,MN,Đồng Tháp,8,26729
2026-02-20,MN,Cà Mau,ĐB,65838
2026-02-20,MN,Cà Mau,1,60170
2026-02-20,MN,Cà Mau,2,87002
2026-02-20,MN,Cà Mau,3,56721 - 19639 - 01365 - 61377 - 73810 - 73812
2026-02-20,MN,Cà Mau,4,10976 - 23618 - 66285 - 82898 - 60067 - 15083
2026-02-20,MN,Cà Mau,5,54488 - 64249 - 25448
2026-02-20,MN,Cà Mau,6,24950 - 64475 - 59151
2026-02-20,MN,Cà Mau,7,07425 - 19709 - 26185 - 37926
2026-02-20,MN,Cà Mau,8,48888
2026-02-21,MB,Hà Nội,ĐB,16007
2026-02-21,MB,Hà Nội,1,91655
2026-02-21,MB,Hà Nội,2,68255
2026-02-21,MB,Hà Nội,3,94288 - 92223 - 25465 - 51603 - 49772 - 73302
2026-02-21,MB,Hà Nội,4,33414 - 64352 - 74557 - 15467 - 52301 - 03937
2026-02-21,MB,Hà Nội,5,83714 - 67547 - 71813
2026-02-21,MB,Hà Nội,6,44736 - 75912 - 84055
2026-02-21,MB,Hà Nội,7,59554 - 54875 - 08342 - 39226
2026-02-21,MT,Đà Nẵng,ĐB,12429
2026-02-21,MT,Đà Nẵng,1,40190
2026-02-21,MT,Đà Nẵng,2,22980
2026-02-21,MT,Đà Nẵng,3,70478 - 14161 - 37361 - 56376 - 07583 - 39197
2026-02-21,MT,Đà Nẵng,4,94968 - 89329 - 25839 - 32013 - 16488 - 97731
2026-02-21,MT,Đà Nẵng,5,66891 - 03020 - 76504
2026-02-21,MT,Đà Nẵng,6,69785 - 59080 - 64828
2026-02-21,MT,Đà Nẵng,7,92421 - 66951 - 40846 - 16708
2026-02-21,MT,Đà Nẵng,8,90445
2026-02-21,MT,Khánh Hòa,ĐB,15951
2026-02-21,MT,Khánh Hòa,1,84954
2026-02-21,MT,Khánh Hòa,2,95919
2026-02-21,MT,Khánh Hòa,3,14924 - 77105 - 46035 - 80532 - 24261 - 14533
2026-02-21,MT,Khánh Hòa,4,15946 - 16902 - 02232 - 78057 - 79274 - 41457
2026-02-21,MT,Khánh Hòa,5,67308 - 08095 - 58364
2026-02-21,MT,Khánh Hòa,6,96824 - 53784 - 90739
2026-02-21,MT,Khánh Hòa,7,19162 - 18367 - 81557 - 71351
2026-02-21,MT,Khánh Hòa,8,61889
2026-02-21,MN,TP. HCM,ĐB,67531
2026-02-21,MN,TP. HCM,1,82289
2026-02-21,MN,TP. HCM,2,16298
2026-02-21,MN,TP. HCM,3,74579 - 24255 - 47807 - 13859 - 15860 - 43053
2026-02-21,MN,TP. HCM,4,93075 - 70161 - 95697 - 62497 - 68310 - 26427
2026-02-21,MN,TP. HCM,5,44454 - 35525 - 49361
2026-02-21,MN,TP. HCM,6,97619 - 60100 - 40310
2026-02-21,MN,TP. HCM,7,11034 - 72933 - 37234 - 63166
2026-02-21,MN,TP. HCM,8,36318
2026-02-21,MN,Đồng Tháp,ĐB,87963
2026-02-21,MN,Đồng Tháp,1,79187
2026-02-21,MN,Đồng Tháp,2,61470
2026-02-21,MN,Đồng Tháp,3,63203 - 26482 - 41365 - 03960 - 39763 - 03973
2026-02-21,MN,Đồng Tháp,4,34317 - 83559 - 81513 - 79018 - 91560 - 43500
2026-02-21,MN,Đồng Tháp,5,77179 - 01604 - 36469
2026-02-21,MN,Đồng Tháp,6,64197 - 77809 - 69513
2026-02-21,MN,Đồng Tháp,7,21262 - 14297 - 56425 - 66087
2026-02-21,MN,Đồng Tháp,8,14303
2026-02-21,MN,Cà Mau,ĐB,60050
2026-02-21,MN,Cà Mau,1,16962
2026-02-21,MN,Cà Mau,2,17193
2026-02-21,MN,Cà Mau,3,99448 - 19930 - 58964 - 00896 - 23786 - 63812
2026-02-21,MN,Cà Mau,4,55505 - 54240 - 61236 - 14606 - 97707 - 54899
2026-02-21,MN,Cà Mau,5,50666 - 45407 - 16836
2026-02-21,MN,Cà Mau,6,61349 - 63233 - 47268
2026-02-21,MN,Cà Mau,7,96211 - 25273 - 29939 - 98514
2026-02-21,MN,Cà Mau,8,05506
2026-02-22,MB,Hà Nội,ĐB,19388
2026-02-22,MB,Hà Nội,1,88292
2026-02-22,MB,Hà Nội,2,24767
2026-02-22,MB,Hà Nội,3,54854 - 77159 - 28003 - 87819 - 12378 - 87118
2026-02-22,MB,Hà Nội,4,85442 - 17818 - 28938 - 06579 - 60072 - 10028
2026-02-22,MB,Hà Nội,5,06441 - 72091 - 24541
2026-02-22,MB,Hà Nội,6,49582 - 33664 - 87032
2026-02-22,MB,Hà Nội,7,29920 - 80564 - 65437 - 88081
2026-02-22,MT,Đà Nẵng,ĐB,88557
2026-02-22,MT,Đà Nẵng,1,60816
2026-02-22,MT,Đà Nẵng,2,31592
2026-02-22,MT,Đà Nẵng,3,44546 - 97791 - 26432 - 63475 - 57555 - 83067
2026-02-22,MT,Đà Nẵng,4,20050 - 59213 - 17168 - 75135 - 52287 - 82093
2026-02-22,MT,Đà Nẵng,5,71400 - 03565 - 40461
2026-02-22,MT,Đà Nẵng,6,50511 - 82124 - 60562
2026-02-22,MT,Đà Nẵng,7,49987 - 89028 - 69955 - 25796
2026-02-22,MT,Đà Nẵng,8,84195
2026-02-22,MT,Khánh Hòa,ĐB,02293
2026-02-22,MT,Khánh Hòa,1,15389
2026-02-22,MT,Khánh Hòa,2,03643
2026-02-22,MT,Khánh Hòa,3,09821 - 04089 - 09703 - 67656 - 70693 - 05605
2026-02-22,MT,Khánh Hòa,4,17507 - 46305 - 24340 - 77683 - 78725 - 77477
2026-02-22,MT,Khánh Hòa,5,44603 - 40814 - 94552
2026-02-22,MT,Khánh Hòa,6,38983 - 37410 - 70890
2026-02-22,MT,Khánh Hòa,7,43288 - 70169 - 24698 - 10880
2026-02-22,MT,Khánh Hòa,8,59498
2026-02-22,MN,TP. HCM,ĐB,47722
2026-02-22,MN,TP. HCM,1,55881
2026-02-22,MN,TP. HCM,2,36068
2026-02-22,MN,TP. HCM,3,33709 - 36773 - 89994 - 26526 - 94909 - 72013
2026-02-22,MN,TP. HCM,4,57055 - 73727 - 21402 - 79570 - 78812 - 51946
2026-02-22,MN,TP. HCM,5,01485 - 70897 - 44739
2026-02-22,MN,TP. HCM,6,97939 - 57034 - 65405
2026-02-22,MN,TP. HCM,7,01381 - 97985 - 60126 - 56400
2026-02-22,MN,TP. HCM,8,23010
2026-02-22,MN,Đồng Tháp,ĐB,62725
2026-02-22,MN,Đồng Tháp,1,71308
2026-02-22,MN,Đồng Tháp,2,10467
2026-02-22,MN,Đồng Tháp,3,32553 - 21625 - 12651 - 71664 - 57087 - 50460
2026-02-22,MN,Đồng Tháp,4,20864 - 64805 - 20803 - 22710 - 72312 - 54450
2026-02-22,MN,Đồng Tháp,5,21932 - 15042 - 30179
2026-02-22,MN,Đồng Tháp,6,95310 - 11862 - 57601
2026-02-22,MN,Đồng Tháp,7,55051 - 49451 - 86555 - 17799
2026-02-22,MN,Đồng Tháp,8,69897
2026-02-22,MN,Cà Mau,ĐB,88488
2026-02-22,MN,Cà Mau,1,81762
2026-02-22,MN,Cà Mau,2,19899
2026-02-22,MN,Cà Mau,3,98213 - 21536 - 19909 - 72193 - 14652 - 86134
2026-02-22,MN,Cà Mau,4,38062 - 18706 - 02581 - 57932 - 18799 - 21863
2026-02-22,MN,Cà Mau,5,98906 - 21581 - 85520
2026-02-22,MN,Cà Mau,6,16379 - 25681 - 93881
2026-02-22,MN,Cà Mau,7,59951 - 47239 - 27785 - 00698
2026-02-22,MN,Cà Mau,8,81524
2026-02-23,MB,Hà Nội,ĐB,33309
2026-02-23,MB,Hà Nội,1,66580
2026-02-23,MB,Hà Nội,2,76083
2026-02-23,MB,Hà Nội,3,11585 - 09333 - 60011 - 43218 - 42388 - 33141
2026-02-23,MB,Hà Nội,4,84487 - 01309 - 75197 - 08662 - 23102 - 36754
2026-02-23,MB,Hà Nội,5,38655 - 05213 - 49889
2026-02-23,MB,Hà Nội,6,84367 - 52697 - 36620
2026-02-23,MB,Hà Nội,7,06666 - 27219 - 14389 - 22780
2026-02-23,MT,Đà Nẵng,ĐB,24549
2026-02-23,MT,Đà Nẵng,1,26356
2026-02-23,MT,Đà Nẵng,2,39864
2026-02-23,MT,Đà Nẵng,3,98794 - 30245 - 35603 - 85946 - 53081 - 97040
2026-02-23,MT,Đà Nẵng,4,50315 - 52298 - 89391 - 01690 - 21954 - 68233
2026-02-23,MT,Đà Nẵng,5,44681 - 86786 - 47435
2026-02-23,MT,Đà Nẵng,6,03424 - 83182 - 24627
2026-02-23,MT,Đà Nẵng,7,92377 - 61820 - 53303 - 89528
2026-02-23,MT,Đà Nẵng,8,03841
2026-02-23,MT,Khánh Hòa,ĐB,18803
2026-02-23,MT,Khánh Hòa,1,00514
2026-02-23,MT,Khánh Hòa,2,01857
2026-02-23,MT,Khánh Hòa,3,81509 - 04347 - 79658 - 32196 - 46123 - 28726
2026-02-23,MT,Khánh Hòa,4,77100 - 55210 - 16740 - 69509 - 68245 - 90275
2026-02-23,MT,Khánh Hòa,5,69831 - 24296 - 38121
2026-02-23,MT,Khánh Hòa,6,44047 - 77511 - 94242
2026-02-23,MT,Khánh Hòa,7,27876 - 48666 - 53102 - 97434
2026-02-23,MT,Khánh Hòa,8,65647
2026-02-23,MN,TP. HCM,ĐB,14920
2026-02-23,MN,TP. HCM,1,73687
2026-02-23,MN,TP. HCM,2,40000
2026-02-23,MN,TP. HCM,3,42534 - 18834 - 22133 - 25862 - 65568 - 27721
2026-02-23,MN,TP. HCM,4,45760 - 52050 - 70624 - 75189 - 52033 - 38913
2026-02-23,MN,TP. HCM,5,93052 - 30465 - 41327
2026-02-23,MN,TP. HCM,6,87291 - 49830 - 19383
2026-02-23,MN,TP. HCM,7,94887 - 92877 - 48981 - 64098
2026-02-23,MN,TP. HCM,8,60492
2026-02-23,MN,Đồng Tháp,ĐB,56205
2026-02-23,MN,Đồng Tháp,1,15336
2026-02-23,MN,Đồng Tháp,2,19153
2026-02-23,MN,Đồng Tháp,3,04637 - 46730 - 38093 - 14087 - 17273 - 18043
2026-02-23,MN,Đồng Tháp,4,47438 - 47756 - 19806 - 28503 - 32139 - 59193
2026-02-23,MN,Đồng Tháp,5,19818 - 88869 - 57962
2026-02-23,MN,Đồng Tháp,6,08669 - 34567 - 44806
2026-02-23,MN,Đồng Tháp,7,25142 - 13434 - 50559 - 94480
2026-02-23,MN,Đồng Tháp,8,77539
2026-02-23,MN,Cà Mau,ĐB,54577
2026-02-23,MN,Cà Mau,1,39507
2026-02-23,MN,Cà Mau,2,00333
2026-02-23,MN,Cà Mau,3,50650 - 09003 - 38301 - 09172 - 03593 - 05926
2026-02-23,MN,Cà Mau,4,97765 - 72695 - 88256 - 42221 - 34580 - 07755
2026-02-23,MN,Cà Mau,5,56956 - 62481 - 64602
2026-02-23,MN,Cà Mau,6,87822 - 40777 - 45178
2026-02-23,MN,Cà Mau,7,38605 - 09088 - 86389 - 74593
2026-02-23,MN,Cà Mau,8,20125
2026-02-24,MB,Hà Nội,ĐB,39732
2026-02-24,MB,Hà Nội,1,71711
2026-02-24,MB,Hà Nội,2,02745
2026-02-24,MB,Hà Nội,3,28897 - 95544 - 54726 - 66229 - 30803 - 16751
2026-02-24,MB,Hà Nội,4,29971 - 60762 - 76426 - 20430 - 46593 - 06555
2026-02-24,MB,Hà Nội,5,76223 - 30614 - 56361
2026-02-24,MB,Hà Nội,6,05616 - 91520 - 08327
2026-02-24,MB,Hà Nội,7,69702 - 61391 - 19030 - 64907
2026-02-24,MT,Đà Nẵng,ĐB,14626
2026-02-24,MT,Đà Nẵng,1,24164
2026-02-24,MT,Đà Nẵng,2,62889
2026-02-24,MT,Đà Nẵng,3,69198 - 83003 - 98484 - 55290 - 21646 - 52970
2026-02-24,MT,Đà Nẵng,4,47472 - 62489 - 87465 - 31882 - 23457 - 56802
2026-02-24,MT,Đà Nẵng,5,42684 - 86668 - 98184
2026-02-24,MT,Đà Nẵng,6,78225 - 08141 - 46551
2026-02-24,MT,Đà Nẵng,7,97748 - 99944 - 52528 - 26466
2026-02-24,MT,Đà Nẵng,8,26279
2026-02-24,MT,Khánh Hòa,ĐB,70804
2026-02-24,MT,Khánh Hòa,1,87729
2026-02-24,MT,Khánh Hòa,2,32440
2026-02-24,MT,Khánh Hòa,3,21199 - 27430 - 70490 - 40731 - 71655 - 17284
2026-02-24,MT,Khánh Hòa,4,36325 - 12482 - 26463 - 81961 - 68943 - 67130
2026-02-24,MT,Khánh Hòa,5,24178 - 35933 - 78475
2026-02-24,MT,Khánh Hòa,6,43423 - 20151 - 21777
2026-02-24,MT,Khánh Hòa,7,02308 - 52542 - 73306 - 28278
2026-02-24,MT,Khánh Hòa,8,67961
2026-02-24,MN,TP. HCM,ĐB,91583
2026-02-24,MN,TP. HCM,1,68453
2026-02-24,MN,TP. HCM,2,28277
2026-02-24,MN,TP. HCM,3,92485 - 14736 - 43482 - 14369 - 66501 - 00347
2026-02-24,MN,TP. HCM,4,46418 - 97696 - 52692 - 82624 - 59153 - 10494
2026-02-24,MN,TP. HCM,5,60162 - 89029 - 81985
2026-02-24,MN,TP. HCM,6,57690 - 44728 - 23243
2026-02-24,MN,TP. HCM,7,78760 - 22998 - 08069 - 69323
2026-02-24,MN,TP. HCM,8,19076
2026-02-24,MN,Đồng Tháp,ĐB,54729
2026-02-24,MN,Đồng Tháp,1,08896
2026-02-24,MN,Đồng Tháp,2,95890
2026-02-24,MN,Đồng Tháp,3,45359 - 20325 - 28117 - 28296 - 08441 - 59143
2026-02-24,MN,Đồng Tháp,4,56719 - 60398 - 29320 - 46355 - 37543 - 01129
2026-02-24,MN,Đồng Tháp,5,41059 - 30565 - 29748
2026-02-24,MN,Đồng Tháp,6,49582 - 34445 - 72850
2026-02-24,MN,Đồng Tháp,7,76000 - 85119 - 89657 - 54039
2026-02-24,MN,Đồng Tháp,8,82694
2026-02-24,MN,Cà Mau,ĐB,41732
2026-02-24,MN,Cà Mau,1,65846
2026-02-24,MN,Cà Mau,2,46298
2026-02-24,MN,Cà Mau,3,67823 - 36061 - 15711 - 43594 - 55583 - 08856
2026-02-24,MN,Cà Mau,4,36297 - 95557 - 03278 - 64961 - 24108 - 13781
2026-02-24,MN,Cà Mau,5,79712 - 63680 - 53307
2026-02-24,MN,Cà Mau,6,96660 - 85134 - 14693
2026-02-24,MN,Cà Mau,7,94113 - 11074 - 11188 - 00748
2026-02-24,MN,Cà Mau,8,03818
2026-02-25,MB,Hà Nội,ĐB,01184
2026-02-25,MB,Hà Nội,1,27605
2026-02-25,MB,Hà Nội,2,91336
2026-02-25,MB,Hà Nội,3,77588 - 88770 - 15609 - 82817 - 27301 - 40452
2026-02-25,MB,Hà Nội,4,85283 - 54250 - 20475 - 30815 - 54489 - 21907
2026-02-25,MB,Hà Nội,5,62552 - 83931 - 32535
2026-02-25,MB,Hà Nội,6,11405 - 98950 - 01912
2026-02-25,MB,Hà Nội,7,41080 - 80597 - 01301 - 08508
2026-02-25,MT,Đà Nẵng,ĐB,46594
2026-02-25,MT,Đà Nẵng,1,41390
2026-02-25,MT,Đà Nẵng,2,90970
2026-02-25,MT,Đà Nẵng,3,17204 - 82129 - 44448 - 92707 - 57218 - 86200
2026-02-25,MT,Đà Nẵng,4,21137 - 93011 - 39908 - 85205 - 72478 - 24698
2026-02-25,MT,Đà Nẵng,5,10481 - 79168 - 95017
2026-02-25,MT,Đà Nẵng,6,05303 - 47457 - 44322
2026-02-25,MT,Đà Nẵng,7,16731 - 42283 - 05921 - 26033
2026-02-25,MT,Đà Nẵng,8,59102
2026-02-25,MT,Khánh Hòa,ĐB,96214
2026-02-25,MT,Khánh Hòa,1,28540
2026-02-25,MT,Khánh Hòa,2,94321
2026-02-25,MT,Khánh Hòa,3,75547 - 95012 - 72559 - 87962 - 19213 - 52425
2026-02-25,MT,Khánh Hòa,4,06636 - 88695 - 99132 - 59703 - 13845 - 98717
2026-02-25,MT,Khánh Hòa,5,94576 - 90180 - 23722
2026-02-25,MT,Khánh Hòa,6,54465 - 14974 - 52710
2026-02-25,MT,Khánh Hòa,7,08955 - 88525 - 25503 - 22923
2026-02-25,MT,Khánh Hòa,8,66908
2026-02-25,MN,TP. HCM,ĐB,34890
2026-02-25,MN,TP. HCM,1,02843
2026-02-25,MN,TP. HCM,2,87323
2026-02-25,MN,TP. HCM,3,16820 - 85748 - 18961 - 04918 - 99692 - 15958
2026-02-25,MN,TP. HCM,4,28883 - 01974 - 53585 - 46857 - 34052 - 94050
2026-02-25,MN,TP. HCM,5,79549 - 05645 - 61582
2026-02-25,MN,TP. HCM,6,80198 - 43679 - 73642
2026-02-25,MN,TP. HCM,7,29636 - 14043 - 24785 - 31294
2026-02-25,MN,TP. HCM,8,48158
2026-02-25,MN,Đồng Tháp,ĐB,23277
2026-02-25,MN,Đồng Tháp,1,85003
2026-02-25,MN,Đồng Tháp,2,80881
2026-02-25,MN,Đồng Tháp,3,12199 - 18583 - 59584 - 36587 - 40197 - 49108
2026-02-25,MN,Đồng Tháp,4,54434 - 53528 - 52525 - 81676 - 88402 - 88205
2026-02-25,MN,Đồng Tháp,5,21438 - 55282 - 01731
2026-02-25,MN,Đồng Tháp,6,80420 - 41488 - 68129
2026-02-25,MN,Đồng Tháp,7,69550 - 51078 - 61407 - 29278
2026-02-25,MN,Đồng Tháp,8,49272
2026-02-25,MN,Cà Mau,ĐB,65613
2026-02-25,MN,Cà Mau,1,28614
2026-02-25,MN,Cà Mau,2,98819
2026-02-25,MN,Cà Mau,3,03855 - 75318 - 04161 - 07358 - 48052 - 37106
2026-02-25,MN,Cà Mau,4,91829 - 98298 - 80366 - 58610 - 85772 - 48891
2026-02-25,MN,Cà Mau,5,56459 - 89878 - 16131
2026-02-25,MN,Cà Mau,6,58301 - 77349 - 73887
2026-02-25,MN,Cà Mau,7,00149 - 07823 - 46264 - 57416
2026-02-25,MN,Cà Mau,8,32949
2026-02-26,MB,Hà Nội,ĐB,61547
2026-02-26,MB,Hà Nội,1,86181
2026-02-26,MB,Hà Nội,2,77566
2026-02-26,MB,Hà Nội,3,70534 - 90716 - 28614 - 90567 - 89955 - 44924
2026-02-26,MB,Hà Nội,4,01079 - 37810 - 75437 - 05376 - 46051 - 09724
2026-02-26,MB,Hà Nội,5,98789 - 36575 - 28670
2026-02-26,MB,Hà Nội,6,69940 - 75771 - 57483
2026-02-26,MB,Hà Nội,7,72008 - 83079 - 57946 - 98039
2026-02-26,MT,Đà Nẵng,ĐB,21737
2026-02-26,MT,Đà Nẵng,1,15146
2026-02-26,MT,Đà Nẵng,2,83486
2026-02-26,MT,Đà Nẵng,3,85509 - 61110 - 20443 - 64351 - 08885 - 47000
2026-02-26,MT,Đà Nẵng,4,44479 - 78618 - 54659 - 43209 - 68112 - 36160
2026-02-26,MT,Đà Nẵng,5,20910 - 75011 - 60720
2026-02-26,MT,Đà Nẵng,6,26276 - 91455 - 38254
2026-02-26,MT,Đà Nẵng,7,85923 - 76600 - 70070 - 64423
2026-02-26,MT,Đà Nẵng,8,41016
2026-02-26,MT,Khánh Hòa,ĐB,80074
2026-02-26,MT,Khánh Hòa,1,74621
2026-02-26,MT,Khánh Hòa,2,38394
2026-02-26,MT,Khánh Hòa,3,89735 - 51695 - 57264 - 46622 - 34055 - 40445
2026-02-26,MT,Khánh Hòa,4,94460 - 23141 - 26253 - 48255 - 94906 - 46801
2026-02-26,MT,Khánh Hòa,5,46496 - 48955 - 55181
2026-02-26,MT,Khánh Hòa,6,57189 - 95995 - 01593
2026-02-26,MT,Khánh Hòa,7,46102 - 92601 - 86706 - 55617
2026-02-26,MT,Khánh Hòa,8,79292
2026-02-26,MN,TP. HCM,ĐB,49541
2026-02-26,MN,TP. HCM,1,35963
2026-02-26,MN,TP. HCM,2,09815
2026-02-26,MN,TP. HCM,3,21509 - 66760 - 22336 - 58307 - 14642 - 89329
2026-02-26,MN,TP. HCM,4,22943 - 60710 - 46044 - 32504 - 98066 - 29873
2026-02-26,MN,TP. HCM,5,78542 - 02913 - 02657
2026-02-26,MN,TP. HCM,6,26937 - 06029 - 77069
2026-02-26,MN,TP. HCM,7,32119 - 27068 - 78878 - 08961
2026-02-26,MN,TP. HCM,8,19080
2026-02-26,MN,Đồng Tháp,ĐB,20596
2026-02-26,MN,Đồng Tháp,1,21548
2026-02-26,MN,Đồng Tháp,2,09788
2026-02-26,MN,Đồng Tháp,3,77868 - 77814 - 28486 - 10476 - 45208 - 26609
2026-02-26,MN,Đồng Tháp,4,63834 - 04361 - 53949 - 68159 - 51875 - 70522
2026-02-26,MN,Đồng Tháp,5,73612 - 60204 - 95506
2026-02-26,MN,Đồng Tháp,6,02831 - 80352 - 17451
2026-02-26,MN,Đồng Tháp,7,17279 - 59331 - 88518 - 63102
2026-02-26,MN,Đồng Tháp,8,09576
2026-02-26,MN,Cà Mau,ĐB,39886
2026-02-26,MN,Cà Mau,1,00808
2026-02-26,MN,Cà Mau,2,72608
2026-02-26,MN,Cà Mau,3,14694 - 03739 - 67974 - 24914 - 04882 - 57860
2026-02-26,MN,Cà Mau,4,11268 - 60093 - 67504 - 07032 - 90819 - 00452
2026-02-26,MN,Cà Mau,5,68043 - 70288 - 97391
2026-02-26,MN,Cà Mau,6,97369 - 05331 - 29176
2026-02-26,MN,Cà Mau,7,41404 - 44697 - 66235 - 66022
2026-02-26,MN,Cà Mau,8,64593
2026-02-27,MB,Hà Nội,ĐB,50533
2026-02-27,MB,Hà Nội,1,74174
2026-02-27,MB,Hà Nội,2,83319
2026-02-27,MB,Hà Nội,3,19565 - 46548 - 15389 - 99884 - 73425 - 53686
2026-02-27,MB,Hà Nội,4,89405 - 56271 - 71126 - 52428 - 81949 - 19761
2026-02-27,MB,Hà Nội,5,42681 - 65767 - 07053
2026-02-27,MB,Hà Nội,6,83393 - 97769 - 40052
2026-02-27,MB,Hà Nội,7,77343 - 62761 - 29450 - 51254
2026-02-27,MT,Đà Nẵng,ĐB,75014
2026-02-27,MT,Đà Nẵng,1,53752
2026-02-27,MT,Đà Nẵng,2,65908
2026-02-27,MT,Đà Nẵng,3,77673 - 49801 - 19441 - 64596 - 96801 - 79107
2026-02-27,MT,Đà Nẵng,4,25721 - 31725 - 50826 - 00625 - 42639 - 68376
2026-02-27,MT,Đà Nẵng,5,63083 - 55509 - 45096
2026-02-27,MT,Đà Nẵng,6,90333 - 09076 - 73443
2026-02-27,MT,Đà Nẵng,7,42641 - 48394 - 72924 - 56677
2026-02-27,MT,Đà Nẵng,8,49350
2026-02-27,MT,Khánh Hòa,ĐB,34489
2026-02-27,MT,Khánh Hòa,1,15194
2026-02-27,MT,Khánh Hòa,2,31716
2026-02-27,MT,Khánh Hòa,3,25515 - 91626 - 95156 - 12862 - 08361 - 98094
2026-02-27,MT,Khánh Hòa,4,76023 - 03747 - 63425 - 56534 - 38137 - 99374
2026-02-27,MT,Khánh Hòa,5,82466 - 35032 - 70240
2026-02-27,MT,Khánh Hòa,6,70077 - 48654 - 38494
2026-02-27,MT,Khánh Hòa,7,13106 - 43878 - 66417 - 41187
2026-02-27,MT,Khánh Hòa,8,78458
2026-02-27,MN,TP. HCM,ĐB,04734
2026-02-27,MN,TP. HCM,1,16011
2026-02-27,MN,TP. HCM,2,50294
2026-02-27,MN,TP. HCM,3,61580 - 58401 - 63316 - 14550 - 46693 - 37393
2026-02-27,MN,TP. HCM,4,01073 - 85084 - 24212 - 71032 - 37665 - 88631
2026-02-27,MN,TP. HCM,5,42471 - 50026 - 83067
2026-02-27,MN,TP. HCM,6,05866 - 69720 - 17138
2026-02-27,MN,TP. HCM,7,25206 - 61229 - 95412 - 41531
2026-02-27,MN,TP. HCM,8,06157
2026-02-27,MN,Đồng Tháp,ĐB,74293
2026-02-27,MN,Đồng Tháp,1,26044
2026-02-27,MN,Đồng Tháp,2,70659
2026-02-27,MN,Đồng Tháp,3,21633 - 25940 - 35382 - 56388 - 56177 - 69621
2026-02-27,MN,Đồng Tháp,4,77148 - 04282 - 65535 - 56494 - 08315 - 08112
2026-02-27,MN,Đồng Tháp,5,26931 - 06768 - 20004
2026-02-27,MN,Đồng Tháp,6,87384 - 15173 - 74392
2026-02-27,MN,Đồng Tháp,7,99003 - 84842 - 42958 - 55376
2026-02-27,MN,Đồng Tháp,8,23065
2026-02-27,MN,Cà Mau,ĐB,40375
2026-02-27,MN,Cà Mau,1,75127
2026-02-27,MN,Cà Mau,2,79183
2026-02-27,MN,Cà Mau,3,13528 - 73712 - 35892 - 66502 - 91783 - 58034
2026-02-27,MN,Cà Mau,4,67938 - 67196 - 58335 - 88371 - 19768 - 49544
2026-02-27,MN,Cà Mau,5,24145 - 04952 - 22722
2026-02-27,MN,Cà Mau,6,20969 - 30288 - 79573
2026-02-27,MN,Cà Mau,7,93555 - 35300 - 07123 - 35261
2026-02-27,MN,Cà Mau,8,17872
2026-02-28,MB,Hà Nội,ĐB,99510
2026-02-28,MB,Hà Nội,1,66126
2026-02-28,MB,Hà Nội,2,32110
2026-02-28,MB,Hà Nội,3,85322 - 45167 - 69909 - 39733 - 19120 - 13425
2026-02-28,MB,Hà Nội,4,36859 - 42540 - 86753 - 90471 - 23948 - 29163
2026-02-28,MB,Hà Nội,5,88719 - 36287 - 15227
2026-02-28,MB,Hà Nội,6,51828 - 88808 - 88044
2026-02-28,MB,Hà Nội,7,36566 - 02913 - 68154 - 03423
2026-02-28,MT,Đà Nẵng,ĐB,56953
2026-02-28,MT,Đà Nẵng,1,40640
2026-02-28,MT,Đà Nẵng,2,23025
2026-02-28,MT,Đà Nẵng,3,69157 - 92605 - 63486 - 36475 - 70345 - 43121
2026-02-28,MT,Đà Nẵng,4,30110 - 37872 - 08037 - 43672 - 96940 - 06650
2026-02-28,MT,Đà Nẵng,5,12412 - 32125 - 85866
2026-02-28,MT,Đà Nẵng,6,62043 - 74777 - 49832
2026-02-28,MT,Đà Nẵng,7,38509 - 73822 - 89841 - 45016
2026-02-28,MT,Đà Nẵng,8,22347
2026-02-28,MT,Khánh Hòa,ĐB,59148
2026-02-28,MT,Khánh Hòa,1,53687
2026-02-28,MT,Khánh Hòa,2,67930
2026-02-28,MT,Khánh Hòa,3,42859 - 15783 - 14282 - 94735 - 22701 - 63103
2026-02-28,MT,Khánh Hòa,4,90565 - 38518 - 75392 - 83882 - 94718 - 04151
2026-02-28,MT,Khánh Hòa,5,65234 - 83378 - 40475
2026-02-28,MT,Khánh Hòa,6,60702 - 57240 - 85378
2026-02-28,MT,Khánh Hòa,7,20485 - 99132 - 31415 - 62904
2026-02-28,MT,Khánh Hòa,8,41781
2026-02-28,MN,TP. HCM,ĐB,70302
2026-02-28,MN,TP. HCM,1,30452
2026-02-28,MN,TP. HCM,2,04381
2026-02-28,MN,TP. HCM,3,31614 - 06619 - 92135 - 21558 - 53284 - 79175
2026-02-28,MN,TP. HCM,4,40566 - 52860 - 02996 - 24622 - 10175 - 46790
2026-02-28,MN,TP. HCM,5,71654 - 26341 - 98304
2026-02-28,MN,TP. HCM,6,51951 - 60461 - 42913
2026-02-28,MN,TP. HCM,7,77094 - 39543 - 83601 - 37805
2026-02-28,MN,TP. HCM,8,50495
2026-02-28,MN,Đồng Tháp,ĐB,07633
2026-02-28,MN,Đồng Tháp,1,36941
2026-02-28,MN,Đồng Tháp,2,78208
2026-02-28,MN,Đồng Tháp,3,87393 - 96267 - 45122 - 69197 - 09070 - 31974
2026-02-28,MN,Đồng Tháp,4,70140 - 32447 - 48111 - 93349 - 50223 - 67876
2026-02-28,MN,Đồng Tháp,5,54237 - 26186 - 82867
2026-02-28,MN,Đồng Tháp,6,95639 - 20802 - 24344
2026-02-28,MN,Đồng Tháp,7,14299 - 41460 - 96072 - 48746
2026-02-28,MN,Đồng Tháp,8,57432
2026-02-28,MN,Cà Mau,ĐB,88246
2026-02-28,MN,Cà Mau,1,00824
2026-02-28,MN,Cà Mau,2,32722
2026-02-28,MN,Cà Mau,3,22032 - 11798 - 25668 - 75379 - 71162 - 50114
2026-02-28,MN,Cà Mau,4,28673 - 98772 - 64256 - 18851 - 94914 - 49629
2026-02-28,MN,Cà Mau,5,50650 - 97478 - 87876
2026-02-28,MN,Cà Mau,6,01837 - 77544 - 19444
2026-02-28,MN,Cà Mau,7,67185 - 83455 - 52421 - 48591
2026-02-28,MN,Cà Mau,8,33328
2026-03-01,MB,Hà Nội,ĐB,34439
2026-03-01,MB,Hà Nội,1,50514
2026-03-01,MB,Hà Nội,2,71954
2026-03-01,MB,Hà Nội,3,32668 - 51503 - 59602 - 75501 - 09293 - 69648
2026-03-01,MB,Hà Nội,4,01443 - 78339 - 42394 - 77665 - 62471 - 01728
2026-03-01,MB,Hà Nội,5,55303 - 01759 - 85538
2026-03-01,MB,Hà Nội,6,61431 - 67469 - 92059
2026-03-01,MB,Hà Nội,7,96700 - 59222 - 41805 - 84580
2026-03-01,MT,Đà Nẵng,ĐB,90340
2026-03-01,MT,Đà Nẵng,1,68619
2026-03-01,MT,Đà Nẵng,2,78655
2026-03-01,MT,Đà Nẵng,3,30377 - 29101 - 94439 - 44616 - 94967 - 93331
2026-03-01,MT,Đà Nẵng,4,32497 - 44767 - 58840 - 09340 - 63827 - 93981
2026-03-01,MT,Đà Nẵng,5,50576 - 18676 - 84937
2026-03-01,MT,Đà Nẵng,6,84541 - 22002 - 02219
2026-03-01,MT,Đà Nẵng,7,69746 - 88350 - 20922 - 07194
2026-03-01,MT,Đà Nẵng,8,08185
2026-03-01,MT,Khánh Hòa,ĐB,61986
2026-03-01,MT,Khánh Hòa,1,76051
2026-03-01,MT,Khánh Hòa,2,78954
2026-03-01,MT,Khánh Hòa,3,17568 - 05087 - 16943 - 20592 - 45231 - 71405
2026-03-01,MT,Khánh Hòa,4,54385 - 73963 - 38671 - 40768 - 26010 - 61481
2026-03-01,MT,Khánh Hòa,5,86082 - 08324 - 48593
2026-03-01,MT,Khánh Hòa,6,56869 - 91287 - 96399
2026-03-01,MT,Khánh Hòa,7,17567 - 63478 - 38868 - 08935
2026-03-01,MT,Khánh Hòa,8,69438
2026-03-01,MN,TP. HCM,ĐB,86249
2026-03-01,MN,TP. HCM,1,21670
2026-03-01,MN,TP. HCM,2,99734
2026-03-01,MN,TP. HCM,3,53094 - 19578 - 85441 - 28644 - 58226 - 09809
2026-03-01,MN,TP. HCM,4,57604 - 33028 - 34512 - 54486 - 39936 - 69309
2026-03-01,MN,TP. HCM,5,71914 - 10964 - 05594
2026-03-01,MN,TP. HCM,6,86125 - 69435 - 17375
2026-03-01,MN,TP. HCM,7,20619 - 45673 - 71917 - 08125
2026-03-01,MN,TP. HCM,8,22355
2026-03-01,MN,Đồng Tháp,ĐB,34586
2026-03-01,MN,Đồng Tháp,1,22966
2026-03-01,MN,Đồng Tháp,2,65954
2026-03-01,MN,Đồng Tháp,3,14189 - 69225 - 54787 - 89270 - 20646 - 15332
2026-03-01,MN,Đồng Tháp,4,19176 - 23551 - 54246 - 84344 - 26402 - 35650
2026-03-01,MN,Đồng Tháp,5,88208 - 43448 - 44752
2026-03-01,MN,Đồng Tháp,6,05202 - 42525 - 08195
2026-03-01,MN,Đồng Tháp,7,28276 - 19059 - 05481 - 65182
2026-03-01,MN,Đồng Tháp,8,96992
2026-03-01,MN,Cà Mau,ĐB,89602
2026-03-01,MN,Cà Mau,1,27649
2026-03-01,MN,Cà Mau,2,90445
2026-03-01,MN,Cà Mau,3,20259 - 79310 - 94291 - 32929 - 03726 - 90622
2026-03-01,MN,Cà Mau,4,63011 - 64084 - 72044 - 69352 - 17593 - 53825
2026-03-01,MN,Cà Mau,5,46245 - 82471 - 58348
2026-03-01,MN,Cà Mau,6,45758 - 80968 - 17144
2026-03-01,MN,Cà Mau,7,92028 - 88971 - 07502 - 00106
2026-03-01,MN,Cà Mau,8,49379
2026-03-02,MB,Hà Nội,ĐB,14580
2026-03-02,MB,Hà Nội,1,51776
2026-03-02,MB,Hà Nội,2,43639
2026-03-02,MB,Hà Nội,3,37403 - 66142 - 49319 - 33922 - 05943 - 02546
2026-03-02,MB,Hà Nội,4,90745 - 04119 - 65130 - 09689 - 58244 - 46184
2026-03-02,MB,Hà Nội,5,33266 - 00517 - 05137
2026-03-02,MB,Hà Nội,6,26753 - 89704 - 89105
2026-03-02,MB,Hà Nội,7,31801 - 36722 - 93479 - 89554
2026-03-02,MT,Đà Nẵng,ĐB,52810
2026-03-02,MT,Đà Nẵng,1,57257
2026-03-02,MT,Đà Nẵng,2,27206
2026-03-02,MT,Đà Nẵng,3,42476 - 79726 - 95541 - 13345 - 00216 - 40873
2026-03-02,MT,Đà Nẵng,4,15300 - 78349 - 56680 - 02358 - 56343 - 19962
2026-03-02,MT,Đà Nẵng,5,43830 - 08004 - 30788
2026-03-02,MT,Đà Nẵng,6,95798 - 11272 - 83209
2026-03-02,MT,Đà Nẵng,7,62675 - 85364 - 10727 - 24033
2026-03-02,MT,Đà Nẵng,8,45965
2026-03-02,MT,Khánh Hòa,ĐB,46608
2026-03-02,MT,Khánh Hòa,1,51159
2026-03-02,MT,Khánh Hòa,2,61914
2026-03-02,MT,Khánh Hòa,3,03909 - 66682 - 81182 - 33218 - 06042 - 19117
2026-03-02,MT,Khánh Hòa,4,20376 - 28462 - 22992 - 09961 - 44941 - 55553
2026-03-02,MT,Khánh Hòa,5,19253 - 67178 - 45164
2026-03-02,MT,Khánh Hòa,6,96031 - 19136 - 85304
2026-03-02,MT,Khánh Hòa,7,28493 - 40870 - 06000 - 61708
2026-03-02,MT,Khánh Hòa,8,81225
2026-03-02,MN,TP. HCM,ĐB,10475
2026-03-02,MN,TP. HCM,1,50162
2026-03-02,MN,TP. HCM,2,39883
2026-03-02,MN,TP. HCM,3,30251 - 82424 - 03625 - 18517 - 47166 - 70087
2026-03-02,MN,TP. HCM,4,90409 - 05755 - 70790 - 32339 - 36353 - 54023
2026-03-02,MN,TP. HCM,5,43556 - 63905 - 40260
2026-03-02,MN,TP. HCM,6,58711 - 33975 - 95795
2026-03-02,MN,TP. HCM,7,52817 - 53981 - 00428 - 16587
2026-03-02,MN,TP. HCM,8,93585
2026-03-02,MN,Đồng Tháp,ĐB,33011
2026-03-02,MN,Đồng Tháp,1,80981
2026-03-02,MN,Đồng Tháp,2,24955
2026-03-02,MN,Đồng Tháp,3,71654 - 03778 - 07367 - 89729 - 17565 - 77277
2026-03-02,MN,Đồng Tháp,4,18057 - 76244 - 18724 - 73560 - 58031 - 15136
2026-03-02,MN,Đồng Tháp,5,41235 - 28869 - 21267
2026-03-02,MN,Đồng Tháp,6,11023 - 49761 - 04907
2026-03-02,MN,Đồng Tháp,7,77005 - 76285 - 25234 - 36510
2026-03-02,MN,Đồng Tháp,8,61022
2026-03-02,MN,Cà Mau,ĐB,65980
2026-03-02,MN,Cà Mau,1,54426
2026-03-02,MN,Cà Mau,2,88061
2026-03-02,MN,Cà Mau,3,78878 - 78554 - 05570 - 70780 - 32423 - 63343
2026-03-02,MN,Cà Mau,4,64439 - 07610 - 46209 - 90595 - 16483 - 30923
2026-03-02,MN,Cà Mau,5,70262 - 30402 - 22573
2026-03-02,MN,Cà Mau,6,15704 - 33734 - 84663
2026-03-02,MN,Cà Mau,7,42369 - 43528 - 16141 - 70319
2026-03-02,MN,Cà Mau,8,16076
2026-03-03,MB,Hà Nội,ĐB,34357
2026-03-03,MB,Hà Nội,1,64656
2026-03-03,MB,Hà Nội,2,47394
2026-03-03,MB,Hà Nội,3,91423 - 42681 - 55910 - 91231 - 30726 - 55687
2026-03-03,MB,Hà Nội,4,93831 - 26298 - 99743 - 30781 - 83829 - 10036
2026-03-03,MB,Hà Nội,5,20312 - 38749 - 97552
2026-03-03,MB,Hà Nội,6,23594 - 84097 - 88336
2026-03-03,MB,Hà Nội,7,47198 - 68712 - 57139 - 69039
2026-03-03,MT,Đà Nẵng,ĐB,87376
2026-03-03,MT,Đà Nẵng,1,81365
2026-03-03,MT,Đà Nẵng,2,71803
2026-03-03,MT,Đà Nẵng,3,93321 - 36900 - 25869 - 01179 - 91328 - 62102
2026-03-03,MT,Đà Nẵng,4,81417 - 40266 - 36087 - 06142 - 60638 - 27667
2026-03-03,MT,Đà Nẵng,5,46290 - 09876 - 80955
2026-03-03,MT,Đà Nẵng,6,05520 - 97221 - 39261
2026-03-03,MT,Đà Nẵng,7,83337 - 62993 - 65511 - 44056
2026-03-03,MT,Đà Nẵng,8,94845
2026-03-03,MT,Khánh Hòa,ĐB,69711
2026-03-03,MT,Khánh Hòa,1,78646
2026-03-03,MT,Khánh Hòa,2,63515
2026-03-03,MT,Khánh Hòa,3,08113 - 85116 - 97411 - 41739 - 35211 - 77805
2026-03-03,MT,Khánh Hòa,4,21391 - 34940 - 63972 - 61771 - 04935 - 17217
2026-03-03,MT,Khánh Hòa,5,95908 - 92672 - 27122
2026-03-03,MT,Khánh Hòa,6,84481 - 45280 - 32843
2026-03-03,MT,Khánh Hòa,7,53980 - 85539 - 43632 - 04893
2026-03-03,MT,Khánh Hòa,8,56790
2026-03-03,MN,TP. HCM,ĐB,98121
2026-03-03,MN,TP. HCM,1,72970
2026-03-03,MN,TP. HCM,2,89347
2026-03-03,MN,TP. HCM,3,74437 - 62328 - 95556 - 08690 - 51131 - 64560
2026-03-03,MN,TP. HCM,4,65284 - 39916 - 17963 - 51893 - 87073 - 93648
2026-03-03,MN,TP. HCM,5,82816 - 25458 - 43553
2026-03-03,MN,TP. HCM,6,69963 - 32142 - 89447
2026-03-03,MN,TP. HCM,7,70481 - 71988 - 62670 - 36777
2026-03-03,MN,TP. HCM,8,20082
2026-03-03,MN,Đồng Tháp,ĐB,53256
2026-03-03,MN,Đồng Tháp,1,08748
2026-03-03,MN,Đồng Tháp,2,45059
2026-03-03,MN,Đồng Tháp,3,48882 - 92343 - 96473 - 71217 - 42608 - 28330
2026-03-03,MN,Đồng Tháp,4,63836 - 85926 - 08616 - 08140 - 58559 - 85659
2026-03-03,MN,Đồng Tháp,5,36378 - 11148 - 45626
2026-03-03,MN,Đồng Tháp,6,42968 - 65029 - 14506
2026-03-03,MN,Đồng Tháp,7,15307 - 42854 - 28856 - 37967
2026-03-03,MN,Đồng Tháp,8,92025
2026-03-03,MN,Cà Mau,ĐB,75202
2026-03-03,MN,Cà Mau,1,09951
2026-03-03,MN,Cà Mau,2,66153
2026-03-03,MN,Cà Mau,3,48722 - 17058 - 35754 - 39731 - 54796 - 19641
2026-03-03,MN,Cà Mau,4,79984 - 70784 - 37728 - 67881 - 67106 - 40590
2026-03-03,MN,Cà Mau,5,28222 - 29765 - 00619
2026-03-03,MN,Cà Mau,6,92134 - 79235 - 82783
2026-03-03,MN,Cà Mau,7,56442 - 89940 - 37648 - 96016
2026-03-03,MN,Cà Mau,8,97548
2026-03-04,MB,Hà Nội,ĐB,11955
2026-03-04,MB,Hà Nội,1,11288
2026-03-04,MB,Hà Nội,2,67562
2026-03-04,MB,Hà Nội,3,72965 - 93593 - 78852 - 43947 - 45366 - 12602
2026-03-04,MB,Hà Nội,4,65046 - 27866 - 35522 - 55910 - 04717 - 86891
2026-03-04,MB,Hà Nội,5,98552 - 77773 - 56737
2026-03-04,MB,Hà Nội,6,01836 - 49233 - 76150
2026-03-04,MB,Hà Nội,7,20185 - 91961 - 71386 - 08420
2026-03-04,MT,Đà Nẵng,ĐB,49667
2026-03-04,MT,Đà Nẵng,1,80730
2026-03-04,MT,Đà Nẵng,2,37012
2026-03-04,MT,Đà Nẵng,3,71078 - 17072 - 94298 - 97618 - 59753 - 41650
2026-03-04,MT,Đà Nẵng,4,81085 - 76149 - 42897 - 90290 - 50969 - 90867
2026-03-04,MT,Đà Nẵng,5,45809 - 48064 - 37785
2026-03-04,MT,Đà Nẵng,6,14088 - 56086 - 50298
2026-03-04,MT,Đà Nẵng,7,95160 - 60157 - 06462 - 54344
2026-03-04,MT,Đà Nẵng,8,52259
2026-03-04,MT,Khánh Hòa,ĐB,36223
2026-03-04,MT,Khánh Hòa,1,60503
2026-03-04,MT,Khánh Hòa,2,12233
2026-03-04,MT,Khánh Hòa,3,27033 - 34779 - 76748 - 50765 - 54124 - 09208
2026-03-04,MT,Khánh Hòa,4,40216 - 22667 - 43584 - 76740 - 20640 - 11453
2026-03-04,MT,Khánh Hòa,5,17536 - 14676 - 41432
2026-03-04,MT,Khánh Hòa,6,20661 - 41119 - 70394
2026-03-04,MT,Khánh Hòa,7,77851 - 54291 - 32852 - 43493
2026-03-04,MT,Khánh Hòa,8,14491
2026-03-04,MN,TP. HCM,ĐB,43997
2026-03-04,MN,TP. HCM,1,81070
2026-03-04,MN,TP. HCM,2,11567
2026-03-04,MN,TP. HCM,3,86883 - 68384 - 71475 - 78536 - 62635 - 28650
2026-03-04,MN,TP. HCM,4,83820 - 74640 - 06623 - 25626 - 42661 - 18743
2026-03-04,MN,TP. HCM,5,17581 - 31641 - 88068
2026-03-04,MN,TP. HCM,6,51202 - 23067 - 01876
2026-03-04,MN,TP. HCM,7,52794 - 99147 - 26888 - 95411
2026-03-04,MN,TP. HCM,8,44559
2026-03-04,MN,Đồng Tháp,ĐB,12177
2026-03-04,MN,Đồng Tháp,1,28390
2026-03-04,MN,Đồng Tháp,2,08004
2026-03-04,MN,Đồng Tháp,3,92169 - 09890 - 22208 - 85138 - 17852 - 36370
2026-03-04,MN,Đồng Tháp,4,20655 - 21959 - 80313 - 68687 - 41241 - 84648
2026-03-04,MN,Đồng Tháp,5,37986 - 31539 - 53122
2026-03-04,MN,Đồng Tháp,6,14912 - 12329 - 79351
2026-03-04,MN,Đồng Tháp,7,65776 - 82304 - 55778 - 85130
2026-03-04,MN,Đồng Tháp,8,17023
2026-03-04,MN,Cà Mau,ĐB,25014
2026-03-04,MN,Cà Mau,1,62800
2026-03-04,MN,Cà Mau,2,64805
2026-03-04,MN,Cà Mau,3,88003 - 08134 - 93487 - 33645 - 74304 - 28002
2026-03-04,MN,Cà Mau,4,13608 - 56027 - 11947 - 78822 - 30306 - 06069
2026-03-04,MN,Cà Mau,5,22940 - 30861 - 02890
2026-03-04,MN,Cà Mau,6,22968 - 88508 - 97635
2026-03-04,MN,Cà Mau,7,30335 - 08159 - 24475 - 77607
2026-03-04,MN,Cà Mau,8,39345
2026-03-05,MB,Hà Nội,ĐB,65628
2026-03-05,MB,Hà Nội,1,98384
2026-03-05,MB,Hà Nội,2,84736
2026-03-05,MB,Hà Nội,3,24809 - 38439 - 20589 - 57850 - 80424 - 11019
2026-03-05,MB,Hà Nội,4,19436 - 62420 - 97830 - 07426 - 61972 - 69555
2026-03-05,MB,Hà Nội,5,12957 - 78657 - 95627
2026-03-05,MB,Hà Nội,6,32329 - 84103 - 46028
2026-03-05,MB,Hà Nội,7,84961 - 84209 - 34835 - 27516
2026-03-05,MT,Đà Nẵng,ĐB,71016
2026-03-05,MT,Đà Nẵng,1,67030
2026-03-05,MT,Đà Nẵng,2,62030
2026-03-05,MT,Đà Nẵng,3,85949 - 13162 - 12519 - 39307 - 10588 - 28344
2026-03-05,MT,Đà Nẵng,4,68063 - 74968 - 39183 - 42943 - 28333 - 29109
2026-03-05,MT,Đà Nẵng,5,10448 - 90463 - 92038
2026-03-05,MT,Đà Nẵng,6,19306 - 61742 - 21138
2026-03-05,MT,Đà Nẵng,7,90155 - 80365 - 96433 - 96567
2026-03-05,MT,Đà Nẵng,8,20165
2026-03-05,MT,Khánh Hòa,ĐB,11651
2026-03-05,MT,Khánh Hòa,1,34963
2026-03-05,MT,Khánh Hòa,2,55806
2026-03-05,MT,Khánh Hòa,3,42813 - 66029 - 52638 - 20183 - 72111 - 63836
2026-03-05,MT,Khánh Hòa,4,45669 - 98041 - 25953 - 26442 - 85545 - 53391
2026-03-05,MT,Khánh Hòa,5,60765 - 82330 - 79324
2026-03-05,MT,Khánh Hòa,6,99598 - 48963 - 78650
2026-03-05,MT,Khánh Hòa,7,28017 - 59569 - 23231 - 81014
2026-03-05,MT,Khánh Hòa,8,27203
2026-03-05,MN,TP. HCM,ĐB,95039
2026-03-05,MN,TP. HCM,1,54937
2026-03-05,MN,TP. HCM,2,63496
2026-03-05,MN,TP. HCM,3,41976 - 70747 - 10792 - 45429 - 99217 - 12252
2026-03-05,MN,TP. HCM,4,60775 - 42319 - 64200 - 79308 - 66950 - 45308
2026-03-05,MN,TP. HCM,5,42528 - 73447 - 78424
2026-03-05,MN,TP. HCM,6,50696 - 52409 - 30967
2026-03-05,MN,TP. HCM,7,75578 - 67497 - 67747 - 03089
2026-03-05,MN,TP. HCM,8,18929
2026-03-05,MN,Đồng Tháp,ĐB,01077
2026-03-05,MN,Đồng Tháp,1,17046
2026-03-05,MN,Đồng Tháp,2,63745
2026-03-05,MN,Đồng Tháp,3,09698 - 52741 - 01278 - 67640 - 58260 - 08237
2026-03-05,MN,Đồng Tháp,4,39128 - 52286 - 05344 - 96474 - 54661 - 72149
2026-03-05,MN,Đồng Tháp,5,57743 - 81752 - 92826
2026-03-05,MN,Đồng Tháp,6,66243 - 22611 - 95819
2026-03-05,MN,Đồng Tháp,7,79754 - 69752 - 12775 - 80361
2026-03-05,MN,Đồng Tháp,8,23522
2026-03-05,MN,Cà Mau,ĐB,99535
2026-03-05,MN,Cà Mau,1,31286
2026-03-05,MN,Cà Mau,2,81345
2026-03-05,MN,Cà Mau,3,08432 - 65282 - 33952 - 64690 - 33687 - 43478
2026-03-05,MN,Cà Mau,4,76491 - 17756 - 78553 - 39719 - 34517 - 42803
2026-03-05,MN,Cà Mau,5,47311 - 37339 - 86534
2026-03-05,MN,Cà Mau,6,35604 - 69152 - 95594
2026-03-05,MN,Cà Mau,7,18344 - 35987 - 42740 - 99394
2026-03-05,MN,Cà Mau,8,73898
2026-03-06,MB,Hà Nội,ĐB,77346
2026-03-06,MB,Hà Nội,1,33924
2026-03-06,MB,Hà Nội,2,64993
2026-03-06,MB,Hà Nội,3,34670 - 97247 - 02063 - 56448 - 41422 - 16544
2026-03-06,MB,Hà Nội,4,74692 - 20927 - 28973 - 91526 - 02552 - 46131
2026-03-06,MB,Hà Nội,5,33365 - 61939 - 35797
2026-03-06,MB,Hà Nội,6,96949 - 57506 - 56554
2026-03-06,MB,Hà Nội,7,81709 - 71131 - 35706 - 19870
2026-03-06,MT,Đà Nẵng,ĐB,67409
2026-03-06,MT,Đà Nẵng,1,64888
2026-03-06,MT,Đà Nẵng,2,69093
2026-03-06,MT,Đà Nẵng,3,25860 - 01138 - 24609 - 64883 - 72477 - 95288
2026-03-06,MT,Đà Nẵng,4,96936 - 43314 - 89335 - 11797 - 17993 - 68166
2026-03-06,MT,Đà Nẵng,5,29449 - 34252 - 62432
2026-03-06,MT,Đà Nẵng,6,61880 - 36790 - 89668
2026-03-06,MT,Đà Nẵng,7,52362 - 89843 - 74147 - 44016
2026-03-06,MT,Đà Nẵng,8,97621
2026-03-06,MT,Khánh Hòa,ĐB,49330
2026-03-06,MT,Khánh Hòa,1,54904
2026-03-06,MT,Khánh Hòa,2,81974
2026-03-06,MT,Khánh Hòa,3,80324 - 46592 - 56393 - 79649 - 69610 - 98031
2026-03-06,MT,Khánh Hòa,4,95556 - 19719 - 78651 - 02786 - 55026 - 53111
2026-03-06,MT,Khánh Hòa,5,26207 - 16463 - 75426
2026-03-06,MT,Khánh Hòa,6,32244 - 72283 - 87864
2026-03-06,MT,Khánh Hòa,7,14438 - 69472 - 08224 - 37860
2026-03-06,MT,Khánh Hòa,8,64340
2026-03-06,MN,TP. HCM,ĐB,47523
2026-03-06,MN,TP. HCM,1,45019
2026-03-06,MN,TP. HCM,2,05312
2026-03-06,MN,TP. HCM,3,75803 - 42501 - 86726 - 25006 - 79262 - 12274
2026-03-06,MN,TP. HCM,4,48567 - 63720 - 87426 - 21039 - 13694 - 94941
2026-03-06,MN,TP. HCM,5,57772 - 90452 - 96676
2026-03-06,MN,TP. HCM,6,14842 - 97662 - 22411
2026-03-06,MN,TP. HCM,7,07562 - 18448 - 12139 - 58103
2026-03-06,MN,TP. HCM,8,04343
2026-03-06,MN,Đồng Tháp,ĐB,31822
2026-03-06,MN,Đồng Tháp,1,67283
2026-03-06,MN,Đồng Tháp,2,60153
2026-03-06,MN,Đồng Tháp,3,89740 - 57505 - 25447 - 86905 - 49355 - 94704
2026-03-06,MN,Đồng Tháp,4,67552 - 51859 - 59387 - 85683 - 76965 - 31216
2026-03-06,MN,Đồng Tháp,5,42807 - 82500 - 57894
2026-03-06,MN,Đồng Tháp,6,42103 - 46418 - 15321
2026-03-06,MN,Đồng Tháp,7,98364 - 81171 - 18040 - 83356
2026-03-06,MN,Đồng Tháp,8,22688
2026-03-06,MN,Cà Mau,ĐB,22425
2026-03-06,MN,Cà Mau,1,19303
2026-03-06,MN,Cà Mau,2,26528
2026-03-06,MN,Cà Mau,3,78124 - 17292 - 72037 - 31693 - 27318 - 67726
2026-03-06,MN,Cà Mau,4,61479 - 48208 - 05550 - 96910 - 12673 - 39202
2026-03-06,MN,Cà Mau,5,51581 - 90458 - 51000
2026-03-06,MN,Cà Mau,6,61716 - 52922 - 12087
2026-03-06,MN,Cà Mau,7,46345 - 29998 - 16027 - 71478
2026-03-06,MN,Cà Mau,8,00526
2026-03-07,MB,Hà Nội,ĐB,63653
2026-03-07,MB,Hà Nội,1,05938
2026-03-07,MB,Hà Nội,2,45697
2026-03-07,MB,Hà Nội,3,76955 - 65773 - 24103 - 50053 - 75278 - 60148
2026-03-07,MB,Hà Nội,4,01030 - 89277 - 96878 - 90948 - 03465 - 67548
2026-03-07,MB,Hà Nội,5,63989 - 74899 - 24187
2026-03-07,MB,Hà Nội,6,31391 - 90703 - 06917
2026-03-07,MB,Hà Nội,7,41210 - 42796 - 08291 - 56399
2026-03-07,MT,Đà Nẵng,ĐB,69718
2026-03-07,MT,Đà Nẵng,1,83100
2026-03-07,MT,Đà Nẵng,2,93936
2026-03-07,MT,Đà Nẵng,3,94327 - 17112 - 47165 - 21156 - 08907 - 16441
2026-03-07,MT,Đà Nẵng,4,97421 - 36679 - 01380 - 70239 - 81387 - 35628
2026-03-07,MT,Đà Nẵng,5,37194 - 59863 - 99100
2026-03-07,MT,Đà Nẵng,6,05593 - 69147 - 34946
2026-03-07,MT,Đà Nẵng,7,21320 - 60287 - 00316 - 79136
2026-03-07,MT,Đà Nẵng,8,34850
2026-03-07,MT,Khánh Hòa,ĐB,89895
2026-03-07,MT,Khánh Hòa,1,56592
2026-03-07,MT,Khánh Hòa,2,59845
2026-03-07,MT,Khánh Hòa,3,78204 - 53360 - 58649 - 04722 - 58264 - 12766
2026-03-07,MT,Khánh Hòa,4,47957 - 34337 - 08322 - 55375 - 95259 - 81302
2026-03-07,MT,Khánh Hòa,5,72297 - 06001 - 41621
2026-03-07,MT,Khánh Hòa,6,90621 - 57912 - 56108
2026-03-07,MT,Khánh Hòa,7,22391 - 24583 - 10709 - 14882
2026-03-07,MT,Khánh Hòa,8,36875
2026-03-07,MN,TP. HCM,ĐB,59081
2026-03-07,MN,TP. HCM,1,89901
2026-03-07,MN,TP. HCM,2,46518
2026-03-07,MN,TP. HCM,3,59274 - 40298 - 97476 - 92003 - 83212 - 49475
2026-03-07,MN,TP. HCM,4,65939 - 58963 - 70160 - 60395 - 72483 - 93081
2026-03-07,MN,TP. HCM,5,64654 - 61582 - 92106
2026-03-07,MN,TP. HCM,6,33321 - 43925 - 41068
2026-03-07,MN,TP. HCM,7,49242 - 07908 - 48491 - 17579
2026-03-07,MN,TP. HCM,8,88057
2026-03-07,MN,Đồng Tháp,ĐB,23454
2026-03-07,MN,Đồng Tháp,1,13319
2026-03-07,MN,Đồng Tháp,2,17635
2026-03-07,MN,Đồng Tháp,3,20936 - 07215 - 18512 - 76750 - 34153 - 65894
2026-03-07,MN,Đồng Tháp,4,93561 - 25698 - 26224 - 34018 - 60352 - 02037
2026-03-07,MN,Đồng Tháp,5,14691 - 87443 - 08179
2026-03-07,MN,Đồng Tháp,6,12678 - 53866 - 27821
2026-03-07,MN,Đồng Tháp,7,38565 - 91444 - 64683 - 75082
2026-03-07,MN,Đồng Tháp,8,33991
2026-03-07,MN,Cà Mau,ĐB,80078
2026-03-07,MN,Cà Mau,1,87623
2026-03-07,MN,Cà Mau,2,19135
2026-03-07,MN,Cà Mau,3,98627 - 22867 - 02155 - 40398 - 27628 - 31823
2026-03-07,MN,Cà Mau,4,01400 - 24164 - 38187 - 46934 - 07489 - 63608
2026-03-07,MN,Cà Mau,5,35248 - 17571 - 38155
2026-03-07,MN,Cà Mau,6,23662 - 62198 - 12364
2026-03-07,MN,Cà Mau,7,16540 - 31701 - 81125 - 69178
2026-03-07,MN,Cà Mau,8,41817
2026-03-08,MB,Hà Nội,ĐB,59584
2026-03-08,MB,Hà Nội,1,17103
2026-03-08,MB,Hà Nội,2,73558
2026-03-08,MB,Hà Nội,3,71288 - 87407 - 58878 - 65315 - 51955 - 01202
2026-03-08,MB,Hà Nội,4,80079 - 95704 - 16026 - 96934 - 03977 - 63947
2026-03-08,MB,Hà Nội,5,57230 - 10828 - 14311
2026-03-08,MB,Hà Nội,6,97648 - 81206 - 32476
2026-03-08,MB,Hà Nội,7,73199 - 32291 - 48894 - 75854
2026-03-08,MT,Đà Nẵng,ĐB,84638
2026-03-08,MT,Đà Nẵng,1,33852
2026-03-08,MT,Đà Nẵng,2,85119
2026-03-08,MT,Đà Nẵng,3,31309 - 51917 - 79226 - 24060 - 44199 - 49244
2026-03-08,MT,Đà Nẵng,4,33295 - 81152 - 76601 - 89128 - 67253 - 70847
2026-03-08,MT,Đà Nẵng,5,32336 - 52131 - 01697
2026-03-08,MT,Đà Nẵng,6,58845 - 06340 - 51062
2026-03-08,MT,Đà Nẵng,7,83605 - 56721 - 60336 - 58723
2026-03-08,MT,Đà Nẵng,8,59987
2026-03-08,MT,Khánh Hòa,ĐB,13953
2026-03-08,MT,Khánh Hòa,1,41685
2026-03-08,MT,Khánh Hòa,2,70205
2026-03-08,MT,Khánh Hòa,3,63871 - 82527 - 65782 - 64313 - 42208 - 16720
2026-03-08,MT,Khánh Hòa,4,01291 - 36400 - 62250 - 61142 - 49342 - 14883
2026-03-08,MT,Khánh Hòa,5,98043 - 55306 - 81877
2026-03-08,MT,Khánh Hòa,6,48816 - 69205 - 36554
2026-03-08,MT,Khánh Hòa,7,31793 - 07366 - 95401 - 80149
2026-03-08,MT,Khánh Hòa,8,99485
2026-03-08,MN,TP. HCM,ĐB,14684
2026-03-08,MN,TP. HCM,1,30881
2026-03-08,MN,TP. HCM,2,14978
2026-03-08,MN,TP. HCM,3,70610 - 40381 - 45189 - 28693 - 11512 - 61652
2026-03-08,MN,TP. HCM,4,11554 - 18652 - 79801 - 04690 - 42847 - 53217
2026-03-08,MN,TP. HCM,5,03812 - 55567 - 38653
2026-03-08,MN,TP. HCM,6,66160 - 94634 - 56360
2026-03-08,MN,TP. HCM,7,11207 - 89005 - 42490 - 87295
2026-03-08,MN,TP. HCM,8,03833
2026-03-08,MN,Đồng Tháp,ĐB,56425
2026-03-08,MN,Đồng Tháp,1,00720
2026-03-08,MN,Đồng Tháp,2,99046
2026-03-08,MN,Đồng Tháp,3,21664 - 97895 - 64282 - 42632 - 96468 - 65577
2026-03-08,MN,Đồng Tháp,4,19622 - 21353 - 75295 - 88361 - 56314 - 41933
2026-03-08,MN,Đồng Tháp,5,19760 - 78042 - 55418
2026-03-08,MN,Đồng Tháp,6,16436 - 21388 - 21215
2026-03-08,MN,Đồng Tháp,7,20000 - 46774 - 72555 - 54771
2026-03-08,MN,Đồng Tháp,8,73674
2026-03-08,MN,Cà Mau,ĐB,95051
2026-03-08,MN,Cà Mau,1,16694
2026-03-08,MN,Cà Mau,2,34019
2026-03-08,MN,Cà Mau,3,76618 - 95999 - 43782 - 20781 - 19772 - 84805
2026-03-08,MN,Cà Mau,4,75839 - 94365 - 67564 - 68240 - 75068 - 95339
2026-03-08,MN,Cà Mau,5,65505 - 94471 - 32280
2026-03-08,MN,Cà Mau,6,28604 - 28302 - 38986
2026-03-08,MN,Cà Mau,7,67803 - 46566 - 14869 - 70639
2026-03-08,MN,Cà Mau,8,44375
2026-03-09,MB,Hà Nội,ĐB,48871
2026-03-09,MB,Hà Nội,1,25624
2026-03-09,MB,Hà Nội,2,75436
2026-03-09,MB,Hà Nội,3,90279 - 55944 - 03529 - 40493 - 01086 - 69707
2026-03-09,MB,Hà Nội,4,03466 - 17002 - 12312 - 11393 - 36471 - 16578
2026-03-09,MB,Hà Nội,5,06189 - 27388 - 60946
2026-03-09,MB,Hà Nội,6,05779 - 63759 - 45678
2026-03-09,MB,Hà Nội,7,36442 - 92351 - 69567 - 77749
2026-03-09,MT,Đà Nẵng,ĐB,72053
2026-03-09,MT,Đà Nẵng,1,85511
2026-03-09,MT,Đà Nẵng,2,62992
2026-03-09,MT,Đà Nẵng,3,04939 - 23777 - 13742 - 19832 - 31537 - 43813
2026-03-09,MT,Đà Nẵng,4,61410 - 74223 - 10859 - 27085 - 62521 - 75746
2026-03-09,MT,Đà Nẵng,5,89406 - 94857 - 29037
2026-03-09,MT,Đà Nẵng,6,49179 - 07097 - 03919
2026-03-09,MT,Đà Nẵng,7,19082 - 63826 - 22044 - 27335
2026-03-09,MT,Đà Nẵng,8,02026
2026-03-09,MT,Khánh Hòa,ĐB,97193
2026-03-09,MT,Khánh Hòa,1,43270
2026-03-09,MT,Khánh Hòa,2,85935
2026-03-09,MT,Khánh Hòa,3,95685 - 27736 - 39136 - 91548 - 72986 - 63482
2026-03-09,MT,Khánh Hòa,4,12827 - 81614 - 49973 - 51518 - 50956 - 93398
2026-03-09,MT,Khánh Hòa,5,78094 - 98386 - 56744
2026-03-09,MT,Khánh Hòa,6,37139 - 31567 - 65017
2026-03-09,MT,Khánh Hòa,7,61966 - 38532 - 67656 - 24215
2026-03-09,MT,Khánh Hòa,8,08879
2026-03-09,MN,TP. HCM,ĐB,16963
2026-03-09,MN,TP. HCM,1,31841
2026-03-09,MN,TP. HCM,2,91726
2026-03-09,MN,TP. HCM,3,82703 - 45426 - 95929 - 09207 - 77749 - 45807
2026-03-09,MN,TP. HCM,4,05648 - 47340 - 15114 - 13573 - 29917 - 71161
2026-03-09,MN,TP. HCM,5,82905 - 93038 - 64988
2026-03-09,MN,TP. HCM,6,39196 - 04286 - 07265
2026-03-09,MN,TP. HCM,7,35240 - 88473 - 34584 - 69719
2026-03-09,MN,TP. HCM,8,95398
2026-03-09,MN,Đồng Tháp,ĐB,93747
2026-03-09,MN,Đồng Tháp,1,85199
2026-03-09,MN,Đồng Tháp,2,47414
2026-03-09,MN,Đồng Tháp,3,55865 - 68737 - 38603 - 61059 - 34173 - 90204
2026-03-09,MN,Đồng Tháp,4,37495 - 18541 - 64403 - 89355 - 57152 - 67186
2026-03-09,MN,Đồng Tháp,5,48058 - 58814 - 06916
2026-03-09,MN,Đồng Tháp,6,95477 - 86006 - 61312
2026-03-09,MN,Đồng Tháp,7,84494 - 79636 - 11713 - 38676
2026-03-09,MN,Đồng Tháp,8,40325
2026-03-09,MN,Cà Mau,ĐB,36346
2026-03-09,MN,Cà Mau,1,53370
2026-03-09,MN,Cà Mau,2,02839
2026-03-09,MN,Cà Mau,3,02008 - 72382 - 04122 - 61904 - 27590 - 26827
2026-03-09,MN,Cà Mau,4,71346 - 73121 - 78782 - 16423 - 75982 - 94718
2026-03-09,MN,Cà Mau,5,92975 - 59752 - 24461
2026-03-09,MN,Cà Mau,6,53306 - 00890 - 55697
2026-03-09,MN,Cà Mau,7,71255 - 74550 - 56101 - 17903
2026-03-09,MN,Cà Mau,8,27687
2026-03-10,MB,Hà Nội,ĐB,52555
2026-03-10,MB,Hà Nội,1,16297
2026-03-10,MB,Hà Nội,2,63883
2026-03-10,MB,Hà Nội,3,80934 - 96277 - 47428 - 26719 - 47622 - 49891
2026-03-10,MB,Hà Nội,4,79867 - 18080 - 00021 - 96660 - 23427 - 31342
2026-03-10,MB,Hà Nội,5,67275 - 89600 - 93155
2026-03-10,MB,Hà Nội,6,71391 - 85325 - 35425
2026-03-10,MB,Hà Nội,7,89798 - 28667 - 39228 - 17603
2026-03-10,MT,Đà Nẵng,ĐB,56190
2026-03-10,MT,Đà Nẵng,1,40226
2026-03-10,MT,Đà Nẵng,2,84486
2026-03-10,MT,Đà Nẵng,3,83222 - 73526 - 73944 - 99082 - 09365 - 66133
2026-03-10,MT,Đà Nẵng,4,74085 - 94440 - 36384 - 42253 - 21739 - 75101
2026-03-10,MT,Đà Nẵng,5,27214 - 72799 - 32482
2026-03-10,MT,Đà Nẵng,6,61074 - 54480 - 44283
2026-03-10,MT,Đà Nẵng,7,30203 - 68851 - 35788 - 21913
2026-03-10,MT,Đà Nẵng,8,03630
2026-03-10,MT,Khánh Hòa,ĐB,46135
2026-03-10,MT,Khánh Hòa,1,66008
2026-03-10,MT,Khánh Hòa,2,43435
2026-03-10,MT,Khánh Hòa,3,52350 - 65639 - 03128 - 91835 - 56611 - 28486
2026-03-10,MT,Khánh Hòa,4,96683 - 90023 - 05719 - 26666 - 72727 - 25354
2026-03-10,MT,Khánh Hòa,5,94904 - 43233 - 39577
2026-03-10,MT,Khánh Hòa,6,18691 - 54720 - 66635
2026-03-10,MT,Khánh Hòa,7,64238 - 16913 - 92821 - 49771
2026-03-10,MT,Khánh Hòa,8,72738
2026-03-10,MN,TP. HCM,ĐB,63157
2026-03-10,MN,TP. HCM,1,35864
2026-03-10,MN,TP. HCM,2,61018
2026-03-10,MN,TP. HCM,3,79841 - 49828 - 87752 - 62924 - 60530 - 46200
2026-03-10,MN,TP. HCM,4,81783 - 46688 - 56881 - 90580 - 67175 - 74880
2026-03-10,MN,TP. HCM,5,76257 - 33111 - 12482
2026-03-10,MN,TP. HCM,6,89194 - 40659 - 35163
2026-03-10,MN,TP. HCM,7,53127 - 15254 - 04098 - 66212
2026-03-10,MN,TP. HCM,8,56855
2026-03-10,MN,Đồng Tháp,ĐB,36509
2026-03-10,MN,Đồng Tháp,1,66826
2026-03-10,MN,Đồng Tháp,2,76393
2026-03-10,MN,Đồng Tháp,3,81250 - 05103 - 45758 - 63013 - 46297 - 94755
2026-03-10,MN,Đồng Tháp,4,85242 - 56737 - 66829 - 31204 - 28925 - 47442
2026-03-10,MN,Đồng Tháp,5,15836 - 15453 - 90761
2026-03-10,MN,Đồng Tháp,6,90847 - 27922 - 46963
2026-03-10,MN,Đồng Tháp,7,47822 - 12905 - 96878 - 94134
2026-03-10,MN,Đồng Tháp,8,77861
2026-03-10,MN,Cà Mau,ĐB,96334
2026-03-10,MN,Cà Mau,1,14907
2026-03-10,MN,Cà Mau,2,68492
2026-03-10,MN,Cà Mau,3,07756 - 35552 - 56871 - 00199 - 61657 - 71381
2026-03-10,MN,Cà Mau,4,42508 - 19111 - 51022 - 24531 - 73194 - 01732
2026-03-10,MN,Cà Mau,5,03072 - 38863 - 43764
2026-03-10,MN,Cà Mau,6,91260 - 64128 - 46325
2026-03-10,MN,Cà Mau,7,30216 - 44022 - 58022 - 96054
2026-03-10,MN,Cà Mau,8,28316
2026-03-11,MB,Hà Nội,ĐB,35636
2026-03-11,MB,Hà Nội,1,18980
2026-03-11,MB,Hà Nội,2,48049
2026-03-11,MB,Hà Nội,3,12197 - 17773 - 84554 - 98895 - 24981 - 70240
2026-03-11,MB,Hà Nội,4,76176 - 34967 - 71494 - 09258 - 64172 - 71165
2026-03-11,MB,Hà Nội,5,21760 - 12331 - 69905
2026-03-11,MB,Hà Nội,6,34286 - 54524 - 42501
2026-03-11,MB,Hà Nội,7,19624 - 26741 - 38604 - 61486
2026-03-11,MT,Đà Nẵng,ĐB,56619
2026-03-11,MT,Đà Nẵng,1,72650
2026-03-11,MT,Đà Nẵng,2,01003
2026-03-11,MT,Đà Nẵng,3,29119 - 44958 - 61093 - 13305 - 32920 - 26215
2026-03-11,MT,Đà Nẵng,4,29691 - 04194 - 78458 - 70015 - 40818 - 57064
2026-03-11,MT,Đà Nẵng,5,52602 - 28277 - 09331
2026-03-11,MT,Đà Nẵng,6,39143 - 26558 - 86643
2026-03-11,MT,Đà Nẵng,7,04069 - 86644 - 85549 - 01372
2026-03-11,MT,Đà Nẵng,8,59662
2026-03-11,MT,Khánh Hòa,ĐB,22157
2026-03-11,MT,Khánh Hòa,1,50478
2026-03-11,MT,Khánh Hòa,2,39499
2026-03-11,MT,Khánh Hòa,3,59419 - 29090 - 70893 - 30039 - 89736 - 84444
2026-03-11,MT,Khánh Hòa,4,03649 - 88130 - 12055 - 07553 - 59967 - 69493
2026-03-11,MT,Khánh Hòa,5,92999 - 39374 - 71394
2026-03-11,MT,Khánh Hòa,6,14568 - 81540 - 81402
2026-03-11,MT,Khánh Hòa,7,21713 - 77792 - 39889 - 88015
2026-03-11,MT,Khánh Hòa,8,18060
2026-03-11,MN,TP. HCM,ĐB,06300
2026-03-11,MN,TP. HCM,1,49615
2026-03-11,MN,TP. HCM,2,77443
2026-03-11,MN,TP. HCM,3,22762 - 02494 - 30856 - 05724 - 19873 - 76490
2026-03-11,MN,TP. HCM,4,82252 - 42796 - 09386 - 41514 - 64621 - 55872
2026-03-11,MN,TP. HCM,5,64488 - 90963 - 87804
2026-03-11,MN,TP. HCM,6,75006 - 05874 - 31469
2026-03-11,MN,TP. HCM,7,35631 - 77013 - 72270 - 23276
2026-03-11,MN,TP. HCM,8,94629
2026-03-11,MN,Đồng Tháp,ĐB,46635
2026-03-11,MN,Đồng Tháp,1,40829
2026-03-11,MN,Đồng Tháp,2,93905
2026-03-11,MN,Đồng Tháp,3,10463 - 38677 - 30803 - 00602 - 40918 - 05891
2026-03-11,MN,Đồng Tháp,4,14405 - 51130 - 98573 - 15260 - 07862 - 89817
2026-03-11,MN,Đồng Tháp,5,29133 - 79434 - 80719
2026-03-11,MN,Đồng Tháp,6,60438 - 09295 - 48402
2026-03-11,MN,Đồng Tháp,7,65250 - 15699 - 30638 - 94960
2026-03-11,MN,Đồng Tháp,8,03340
2026-03-11,MN,Cà Mau,ĐB,74687
2026-03-11,MN,Cà Mau,1,57863
2026-03-11,MN,Cà Mau,2,81023
2026-03-11,MN,Cà Mau,3,89988 - 31542 - 67000 - 88895 - 75499 - 77245
2026-03-11,MN,Cà Mau,4,00746 - 09072 - 20519 - 66423 - 38626 - 78530
2026-03-11,MN,Cà Mau,5,06428 - 07949 - 86743
2026-03-11,MN,Cà Mau,6,75743 - 88774 - 55646
2026-03-11,MN,Cà Mau,7,03023 - 30742 - 59919 - 85246
2026-03-11,MN,Cà Mau,8,28038
2026-03-12,MB,Hà Nội,ĐB,60128
2026-03-12,MB,Hà Nội,1,73933
2026-03-12,MB,Hà Nội,2,23031
2026-03-12,MB,Hà Nội,3,16601 - 66587 - 33848 - 09542 - 88310 - 90262
2026-03-12,MB,Hà Nội,4,78998 - 43819 - 79121 - 24544 - 65020 - 17712
2026-03-12,MB,Hà Nội,5,34123 - 81961 - 82218
2026-03-12,MB,Hà Nội,6,70880 - 47644 - 10632
2026-03-12,MB,Hà Nội,7,54805 - 27482 - 61417 - 43956
2026-03-12,MT,Đà Nẵng,ĐB,75459
2026-03-12,MT,Đà Nẵng,1,39216
2026-03-12,MT,Đà Nẵng,2,38435
2026-03-12,MT,Đà Nẵng,3,91996 - 86588 - 55284 - 73544 - 57808 - 09822
2026-03-12,MT,Đà Nẵng,4,04872 - 82871 - 74297 - 93663 - 25569 - 51507
2026-03-12,MT,Đà Nẵng,5,26292 - 60678 - 14782
2026-03-12,MT,Đà Nẵng,6,78926 - 19344 - 22632
2026-03-12,MT,Đà Nẵng,7,88233 - 27085 - 04219 - 91766
2026-03-12,MT,Đà Nẵng,8,95481
2026-03-12,MT,Khánh Hòa,ĐB,78164
2026-03-12,MT,Khánh Hòa,1,04889
2026-03-12,MT,Khánh Hòa,2,87188
2026-03-12,MT,Khánh Hòa,3,20157 - 33410 - 47650 - 81073 - 89583 - 41318
2026-03-12,MT,Khánh Hòa,4,91851 - 36514 - 86988 - 33196 - 89660 - 53148
2026-03-12,MT,Khánh Hòa,5,60923 - 84931 - 17826
2026-03-12,MT,Khánh Hòa,6,77823 - 86487 - 09997
2026-03-12,MT,Khánh Hòa,7,88709 - 35478 - 17868 - 64001
2026-03-12,MT,Khánh Hòa,8,12519
2026-03-12,MN,TP. HCM,ĐB,87959
2026-03-12,MN,TP. HCM,1,77821
2026-03-12,MN,TP. HCM,2,90235
2026-03-12,MN,TP. HCM,3,22526 - 32562 - 00809 - 09222 - 13448 - 96517
2026-03-12,MN,TP. HCM,4,00066 - 56923 - 97296 - 80585 - 60403 - 20979
2026-03-12,MN,TP. HCM,5,94613 - 98000 - 75309
2026-03-12,MN,TP. HCM,6,96312 - 64281 - 90895
2026-03-12,MN,TP. HCM,7,59674 - 05299 - 44345 - 88523
2026-03-12,MN,TP. HCM,8,66439
2026-03-12,MN,Đồng Tháp,ĐB,67842
2026-03-12,MN,Đồng Tháp,1,17219
2026-03-12,MN,Đồng Tháp,2,55685
2026-03-12,MN,Đồng Tháp,3,29236 - 64240 - 78069 - 99339 - 58539 - 12197
2026-03-12,MN,Đồng Tháp,4,95852 - 12004 - 89417 - 28143 - 93097 - 77174
2026-03-12,MN,Đồng Tháp,5,68091 - 75588 - 32566
2026-03-12,MN,Đồng Tháp,6,47914 - 26095 - 66741
2026-03-12,MN,Đồng Tháp,7,76022 - 39028 - 66489 - 57374
2026-03-12,MN,Đồng Tháp,8,77387
2026-03-12,MN,Cà Mau,ĐB,44122
2026-03-12,MN,Cà Mau,1,59775
2026-03-12,MN,Cà Mau,2,87637
2026-03-12,MN,Cà Mau,3,41391 - 39020 - 65587 - 15953 - 75123 - 64082
2026-03-12,MN,Cà Mau,4,49847 - 43514 - 01902 - 40175 - 35821 - 72795
2026-03-12,MN,Cà Mau,5,84982 - 28249 - 11164
2026-03-12,MN,Cà Mau,6,87814 - 72119 - 60906
2026-03-12,MN,Cà Mau,7,15138 - 72046 - 19088 - 14423
2026-03-12,MN,Cà Mau,8,47892
2026-03-13,MB,Hà Nội,ĐB,84949
2026-03-13,MB,Hà Nội,1,57941
2026-03-13,MB,Hà Nội,2,88191
2026-03-13,MB,Hà Nội,3,27446 - 20291 - 69893 - 05677 - 42800 - 33266
2026-03-13,MB,Hà Nội,4,69227 - 89673 - 22958 - 35803 - 86775 - 79926
2026-03-13,MB,Hà Nội,5,10197 - 15306 - 78895
2026-03-13,MB,Hà Nội,6,33347 - 19592 - 18367
2026-03-13,MB,Hà Nội,7,31931 - 16570 - 23458 - 05247
2026-03-13,MT,Đà Nẵng,ĐB,64999
2026-03-13,MT,Đà Nẵng,1,74372
2026-03-13,MT,Đà Nẵng,2,88199
2026-03-13,MT,Đà Nẵng,3,96786 - 47415 - 39860 - 02363 - 36141 - 86494
2026-03-13,MT,Đà Nẵng,4,08914 - 42664 - 38406 - 59322 - 90210 - 44212
2026-03-13,MT,Đà Nẵng,5,91048 - 13649 - 86900
2026-03-13,MT,Đà Nẵng,6,64038 - 81756 - 69397
2026-03-13,MT,Đà Nẵng,7,85577 - 10324 - 39705 - 84742
2026-03-13,MT,Đà Nẵng,8,36586
2026-03-13,MT,Khánh Hòa,ĐB,18082
2026-03-13,MT,Khánh Hòa,1,91760
2026-03-13,MT,Khánh Hòa,2,24306
2026-03-13,MT,Khánh Hòa,3,56157 - 02009 - 86560 - 39474 - 97181 - 54779
2026-03-13,MT,Khánh Hòa,4,05295 - 97211 - 15905 - 78382 - 79419 - 94787
2026-03-13,MT,Khánh Hòa,5,71254 - 93893 - 69795
2026-03-13,MT,Khánh Hòa,6,10983 - 70653 - 95657
2026-03-13,MT,Khánh Hòa,7,83999 - 78606 - 40671 - 02212
2026-03-13,MT,Khánh Hòa,8,07072
2026-03-13,MN,TP. HCM,ĐB,75753
2026-03-13,MN,TP. HCM,1,42762
2026-03-13,MN,TP. HCM,2,99355
2026-03-13,MN,TP. HCM,3,75332 - 51913 - 98446 - 44805 - 60780 - 20905
2026-03-13,MN,TP. HCM,4,40583 - 05347 - 91140 - 11870 - 50697 - 90420
2026-03-13,MN,TP. HCM,5,44794 - 66772 - 16006
2026-03-13,MN,TP. HCM,6,03060 - 35697 - 97587
2026-03-13,MN,TP. HCM,7,00385 - 59174 - 43263 - 30970
2026-03-13,MN,TP. HCM,8,82330
2026-03-13,MN,Đồng Tháp,ĐB,01042
2026-03-13,MN,Đồng Tháp,1,79134
2026-03-13,MN,Đồng Tháp,2,66323
2026-03-13,MN,Đồng Tháp,3,71644 - 76414 - 25875 - 71516 - 31968 - 43094
2026-03-13,MN,Đồng Tháp,4,05624 - 94858 - 84179 - 98919 - 32451 - 43868
2026-03-13,MN,Đồng Tháp,5,52573 - 63029 - 45991
2026-03-13,MN,Đồng Tháp,6,89654 - 57866 - 38349
2026-03-13,MN,Đồng Tháp,7,09994 - 88115 - 15732 - 54627
2026-03-13,MN,Đồng Tháp,8,45704
2026-03-13,MN,Cà Mau,ĐB,22000
2026-03-13,MN,Cà Mau,1,93851
2026-03-13,MN,Cà Mau,2,71743
2026-03-13,MN,Cà Mau,3,44874 - 34051 - 33696 - 34040 - 88976 - 56804
2026-03-13,MN,Cà Mau,4,28025 - 47574 - 01417 - 65280 - 40085 - 73332
2026-03-13,MN,Cà Mau,5,65897 - 27813 - 06576
2026-03-13,MN,Cà Mau,6,83794 - 98291 - 20395
2026-03-13,MN,Cà Mau,7,32341 - 55551 - 45069 - 72750
2026-03-13,MN,Cà Mau,8,64172
2026-03-14,MB,Hà Nội,ĐB,26512
2026-03-14,MB,Hà Nội,1,45476
2026-03-14,MB,Hà Nội,2,38017
2026-03-14,MB,Hà Nội,3,84019 - 05838 - 63653 - 71123 - 25351 - 38534
2026-03-14,MB,Hà Nội,4,57330 - 83138 - 40231 - 14303 - 05290 - 82188
2026-03-14,MB,Hà Nội,5,57127 - 91620 - 45114
2026-03-14,MB,Hà Nội,6,79279 - 47941 - 17446
2026-03-14,MB,Hà Nội,7,37380 - 14364 - 34630 - 81708
2026-03-14,MT,Đà Nẵng,ĐB,09199
2026-03-14,MT,Đà Nẵng,1,61522
2026-03-14,MT,Đà Nẵng,2,86782
2026-03-14,MT,Đà Nẵng,3,52053 - 85191 - 73639 - 23436 - 68306 - 11639
2026-03-14,MT,Đà Nẵng,4,05084 - 81634 - 83760 - 34818 - 00236 - 95153
2026-03-14,MT,Đà Nẵng,5,70354 - 56441 - 07112
2026-03-14,MT,Đà Nẵng,6,22727 - 92776 - 91649
2026-03-14,MT,Đà Nẵng,7,67652 - 62199 - 85989 - 88537
2026-03-14,MT,Đà Nẵng,8,96099
2026-03-14,MT,Khánh Hòa,ĐB,93062
2026-03-14,MT,Khánh Hòa,1,38544
2026-03-14,MT,Khánh Hòa,2,97607
2026-03-14,MT,Khánh Hòa,3,41889 - 70345 - 71597 - 22000 - 04781 - 93305
2026-03-14,MT,Khánh Hòa,4,73183 - 78137 - 85424 - 15897 - 58795 - 02026
2026-03-14,MT,Khánh Hòa,5,65693 - 99448 - 32425
2026-03-14,MT,Khánh Hòa,6,13076 - 37048 - 99324
2026-03-14,MT,Khánh Hòa,7,45118 - 35554 - 62848 - 21553
2026-03-14,MT,Khánh Hòa,8,93126
2026-03-14,MN,TP. HCM,ĐB,82784
2026-03-14,MN,TP. HCM,1,26595
2026-03-14,MN,TP. HCM,2,96650
2026-03-14,MN,TP. HCM,3,15874 - 26685 - 25270 - 21375 - 87418 - 12919
2026-03-14,MN,TP. HCM,4,72356 - 80944 - 05083 - 15829 - 25911 - 38920
2026-03-14,MN,TP. HCM,5,40535 - 29918 - 03022
2026-03-14,MN,TP. HCM,6,63869 - 21502 - 32164
2026-03-14,MN,TP. HCM,7,65547 - 70298 - 57214 - 39072
2026-03-14,MN,TP. HCM,8,89802
2026-03-14,MN,Đồng Tháp,ĐB,82895
2026-03-14,MN,Đồng Tháp,1,73195
2026-03-14,MN,Đồng Tháp,2,16909
2026-03-14,MN,Đồng Tháp,3,66600 - 95531 - 11412 - 08718 - 42615 - 85632
2026-03-14,MN,Đồng Tháp,4,10535 - 62882 - 39760 - 82982 - 44787 - 75366
2026-03-14,MN,Đồng Tháp,5,16874 - 22806 - 63967
2026-03-14,MN,Đồng Tháp,6,97600 - 61311 - 11200
2026-03-14,MN,Đồng Tháp,7,85236 - 06908 - 37908 - 44344
2026-03-14,MN,Đồng Tháp,8,33371
2026-03-14,MN,Cà Mau,ĐB,18510
2026-03-14,MN,Cà Mau,1,29097
2026-03-14,MN,Cà Mau,2,70370
2026-03-14,MN,Cà Mau,3,87312 - 74562 - 57323 - 74810 - 65520 - 30284
2026-03-14,MN,Cà Mau,4,60513 - 51247 - 51659 - 32033 - 19679 - 72013
2026-03-14,MN,Cà Mau,5,20289 - 04686 - 50212
2026-03-14,MN,Cà Mau,6,22478 - 91870 - 75532
2026-03-14,MN,Cà Mau,7,81494 - 05987 - 01374 - 05074
2026-03-14,MN,Cà Mau,8,11634
2026-03-15,MB,Hà Nội,ĐB,75400
2026-03-15,MB,Hà Nội,1,38718
2026-03-15,MB,Hà Nội,2,74280
2026-03-15,MB,Hà Nội,3,50332 - 34493 - 19956 - 87286 - 99418 - 73537
2026-03-15,MB,Hà Nội,4,97755 - 24581 - 12184 - 06924 - 16829 - 39430
2026-03-15,MB,Hà Nội,5,71250 - 52340 - 30752
2026-03-15,MB,Hà Nội,6,01350 - 42971 - 39543
2026-03-15,MB,Hà Nội,7,57530 - 14978 - 01045 - 75306
2026-03-15,MT,Đà Nẵng,ĐB,28574
2026-03-15,MT,Đà Nẵng,1,58456
2026-03-15,MT,Đà Nẵng,2,03276
2026-03-15,MT,Đà Nẵng,3,83022 - 18307 - 16494 - 33091 - 53203 - 77491
2026-03-15,MT,Đà Nẵng,4,51544 - 95201 - 34445 - 28582 - 75007 - 78835
2026-03-15,MT,Đà Nẵng,5,61646 - 54237 - 04766
2026-03-15,MT,Đà Nẵng,6,72179 - 96355 - 99897
2026-03-15,MT,Đà Nẵng,7,09427 - 58432 - 98185 - 20643
2026-03-15,MT,Đà Nẵng,8,37427
2026-03-15,MT,Khánh Hòa,ĐB,10441
2026-03-15,MT,Khánh Hòa,1,36977
2026-03-15,MT,Khánh Hòa,2,71432
2026-03-15,MT,Khánh Hòa,3,46759 - 63633 - 41461 - 25491 - 88343 - 28908
2026-03-15,MT,Khánh Hòa,4,20181 - 07162 - 30578 - 30971 - 65673 - 03908
2026-03-15,MT,Khánh Hòa,5,27085 - 91302 - 60627
2026-03-15,MT,Khánh Hòa,6,26530 - 30524 - 44364
2026-03-15,MT,Khánh Hòa,7,66689 - 97305 - 22042 - 10104
2026-03-15,MT,Khánh Hòa,8,67061
2026-03-15,MN,TP. HCM,ĐB,33227
2026-03-15,MN,TP. HCM,1,78567
2026-03-15,MN,TP. HCM,2,25721
2026-03-15,MN,TP. HCM,3,04666 - 93309 - 13259 - 81559 - 26166 - 19303
2026-03-15,MN,TP. HCM,4,55066 - 36760 - 85374 - 34495 - 59512 - 45705
2026-03-15,MN,TP. HCM,5,46244 - 34421 - 49493
2026-03-15,MN,TP. HCM,6,75297 - 09245 - 39516
2026-03-15,MN,TP. HCM,7,20223 - 58918 - 51734 - 99598
2026-03-15,MN,TP. HCM,8,15307
2026-03-15,MN,Đồng Tháp,ĐB,08111
2026-03-15,MN,Đồng Tháp,1,10986
2026-03-15,MN,Đồng Tháp,2,88614
2026-03-15,MN,Đồng Tháp,3,83323 - 49144 - 18992 - 42143 - 24523 - 98588
2026-03-15,MN,Đồng Tháp,4,94649 - 59698 - 36985 - 65446 - 88820 - 38392
2026-03-15,MN,Đồng Tháp,5,17961 - 89192 - 01804
2026-03-15,MN,Đồng Tháp,6,83151 - 06972 - 39968
2026-03-15,MN,Đồng Tháp,7,64862 - 58689 - 22590 - 69695
2026-03-15,MN,Đồng Tháp,8,99242
2026-03-15,MN,Cà Mau,ĐB,59873
2026-03-15,MN,Cà Mau,1,67247
2026-03-15,MN,Cà Mau,2,53121
2026-03-15,MN,Cà Mau,3,85960 - 97456 - 82048 - 22790 - 03774 - 01446
2026-03-15,MN,Cà Mau,4,62745 - 79639 - 84016 - 49340 - 99644 - 97888
2026-03-15,MN,Cà Mau,5,90600 - 01527 - 22093
2026-03-15,MN,Cà Mau,6,25113 - 11646 - 60195
2026-03-15,MN,Cà Mau,7,40117 - 12316 - 23888 - 66787
2026-03-15,MN,Cà Mau,8,92751
2026-03-16,MB,Hà Nội,ĐB,86766
2026-03-16,MB,Hà Nội,1,02176
2026-03-16,MB,Hà Nội,2,88977
2026-03-16,MB,Hà Nội,3,67607 - 64128 - 17357 - 06086 - 31249 - 26388
2026-03-16,MB,Hà Nội,4,75637 - 77092 - 57195 - 80135 - 60666 - 62949
2026-03-16,MB,Hà Nội,5,36449 - 10369 - 71701
2026-03-16,MB,Hà Nội,6,22763 - 53056 - 38519
2026-03-16,MB,Hà Nội,7,21222 - 90662 - 53335 - 58406
2026-03-16,MT,Đà Nẵng,ĐB,60820
2026-03-16,MT,Đà Nẵng,1,49959
2026-03-16,MT,Đà Nẵng,2,06275
2026-03-16,MT,Đà Nẵng,3,77539 - 09672 - 39751 - 88414 - 15164 - 28253
2026-03-16,MT,Đà Nẵng,4,88244 - 47206 - 03994 - 29052 - 72651 - 92409
2026-03-16,MT,Đà Nẵng,5,73539 - 48509 - 74108
2026-03-16,MT,Đà Nẵng,6,40561 - 24794 - 11289
2026-03-16,MT,Đà Nẵng,7,09489 - 84129 - 01349 - 64067
2026-03-16,MT,Đà Nẵng,8,03533
2026-03-16,MT,Khánh Hòa,ĐB,20342
2026-03-16,MT,Khánh Hòa,1,90750
2026-03-16,MT,Khánh Hòa,2,17022
2026-03-16,MT,Khánh Hòa,3,14901 - 86681 - 02708 - 17623 - 30437 - 68264
2026-03-16,MT,Khánh Hòa,4,64659 - 95501 - 28816 - 99155 - 79887 - 30334
2026-03-16,MT,Khánh Hòa,5,59335 - 58510 - 72364
2026-03-16,MT,Khánh Hòa,6,98196 - 53291 - 71073
2026-03-16,MT,Khánh Hòa,7,70909 - 24836 - 02162 - 24118
2026-03-16,MT,Khánh Hòa,8,21212
2026-03-16,MN,TP. HCM,ĐB,27553
2026-03-16,MN,TP. HCM,1,07322
2026-03-16,MN,TP. HCM,2,51842
2026-03-16,MN,TP. HCM,3,05313 - 81225 - 67430 - 66532 - 25502 - 88917
2026-03-16,MN,TP. HCM,4,19671 - 13491 - 09513 - 82920 - 42926 - 51620
2026-03-16,MN,TP. HCM,5,28792 - 73706 - 39635
2026-03-16,MN,TP. HCM,6,12184 - 31727 - 65565
2026-03-16,MN,TP. HCM,7,31738 - 11591 - 99037 - 37367
2026-03-16,MN,TP. HCM,8,40742
2026-03-16,MN,Đồng Tháp,ĐB,82621
2026-03-16,MN,Đồng Tháp,1,74740
2026-03-16,MN,Đồng Tháp,2,30451
2026-03-16,MN,Đồng Tháp,3,77658 - 84855 - 02681 - 85668 - 69715 - 83952
2026-03-16,MN,Đồng Tháp,4,49178 - 44307 - 32933 - 32745 - 62376 - 35999
2026-03-16,MN,Đồng Tháp,5,31342 - 43642 - 00839
2026-03-16,MN,Đồng Tháp,6,84562 - 33787 - 96520
2026-03-16,MN,Đồng Tháp,7,80291 - 38643 - 83674 - 98201
2026-03-16,MN,Đồng Tháp,8,47661
2026-03-16,MN,Cà Mau,ĐB,31303
2026-03-16,MN,Cà Mau,1,38725
2026-03-16,MN,Cà Mau,2,09759
2026-03-16,MN,Cà Mau,3,69234 - 52425 - 55534 - 49980 - 38771 - 00752
2026-03-16,MN,Cà Mau,4,58500 - 23838 - 78115 - 63169 - 46632 - 75617
2026-03-16,MN,Cà Mau,5,55226 - 19639 - 79074
2026-03-16,MN,Cà Mau,6,93499 - 34200 - 93264
2026-03-16,MN,Cà Mau,7,71667 - 97285 - 38344 - 34902
2026-03-16,MN,Cà Mau,8,03600
2026-03-17,MB,Hà Nội,ĐB,18837
2026-03-17,MB,Hà Nội,1,73390
2026-03-17,MB,Hà Nội,2,61856
2026-03-17,MB,Hà Nội,3,23705 - 30694 - 98098 - 17583 - 16519 - 78516
2026-03-17,MB,Hà Nội,4,11370 - 54135 - 23124 - 96550 - 57159 - 59010
2026-03-17,MB,Hà Nội,5,88099 - 66254 - 38884
2026-03-17,MB,Hà Nội,6,74394 - 86887 - 30721
2026-03-17,MB,Hà Nội,7,55476 - 93698 - 84560 - 58257
2026-03-17,MT,Đà Nẵng,ĐB,80436
2026-03-17,MT,Đà Nẵng,1,78854
2026-03-17,MT,Đà Nẵng,2,71258
2026-03-17,MT,Đà Nẵng,3,38936 - 01766 - 29792 - 62767 - 93717 - 11507
2026-03-17,MT,Đà Nẵng,4,09822 - 86837 - 38242 - 62954 - 77613 - 32453
2026-03-17,MT,Đà Nẵng,5,51773 - 23858 - 64557
2026-03-17,MT,Đà Nẵng,6,75525 - 44732 - 79369
2026-03-17,MT,Đà Nẵng,7,57153 - 74694 - 99913 - 18266
2026-03-17,MT,Đà Nẵng,8,13536
2026-03-17,MT,Khánh Hòa,ĐB,36332
2026-03-17,MT,Khánh Hòa,1,93963
2026-03-17,MT,Khánh Hòa,2,83784
2026-03-17,MT,Khánh Hòa,3,08264 - 87620 - 95695 - 23352 - 55768 - 79612
2026-03-17,MT,Khánh Hòa,4,40093 - 49551 - 89325 - 18408 - 22414 - 96454
2026-03-17,MT,Khánh Hòa,5,14479 - 84707 - 89642
2026-03-17,MT,Khánh Hòa,6,65044 - 32066 - 42510
2026-03-17,MT,Khánh Hòa,7,40031 - 44090 - 00651 - 08660
2026-03-17,MT,Khánh Hòa,8,45452
2026-03-17,MN,TP. HCM,ĐB,48308
2026-03-17,MN,TP. HCM,1,85436
2026-03-17,MN,TP. HCM,2,57653
2026-03-17,MN,TP. HCM,3,68469 - 34490 - 35305 - 62745 - 21803 - 42246
2026-03-17,MN,TP. HCM,4,94589 - 44000 - 09955 - 31830 - 95048 - 05361
2026-03-17,MN,TP. HCM,5,03171 - 27520 - 30669
2026-03-17,MN,TP. HCM,6,43026 - 57168 - 15442
2026-03-17,MN,TP. HCM,7,07804 - 85399 - 55707 - 23308
2026-03-17,MN,TP. HCM,8,86609
2026-03-17,MN,Đồng Tháp,ĐB,23242
2026-03-17,MN,Đồng Tháp,1,17965
2026-03-17,MN,Đồng Tháp,2,75346
2026-03-17,MN,Đồng Tháp,3,04593 - 26319 - 84172 - 61541 - 04591 - 90317
2026-03-17,MN,Đồng Tháp,4,43061 - 04497 - 40616 - 32234 - 95003 - 00307
2026-03-17,MN,Đồng Tháp,5,73352 - 49921 - 03307
2026-03-17,MN,Đồng Tháp,6,17276 - 18693 - 13414
2026-03-17,MN,Đồng Tháp,7,08206 - 62438 - 65390 - 26425
2026-03-17,MN,Đồng Tháp,8,25163
2026-03-17,MN,Cà Mau,ĐB,04181
2026-03-17,MN,Cà Mau,1,80815
2026-03-17,MN,Cà Mau,2,47360
2026-03-17,MN,Cà Mau,3,85329 - 52074 - 74218 - 29097 - 77909 - 33911
2026-03-17,MN,Cà Mau,4,19504 - 61658 - 90663 - 55196 - 70796 - 64859
2026-03-17,MN,Cà Mau,5,27307 - 16788 - 44164
2026-03-17,MN,Cà Mau,6,35190 - 46977 - 31369
2026-03-17,MN,Cà Mau,7,03893 - 50155 - 63965 - 11756
2026-03-17,MN,Cà Mau,8,24104
2026-03-18,MB,Hà Nội,ĐB,04694
2026-03-18,MB,Hà Nội,1,89877
2026-03-18,MB,Hà Nội,2,51421
2026-03-18,MB,Hà Nội,3,25238 - 07986 - 35003 - 64658 - 16841 - 04212
2026-03-18,MB,Hà Nội,4,98646 - 24121 - 96019 - 24913 - 86339 - 85240
2026-03-18,MB,Hà Nội,5,82149 - 14515 - 02615
2026-03-18,MB,Hà Nội,6,98213 - 72126 - 02752
2026-03-18,MB,Hà Nội,7,22823 - 62042 - 05926 - 93260
2026-03-18,MT,Đà Nẵng,ĐB,15957
2026-03-18,MT,Đà Nẵng,1,40794
2026-03-18,MT,Đà Nẵng,2,16911
2026-03-18,MT,Đà Nẵng,3,56179 - 91926 - 38067 - 90713 - 64585 - 10080
2026-03-18,MT,Đà Nẵng,4,35904 - 08261 - 61193 - 74267 - 75313 - 94798
2026-03-18,MT,Đà Nẵng,5,79628 - 21060 - 36543
2026-03-18,MT,Đà Nẵng,6,76308 - 78233 - 91133
2026-03-18,MT,Đà Nẵng,7,76287 - 83616 - 32976 - 51300
2026-03-18,MT,Đà Nẵng,8,78456
2026-03-18,MT,Khánh Hòa,ĐB,98643
2026-03-18,MT,Khánh Hòa,1,42877
2026-03-18,MT,Khánh Hòa,2,87821
2026-03-18,MT,Khánh Hòa,3,88248 - 84900 - 23487 - 67811 - 20369 - 41216
2026-03-18,MT,Khánh Hòa,4,33671 - 15729 - 79868 - 40046 - 53948 - 62007
2026-03-18,MT,Khánh Hòa,5,97367 - 39346 - 36550
2026-03-18,MT,Khánh Hòa,6,05652 - 44823 - 91541
2026-03-18,MT,Khánh Hòa,7,28693 - 26673 - 59324 - 19432
2026-03-18,MT,Khánh Hòa,8,95311
2026-03-18,MN,TP. HCM,ĐB,24025
2026-03-18,MN,TP. HCM,1,90047
2026-03-18,MN,TP. HCM,2,09274
2026-03-18,MN,TP. HCM,3,11055 - 07905 - 39602 - 55356 - 23289 - 99371
2026-03-18,MN,TP. HCM,4,80347 - 71073 - 79227 - 97714 - 16154 - 13325
2026-03-18,MN,TP. HCM,5,14278 - 00521 - 41061
2026-03-18,MN,TP. HCM,6,19737 - 49707 - 57170
2026-03-18,MN,TP. HCM,7,00289 - 55064 - 36949 - 71063
2026-03-18,MN,TP. HCM,8,88144
2026-03-18,MN,Đồng Tháp,ĐB,31317
2026-03-18,MN,Đồng Tháp,1,26535
2026-03-18,MN,Đồng Tháp,2,10353
2026-03-18,MN,Đồng Tháp,3,77739 - 05488 - 68776 - 92706 - 30871 - 83871
2026-03-18,MN,Đồng Tháp,4,50118 - 99756 - 94367 - 41908 - 53022 - 41372
2026-03-18,MN,Đồng Tháp,5,39712 - 17225 - 63189
2026-03-18,MN,Đồng Tháp,6,03867 - 91499 - 43803
2026-03-18,MN,Đồng Tháp,7,62542 - 27969 - 61311 - 95936
2026-03-18,MN,Đồng Tháp,8,21878
2026-03-18,MN,Cà Mau,ĐB,23997
2026-03-18,MN,Cà Mau,1,75999
2026-03-18,MN,Cà Mau,2,32174
2026-03-18,MN,Cà Mau,3,22573 - 76668 - 40466 - 09920 - 72777 - 90337
2026-03-18,MN,Cà Mau,4,32392 - 82076 - 93755 - 45826 - 47170 - 33573
2026-03-18,MN,Cà Mau,5,73208 - 51054 - 74562
2026-03-18,MN,Cà Mau,6,54795 - 00109 - 68684
2026-03-18,MN,Cà Mau,7,80721 - 37974 - 59974 - 01508
2026-03-18,MN,Cà Mau,8,49212
2026-03-19,MB,Hà Nội,ĐB,80084
2026-03-19,MB,Hà Nội,1,83832
2026-03-19,MB,Hà Nội,2,02495
2026-03-19,MB,Hà Nội,3,27640 - 68418 - 74920 - 70951 - 91333 - 90710
2026-03-19,MB,Hà Nội,4,36130 - 85646 - 37809 - 58389 - 65198 - 36078
2026-03-19,MB,Hà Nội,5,91069 - 99529 - 37299
2026-03-19,MB,Hà Nội,6,49756 - 03990 - 76109
2026-03-19,MB,Hà Nội,7,82888 - 22445 - 44848 - 09685
2026-03-19,MT,Đà Nẵng,ĐB,63410
2026-03-19,MT,Đà Nẵng,1,34020
2026-03-19,MT,Đà Nẵng,2,27717
2026-03-19,MT,Đà Nẵng,3,65183 - 87435 - 07191 - 57325 - 77585 - 64473
2026-03-19,MT,Đà Nẵng,4,00838 - 81896 - 53875 - 27859 - 11588 - 33763
2026-03-19,MT,Đà Nẵng,5,21497 - 12742 - 94398
2026-03-19,MT,Đà Nẵng,6,99672 - 20878 - 56877
2026-03-19,MT,Đà Nẵng,7,40888 - 01378 - 62763 - 07647
2026-03-19,MT,Đà Nẵng,8,93640
2026-03-19,MT,Khánh Hòa,ĐB,38318
2026-03-19,MT,Khánh Hòa,1,76579
2026-03-19,MT,Khánh Hòa,2,89585
2026-03-19,MT,Khánh Hòa,3,30822 - 51428 - 06760 - 06248 - 36181 - 91725
2026-03-19,MT,Khánh Hòa,4,98151 - 47044 - 65384 - 58190 - 97118 - 44074
2026-03-19,MT,Khánh Hòa,5,22580 - 59430 - 73687
2026-03-19,MT,Khánh Hòa,6,82267 - 39387 - 80810
2026-03-19,MT,Khánh Hòa,7,01662 - 54740 - 56437 - 72159
2026-03-19,MT,Khánh Hòa,8,37224
2026-03-19,MN,TP. HCM,ĐB,07531
2026-03-19,MN,TP. HCM,1,47851
2026-03-19,MN,TP. HCM,2,75553
2026-03-19,MN,TP. HCM,3,20374 - 94826 - 25652 - 31974 - 40591 - 02452
2026-03-19,MN,TP. HCM,4,14079 - 78673 - 40077 - 01164 - 71984 - 23870
2026-03-19,MN,TP. HCM,5,10341 - 64057 - 12544
2026-03-19,MN,TP. HCM,6,96892 - 74178 - 40347
2026-03-19,MN,TP. HCM,7,76052 - 85873 - 13671 - 43443
2026-03-19,MN,TP. HCM,8,60361
2026-03-19,MN,Đồng Tháp,ĐB,30980
2026-03-19,MN,Đồng Tháp,1,43005
2026-03-19,MN,Đồng Tháp,2,54039
2026-03-19,MN,Đồng Tháp,3,70443 - 70938 - 80163 - 22097 - 90277 - 50392
2026-03-19,MN,Đồng Tháp,4,87780 - 17970 - 26427 - 42620 - 01993 - 66505
2026-03-19,MN,Đồng Tháp,5,43806 - 07542 - 88827
2026-03-19,MN,Đồng Tháp,6,59259 - 77520 - 90028
2026-03-19,MN,Đồng Tháp,7,39678 - 26806 - 15180 - 20843
2026-03-19,MN,Đồng Tháp,8,79246
2026-03-19,MN,Cà Mau,ĐB,81427
2026-03-19,MN,Cà Mau,1,34100
2026-03-19,MN,Cà Mau,2,42960
2026-03-19,MN,Cà Mau,3,08712 - 95339 - 89686 - 50617 - 88512 - 07236
2026-03-19,MN,Cà Mau,4,57250 - 23288 - 69823 - 10625 - 21031 - 52356
2026-03-19,MN,Cà Mau,5,08843 - 52010 - 01725
2026-03-19,MN,Cà Mau,6,53540 - 54557 - 48212
2026-03-19,MN,Cà Mau,7,37444 - 01580 - 23949 - 77818
2026-03-19,MN,Cà Mau,8,68810
2026-03-20,MB,Hà Nội,ĐB,03798
2026-03-20,MB,Hà Nội,1,73662
2026-03-20,MB,Hà Nội,2,37639
2026-03-20,MB,Hà Nội,3,01195 - 60074 - 96740 - 03486 - 42339 - 30046
2026-03-20,MB,Hà Nội,4,29374 - 99269 - 00254 - 71271 - 36012 - 19940
2026-03-20,MB,Hà Nội,5,72781 - 38350 - 70605
2026-03-20,MB,Hà Nội,6,80216 - 94275 - 16007
2026-03-20,MB,Hà Nội,7,02439 - 72999 - 50124 - 16576
2026-03-20,MT,Đà Nẵng,ĐB,19413
2026-03-20,MT,Đà Nẵng,1,63650
2026-03-20,MT,Đà Nẵng,2,77478
2026-03-20,MT,Đà Nẵng,3,85656 - 20444 - 21142 - 87020 - 72903 - 45741
2026-03-20,MT,Đà Nẵng,4,44690 - 02276 - 90657 - 54101 - 24661 - 16502
2026-03-20,MT,Đà Nẵng,5,39810 - 54089 - 47307
2026-03-20,MT,Đà Nẵng,6,01395 - 15960 - 49312
2026-03-20,MT,Đà Nẵng,7,47219 - 74959 - 38399 - 62515
2026-03-20,MT,Đà Nẵng,8,31552
2026-03-20,MT,Khánh Hòa,ĐB,53506
2026-03-20,MT,Khánh Hòa,1,43500
2026-03-20,MT,Khánh Hòa,2,76070
2026-03-20,MT,Khánh Hòa,3,47376 - 91802 - 72623 - 37311 - 02915 - 34813
2026-03-20,MT,Khánh Hòa,4,97140 - 38673 - 39087 - 80063 - 12444 - 66145
2026-03-20,MT,Khánh Hòa,5,11590 - 31815 - 35080
2026-03-20,MT,Khánh Hòa,6,36323 - 04018 - 49151
2026-03-20,MT,Khánh Hòa,7,46280 - 24779 - 74703 - 60535
2026-03-20,MT,Khánh Hòa,8,43900
2026-03-20,MN,TP. HCM,ĐB,85072
2026-03-20,MN,TP. HCM,1,49401
2026-03-20,MN,TP. HCM,2,14562
2026-03-20,MN,TP. HCM,3,96845 - 62984 - 91583 - 52057 - 56481 - 97106
2026-03-20,MN,TP. HCM,4,18745 - 85830 - 66086 - 84143 - 19816 - 11045
2026-03-20,MN,TP. HCM,5,81639 - 93590 - 05728
2026-03-20,MN,TP. HCM,6,77448 - 18940 - 06179
2026-03-20,MN,TP. HCM,7,87281 - 06650 - 32353 - 72836
2026-03-20,MN,TP. HCM,8,91393
2026-03-20,MN,Đồng Tháp,ĐB,52279
2026-03-20,MN,Đồng Tháp,1,69937
2026-03-20,MN,Đồng Tháp,2,24844
2026-03-20,MN,Đồng Tháp,3,43295 - 56367 - 27367 - 04575 - 04402 - 98393
2026-03-20,MN,Đồng Tháp,4,99827 - 61140 - 12445 - 66446 - 45142 - 33911
2026-03-20,MN,Đồng Tháp,5,47985 - 94585 - 75212
2026-03-20,MN,Đồng Tháp,6,74102 - 51958 - 39886
2026-03-20,MN,Đồng Tháp,7,37910 - 16931 - 92648 - 43151
2026-03-20,MN,Đồng Tháp,8,89162
2026-03-20,MN,Cà Mau,ĐB,78707
2026-03-20,MN,Cà Mau,1,94097
2026-03-20,MN,Cà Mau,2,95797
2026-03-20,MN,Cà Mau,3,07285 - 48829 - 34238 - 09997 - 87933 - 62463
2026-03-20,MN,Cà Mau,4,32008 - 49304 - 11383 - 41681 - 55876 - 30264
2026-03-20,MN,Cà Mau,5,40871 - 62611 - 57910
2026-03-20,MN,Cà Mau,6,74586 - 36806 - 24206
2026-03-20,MN,Cà Mau,7,26800 - 65537 - 48179 - 21136
2026-03-20,MN,Cà Mau,8,88385
2026-03-21,MB,Hà Nội,ĐB,05544
2026-03-21,MB,Hà Nội,1,10109
2026-03-21,MB,Hà Nội,2,51030
2026-03-21,MB,Hà Nội,3,98820 - 70787 - 67331 - 55637 - 81021 - 28335
2026-03-21,MB,Hà Nội,4,42619 - 64800 - 90541 - 62312 - 12788 - 18220
2026-03-21,MB,Hà Nội,5,92716 - 42567 - 84608
2026-03-21,MB,Hà Nội,6,90145 - 51340 - 82228
2026-03-21,MB,Hà Nội,7,17272 - 30927 - 37362 - 56184
2026-03-21,MT,Đà Nẵng,ĐB,51814
2026-03-21,MT,Đà Nẵng,1,38029
2026-03-21,MT,Đà Nẵng,2,62863
2026-03-21,MT,Đà Nẵng,3,41908 - 06276 - 02963 - 48944 - 86545 - 21963
2026-03-21,MT,Đà Nẵng,4,84067 - 19449 - 86248 - 13195 - 68653 - 97779
2026-03-21,MT,Đà Nẵng,5,20382 - 38785 - 17724
2026-03-21,MT,Đà Nẵng,6,11777 - 50952 - 61474
2026-03-21,MT,Đà Nẵng,7,04690 - 93202 - 46393 - 62539
2026-03-21,MT,Đà Nẵng,8,44576
2026-03-21,MT,Khánh Hòa,ĐB,75075
2026-03-21,MT,Khánh Hòa,1,24840
2026-03-21,MT,Khánh Hòa,2,43214
2026-03-21,MT,Khánh Hòa,3,19178 - 83901 - 09680 - 93486 - 16943 - 64242
2026-03-21,MT,Khánh Hòa,4,08104 - 06015 - 69557 - 72485 - 78587 - 51971
2026-03-21,MT,Khánh Hòa,5,82540 - 55298 - 82056
2026-03-21,MT,Khánh Hòa,6,24441 - 80135 - 26957
2026-03-21,MT,Khánh Hòa,7,08856 - 62418 - 44475 - 14912
2026-03-21,MT,Khánh Hòa,8,84516
2026-03-21,MN,TP. HCM,ĐB,92552
2026-03-21,MN,TP. HCM,1,40852
2026-03-21,MN,TP. HCM,2,85056
2026-03-21,MN,TP. HCM,3,19540 - 60471 - 90437 - 08003 - 78939 - 13270
2026-03-21,MN,TP. HCM,4,07893 - 83822 - 52766 - 77230 - 48221 - 26446
2026-03-21,MN,TP. HCM,5,82143 - 91062 - 08436
2026-03-21,MN,TP. HCM,6,97703 - 20417 - 95653
2026-03-21,MN,TP. HCM,7,92530 - 00484 - 06821 - 97606
2026-03-21,MN,TP. HCM,8,13602
2026-03-21,MN,Đồng Tháp,ĐB,94659
2026-03-21,MN,Đồng Tháp,1,56264
2026-03-21,MN,Đồng Tháp,2,69411
2026-03-21,MN,Đồng Tháp,3,36599 - 18002 - 30351 - 56931 - 71831 - 87171
2026-03-21,MN,Đồng Tháp,4,73364 - 65847 - 78842 - 02166 - 53717 - 23245
2026-03-21,MN,Đồng Tháp,5,71883 - 89042 - 32682
2026-03-21,MN,Đồng Tháp,6,12885 - 40578 - 41961
2026-03-21,MN,Đồng Tháp,7,48476 - 08245 - 86665 - 18876
2026-03-21,MN,Đồng Tháp,8,26921
2026-03-21,MN,Cà Mau,ĐB,97330
2026-03-21,MN,Cà Mau,1,28896
2026-03-21,MN,Cà Mau,2,46677
2026-03-21,MN,Cà Mau,3,66853 - 81760 - 16691 - 93014 - 38964 - 16575
2026-03-21,MN,Cà Mau,4,57663 - 77412 - 49615 - 61981 - 19933 - 04424
2026-03-21,MN,Cà Mau,5,04101 - 25507 - 03409
2026-03-21,MN,Cà Mau,6,42438 - 28558 - 11756
2026-03-21,MN,Cà Mau,7,18961 - 67566 - 10294 - 20466
2026-03-21,MN,Cà Mau,8,51187
2026-03-22,MB,Hà Nội,ĐB,10142
2026-03-22,MB,Hà Nội,1,85853
2026-03-22,MB,Hà Nội,2,76807
2026-03-22,MB,Hà Nội,3,30217 - 76445 - 23090 - 12469 - 69582 - 88787
2026-03-22,MB,Hà Nội,4,35740 - 28392 - 59336 - 43416 - 15579 - 05894
2026-03-22,MB,Hà Nội,5,53014 - 03310 - 23901
2026-03-22,MB,Hà Nội,6,39944 - 26715 - 98212
2026-03-22,MB,Hà Nội,7,36876 - 83644 - 65772 - 15132
2026-03-22,MT,Đà Nẵng,ĐB,12017
2026-03-22,MT,Đà Nẵng,1,95873
2026-03-22,MT,Đà Nẵng,2,47644
2026-03-22,MT,Đà Nẵng,3,39693 - 53607 - 57430 - 84720 - 21067 - 10985
2026-03-22,MT,Đà Nẵng,4,84667 - 79236 - 57808 - 29445 - 92287 - 84893
2026-03-22,MT,Đà Nẵng,5,25693 - 73104 - 87671
2026-03-22,MT,Đà Nẵng,6,41264 - 52849 - 13207
2026-03-22,MT,Đà Nẵng,7,54874 - 42504 - 40913 - 84567
2026-03-22,MT,Đà Nẵng,8,63345
2026-03-22,MT,Khánh Hòa,ĐB,51300
2026-03-22,MT,Khánh Hòa,1,97156
2026-03-22,MT,Khánh Hòa,2,03341
2026-03-22,MT,Khánh Hòa,3,58741 - 51886 - 76528 - 12861 - 32774 - 65378
2026-03-22,MT,Khánh Hòa,4,48789 - 65882 - 67822 - 75207 - 28860 - 86267
2026-03-22,MT,Khánh Hòa,5,81799 - 09079 - 27175
2026-03-22,MT,Khánh Hòa,6,26370 - 59576 - 51872
2026-03-22,MT,Khánh Hòa,7,41236 - 47985 - 04694 - 01951
2026-03-22,MT,Khánh Hòa,8,07850
2026-03-22,MN,TP. HCM,ĐB,07165
2026-03-22,MN,TP. HCM,1,90632
2026-03-22,MN,TP. HCM,2,10008
2026-03-22,MN,TP. HCM,3,48334 - 59103 - 24294 - 00421 - 01650 - 06568
2026-03-22,MN,TP. HCM,4,14591 - 95384 - 95583 - 83824 - 58391 - 00476
2026-03-22,MN,TP. HCM,5,10855 - 80100 - 03850
2026-03-22,MN,TP. HCM,6,75166 - 56418 - 30569
2026-03-22,MN,TP. HCM,7,94155 - 78920 - 28857 - 21163
2026-03-22,MN,TP. HCM,8,23808
2026-03-22,MN,Đồng Tháp,ĐB,77878
2026-03-22,MN,Đồng Tháp,1,05892
2026-03-22,MN,Đồng Tháp,2,07525
2026-03-22,MN,Đồng Tháp,3,30375 - 39851 - 75464 - 32098 - 20569 - 21771
2026-03-22,MN,Đồng Tháp,4,72707 - 60270 - 15660 - 13775 - 65169 - 12775
2026-03-22,MN,Đồng Tháp,5,63159 - 04287 - 35632
2026-03-22,MN,Đồng Tháp,6,42350 - 80397 - 04307
2026-03-22,MN,Đồng Tháp,7,13201 - 63534 - 03636 - 41304
2026-03-22,MN,Đồng Tháp,8,01992
2026-03-22,MN,Cà Mau,ĐB,40264
2026-03-22,MN,Cà Mau,1,41676
2026-03-22,MN,Cà Mau,2,56883
2026-03-22,MN,Cà Mau,3,01403 - 88554 - 26296 - 30813 - 19255 - 70354
2026-03-22,MN,Cà Mau,4,13296 - 53128 - 68987 - 47969 - 27703 - 77440
2026-03-22,MN,Cà Mau,5,29946 - 42928 - 97546
2026-03-22,MN,Cà Mau,6,99754 - 09790 - 38472
2026-03-22,MN,Cà Mau,7,72430 - 35080 - 70526 - 75974
2026-03-22,MN,Cà Mau,8,62709
2026-03-23,MB,Hà Nội,ĐB,97004
2026-03-23,MB,Hà Nội,1,78009
2026-03-23,MB,Hà Nội,2,01599
2026-03-23,MB,Hà Nội,3,84155 - 92367 - 48739 - 21100 - 75788 - 43655
2026-03-23,MB,Hà Nội,4,71006 - 54154 - 91651 - 29686 - 97332 - 52059
2026-03-23,MB,Hà Nội,5,37091 - 08747 - 56581
2026-03-23,MB,Hà Nội,6,39890 - 59611 - 28145
2026-03-23,MB,Hà Nội,7,59125 - 40482 - 20153 - 87545
2026-03-23,MT,Đà Nẵng,ĐB,26810
2026-03-23,MT,Đà Nẵng,1,85277
2026-03-23,MT,Đà Nẵng,2,58472
2026-03-23,MT,Đà Nẵng,3,00052 - 97213 - 03470 - 94887 - 94896 - 26224
2026-03-23,MT,Đà Nẵng,4,83791 - 63768 - 14422 - 52884 - 69950 - 78329
2026-03-23,MT,Đà Nẵng,5,75898 - 49468 - 12917
2026-03-23,MT,Đà Nẵng,6,42403 - 11667 - 79261
2026-03-23,MT,Đà Nẵng,7,10395 - 53025 - 52606 - 12009
2026-03-23,MT,Đà Nẵng,8,31688
2026-03-23,MT,Khánh Hòa,ĐB,96637
2026-03-23,MT,Khánh Hòa,1,91359
2026-03-23,MT,Khánh Hòa,2,99289
2026-03-23,MT,Khánh Hòa,3,21351 - 53760 - 84401 - 38249 - 48550 - 98565
2026-03-23,MT,Khánh Hòa,4,39135 - 76402 - 65092 - 09168 - 93813 - 93119
2026-03-23,MT,Khánh Hòa,5,98772 - 23417 - 20944
2026-03-23,MT,Khánh Hòa,6,70843 - 78875 - 89558
2026-03-23,MT,Khánh Hòa,7,49441 - 38741 - 23109 - 85507
2026-03-23,MT,Khánh Hòa,8,62064
2026-03-23,MN,TP. HCM,ĐB,46226
2026-03-23,MN,TP. HCM,1,53391
2026-03-23,MN,TP. HCM,2,44090
2026-03-23,MN,TP. HCM,3,20102 - 19149 - 88508 - 89206 - 66292 - 04695
2026-03-23,MN,TP. HCM,4,93995 - 49109 - 09424 - 35911 - 47849 - 30031
2026-03-23,MN,TP. HCM,5,50284 - 39272 - 93963
2026-03-23,MN,TP. HCM,6,60677 - 59924 - 11400
2026-03-23,MN,TP. HCM,7,72142 - 72049 - 72564 - 63598
2026-03-23,MN,TP. HCM,8,90131
2026-03-23,MN,Đồng Tháp,ĐB,29697
2026-03-23,MN,Đồng Tháp,1,71121
2026-03-23,MN,Đồng Tháp,2,78852
2026-03-23,MN,Đồng Tháp,3,89859 - 67461 - 78540 - 68674 - 93849 - 02102
2026-03-23,MN,Đồng Tháp,4,89510 - 47254 - 73160 - 66318 - 53705 - 95435
2026-03-23,MN,Đồng Tháp,5,19284 - 52997 - 29911
2026-03-23,MN,Đồng Tháp,6,55958 - 44837 - 13083
2026-03-23,MN,Đồng Tháp,7,76303 - 46039 - 38846 - 80581
2026-03-23,MN,Đồng Tháp,8,25910
2026-03-23,MN,Cà Mau,ĐB,41129
2026-03-23,MN,Cà Mau,1,67354
2026-03-23,MN,Cà Mau,2,97858
2026-03-23,MN,Cà Mau,3,28115 - 44073 - 42160 - 55377 - 48490 - 02554
2026-03-23,MN,Cà Mau,4,70188 - 73096 - 56832 - 38255 - 99651 - 03112
2026-03-23,MN,Cà Mau,5,74825 - 21255 - 97007
2026-03-23,MN,Cà Mau,6,78919 - 09101 - 99583
2026-03-23,MN,Cà Mau,7,38301 - 31283 - 56384 - 02837
2026-03-23,MN,Cà Mau,8,21172
2026-03-24,MB,Hà Nội,ĐB,83654
2026-03-24,MB,Hà Nội,1,60715
2026-03-24,MB,Hà Nội,2,60646
2026-03-24,MB,Hà Nội,3,92553 - 10804 - 72752 - 18915 - 29125 - 54434
2026-03-24,MB,Hà Nội,4,56447 - 71537 - 74956 - 95742 - 85804 - 70481
2026-03-24,MB,Hà Nội,5,21099 - 19865 - 48805
2026-03-24,MB,Hà Nội,6,20451 - 38150 - 81010
2026-03-24,MB,Hà Nội,7,04301 - 06576 - 38255 - 40270
2026-03-24,MT,Đà Nẵng,ĐB,72833
2026-03-24,MT,Đà Nẵng,1,97536
2026-03-24,MT,Đà Nẵng,2,76114
2026-03-24,MT,Đà Nẵng,3,21936 - 28974 - 77904 - 37608 - 89925 - 14522
2026-03-24,MT,Đà Nẵng,4,80250 - 31128 - 67888 - 74378 - 64754 - 06597
2026-03-24,MT,Đà Nẵng,5,20008 - 23726 - 03564
2026-03-24,MT,Đà Nẵng,6,02831 - 93656 - 70173
2026-03-24,MT,Đà Nẵng,7,03867 - 10756 - 44194 - 35670
2026-03-24,MT,Đà Nẵng,8,81064
2026-03-24,MT,Khánh Hòa,ĐB,06193
2026-03-24,MT,Khánh Hòa,1,21494
2026-03-24,MT,Khánh Hòa,2,01764
2026-03-24,MT,Khánh Hòa,3,92871 - 33095 - 14392 - 59262 - 12536 - 91594
2026-03-24,MT,Khánh Hòa,4,14442 - 66630 - 93380 - 38615 - 05049 - 99138
2026-03-24,MT,Khánh Hòa,5,51368 - 84813 - 46213
2026-03-24,MT,Khánh Hòa,6,21199 - 84487 - 99608
2026-03-24,MT,Khánh Hòa,7,37321 - 65218 - 00077 - 67768
2026-03-24,MT,Khánh Hòa,8,58049
2026-03-24,MN,TP. HCM,ĐB,70411
2026-03-24,MN,TP. HCM,1,34016
2026-03-24,MN,TP. HCM,2,02180
2026-03-24,MN,TP. HCM,3,44862 - 61701 - 98069 - 19367 - 56670 - 11778
2026-03-24,MN,TP. HCM,4,44883 - 59421 - 20058 - 33122 - 07194 - 44254
2026-03-24,MN,TP. HCM,5,26829 - 36323 - 88629
2026-03-24,MN,TP. HCM,6,57501 - 48276 - 01788
2026-03-24,MN,TP. HCM,7,15460 - 29898 - 16963 - 94237
2026-03-24,MN,TP. HCM,8,04222
2026-03-24,MN,Đồng Tháp,ĐB,03709
2026-03-24,MN,Đồng Tháp,1,89093
2026-03-24,MN,Đồng Tháp,2,35040
2026-03-24,MN,Đồng Tháp,3,27426 - 34784 - 90163 - 88433 - 18066 - 78631
2026-03-24,MN,Đồng Tháp,4,88780 - 69924 - 67396 - 77385 - 38861 - 56133
2026-03-24,MN,Đồng Tháp,5,27559 - 88986 - 75897
2026-03-24,MN,Đồng Tháp,6,04864 - 24795 - 80338
2026-03-24,MN,Đồng Tháp,7,37879 - 35037 - 28128 - 65962
2026-03-24,MN,Đồng Tháp,8,67059
2026-03-24,MN,Cà Mau,ĐB,29684
2026-03-24,MN,Cà Mau,1,53355
2026-03-24,MN,Cà Mau,2,74076
2026-03-24,MN,Cà Mau,3,88937 - 57650 - 15820 - 12786 - 46628 - 50144
2026-03-24,MN,Cà Mau,4,12484 - 97708 - 72900 - 58246 - 92931 - 42203
2026-03-24,MN,Cà Mau,5,36799 - 67255 - 30071
2026-03-24,MN,Cà Mau,6,19756 - 36410 - 95418
2026-03-24,MN,Cà Mau,7,12734 - 49312 - 88014 - 74017
2026-03-24,MN,Cà Mau,8,54116
2026-03-25,MB,Hà Nội,ĐB,79781
2026-03-25,MB,Hà Nội,1,48495
2026-03-25,MB,Hà Nội,2,12400
2026-03-25,MB,Hà Nội,3,66907 - 16377 - 89800 - 21023 - 11701 - 13604
2026-03-25,MB,Hà Nội,4,59066 - 56353 - 74084 - 97466 - 55021 - 17935
2026-03-25,MB,Hà Nội,5,00958 - 73044 - 80709
2026-03-25,MB,Hà Nội,6,78504 - 24441 - 68704
2026-03-25,MB,Hà Nội,7,93489 - 51177 - 35754 - 01851
2026-03-25,MT,Đà Nẵng,ĐB,67956
2026-03-25,MT,Đà Nẵng,1,40071
2026-03-25,MT,Đà Nẵng,2,24728
2026-03-25,MT,Đà Nẵng,3,22044 - 67611 - 46252 - 81089 - 21890 - 13596
2026-03-25,MT,Đà Nẵng,4,95474 - 04330 - 81141 - 64866 - 31913 - 97347
2026-03-25,MT,Đà Nẵng,5,72941 - 45598 - 40343
2026-03-25,MT,Đà Nẵng,6,17351 - 38078 - 27227
2026-03-25,MT,Đà Nẵng,7,52828 - 86468 - 00167 - 94605
2026-03-25,MT,Đà Nẵng,8,83822
2026-03-25,MT,Khánh Hòa,ĐB,47326
2026-03-25,MT,Khánh Hòa,1,64168
2026-03-25,MT,Khánh Hòa,2,72142
2026-03-25,MT,Khánh Hòa,3,36878 - 59271 - 29798 - 92730 - 02605 - 04097
2026-03-25,MT,Khánh Hòa,4,30589 - 15051 - 75894 - 23410 - 85502 - 54608
2026-03-25,MT,Khánh Hòa,5,41637 - 55395 - 35588
2026-03-25,MT,Khánh Hòa,6,48380 - 00493 - 58166
2026-03-25,MT,Khánh Hòa,7,99690 - 62754 - 71023 - 94177
2026-03-25,MT,Khánh Hòa,8,36153
2026-03-25,MN,TP. HCM,ĐB,01944
2026-03-25,MN,TP. HCM,1,70550
2026-03-25,MN,TP. HCM,2,43391
2026-03-25,MN,TP. HCM,3,32395 - 25116 - 80718 - 91524 - 16728 - 95780
2026-03-25,MN,TP. HCM,4,74333 - 01621 - 51708 - 23663 - 07323 - 83071
2026-03-25,MN,TP. HCM,5,97243 - 98206 - 47948
2026-03-25,MN,TP. HCM,6,28834 - 66833 - 20864
2026-03-25,MN,TP. HCM,7,64704 - 72278 - 20971 - 38836
2026-03-25,MN,TP. HCM,8,16063
2026-03-25,MN,Đồng Tháp,ĐB,65288
2026-03-25,MN,Đồng Tháp,1,29860
2026-03-25,MN,Đồng Tháp,2,15414
2026-03-25,MN,Đồng Tháp,3,13782 - 94857 - 97259 - 96841 - 44187 - 60763
2026-03-25,MN,Đồng Tháp,4,92466 - 41396 - 18897 - 85020 - 58720 - 32962
2026-03-25,MN,Đồng Tháp,5,36526 - 69576 - 33584
2026-03-25,MN,Đồng Tháp,6,92026 - 80909 - 76163
2026-03-25,MN,Đồng Tháp,7,01662 - 11531 - 82256 - 88356
2026-03-25,MN,Đồng Tháp,8,76254
2026-03-25,MN,Cà Mau,ĐB,84138
2026-03-25,MN,Cà Mau,1,81194
2026-03-25,MN,Cà Mau,2,36140
2026-03-25,MN,Cà Mau,3,37242 - 11983 - 80361 - 24147 - 93984 - 08398
2026-03-25,MN,Cà Mau,4,10545 - 90946 - 15885 - 03173 - 09728 - 22308
2026-03-25,MN,Cà Mau,5,16855 - 91420 - 42649
2026-03-25,MN,Cà Mau,6,19807 - 76199 - 95957
2026-03-25,MN,Cà Mau,7,32081 - 73226 - 24377 - 96259
2026-03-25,MN,Cà Mau,8,43373
2026-03-26,MB,Hà Nội,ĐB,27332
2026-03-26,MB,Hà Nội,1,90107
2026-03-26,MB,Hà Nội,2,80089
2026-03-26,MB,Hà Nội,3,93385 - 00769 - 74605 - 62990 - 61224 - 88803
2026-03-26,MB,Hà Nội,4,87739 - 31741 - 25882 - 92815 - 82806 - 55650
2026-03-26,MB,Hà Nội,5,02317 - 06059 - 30412
2026-03-26,MB,Hà Nội,6,96384 - 59852 - 24766
2026-03-26,MB,Hà Nội,7,33408 - 36170 - 35916 - 32812
2026-03-26,MT,Đà Nẵng,ĐB,38016
2026-03-26,MT,Đà Nẵng,1,06217
2026-03-26,MT,Đà Nẵng,2,68353
2026-03-26,MT,Đà Nẵng,3,71216 - 12789 - 46706 - 56702 - 92820 - 03392
2026-03-26,MT,Đà Nẵng,4,61790 - 91575 - 97505 - 69051 - 70844 - 01038
2026-03-26,MT,Đà Nẵng,5,34435 - 34856 - 69913
2026-03-26,MT,Đà Nẵng,6,25535 - 31456 - 43234
2026-03-26,MT,Đà Nẵng,7,81137 - 78626 - 38157 - 31599
2026-03-26,MT,Đà Nẵng,8,66733
2026-03-26,MT,Khánh Hòa,ĐB,61731
2026-03-26,MT,Khánh Hòa,1,98299
2026-03-26,MT,Khánh Hòa,2,92642
2026-03-26,MT,Khánh Hòa,3,47593 - 82924 - 43872 - 60463 - 06355 - 27852
2026-03-26,MT,Khánh Hòa,4,73629 - 03053 - 42842 - 84757 - 18501 - 48864
2026-03-26,MT,Khánh Hòa,5,87169 - 41175 - 86651
2026-03-26,MT,Khánh Hòa,6,89135 - 75805 - 67001
2026-03-26,MT,Khánh Hòa,7,74110 - 67920 - 29624 - 91408
2026-03-26,MT,Khánh Hòa,8,81082
2026-03-26,MN,TP. HCM,ĐB,65896
2026-03-26,MN,TP. HCM,1,22884
2026-03-26,MN,TP. HCM,2,80187
2026-03-26,MN,TP. HCM,3,85051 - 18847 - 39649 - 16354 - 62346 - 38905
2026-03-26,MN,TP. HCM,4,48781 - 27173 - 04311 - 23082 - 30023 - 12436
2026-03-26,MN,TP. HCM,5,81671 - 16050 - 87508
2026-03-26,MN,TP. HCM,6,60138 - 06228 - 93856
2026-03-26,MN,TP. HCM,7,91747 - 65844 - 02564 - 96884
2026-03-26,MN,TP. HCM,8,22129
2026-03-26,MN,Đồng Tháp,ĐB,15519
2026-03-26,MN,Đồng Tháp,1,13555
2026-03-26,MN,Đồng Tháp,2,04321
2026-03-26,MN,Đồng Tháp,3,70933 - 77728 - 41015 - 72003 - 90625 - 21678
2026-03-26,MN,Đồng Tháp,4,08929 - 24156 - 81286 - 25175 - 78162 - 63247
2026-03-26,MN,Đồng Tháp,5,45635 - 68686 - 45095
2026-03-26,MN,Đồng Tháp,6,01392 - 94516 - 01208
2026-03-26,MN,Đồng Tháp,7,17676 - 59407 - 43842 - 90070
2026-03-26,MN,Đồng Tháp,8,19940
2026-03-26,MN,Cà Mau,ĐB,62807
2026-03-26,MN,Cà Mau,1,62856
2026-03-26,MN,Cà Mau,2,75783
2026-03-26,MN,Cà Mau,3,43512 - 85161 - 85482 - 60632 - 76580 - 46684
2026-03-26,MN,Cà Mau,4,03555 - 33578 - 17713 - 29145 - 16118 - 40478
2026-03-26,MN,Cà Mau,5,03142 - 59941 - 02123
2026-03-26,MN,Cà Mau,6,72936 - 57909 - 35481
2026-03-26,MN,Cà Mau,7,94406 - 22370 - 24939 - 37526
2026-03-26,MN,Cà Mau,8,55786
2026-03-27,MB,Hà Nội,ĐB,96362
2026-03-27,MB,Hà Nội,1,07852
2026-03-27,MB,Hà Nội,2,20672
2026-03-27,MB,Hà Nội,3,99622 - 51868 - 27602 - 13747 - 92563 - 47621
2026-03-27,MB,Hà Nội,4,60941 - 92690 - 90613 - 08213 - 43904 - 38972
2026-03-27,MB,Hà Nội,5,26164 - 66057 - 70864
2026-03-27,MB,Hà Nội,6,96870 - 39070 - 65828
2026-03-27,MB,Hà Nội,7,21305 - 14063 - 96371 - 07036
2026-03-27,MT,Đà Nẵng,ĐB,02626
2026-03-27,MT,Đà Nẵng,1,89353
2026-03-27,MT,Đà Nẵng,2,92864
2026-03-27,MT,Đà Nẵng,3,17496 - 52195 - 88796 - 35215 - 18849 - 46141
2026-03-27,MT,Đà Nẵng,4,41658 - 07555 - 71027 - 11407 - 66240 - 98535
2026-03-27,MT,Đà Nẵng,5,44445 - 33233 - 95376
2026-03-27,MT,Đà Nẵng,6,28962 - 74737 - 47252
2026-03-27,MT,Đà Nẵng,7,16504 - 59191 - 58116 - 37138
2026-03-27,MT,Đà Nẵng,8,69039
2026-03-27,MT,Khánh Hòa,ĐB,93790
2026-03-27,MT,Khánh Hòa,1,76829
2026-03-27,MT,Khánh Hòa,2,83836
2026-03-27,MT,Khánh Hòa,3,07721 - 25013 - 34293 - 34252 - 10930 - 29948
2026-03-27,MT,Khánh Hòa,4,63957 - 09205 - 94908 - 07367 - 62239 - 57551
2026-03-27,MT,Khánh Hòa,5,15995 - 64613 - 25819
2026-03-27,MT,Khánh Hòa,6,37186 - 32789 - 87094
2026-03-27,MT,Khánh Hòa,7,92559 - 99388 - 92390 - 34583
2026-03-27,MT,Khánh Hòa,8,06388
2026-03-27,MN,TP. HCM,ĐB,86212
2026-03-27,MN,TP. HCM,1,21423
2026-03-27,MN,TP. HCM,2,80029
2026-03-27,MN,TP. HCM,3,31371 - 73058 - 32824 - 65226 - 46212 - 63489
2026-03-27,MN,TP. HCM,4,23899 - 44437 - 83197 - 18175 - 13355 - 90455
2026-03-27,MN,TP. HCM,5,21102 - 02040 - 49376
2026-03-27,MN,TP. HCM,6,27231 - 11856 - 84566
2026-03-27,MN,TP. HCM,7,56955 - 34849 - 36887 - 12666
2026-03-27,MN,TP. HCM,8,35573
2026-03-27,MN,Đồng Tháp,ĐB,69941
2026-03-27,MN,Đồng Tháp,1,84376
2026-03-27,MN,Đồng Tháp,2,33255
2026-03-27,MN,Đồng Tháp,3,70611 - 18065 - 81014 - 12844 - 14637 - 84629
2026-03-27,MN,Đồng Tháp,4,91185 - 85797 - 65331 - 63675 - 91168 - 79410
2026-03-27,MN,Đồng Tháp,5,59098 - 46136 - 63591
2026-03-27,MN,Đồng Tháp,6,12527 - 70760 - 20577
2026-03-27,MN,Đồng Tháp,7,27916 - 14401 - 87998 - 23745
2026-03-27,MN,Đồng Tháp,8,89617
2026-03-27,MN,Cà Mau,ĐB,47198
2026-03-27,MN,Cà Mau,1,80717
2026-03-27,MN,Cà Mau,2,73330
2026-03-27,MN,Cà Mau,3,90380 - 72164 - 55549 - 98105 - 81447 - 02186
2026-03-27,MN,Cà Mau,4,82309 - 73717 - 83068 - 60217 - 97088 - 26436
2026-03-27,MN,Cà Mau,5,95535 - 62503 - 81042
2026-03-27,MN,Cà Mau,6,23677 - 36275 - 97383
2026-03-27,MN,Cà Mau,7,32790 - 68253 - 38303 - 12742
2026-03-27,MN,Cà Mau,8,42565
2026-03-28,MB,Hà Nội,ĐB,42657
2026-03-28,MB,Hà Nội,1,76963
2026-03-28,MB,Hà Nội,2,66272
2026-03-28,MB,Hà Nội,3,79556 - 72286 - 55941 - 17411 - 51830 - 86537
2026-03-28,MB,Hà Nội,4,91281 - 29969 - 83113 - 57264 - 99498 - 64167
2026-03-28,MB,Hà Nội,5,45430 - 97259 - 73162
2026-03-28,MB,Hà Nội,6,22343 - 04406 - 83346
2026-03-28,MB,Hà Nội,7,45201 - 83166 - 23476 - 57979
2026-03-28,MT,Đà Nẵng,ĐB,73989
2026-03-28,MT,Đà Nẵng,1,50764
2026-03-28,MT,Đà Nẵng,2,19179
2026-03-28,MT,Đà Nẵng,3,27253 - 71449 - 25297 - 40405 - 51489 - 93038
2026-03-28,MT,Đà Nẵng,4,97970 - 48302 - 19738 - 59602 - 45117 - 17438
2026-03-28,MT,Đà Nẵng,5,98066 - 49495 - 73453
2026-03-28,MT,Đà Nẵng,6,31600 - 88150 - 23211
2026-03-28,MT,Đà Nẵng,7,38258 - 57875 - 16724 - 06104
2026-03-28,MT,Đà Nẵng,8,56163
2026-03-28,MT,Khánh Hòa,ĐB,46724
2026-03-28,MT,Khánh Hòa,1,44423
2026-03-28,MT,Khánh Hòa,2,42929
2026-03-28,MT,Khánh Hòa,3,04559 - 39286 - 18628 - 08890 - 56151 - 53328
2026-03-28,MT,Khánh Hòa,4,13130 - 30411 - 55354 - 07483 - 49009 - 88101
2026-03-28,MT,Khánh Hòa,5,46631 - 46033 - 60007
2026-03-28,MT,Khánh Hòa,6,82197 - 42740 - 00226
2026-03-28,MT,Khánh Hòa,7,67478 - 96418 - 83929 - 46660
2026-03-28,MT,Khánh Hòa,8,58276
2026-03-28,MN,TP. HCM,ĐB,75679
2026-03-28,MN,TP. HCM,1,33680
2026-03-28,MN,TP. HCM,2,20485
2026-03-28,MN,TP. HCM,3,56587 - 35115 - 74744 - 27149 - 51209 - 91674
2026-03-28,MN,TP. HCM,4,17092 - 17507 - 83998 - 94675 - 77962 - 24367
2026-03-28,MN,TP. HCM,5,51019 - 43267 - 62668
2026-03-28,MN,TP. HCM,6,16462 - 21385 - 59910
2026-03-28,MN,TP. HCM,7,81810 - 33642 - 97945 - 46726
2026-03-28,MN,TP. HCM,8,29860
2026-03-28,MN,Đồng Tháp,ĐB,26815
2026-03-28,MN,Đồng Tháp,1,24072
2026-03-28,MN,Đồng Tháp,2,74832
2026-03-28,MN,Đồng Tháp,3,67187 - 69595 - 26805 - 32793 - 83200 - 02869
2026-03-28,MN,Đồng Tháp,4,97258 - 24533 - 38949 - 89276 - 61975 - 52668
2026-03-28,MN,Đồng Tháp,5,70740 - 37033 - 93184
2026-03-28,MN,Đồng Tháp,6,25071 - 21426 - 08597
2026-03-28,MN,Đồng Tháp,7,66144 - 98966 - 37843 - 15355
2026-03-28,MN,Đồng Tháp,8,36941
2026-03-28,MN,Cà Mau,ĐB,93369
2026-03-28,MN,Cà Mau,1,24661
2026-03-28,MN,Cà Mau,2,42314
2026-03-28,MN,Cà Mau,3,11731 - 92934 - 26052 - 68938 - 57190 - 49210
2026-03-28,MN,Cà Mau,4,04797 - 85904 - 89639 - 76565 - 13699 - 28153
2026-03-28,MN,Cà Mau,5,22366 - 09863 - 52346
2026-03-28,MN,Cà Mau,6,50681 - 73930 - 71548
2026-03-28,MN,Cà Mau,7,46816 - 52122 - 44681 - 86281
2026-03-28,MN,Cà Mau,8,42811
2026-03-29,MB,Hà Nội,ĐB,27591
2026-03-29,MB,Hà Nội,1,73035
2026-03-29,MB,Hà Nội,2,48871
2026-03-29,MB,Hà Nội,3,31154 - 80626 - 06648 - 43407 - 58240 - 01593
2026-03-29,MB,Hà Nội,4,91207 - 64145 - 73726 - 29827 - 22704 - 44136
2026-03-29,MB,Hà Nội,5,56189 - 80144 - 60761
2026-03-29,MB,Hà Nội,6,94309 - 87670 - 99342
2026-03-29,MB,Hà Nội,7,07417 - 69006 - 50474 - 04643
2026-03-29,MT,Đà Nẵng,ĐB,99241
2026-03-29,MT,Đà Nẵng,1,85580
2026-03-29,MT,Đà Nẵng,2,17205
2026-03-29,MT,Đà Nẵng,3,66555 - 18640 - 29456 - 63898 - 47313 - 97410
2026-03-29,MT,Đà Nẵng,4,31228 - 35211 - 65785 - 40638 - 80573 - 03951
2026-03-29,MT,Đà Nẵng,5,62976 - 59938 - 79910
2026-03-29,MT,Đà Nẵng,6,52110 - 89331 - 54807
2026-03-29,MT,Đà Nẵng,7,68295 - 14758 - 42580 - 76777
2026-03-29,MT,Đà Nẵng,8,51644
2026-03-29,MT,Khánh Hòa,ĐB,05821
2026-03-29,MT,Khánh Hòa,1,64645
2026-03-29,MT,Khánh Hòa,2,82114
2026-03-29,MT,Khánh Hòa,3,45178 - 82477 - 81013 - 30565 - 46881 - 40089
2026-03-29,MT,Khánh Hòa,4,10665 - 48833 - 17613 - 53752 - 70041 - 97589
2026-03-29,MT,Khánh Hòa,5,02975 - 49035 - 93873
2026-03-29,MT,Khánh Hòa,6,77925 - 54277 - 00716
2026-03-29,MT,Khánh Hòa,7,98864 - 86479 - 16463 - 43318
2026-03-29,MT,Khánh Hòa,8,34986
2026-03-29,MN,TP. HCM,ĐB,75288
2026-03-29,MN,TP. HCM,1,39836
2026-03-29,MN,TP. HCM,2,57547
2026-03-29,MN,TP. HCM,3,55773 - 64808 - 22724 - 48246 - 28181 - 99851
2026-03-29,MN,TP. HCM,4,23837 - 00733 - 57887 - 52527 - 56755 - 14061
2026-03-29,MN,TP. HCM,5,23099 - 70986 - 98635
2026-03-29,MN,TP. HCM,6,32135 - 39544 - 59389
2026-03-29,MN,TP. HCM,7,93733 - 24827 - 79742 - 13605
2026-03-29,MN,TP. HCM,8,25829
2026-03-29,MN,Đồng Tháp,ĐB,54751
2026-03-29,MN,Đồng Tháp,1,11228
2026-03-29,MN,Đồng Tháp,2,14569
2026-03-29,MN,Đồng Tháp,3,63891 - 49301 - 29758 - 24730 - 30853 - 47578
2026-03-29,MN,Đồng Tháp,4,33817 - 08504 - 74678 - 76388 - 61275 - 24093
2026-03-29,MN,Đồng Tháp,5,50675 - 90257 - 25128
2026-03-29,MN,Đồng Tháp,6,34938 - 66894 - 10432
2026-03-29,MN,Đồng Tháp,7,45076 - 46757 - 35820 - 23375
2026-03-29,MN,Đồng Tháp,8,31254
2026-03-29,MN,Cà Mau,ĐB,37791
2026-03-29,MN,Cà Mau,1,65770
2026-03-29,MN,Cà Mau,2,25676
2026-03-29,MN,Cà Mau,3,29443 - 97127 - 30826 - 04298 - 48698 - 63465
2026-03-29,MN,Cà Mau,4,11169 - 75015 - 21159 - 25978 - 12700 - 92534
2026-03-29,MN,Cà Mau,5,29631 - 00849 - 86230
2026-03-29,MN,Cà Mau,6,21048 - 44481 - 89361
2026-03-29,MN,Cà Mau,7,55483 - 85129 - 16001 - 63183
2026-03-29,MN,Cà Mau,8,65343
2026-03-30,MB,Hà Nội,ĐB,65191
2026-03-30,MB,Hà Nội,1,78122
2026-03-30,MB,Hà Nội,2,46747
2026-03-30,MB,Hà Nội,3,07600 - 10985 - 95867 - 60874 - 84583 - 21371
2026-03-30,MB,Hà Nội,4,65626 - 62889 - 26298 - 00918 - 41455 - 11575
2026-03-30,MB,Hà Nội,5,91115 - 30580 - 90918
2026-03-30,MB,Hà Nội,6,49987 - 42897 - 80670
2026-03-30,MB,Hà Nội,7,99784 - 56946 - 41254 - 14533
2026-03-30,MT,Đà Nẵng,ĐB,79151
2026-03-30,MT,Đà Nẵng,1,79302
2026-03-30,MT,Đà Nẵng,2,66782
2026-03-30,MT,Đà Nẵng,3,00581 - 91992 - 55626 - 98982 - 75708 - 91121
2026-03-30,MT,Đà Nẵng,4,15540 - 67189 - 57706 - 00432 - 76276 - 73271
2026-03-30,MT,Đà Nẵng,5,15583 - 56361 - 72525
2026-03-30,MT,Đà Nẵng,6,19542 - 18601 - 04151
2026-03-30,MT,Đà Nẵng,7,76143 - 19264 - 49873 - 69614
2026-03-30,MT,Đà Nẵng,8,84142
2026-03-30,MT,Khánh Hòa,ĐB,21822
2026-03-30,MT,Khánh Hòa,1,04017
2026-03-30,MT,Khánh Hòa,2,94069
2026-03-30,MT,Khánh Hòa,3,44610 - 88310 - 32425 - 37265 - 40482 - 23051
2026-03-30,MT,Khánh Hòa,4,07795 - 88175 - 87870 - 37860 - 57572 - 02898
2026-03-30,MT,Khánh Hòa,5,48003 - 92131 - 75368
2026-03-30,MT,Khánh Hòa,6,20997 - 23097 - 87107
2026-03-30,MT,Khánh Hòa,7,67384 - 34581 - 59311 - 57345
2026-03-30,MT,Khánh Hòa,8,51183
2026-03-30,MN,TP. HCM,ĐB,24351
2026-03-30,MN,TP. HCM,1,78324
2026-03-30,MN,TP. HCM,2,88369
2026-03-30,MN,TP. HCM,3,42072 - 95319 - 10856 - 94850 - 45650 - 79093
2026-03-30,MN,TP. HCM,4,29981 - 67239 - 94426 - 54002 - 99570 - 31497
2026-03-30,MN,TP. HCM,5,69320 - 42889 - 20849
2026-03-30,MN,TP. HCM,6,75624 - 99491 - 89944
2026-03-30,MN,TP. HCM,7,86831 - 75617 - 36074 - 32071
2026-03-30,MN,TP. HCM,8,98393
2026-03-30,MN,Đồng Tháp,ĐB,10554
2026-03-30,MN,Đồng Tháp,1,63035
2026-03-30,MN,Đồng Tháp,2,17640
2026-03-30,MN,Đồng Tháp,3,98867 - 81266 - 60159 - 40483 - 72556 - 10258
2026-03-30,MN,Đồng Tháp,4,13465 - 50204 - 04574 - 09210 - 13389 - 29051
2026-03-30,MN,Đồng Tháp,5,47744 - 88710 - 91762
2026-03-30,MN,Đồng Tháp,6,94782 - 76647 - 57226
2026-03-30,MN,Đồng Tháp,7,80000 - 65089 - 22119 - 12494
2026-03-30,MN,Đồng Tháp,8,19031
2026-03-30,MN,Cà Mau,ĐB,77089
2026-03-30,MN,Cà Mau,1,93779
2026-03-30,MN,Cà Mau,2,55593
2026-03-30,MN,Cà Mau,3,23034 - 93718 - 36437 - 57578 - 82824 - 26594
2026-03-30,MN,Cà Mau,4,96986 - 63289 - 82893 - 46019 - 44401 - 48531
2026-03-30,MN,Cà Mau,5,77464 - 92671 - 88704
2026-03-30,MN,Cà Mau,6,62236 - 44227 - 35909
2026-03-30,MN,Cà Mau,7,66539 - 40705 - 07113 - 69464
2026-03-30,MN,Cà Mau,8,59651
2026-03-31,MB,Hà Nội,ĐB,09902
2026-03-31,MB,Hà Nội,1,41368
2026-03-31,MB,Hà Nội,2,37166
2026-03-31,MB,Hà Nội,3,44079 - 44439 - 52286 - 41882 - 90081 - 67428
2026-03-31,MB,Hà Nội,4,26772 - 51397 - 15929 - 36356 - 63807 - 30310
2026-03-31,MB,Hà Nội,5,36883 - 70632 - 07087
2026-03-31,MB,Hà Nội,6,25926 - 03335 - 28969
2026-03-31,MB,Hà Nội,7,43605 - 68251 - 46116 - 73644
2026-03-31,MT,Đà Nẵng,ĐB,14996
2026-03-31,MT,Đà Nẵng,1,32445
2026-03-31,MT,Đà Nẵng,2,60527
2026-03-31,MT,Đà Nẵng,3,46867 - 50126 - 57131 - 07310 - 72548 - 42037
2026-03-31,MT,Đà Nẵng,4,52575 - 71254 - 70082 - 24278 - 70555 - 02569
2026-03-31,MT,Đà Nẵng,5,36864 - 76892 - 81173
2026-03-31,MT,Đà Nẵng,6,24194 - 58620 - 53999
2026-03-31,MT,Đà Nẵng,7,42689 - 59365 - 63065 - 03811
2026-03-31,MT,Đà Nẵng,8,19043
2026-03-31,MT,Khánh Hòa,ĐB,52503
2026-03-31,MT,Khánh Hòa,1,99233
2026-03-31,MT,Khánh Hòa,2,97244
2026-03-31,MT,Khánh Hòa,3,30170 - 07384 - 12009 - 14689 - 28470 - 50034
2026-03-31,MT,Khánh Hòa,4,52454 - 89490 - 37828 - 48144 - 19846 - 10015
2026-03-31,MT,Khánh Hòa,5,27923 - 13313 - 51646
2026-03-31,MT,Khánh Hòa,6,45789 - 72803 - 21768
2026-03-31,MT,Khánh Hòa,7,15858 - 81466 - 96976 - 51619
2026-03-31,MT,Khánh Hòa,8,96500
2026-03-31,MN,TP. HCM,ĐB,69278
2026-03-31,MN,TP. HCM,1,50088
2026-03-31,MN,TP. HCM,2,17589
2026-03-31,MN,TP. HCM,3,15336 - 12448 - 49743 - 87144 - 19208 - 12629
2026-03-31,MN,TP. HCM,4,89977 - 68726 - 94429 - 51475 - 46817 - 69713
2026-03-31,MN,TP. HCM,5,16209 - 52981 - 74746
2026-03-31,MN,TP. HCM,6,61478 - 70402 - 28062
2026-03-31,MN,TP. HCM,7,54555 - 52095 - 80718 - 50239
2026-03-31,MN,TP. HCM,8,74594
2026-03-31,MN,Đồng Tháp,ĐB,42754
2026-03-31,MN,Đồng Tháp,1,19551
2026-03-31,MN,Đồng Tháp,2,34917
2026-03-31,MN,Đồng Tháp,3,92748 - 89206 - 44671 - 84249 - 25643 - 75857
2026-03-31,MN,Đồng Tháp,4,30340 - 18551 - 70938 - 61030 - 45132 - 52869
2026-03-31,MN,Đồng Tháp,5,34606 - 59803 - 95349
2026-03-31,MN,Đồng Tháp,6,95101 - 69825 - 24507
2026-03-31,MN,Đồng Tháp,7,24542 - 87729 - 72078 - 74641
2026-03-31,MN,Đồng Tháp,8,18038
2026-03-31,MN,Cà Mau,ĐB,18981
2026-03-31,MN,Cà Mau,1,47037
2026-03-31,MN,Cà Mau,2,73361
2026-03-31,MN,Cà Mau,3,59794 - 21334 - 22025 - 43970 - 79663 - 17461
2026-03-31,MN,Cà Mau,4,18894 - 53026 - 58790 - 89314 - 87712 - 85310
2026-03-31,MN,Cà Mau,5,95756 - 84062 - 59632
2026-03-31,MN,Cà Mau,6,95301 - 25284 - 99259
2026-03-31,MN,Cà Mau,7,42070 - 32847 - 11893 - 49307
2026-03-31,MN,Cà Mau,8,67842
