Date,Region,Province,Prize,Numbers
2024-07-01,MB,Hà Nội,ĐB,68002
2024-07-01,MB,Hà Nội,1,32661
2024-07-01,MB,Hà Nội,2,98320
2024-07-01,MB,Hà Nội,3,79687 - 74731 - 52747 - 84267 - 45183 - 33142
2024-07-01,MB,Hà Nội,4,33402 - 02042 - 01421 - 01859 - 89616 - 66388
2024-07-01,MB,Hà Nội,5,66909 - 76832 - 72031
2024-07-01,MB,Hà Nội,6,66125 - 26687 - 23937
2024-07-01,MB,Hà Nội,7,99614 - 17852 - 94526 - 24108
2024-07-01,MT,Đà Nẵng,ĐB,21314
2024-07-01,MT,Đà Nẵng,1,57323
2024-07-01,MT,Đà Nẵng,2,64647
2024-07-01,MT,Đà Nẵng,3,53609 - 40459 - 99810 - 50866 - 63657 - 31813
2024-07-01,MT,Đà Nẵng,4,71447 - 81273 - 26647 - 07891 - 21600 - 96395
2024-07-01,MT,Đà Nẵng,5,08236 - 31602 - 36630
2024-07-01,MT,Đà Nẵng,6,75304 - 70767 - 34276
2024-07-01,MT,Đà Nẵng,7,21780 - 27544 - 38965 - 77559
2024-07-01,MT,Đà Nẵng,8,26750
2024-07-01,MT,Khánh Hòa,ĐB,58459
2024-07-01,MT,Khánh Hòa,1,56629
2024-07-01,MT,Khánh Hòa,2,17140
2024-07-01,MT,Khánh Hòa,3,51026 - 59076 - 34062 - 12731 - 72056 - 33996
2024-07-01,MT,Khánh Hòa,4,73487 - 44774 - 32274 - 64075 - 50652 - 55278
2024-07-01,MT,Khánh Hòa,5,12374 - 46278 - 32283
2024-07-01,MT,Khánh Hòa,6,35367 - 17601 - 45152
2024-07-01,MT,Khánh Hòa,7,38482 - 65635 - 93878 - 46765
2024-07-01,MT,Khánh Hòa,8,53508
2024-07-01,MN,TP. HCM,ĐB,38555
2024-07-01,MN,TP. HCM,1,51986
2024-07-01,MN,TP. HCM,2,85342
2024-07-01,MN,TP. HCM,3,98271 - 08016 - 62970 - 89713 - 44261 - 98687
2024-07-01,MN,TP. HCM,4,52311 - 85964 - 02729 - 59753 - 27819 - 81181
2024-07-01,MN,TP. HCM,5,29665 - 86353 - 80391
2024-07-01,MN,TP. HCM,6,46345 - 43183 - 84539
2024-07-01,MN,TP. HCM,7,82402 - 92692 - 22648 - 32485
2024-07-01,MN,TP. HCM,8,94324
2024-07-01,MN,Đồng Tháp,ĐB,43341
2024-07-01,MN,Đồng Tháp,1,53208
2024-07-01,MN,Đồng Tháp,2,38144
2024-07-01,MN,Đồng Tháp,3,48829 - 32461 - 53225 - 80643 - 35187 - 69650
2024-07-01,MN,Đồng Tháp,4,04222 - 68382 - 22548 - 04357 - 43356 - 27153
2024-07-01,MN,Đồng Tháp,5,24629 - 56350 - 14350
2024-07-01,MN,Đồng Tháp,6,18380 - 39908 - 19150
2024-07-01,MN,Đồng Tháp,7,70810 - 04620 - 87170 - 05412
2024-07-01,MN,Đồng Tháp,8,10758
2024-07-01,MN,Cà Mau,ĐB,74976
2024-07-01,MN,Cà Mau,1,01188
2024-07-01,MN,Cà Mau,2,04822
2024-07-01,MN,Cà Mau,3,99317 - 86277 - 24744 - 26028 - 23068 - 04811
2024-07-01,MN,Cà Mau,4,75266 - 42912 - 84364 - 86015 - 55500 - 24428
2024-07-01,MN,Cà Mau,5,58780 - 10533 - 02453
2024-07-01,MN,Cà Mau,6,29568 - 33267 - 95667
2024-07-01,MN,Cà Mau,7,76942 - 90530 - 50399 - 70229
2024-07-01,MN,Cà Mau,8,50444
2024-07-02,MB,Hà Nội,ĐB,78480
2024-07-02,MB,Hà Nội,1,06455
2024-07-02,MB,Hà Nội,2,50393
2024-07-02,MB,Hà Nội,3,73358 - 28291 - 99294 - 66731 - 28430 - 28975
2024-07-02,MB,Hà Nội,4,89450 - 99961 - 33786 - 28095 - 42548 - 31356
2024-07-02,MB,Hà Nội,5,35240 - 82117 - 81356
2024-07-02,MB,Hà Nội,6,52502 - 10302 - 38963
2024-07-02,MB,Hà Nội,7,03427 - 20447 - 39144 - 05967
2024-07-02,MT,Đà Nẵng,ĐB,50193
2024-07-02,MT,Đà Nẵng,1,52000
2024-07-02,MT,Đà Nẵng,2,95947
2024-07-02,MT,Đà Nẵng,3,14085 - 82228 - 46836 - 34146 - 37415 - 71384
2024-07-02,MT,Đà Nẵng,4,62637 - 02709 - 08334 - 74650 - 53548 - 25019
2024-07-02,MT,Đà Nẵng,5,54477 - 41897 - 31912
2024-07-02,MT,Đà Nẵng,6,27417 - 26873 - 11182
2024-07-02,MT,Đà Nẵng,7,57574 - 15170 - 08150 - 31608
2024-07-02,MT,Đà Nẵng,8,83651
2024-07-02,MT,Khánh Hòa,ĐB,49128
2024-07-02,MT,Khánh Hòa,1,40948
2024-07-02,MT,Khánh Hòa,2,39823
2024-07-02,MT,Khánh Hòa,3,17453 - 95019 - 39792 - 32682 - 24099 - 23586
2024-07-02,MT,Khánh Hòa,4,80290 - 73214 - 94850 - 29976 - 12275 - 15333
2024-07-02,MT,Khánh Hòa,5,91843 - 16996 - 51941
2024-07-02,MT,Khánh Hòa,6,60184 - 78562 - 73740
2024-07-02,MT,Khánh Hòa,7,19668 - 68228 - 61948 - 74690
2024-07-02,MT,Khánh Hòa,8,54612
2024-07-02,MN,TP. HCM,ĐB,10472
2024-07-02,MN,TP. HCM,1,60927
2024-07-02,MN,TP. HCM,2,71467
2024-07-02,MN,TP. HCM,3,42483 - 12845 - 26035 - 49369 - 13334 - 41785
2024-07-02,MN,TP. HCM,4,33587 - 75860 - 28284 - 74343 - 80882 - 33740
2024-07-02,MN,TP. HCM,5,01967 - 49004 - 20986
2024-07-02,MN,TP. HCM,6,02765 - 95871 - 16368
2024-07-02,MN,TP. HCM,7,57818 - 54002 - 96297 - 94044
2024-07-02,MN,TP. HCM,8,55345
2024-07-02,MN,Đồng Tháp,ĐB,24198
2024-07-02,MN,Đồng Tháp,1,23392
2024-07-02,MN,Đồng Tháp,2,32743
2024-07-02,MN,Đồng Tháp,3,48564 - 32835 - 25248 - 64373 - 19051 - 36554
2024-07-02,MN,Đồng Tháp,4,76256 - 67917 - 17261 - 88923 - 25150 - 12312
2024-07-02,MN,Đồng Tháp,5,46259 - 77979 - 43001
2024-07-02,MN,Đồng Tháp,6,81890 - 78372 - 39950
2024-07-02,MN,Đồng Tháp,7,31608 - 11117 - 12958 - 13337
2024-07-02,MN,Đồng Tháp,8,77038
2024-07-02,MN,Cà Mau,ĐB,81298
2024-07-02,MN,Cà Mau,1,02733
2024-07-02,MN,Cà Mau,2,24341
2024-07-02,MN,Cà Mau,3,06643 - 69807 - 11207 - 78535 - 52707 - 89499
2024-07-02,MN,Cà Mau,4,60577 - 41113 - 57521 - 18846 - 84876 - 54754
2024-07-02,MN,Cà Mau,5,20098 - 98428 - 52823
2024-07-02,MN,Cà Mau,6,47909 - 85141 - 50240
2024-07-02,MN,Cà Mau,7,89921 - 57468 - 37971 - 88453
2024-07-02,MN,Cà Mau,8,26271
2024-07-03,MB,Hà Nội,ĐB,39117
2024-07-03,MB,Hà Nội,1,56925
2024-07-03,MB,Hà Nội,2,43599
2024-07-03,MB,Hà Nội,3,01554 - 65018 - 14926 - 01279 - 95017 - 70380
2024-07-03,MB,Hà Nội,4,05772 - 49169 - 25752 - 37507 - 25379 - 94856
2024-07-03,MB,Hà Nội,5,81560 - 86036 - 82591
2024-07-03,MB,Hà Nội,6,03076 - 36063 - 76159
2024-07-03,MB,Hà Nội,7,02868 - 39284 - 97993 - 77245
2024-07-03,MT,Đà Nẵng,ĐB,61919
2024-07-03,MT,Đà Nẵng,1,18690
2024-07-03,MT,Đà Nẵng,2,01358
2024-07-03,MT,Đà Nẵng,3,33315 - 51750 - 74518 - 76897 - 75964 - 16070
2024-07-03,MT,Đà Nẵng,4,48559 - 50724 - 89009 - 18521 - 41368 - 10545
2024-07-03,MT,Đà Nẵng,5,30951 - 40120 - 96511
2024-07-03,MT,Đà Nẵng,6,18998 - 65154 - 90844
2024-07-03,MT,Đà Nẵng,7,37823 - 06630 - 56474 - 66903
2024-07-03,MT,Đà Nẵng,8,53577
2024-07-03,MT,Khánh Hòa,ĐB,07884
2024-07-03,MT,Khánh Hòa,1,68549
2024-07-03,MT,Khánh Hòa,2,15567
2024-07-03,MT,Khánh Hòa,3,52938 - 97905 - 18708 - 71469 - 50197 - 28566
2024-07-03,MT,Khánh Hòa,4,77695 - 99290 - 49422 - 38732 - 54503 - 35793
2024-07-03,MT,Khánh Hòa,5,99743 - 59709 - 74458
2024-07-03,MT,Khánh Hòa,6,44610 - 30570 - 25820
2024-07-03,MT,Khánh Hòa,7,72752 - 86393 - 40323 - 25870
2024-07-03,MT,Khánh Hòa,8,20792
2024-07-03,MN,TP. HCM,ĐB,76310
2024-07-03,MN,TP. HCM,1,96610
2024-07-03,MN,TP. HCM,2,76192
2024-07-03,MN,TP. HCM,3,76186 - 96240 - 13030 - 89995 - 83913 - 11729
2024-07-03,MN,TP. HCM,4,02643 - 62235 - 36347 - 90692 - 80095 - 79748
2024-07-03,MN,TP. HCM,5,46301 - 50080 - 53044
2024-07-03,MN,TP. HCM,6,80597 - 92264 - 45914
2024-07-03,MN,TP. HCM,7,84084 - 14071 - 51706 - 34576
2024-07-03,MN,TP. HCM,8,61194
2024-07-03,MN,Đồng Tháp,ĐB,22010
2024-07-03,MN,Đồng Tháp,1,85192
2024-07-03,MN,Đồng Tháp,2,20141
2024-07-03,MN,Đồng Tháp,3,21684 - 40861 - 49581 - 38844 - 27168 - 26480
2024-07-03,MN,Đồng Tháp,4,29408 - 32498 - 19775 - 18910 - 48487 - 86913
2024-07-03,MN,Đồng Tháp,5,52263 - 37205 - 73375
2024-07-03,MN,Đồng Tháp,6,78766 - 92079 - 60110
2024-07-03,MN,Đồng Tháp,7,32517 - 88088 - 35972 - 84522
2024-07-03,MN,Đồng Tháp,8,55857
2024-07-03,MN,Cà Mau,ĐB,78990
2024-07-03,MN,Cà Mau,1,37270
2024-07-03,MN,Cà Mau,2,29265
2024-07-03,MN,Cà Mau,3,68810 - 77023 - 80019 - 09883 - 62245 - 19433
2024-07-03,MN,Cà Mau,4,69077 - 08029 - 99495 - 39157 - 89251 - 17309
2024-07-03,MN,Cà Mau,5,45097 - 55315 - 51433
2024-07-03,MN,Cà Mau,6,72918 - 37121 - 56397
2024-07-03,MN,Cà Mau,7,68417 - 58164 - 05000 - 14770
2024-07-03,MN,Cà Mau,8,19083
2024-07-04,MB,Hà Nội,ĐB,80833
2024-07-04,MB,Hà Nội,1,24814
2024-07-04,MB,Hà Nội,2,44617
2024-07-04,MB,Hà Nội,3,61171 - 02875 - 22582 - 22433 - 95291 - 96822
2024-07-04,MB,Hà Nội,4,24172 - 39974 - 76275 - 37337 - 95387 - 19753
2024-07-04,MB,Hà Nội,5,28595 - 79320 - 99221
2024-07-04,MB,Hà Nội,6,14112 - 03770 - 90836
2024-07-04,MB,Hà Nội,7,02501 - 99769 - 46429 - 52166
2024-07-04,MT,Đà Nẵng,ĐB,64565
2024-07-04,MT,Đà Nẵng,1,70795
2024-07-04,MT,Đà Nẵng,2,18517
2024-07-04,MT,Đà Nẵng,3,23872 - 39165 - 79135 - 27099 - 08767 - 08967
2024-07-04,MT,Đà Nẵng,4,58062 - 59788 - 58727 - 47167 - 74751 - 23273
2024-07-04,MT,Đà Nẵng,5,29301 - 42302 - 30842
2024-07-04,MT,Đà Nẵng,6,81021 - 73487 - 07182
2024-07-04,MT,Đà Nẵng,7,10390 - 50596 - 13856 - 92726
2024-07-04,MT,Đà Nẵng,8,25172
2024-07-04,MT,Khánh Hòa,ĐB,51032
2024-07-04,MT,Khánh Hòa,1,84425
2024-07-04,MT,Khánh Hòa,2,49969
2024-07-04,MT,Khánh Hòa,3,00188 - 47094 - 44975 - 02078 - 46157 - 49725
2024-07-04,MT,Khánh Hòa,4,69189 - 65511 - 87063 - 91157 - 73985 - 19114
2024-07-04,MT,Khánh Hòa,5,36403 - 26753 - 21830
2024-07-04,MT,Khánh Hòa,6,63246 - 43274 - 33644
2024-07-04,MT,Khánh Hòa,7,52327 - 67976 - 04853 - 02504
2024-07-04,MT,Khánh Hòa,8,44188
2024-07-04,MN,TP. HCM,ĐB,36466
2024-07-04,MN,TP. HCM,1,47125
2024-07-04,MN,TP. HCM,2,21116
2024-07-04,MN,TP. HCM,3,04652 - 59535 - 92293 - 63267 - 01741 - 98820
2024-07-04,MN,TP. HCM,4,15443 - 25555 - 28222 - 94864 - 02982 - 12888
2024-07-04,MN,TP. HCM,5,71138 - 05305 - 59390
2024-07-04,MN,TP. HCM,6,80669 - 67317 - 13723
2024-07-04,MN,TP. HCM,7,47167 - 70888 - 23183 - 77569
2024-07-04,MN,TP. HCM,8,69929
2024-07-04,MN,Đồng Tháp,ĐB,31453
2024-07-04,MN,Đồng Tháp,1,99274
2024-07-04,MN,Đồng Tháp,2,87354
2024-07-04,MN,Đồng Tháp,3,16338 - 72369 - 57914 - 40043 - 98365 - 58093
2024-07-04,MN,Đồng Tháp,4,22408 - 29726 - 33659 - 82619 - 49200 - 40060
2024-07-04,MN,Đồng Tháp,5,73342 - 47838 - 23259
2024-07-04,MN,Đồng Tháp,6,55322 - 47646 - 48566
2024-07-04,MN,Đồng Tháp,7,29953 - 08022 - 31702 - 92904
2024-07-04,MN,Đồng Tháp,8,22909
2024-07-04,MN,Cà Mau,ĐB,26921
2024-07-04,MN,Cà Mau,1,09958
2024-07-04,MN,Cà Mau,2,74805
2024-07-04,MN,Cà Mau,3,12736 - 23675 - 82959 - 44189 - 87075 - 50768
2024-07-04,MN,Cà Mau,4,99849 - 97697 - 95246 - 49130 - 39957 - 05827
2024-07-04,MN,Cà Mau,5,59180 - 27054 - 70875
2024-07-04,MN,Cà Mau,6,22948 - 46668 - 93788
2024-07-04,MN,Cà Mau,7,35663 - 27060 - 23143 - 99770
2024-07-04,MN,Cà Mau,8,16917
2024-07-05,MB,Hà Nội,ĐB,31165
2024-07-05,MB,Hà Nội,1,39569
2024-07-05,MB,Hà Nội,2,62949
2024-07-05,MB,Hà Nội,3,57892 - 51685 - 95055 - 53838 - 38457 - 87591
2024-07-05,MB,Hà Nội,4,98570 - 33449 - 94514 - 58680 - 58220 - 31412
2024-07-05,MB,Hà Nội,5,13823 - 65237 - 80225
2024-07-05,MB,Hà Nội,6,22952 - 95715 - 02303
2024-07-05,MB,Hà Nội,7,76439 - 26201 - 49608 - 81678
2024-07-05,MT,Đà Nẵng,ĐB,25621
2024-07-05,MT,Đà Nẵng,1,58202
2024-07-05,MT,Đà Nẵng,2,86170
2024-07-05,MT,Đà Nẵng,3,59766 - 83699 - 56481 - 39798 - 97953 - 73583
2024-07-05,MT,Đà Nẵng,4,19320 - 55318 - 69272 - 48896 - 38897 - 51286
2024-07-05,MT,Đà Nẵng,5,13563 - 25061 - 44828
2024-07-05,MT,Đà Nẵng,6,65042 - 92696 - 72337
2024-07-05,MT,Đà Nẵng,7,59076 - 96181 - 22919 - 58952
2024-07-05,MT,Đà Nẵng,8,69036
2024-07-05,MT,Khánh Hòa,ĐB,04419
2024-07-05,MT,Khánh Hòa,1,72292
2024-07-05,MT,Khánh Hòa,2,79289
2024-07-05,MT,Khánh Hòa,3,49836 - 35519 - 34714 - 73707 - 82072 - 86143
2024-07-05,MT,Khánh Hòa,4,03199 - 49164 - 34996 - 20057 - 73673 - 21746
2024-07-05,MT,Khánh Hòa,5,49312 - 72024 - 79718
2024-07-05,MT,Khánh Hòa,6,98928 - 35027 - 83844
2024-07-05,MT,Khánh Hòa,7,50656 - 12380 - 38762 - 45326
2024-07-05,MT,Khánh Hòa,8,70578
2024-07-05,MN,TP. HCM,ĐB,66286
2024-07-05,MN,TP. HCM,1,87779
2024-07-05,MN,TP. HCM,2,77109
2024-07-05,MN,TP. HCM,3,15492 - 00158 - 51829 - 40065 - 06797 - 73315
2024-07-05,MN,TP. HCM,4,91061 - 09176 - 31035 - 63861 - 06073 - 08387
2024-07-05,MN,TP. HCM,5,59142 - 10910 - 56986
2024-07-05,MN,TP. HCM,6,43518 - 70378 - 67588
2024-07-05,MN,TP. HCM,7,51986 - 88531 - 92884 - 03303
2024-07-05,MN,TP. HCM,8,16208
2024-07-05,MN,Đồng Tháp,ĐB,74285
2024-07-05,MN,Đồng Tháp,1,65471
2024-07-05,MN,Đồng Tháp,2,55257
2024-07-05,MN,Đồng Tháp,3,26252 - 33602 - 14000 - 41324 - 79890 - 68672
2024-07-05,MN,Đồng Tháp,4,47954 - 99653 - 03389 - 89550 - 32109 - 93070
2024-07-05,MN,Đồng Tháp,5,30863 - 71620 - 85384
2024-07-05,MN,Đồng Tháp,6,45244 - 17187 - 51404
2024-07-05,MN,Đồng Tháp,7,61620 - 97124 - 06618 - 23589
2024-07-05,MN,Đồng Tháp,8,41067
2024-07-05,MN,Cà Mau,ĐB,59620
2024-07-05,MN,Cà Mau,1,05430
2024-07-05,MN,Cà Mau,2,70307
2024-07-05,MN,Cà Mau,3,24176 - 10002 - 67190 - 55509 - 52519 - 56376
2024-07-05,MN,Cà Mau,4,28932 - 66383 - 59328 - 04348 - 64778 - 26920
2024-07-05,MN,Cà Mau,5,78119 - 68388 - 14615
2024-07-05,MN,Cà Mau,6,47637 - 31022 - 55147
2024-07-05,MN,Cà Mau,7,18934 - 51858 - 90120 - 59439
2024-07-05,MN,Cà Mau,8,67013
2024-07-06,MB,Hà Nội,ĐB,71699
2024-07-06,MB,Hà Nội,1,41070
2024-07-06,MB,Hà Nội,2,57047
2024-07-06,MB,Hà Nội,3,73857 - 67054 - 66820 - 01300 - 83073 - 60882
2024-07-06,MB,Hà Nội,4,77640 - 00307 - 69321 - 53364 - 77049 - 66431
2024-07-06,MB,Hà Nội,5,46670 - 38111 - 36258
2024-07-06,MB,Hà Nội,6,32766 - 99374 - 91474
2024-07-06,MB,Hà Nội,7,73525 - 43145 - 40656 - 41798
2024-07-06,MT,Đà Nẵng,ĐB,35854
2024-07-06,MT,Đà Nẵng,1,94945
2024-07-06,MT,Đà Nẵng,2,15206
2024-07-06,MT,Đà Nẵng,3,11352 - 96077 - 64014 - 88548 - 47680 - 31329
2024-07-06,MT,Đà Nẵng,4,82348 - 96938 - 80089 - 64302 - 33507 - 24755
2024-07-06,MT,Đà Nẵng,5,76134 - 44030 - 51878
2024-07-06,MT,Đà Nẵng,6,48730 - 07368 - 48148
2024-07-06,MT,Đà Nẵng,7,17535 - 95591 - 81653 - 03079
2024-07-06,MT,Đà Nẵng,8,04648
2024-07-06,MT,Khánh Hòa,ĐB,11595
2024-07-06,MT,Khánh Hòa,1,17507
2024-07-06,MT,Khánh Hòa,2,97262
2024-07-06,MT,Khánh Hòa,3,14988 - 58556 - 52592 - 81303 - 92227 - 76875
2024-07-06,MT,Khánh Hòa,4,50001 - 05898 - 53870 - 23446 - 01839 - 27437
2024-07-06,MT,Khánh Hòa,5,97723 - 81846 - 34116
2024-07-06,MT,Khánh Hòa,6,79462 - 79522 - 43511
2024-07-06,MT,Khánh Hòa,7,16050 - 37070 - 74095 - 04126
2024-07-06,MT,Khánh Hòa,8,42074
2024-07-06,MN,TP. HCM,ĐB,73595
2024-07-06,MN,TP. HCM,1,75034
2024-07-06,MN,TP. HCM,2,68434
2024-07-06,MN,TP. HCM,3,81541 - 65343 - 90951 - 64849 - 75081 - 21179
2024-07-06,MN,TP. HCM,4,80442 - 78632 - 44988 - 98929 - 04608 - 09053
2024-07-06,MN,TP. HCM,5,28424 - 55402 - 50861
2024-07-06,MN,TP. HCM,6,30897 - 31265 - 56342
2024-07-06,MN,TP. HCM,7,16788 - 79503 - 98028 - 84189
2024-07-06,MN,TP. HCM,8,55987
2024-07-06,MN,Đồng Tháp,ĐB,06423
2024-07-06,MN,Đồng Tháp,1,73430
2024-07-06,MN,Đồng Tháp,2,05674
2024-07-06,MN,Đồng Tháp,3,90668 - 45793 - 14493 - 99915 - 56500 - 95057
2024-07-06,MN,Đồng Tháp,4,06518 - 08649 - 16951 - 88221 - 84827 - 00179
2024-07-06,MN,Đồng Tháp,5,20639 - 13275 - 24181
2024-07-06,MN,Đồng Tháp,6,20422 - 65034 - 28823
2024-07-06,MN,Đồng Tháp,7,92757 - 49770 - 51863 - 97235
2024-07-06,MN,Đồng Tháp,8,01766
2024-07-06,MN,Cà Mau,ĐB,94932
2024-07-06,MN,Cà Mau,1,58755
2024-07-06,MN,Cà Mau,2,33775
2024-07-06,MN,Cà Mau,3,58249 - 04603 - 21224 - 37427 - 78834 - 61641
2024-07-06,MN,Cà Mau,4,46488 - 68482 - 58846 - 59069 - 07192 - 32015
2024-07-06,MN,Cà Mau,5,85240 - 31462 - 40507
2024-07-06,MN,Cà Mau,6,66349 - 62504 - 67972
2024-07-06,MN,Cà Mau,7,64261 - 67049 - 12806 - 33315
2024-07-06,MN,Cà Mau,8,08559
2024-07-07,MB,Hà Nội,ĐB,29523
2024-07-07,MB,Hà Nội,1,18666
2024-07-07,MB,Hà Nội,2,88623
2024-07-07,MB,Hà Nội,3,11298 - 21634 - 95555 - 81390 - 65847 - 91352
2024-07-07,MB,Hà Nội,4,25797 - 11308 - 71685 - 65152 - 14299 - 76971
2024-07-07,MB,Hà Nội,5,52796 - 64321 - 13661
2024-07-07,MB,Hà Nội,6,57280 - 67942 - 40676
2024-07-07,MB,Hà Nội,7,43644 - 03012 - 49809 - 13652
2024-07-07,MT,Đà Nẵng,ĐB,35321
2024-07-07,MT,Đà Nẵng,1,48484
2024-07-07,MT,Đà Nẵng,2,22068
2024-07-07,MT,Đà Nẵng,3,10239 - 42411 - 54331 - 09669 - 18233 - 66854
2024-07-07,MT,Đà Nẵng,4,48218 - 11001 - 45554 - 08603 - 52522 - 83637
2024-07-07,MT,Đà Nẵng,5,19911 - 38494 - 02210
2024-07-07,MT,Đà Nẵng,6,76912 - 56405 - 34909
2024-07-07,MT,Đà Nẵng,7,04724 - 29636 - 58949 - 65044
2024-07-07,MT,Đà Nẵng,8,52137
2024-07-07,MT,Khánh Hòa,ĐB,24543
2024-07-07,MT,Khánh Hòa,1,24633
2024-07-07,MT,Khánh Hòa,2,30646
2024-07-07,MT,Khánh Hòa,3,95349 - 41645 - 41128 - 53915 - 16415 - 92505
2024-07-07,MT,Khánh Hòa,4,60287 - 69368 - 11393 - 21836 - 45188 - 44759
2024-07-07,MT,Khánh Hòa,5,58155 - 56240 - 05224
2024-07-07,MT,Khánh Hòa,6,92524 - 56779 - 29499
2024-07-07,MT,Khánh Hòa,7,56065 - 63591 - 80151 - 92932
2024-07-07,MT,Khánh Hòa,8,46048
2024-07-07,MN,TP. HCM,ĐB,57249
2024-07-07,MN,TP. HCM,1,82414
2024-07-07,MN,TP. HCM,2,32387
2024-07-07,MN,TP. HCM,3,79410 - 85207 - 92705 - 28059 - 16346 - 92283
2024-07-07,MN,TP. HCM,4,08731 - 69807 - 89629 - 10230 - 50203 - 69503
2024-07-07,MN,TP. HCM,5,57160 - 00566 - 66366
2024-07-07,MN,TP. HCM,6,41026 - 91511 - 24465
2024-07-07,MN,TP. HCM,7,69258 - 71042 - 12657 - 62355
2024-07-07,MN,TP. HCM,8,61650
2024-07-07,MN,Đồng Tháp,ĐB,92946
2024-07-07,MN,Đồng Tháp,1,34721
2024-07-07,MN,Đồng Tháp,2,97571
2024-07-07,MN,Đồng Tháp,3,85241 - 56423 - 89569 - 44146 - 86924 - 19334
2024-07-07,MN,Đồng Tháp,4,46676 - 17216 - 22201 - 62583 - 96514 - 71439
2024-07-07,MN,Đồng Tháp,5,86655 - 87343 - 91067
2024-07-07,MN,Đồng Tháp,6,21431 - 67409 - 42937
2024-07-07,MN,Đồng Tháp,7,47767 - 55920 - 56280 - 71274
2024-07-07,MN,Đồng Tháp,8,82588
2024-07-07,MN,Cà Mau,ĐB,02591
2024-07-07,MN,Cà Mau,1,03912
2024-07-07,MN,Cà Mau,2,56660
2024-07-07,MN,Cà Mau,3,26897 - 53584 - 87797 - 78212 - 33468 - 09058
2024-07-07,MN,Cà Mau,4,13819 - 04587 - 37519 - 32261 - 07077 - 04703
2024-07-07,MN,Cà Mau,5,48342 - 08900 - 93673
2024-07-07,MN,Cà Mau,6,32396 - 96536 - 54268
2024-07-07,MN,Cà Mau,7,31632 - 21349 - 96488 - 91855
2024-07-07,MN,Cà Mau,8,06177
2024-07-08,MB,Hà Nội,ĐB,56892
2024-07-08,MB,Hà Nội,1,77422
2024-07-08,MB,Hà Nội,2,35002
2024-07-08,MB,Hà Nội,3,71171 - 60674 - 38265 - 61898 - 86560 - 43544
2024-07-08,MB,Hà Nội,4,45883 - 66832 - 35130 - 90836 - 01447 - 97889
2024-07-08,MB,Hà Nội,5,24775 - 04869 - 77787
2024-07-08,MB,Hà Nội,6,66462 - 51249 - 46750
2024-07-08,MB,Hà Nội,7,02602 - 50489 - 74071 - 54981
2024-07-08,MT,Đà Nẵng,ĐB,04305
2024-07-08,MT,Đà Nẵng,1,58178
2024-07-08,MT,Đà Nẵng,2,63848
2024-07-08,MT,Đà Nẵng,3,66757 - 25381 - 65024 - 92752 - 21716 - 48462
2024-07-08,MT,Đà Nẵng,4,60789 - 98012 - 63760 - 37328 - 85123 - 75405
2024-07-08,MT,Đà Nẵng,5,97816 - 76988 - 65615
2024-07-08,MT,Đà Nẵng,6,45111 - 14152 - 25435
2024-07-08,MT,Đà Nẵng,7,75968 - 77563 - 60442 - 21547
2024-07-08,MT,Đà Nẵng,8,67158
2024-07-08,MT,Khánh Hòa,ĐB,76757
2024-07-08,MT,Khánh Hòa,1,90137
2024-07-08,MT,Khánh Hòa,2,50385
2024-07-08,MT,Khánh Hòa,3,09141 - 28014 - 85317 - 99257 - 81307 - 03946
2024-07-08,MT,Khánh Hòa,4,90371 - 47013 - 77423 - 01137 - 33026 - 61728
2024-07-08,MT,Khánh Hòa,5,51674 - 64409 - 04432
2024-07-08,MT,Khánh Hòa,6,91464 - 94223 - 27571
2024-07-08,MT,Khánh Hòa,7,59058 - 34764 - 85160 - 64788
2024-07-08,MT,Khánh Hòa,8,59169
2024-07-08,MN,TP. HCM,ĐB,46376
2024-07-08,MN,TP. HCM,1,32098
2024-07-08,MN,TP. HCM,2,64743
2024-07-08,MN,TP. HCM,3,88538 - 00503 - 48390 - 53375 - 73709 - 30421
2024-07-08,MN,TP. HCM,4,98145 - 95181 - 35583 - 32344 - 63094 - 78200
2024-07-08,MN,TP. HCM,5,08993 - 49968 - 40996
2024-07-08,MN,TP. HCM,6,65844 - 68845 - 38640
2024-07-08,MN,TP. HCM,7,57339 - 78918 - 42753 - 75111
2024-07-08,MN,TP. HCM,8,25968
2024-07-08,MN,Đồng Tháp,ĐB,59931
2024-07-08,MN,Đồng Tháp,1,10487
2024-07-08,MN,Đồng Tháp,2,91624
2024-07-08,MN,Đồng Tháp,3,51331 - 35060 - 29523 - 97004 - 05117 - 34213
2024-07-08,MN,Đồng Tháp,4,80472 - 58975 - 49015 - 73213 - 11251 - 11847
2024-07-08,MN,Đồng Tháp,5,64826 - 53747 - 09465
2024-07-08,MN,Đồng Tháp,6,08564 - 48774 - 96952
2024-07-08,MN,Đồng Tháp,7,76584 - 52189 - 97040 - 37330
2024-07-08,MN,Đồng Tháp,8,20737
2024-07-08,MN,Cà Mau,ĐB,04682
2024-07-08,MN,Cà Mau,1,09411
2024-07-08,MN,Cà Mau,2,12309
2024-07-08,MN,Cà Mau,3,78277 - 54746 - 75202 - 99460 - 61125 - 73492
2024-07-08,MN,Cà Mau,4,52462 - 86319 - 50697 - 00647 - 77362 - 75251
2024-07-08,MN,Cà Mau,5,73461 - 74356 - 58668
2024-07-08,MN,Cà Mau,6,57137 - 60400 - 34540
2024-07-08,MN,Cà Mau,7,66321 - 89005 - 03577 - 37835
2024-07-08,MN,Cà Mau,8,09129
2024-07-09,MB,Hà Nội,ĐB,87879
2024-07-09,MB,Hà Nội,1,81532
2024-07-09,MB,Hà Nội,2,27326
2024-07-09,MB,Hà Nội,3,43241 - 23794 - 84658 - 76695 - 94988 - 62237
2024-07-09,MB,Hà Nội,4,15441 - 99430 - 77018 - 61065 - 63490 - 92049
2024-07-09,MB,Hà Nội,5,01361 - 35264 - 41614
2024-07-09,MB,Hà Nội,6,85726 - 81775 - 76966
2024-07-09,MB,Hà Nội,7,36474 - 57479 - 31709 - 65408
2024-07-09,MT,Đà Nẵng,ĐB,82966
2024-07-09,MT,Đà Nẵng,1,32933
2024-07-09,MT,Đà Nẵng,2,45649
2024-07-09,MT,Đà Nẵng,3,50681 - 84316 - 98976 - 19099 - 72721 - 75047
2024-07-09,MT,Đà Nẵng,4,66047 - 76480 - 67195 - 29955 - 73800 - 41643
2024-07-09,MT,Đà Nẵng,5,72900 - 96637 - 36819
2024-07-09,MT,Đà Nẵng,6,26948 - 70001 - 77635
2024-07-09,MT,Đà Nẵng,7,37252 - 49964 - 44502 - 31866
2024-07-09,MT,Đà Nẵng,8,96858
2024-07-09,MT,Khánh Hòa,ĐB,22886
2024-07-09,MT,Khánh Hòa,1,04772
2024-07-09,MT,Khánh Hòa,2,02626
2024-07-09,MT,Khánh Hòa,3,61017 - 98522 - 40267 - 35262 - 76056 - 82357
2024-07-09,MT,Khánh Hòa,4,52591 - 31295 - 63012 - 94918 - 98674 - 00483
2024-07-09,MT,Khánh Hòa,5,48508 - 16533 - 29124
2024-07-09,MT,Khánh Hòa,6,85836 - 14858 - 99641
2024-07-09,MT,Khánh Hòa,7,67447 - 81431 - 22986 - 73587
2024-07-09,MT,Khánh Hòa,8,97298
2024-07-09,MN,TP. HCM,ĐB,19628
2024-07-09,MN,TP. HCM,1,52278
2024-07-09,MN,TP. HCM,2,50941
2024-07-09,MN,TP. HCM,3,64074 - 08004 - 76184 - 82320 - 27807 - 80194
2024-07-09,MN,TP. HCM,4,94441 - 49114 - 32431 - 57183 - 75655 - 05210
2024-07-09,MN,TP. HCM,5,61784 - 92652 - 54856
2024-07-09,MN,TP. HCM,6,69649 - 23336 - 79916
2024-07-09,MN,TP. HCM,7,30728 - 43547 - 41652 - 70859
2024-07-09,MN,TP. HCM,8,46848
2024-07-09,MN,Đồng Tháp,ĐB,83826
2024-07-09,MN,Đồng Tháp,1,91967
2024-07-09,MN,Đồng Tháp,2,98041
2024-07-09,MN,Đồng Tháp,3,18640 - 62332 - 49138 - 77966 - 08010 - 83968
2024-07-09,MN,Đồng Tháp,4,54773 - 87195 - 78986 - 85695 - 80521 - 21324
2024-07-09,MN,Đồng Tháp,5,66991 - 03675 - 64499
2024-07-09,MN,Đồng Tháp,6,71325 - 84902 - 97215
2024-07-09,MN,Đồng Tháp,7,97545 - 12735 - 70633 - 78274
2024-07-09,MN,Đồng Tháp,8,63797
2024-07-09,MN,Cà Mau,ĐB,16222
2024-07-09,MN,Cà Mau,1,85987
2024-07-09,MN,Cà Mau,2,20288
2024-07-09,MN,Cà Mau,3,12982 - 33371 - 25487 - 73279 - 17850 - 89039
2024-07-09,MN,Cà Mau,4,31232 - 23637 - 27217 - 73035 - 78396 - 45294
2024-07-09,MN,Cà Mau,5,08446 - 18105 - 43827
2024-07-09,MN,Cà Mau,6,86327 - 74876 - 02150
2024-07-09,MN,Cà Mau,7,63618 - 74733 - 64142 - 57539
2024-07-09,MN,Cà Mau,8,81328
2024-07-10,MB,Hà Nội,ĐB,39196
2024-07-10,MB,Hà Nội,1,58794
2024-07-10,MB,Hà Nội,2,87855
2024-07-10,MB,Hà Nội,3,66287 - 71848 - 40758 - 15676 - 55244 - 72335
2024-07-10,MB,Hà Nội,4,07670 - 17323 - 56569 - 48574 - 71121 - 59478
2024-07-10,MB,Hà Nội,5,79243 - 01344 - 26922
2024-07-10,MB,Hà Nội,6,68644 - 01867 - 57643
2024-07-10,MB,Hà Nội,7,91863 - 47936 - 19182 - 15756
2024-07-10,MT,Đà Nẵng,ĐB,41491
2024-07-10,MT,Đà Nẵng,1,97230
2024-07-10,MT,Đà Nẵng,2,13161
2024-07-10,MT,Đà Nẵng,3,19640 - 34481 - 61425 - 96568 - 21802 - 03479
2024-07-10,MT,Đà Nẵng,4,50071 - 77934 - 08468 - 91505 - 76014 - 40110
2024-07-10,MT,Đà Nẵng,5,07325 - 18182 - 18706
2024-07-10,MT,Đà Nẵng,6,77792 - 79535 - 23502
2024-07-10,MT,Đà Nẵng,7,51010 - 08004 - 83401 - 04300
2024-07-10,MT,Đà Nẵng,8,25771
2024-07-10,MT,Khánh Hòa,ĐB,45747
2024-07-10,MT,Khánh Hòa,1,26561
2024-07-10,MT,Khánh Hòa,2,63015
2024-07-10,MT,Khánh Hòa,3,35990 - 19910 - 92596 - 80825 - 74049 - 64442
2024-07-10,MT,Khánh Hòa,4,37486 - 01194 - 20602 - 64563 - 14238 - 95669
2024-07-10,MT,Khánh Hòa,5,30502 - 15130 - 31191
2024-07-10,MT,Khánh Hòa,6,80680 - 17710 - 55620
2024-07-10,MT,Khánh Hòa,7,19257 - 45907 - 01346 - 00107
2024-07-10,MT,Khánh Hòa,8,64350
2024-07-10,MN,TP. HCM,ĐB,67652
2024-07-10,MN,TP. HCM,1,86551
2024-07-10,MN,TP. HCM,2,69010
2024-07-10,MN,TP. HCM,3,05504 - 09272 - 51979 - 75722 - 07325 - 79369
2024-07-10,MN,TP. HCM,4,06666 - 35502 - 33948 - 72158 - 08599 - 67930
2024-07-10,MN,TP. HCM,5,54412 - 75614 - 22371
2024-07-10,MN,TP. HCM,6,33282 - 51864 - 76611
2024-07-10,MN,TP. HCM,7,11234 - 36063 - 21257 - 20214
2024-07-10,MN,TP. HCM,8,68082
2024-07-10,MN,Đồng Tháp,ĐB,66040
2024-07-10,MN,Đồng Tháp,1,37231
2024-07-10,MN,Đồng Tháp,2,69231
2024-07-10,MN,Đồng Tháp,3,84067 - 89617 - 52914 - 37046 - 35251 - 14176
2024-07-10,MN,Đồng Tháp,4,73221 - 26415 - 10839 - 80893 - 55093 - 33795
2024-07-10,MN,Đồng Tháp,5,94633 - 72219 - 06099
2024-07-10,MN,Đồng Tháp,6,49740 - 68013 - 57763
2024-07-10,MN,Đồng Tháp,7,98995 - 21605 - 86288 - 16883
2024-07-10,MN,Đồng Tháp,8,57609
2024-07-10,MN,Cà Mau,ĐB,86743
2024-07-10,MN,Cà Mau,1,62009
2024-07-10,MN,Cà Mau,2,61217
2024-07-10,MN,Cà Mau,3,59342 - 81079 - 99854 - 26218 - 90894 - 24441
2024-07-10,MN,Cà Mau,4,30214 - 35659 - 15887 - 40022 - 89780 - 24140
2024-07-10,MN,Cà Mau,5,76412 - 10998 - 59973
2024-07-10,MN,Cà Mau,6,94166 - 83196 - 22617
2024-07-10,MN,Cà Mau,7,64640 - 45911 - 88894 - 15755
2024-07-10,MN,Cà Mau,8,24323
2024-07-11,MB,Hà Nội,ĐB,94377
2024-07-11,MB,Hà Nội,1,18224
2024-07-11,MB,Hà Nội,2,11973
2024-07-11,MB,Hà Nội,3,94534 - 31072 - 11197 - 52361 - 75317 - 69483
2024-07-11,MB,Hà Nội,4,21308 - 02236 - 26831 - 39105 - 56864 - 69748
2024-07-11,MB,Hà Nội,5,45112 - 97340 - 02313
2024-07-11,MB,Hà Nội,6,77236 - 85101 - 44555
2024-07-11,MB,Hà Nội,7,34099 - 93238 - 68774 - 33289
2024-07-11,MT,Đà Nẵng,ĐB,12766
2024-07-11,MT,Đà Nẵng,1,30647
2024-07-11,MT,Đà Nẵng,2,45703
2024-07-11,MT,Đà Nẵng,3,02314 - 71069 - 20571 - 60152 - 05699 - 18342
2024-07-11,MT,Đà Nẵng,4,41880 - 93778 - 50512 - 06546 - 54475 - 29257
2024-07-11,MT,Đà Nẵng,5,57824 - 20410 - 44372
2024-07-11,MT,Đà Nẵng,6,50931 - 15863 - 91749
2024-07-11,MT,Đà Nẵng,7,34028 - 98307 - 45702 - 47574
2024-07-11,MT,Đà Nẵng,8,26941
2024-07-11,MT,Khánh Hòa,ĐB,72246
2024-07-11,MT,Khánh Hòa,1,96935
2024-07-11,MT,Khánh Hòa,2,63469
2024-07-11,MT,Khánh Hòa,3,61854 - 43013 - 71783 - 55621 - 51071 - 71983
2024-07-11,MT,Khánh Hòa,4,19663 - 96152 - 95612 - 87327 - 23487 - 72061
2024-07-11,MT,Khánh Hòa,5,66386 - 86882 - 93107
2024-07-11,MT,Khánh Hòa,6,99832 - 56851 - 61685
2024-07-11,MT,Khánh Hòa,7,32757 - 91758 - 71340 - 38455
2024-07-11,MT,Khánh Hòa,8,41143
2024-07-11,MN,TP. HCM,ĐB,32528
2024-07-11,MN,TP. HCM,1,97661
2024-07-11,MN,TP. HCM,2,42446
2024-07-11,MN,TP. HCM,3,08289 - 96827 - 58176 - 07832 - 21419 - 78930
2024-07-11,MN,TP. HCM,4,55984 - 28269 - 09674 - 83361 - 14924 - 98854
2024-07-11,MN,TP. HCM,5,87820 - 41046 - 28727
2024-07-11,MN,TP. HCM,6,63386 - 96267 - 19621
2024-07-11,MN,TP. HCM,7,06310 - 26248 - 00500 - 60025
2024-07-11,MN,TP. HCM,8,59220
2024-07-11,MN,Đồng Tháp,ĐB,77406
2024-07-11,MN,Đồng Tháp,1,80979
2024-07-11,MN,Đồng Tháp,2,93663
2024-07-11,MN,Đồng Tháp,3,70483 - 73217 - 21443 - 07495 - 97383 - 96337
2024-07-11,MN,Đồng Tháp,4,98340 - 88857 - 73317 - 25277 - 11279 - 23414
2024-07-11,MN,Đồng Tháp,5,58323 - 17657 - 74169
2024-07-11,MN,Đồng Tháp,6,43497 - 81365 - 64994
2024-07-11,MN,Đồng Tháp,7,85105 - 15091 - 43442 - 25429
2024-07-11,MN,Đồng Tháp,8,42165
2024-07-11,MN,Cà Mau,ĐB,60376
2024-07-11,MN,Cà Mau,1,72510
2024-07-11,MN,Cà Mau,2,11433
2024-07-11,MN,Cà Mau,3,02561 - 74664 - 60353 - 99833 - 55012 - 84923
2024-07-11,MN,Cà Mau,4,53977 - 48419 - 80410 - 81588 - 75686 - 74666
2024-07-11,MN,Cà Mau,5,45433 - 02086 - 16956
2024-07-11,MN,Cà Mau,6,56053 - 96248 - 26364
2024-07-11,MN,Cà Mau,7,82719 - 22239 - 22341 - 26447
2024-07-11,MN,Cà Mau,8,51639
2024-07-12,MB,Hà Nội,ĐB,51845
2024-07-12,MB,Hà Nội,1,63046
2024-07-12,MB,Hà Nội,2,99314
2024-07-12,MB,Hà Nội,3,27908 - 98840 - 26803 - 77598 - 31645 - 29247
2024-07-12,MB,Hà Nội,4,03883 - 11777 - 30218 - 76747 - 41785 - 58654
2024-07-12,MB,Hà Nội,5,05502 - 35529 - 91840
2024-07-12,MB,Hà Nội,6,98907 - 63668 - 88530
2024-07-12,MB,Hà Nội,7,72021 - 46598 - 67388 - 60478
2024-07-12,MT,Đà Nẵng,ĐB,38656
2024-07-12,MT,Đà Nẵng,1,41842
2024-07-12,MT,Đà Nẵng,2,71469
2024-07-12,MT,Đà Nẵng,3,78443 - 38705 - 42319 - 49361 - 24610 - 96828
2024-07-12,MT,Đà Nẵng,4,76117 - 73175 - 46882 - 59610 - 70472 - 86575
2024-07-12,MT,Đà Nẵng,5,62828 - 35979 - 27471
2024-07-12,MT,Đà Nẵng,6,39221 - 97735 - 73725
2024-07-12,MT,Đà Nẵng,7,47494 - 10696 - 95757 - 16626
2024-07-12,MT,Đà Nẵng,8,17597
2024-07-12,MT,Khánh Hòa,ĐB,57853
2024-07-12,MT,Khánh Hòa,1,38796
2024-07-12,MT,Khánh Hòa,2,96973
2024-07-12,MT,Khánh Hòa,3,42884 - 61795 - 49409 - 70171 - 99715 - 51517
2024-07-12,MT,Khánh Hòa,4,71999 - 33449 - 30789 - 58372 - 18036 - 94275
2024-07-12,MT,Khánh Hòa,5,45580 - 03005 - 40448
2024-07-12,MT,Khánh Hòa,6,61549 - 90819 - 50221
2024-07-12,MT,Khánh Hòa,7,14121 - 57273 - 41517 - 63892
2024-07-12,MT,Khánh Hòa,8,84288
2024-07-12,MN,TP. HCM,ĐB,27528
2024-07-12,MN,TP. HCM,1,19346
2024-07-12,MN,TP. HCM,2,21099
2024-07-12,MN,TP. HCM,3,22753 - 63505 - 71741 - 21956 - 81154 - 53650
2024-07-12,MN,TP. HCM,4,66469 - 45988 - 44745 - 13634 - 07289 - 00027
2024-07-12,MN,TP. HCM,5,97372 - 68725 - 17600
2024-07-12,MN,TP. HCM,6,80684 - 55314 - 87340
2024-07-12,MN,TP. HCM,7,13505 - 61882 - 86649 - 53289
2024-07-12,MN,TP. HCM,8,64149
2024-07-12,MN,Đồng Tháp,ĐB,48941
2024-07-12,MN,Đồng Tháp,1,86705
2024-07-12,MN,Đồng Tháp,2,35459
2024-07-12,MN,Đồng Tháp,3,20446 - 50374 - 64791 - 98965 - 10888 - 02747
2024-07-12,MN,Đồng Tháp,4,67915 - 64882 - 20535 - 49069 - 92179 - 81059
2024-07-12,MN,Đồng Tháp,5,80591 - 37225 - 04435
2024-07-12,MN,Đồng Tháp,6,64532 - 02093 - 16183
2024-07-12,MN,Đồng Tháp,7,25227 - 47946 - 16280 - 14921
2024-07-12,MN,Đồng Tháp,8,02423
2024-07-12,MN,Cà Mau,ĐB,89363
2024-07-12,MN,Cà Mau,1,09243
2024-07-12,MN,Cà Mau,2,65815
2024-07-12,MN,Cà Mau,3,98390 - 21445 - 61968 - 12137 - 52424 - 78887
2024-07-12,MN,Cà Mau,4,22635 - 16801 - 04801 - 61783 - 49888 - 17208
2024-07-12,MN,Cà Mau,5,90735 - 74220 - 14966
2024-07-12,MN,Cà Mau,6,14160 - 97202 - 99296
2024-07-12,MN,Cà Mau,7,91078 - 70394 - 19694 - 23381
2024-07-12,MN,Cà Mau,8,24838
2024-07-13,MB,Hà Nội,ĐB,03831
2024-07-13,MB,Hà Nội,1,47356
2024-07-13,MB,Hà Nội,2,39795
2024-07-13,MB,Hà Nội,3,53862 - 65871 - 74807 - 52943 - 95451 - 50204
2024-07-13,MB,Hà Nội,4,88971 - 83982 - 20489 - 18015 - 24469 - 21097
2024-07-13,MB,Hà Nội,5,19363 - 43632 - 46723
2024-07-13,MB,Hà Nội,6,45267 - 00860 - 83148
2024-07-13,MB,Hà Nội,7,96129 - 04462 - 59263 - 59019
2024-07-13,MT,Đà Nẵng,ĐB,15999
2024-07-13,MT,Đà Nẵng,1,59499
2024-07-13,MT,Đà Nẵng,2,94500
2024-07-13,MT,Đà Nẵng,3,06851 - 53625 - 03260 - 33326 - 59189 - 94536
2024-07-13,MT,Đà Nẵng,4,45927 - 09741 - 95789 - 53086 - 66388 - 06832
2024-07-13,MT,Đà Nẵng,5,76012 - 20624 - 82871
2024-07-13,MT,Đà Nẵng,6,57927 - 99882 - 75480
2024-07-13,MT,Đà Nẵng,7,05096 - 13292 - 05835 - 49828
2024-07-13,MT,Đà Nẵng,8,00611
2024-07-13,MT,Khánh Hòa,ĐB,41205
2024-07-13,MT,Khánh Hòa,1,15554
2024-07-13,MT,Khánh Hòa,2,95839
2024-07-13,MT,Khánh Hòa,3,67800 - 23224 - 10056 - 57775 - 44926 - 93598
2024-07-13,MT,Khánh Hòa,4,95891 - 01761 - 19287 - 99254 - 75804 - 48012
2024-07-13,MT,Khánh Hòa,5,06072 - 60241 - 80569
2024-07-13,MT,Khánh Hòa,6,43141 - 19914 - 94796
2024-07-13,MT,Khánh Hòa,7,71300 - 02381 - 95627 - 37102
2024-07-13,MT,Khánh Hòa,8,19945
2024-07-13,MN,TP. HCM,ĐB,51980
2024-07-13,MN,TP. HCM,1,00164
2024-07-13,MN,TP. HCM,2,48267
2024-07-13,MN,TP. HCM,3,33822 - 20544 - 39117 - 58848 - 11528 - 76631
2024-07-13,MN,TP. HCM,4,67891 - 71987 - 20289 - 19771 - 74626 - 13282
2024-07-13,MN,TP. HCM,5,40997 - 78147 - 35307
2024-07-13,MN,TP. HCM,6,88220 - 22012 - 65456
2024-07-13,MN,TP. HCM,7,83405 - 34712 - 41738 - 14172
2024-07-13,MN,TP. HCM,8,24624
2024-07-13,MN,Đồng Tháp,ĐB,60222
2024-07-13,MN,Đồng Tháp,1,02673
2024-07-13,MN,Đồng Tháp,2,62473
2024-07-13,MN,Đồng Tháp,3,98775 - 15614 - 69679 - 39998 - 21192 - 76918
2024-07-13,MN,Đồng Tháp,4,08656 - 92672 - 90134 - 12730 - 27960 - 14018
2024-07-13,MN,Đồng Tháp,5,77317 - 94720 - 15560
2024-07-13,MN,Đồng Tháp,6,37623 - 45565 - 15258
2024-07-13,MN,Đồng Tháp,7,70710 - 96949 - 77519 - 94715
2024-07-13,MN,Đồng Tháp,8,58256
2024-07-13,MN,Cà Mau,ĐB,59064
2024-07-13,MN,Cà Mau,1,71068
2024-07-13,MN,Cà Mau,2,24661
2024-07-13,MN,Cà Mau,3,54397 - 21885 - 83577 - 42723 - 35435 - 68512
2024-07-13,MN,Cà Mau,4,90397 - 85242 - 71538 - 36822 - 93277 - 78273
2024-07-13,MN,Cà Mau,5,68881 - 73019 - 77293
2024-07-13,MN,Cà Mau,6,23130 - 69512 - 80698
2024-07-13,MN,Cà Mau,7,89349 - 42579 - 01207 - 16105
2024-07-13,MN,Cà Mau,8,12224
2024-07-14,MB,Hà Nội,ĐB,66446
2024-07-14,MB,Hà Nội,1,72730
2024-07-14,MB,Hà Nội,2,88293
2024-07-14,MB,Hà Nội,3,78103 - 72775 - 58004 - 98066 - 79470 - 11038
2024-07-14,MB,Hà Nội,4,09237 - 07672 - 57242 - 43802 - 71436 - 79291
2024-07-14,MB,Hà Nội,5,01832 - 99765 - 90269
2024-07-14,MB,Hà Nội,6,90561 - 12720 - 37897
2024-07-14,MB,Hà Nội,7,69526 - 78644 - 15982 - 20240
2024-07-14,MT,Đà Nẵng,ĐB,90339
2024-07-14,MT,Đà Nẵng,1,36769
2024-07-14,MT,Đà Nẵng,2,18094
2024-07-14,MT,Đà Nẵng,3,82062 - 57051 - 54217 - 52576 - 14528 - 18844
2024-07-14,MT,Đà Nẵng,4,44123 - 30156 - 61750 - 65303 - 98425 - 44237
2024-07-14,MT,Đà Nẵng,5,61802 - 41783 - 05743
2024-07-14,MT,Đà Nẵng,6,07983 - 18256 - 02118
2024-07-14,MT,Đà Nẵng,7,75844 - 18471 - 64312 - 25875
2024-07-14,MT,Đà Nẵng,8,72478
2024-07-14,MT,Khánh Hòa,ĐB,42678
2024-07-14,MT,Khánh Hòa,1,46958
2024-07-14,MT,Khánh Hòa,2,83157
2024-07-14,MT,Khánh Hòa,3,08075 - 87592 - 66524 - 15783 - 26137 - 21355
2024-07-14,MT,Khánh Hòa,4,93655 - 64243 - 76276 - 67178 - 43449 - 14025
2024-07-14,MT,Khánh Hòa,5,57701 - 32859 - 45673
2024-07-14,MT,Khánh Hòa,6,09149 - 11344 - 16284
2024-07-14,MT,Khánh Hòa,7,39227 - 95919 - 35452 - 60268
2024-07-14,MT,Khánh Hòa,8,64299
2024-07-14,MN,TP. HCM,ĐB,90997
2024-07-14,MN,TP. HCM,1,08386
2024-07-14,MN,TP. HCM,2,84501
2024-07-14,MN,TP. HCM,3,87002 - 86820 - 75152 - 48778 - 33494 - 17935
2024-07-14,MN,TP. HCM,4,36368 - 54970 - 95803 - 45074 - 91925 - 12130
2024-07-14,MN,TP. HCM,5,14622 - 71134 - 11969
2024-07-14,MN,TP. HCM,6,27879 - 48092 - 03861
2024-07-14,MN,TP. HCM,7,27124 - 24783 - 22523 - 64132
2024-07-14,MN,TP. HCM,8,33211
2024-07-14,MN,Đồng Tháp,ĐB,28503
2024-07-14,MN,Đồng Tháp,1,26747
2024-07-14,MN,Đồng Tháp,2,75710
2024-07-14,MN,Đồng Tháp,3,62065 - 74947 - 99131 - 07999 - 61739 - 73391
2024-07-14,MN,Đồng Tháp,4,10426 - 19432 - 14048 - 97977 - 98016 - 81927
2024-07-14,MN,Đồng Tháp,5,64282 - 34283 - 66550
2024-07-14,MN,Đồng Tháp,6,93309 - 49683 - 97729
2024-07-14,MN,Đồng Tháp,7,29588 - 56733 - 93809 - 85688
2024-07-14,MN,Đồng Tháp,8,33654
2024-07-14,MN,Cà Mau,ĐB,96276
2024-07-14,MN,Cà Mau,1,63486
2024-07-14,MN,Cà Mau,2,06308
2024-07-14,MN,Cà Mau,3,84526 - 69911 - 67651 - 10805 - 96904 - 06263
2024-07-14,MN,Cà Mau,4,10885 - 98178 - 13289 - 41659 - 75592 - 38135
2024-07-14,MN,Cà Mau,5,95084 - 04950 - 37834
2024-07-14,MN,Cà Mau,6,12220 - 06794 - 25374
2024-07-14,MN,Cà Mau,7,53188 - 06734 - 10410 - 91981
2024-07-14,MN,Cà Mau,8,64896
2024-07-15,MB,Hà Nội,ĐB,11047
2024-07-15,MB,Hà Nội,1,97275
2024-07-15,MB,Hà Nội,2,61608
2024-07-15,MB,Hà Nội,3,09212 - 42668 - 40401 - 79675 - 56139 - 81564
2024-07-15,MB,Hà Nội,4,26119 - 91402 - 58079 - 16237 - 74017 - 95505
2024-07-15,MB,Hà Nội,5,42715 - 60184 - 03201
2024-07-15,MB,Hà Nội,6,21235 - 91299 - 59949
2024-07-15,MB,Hà Nội,7,81605 - 46588 - 07364 - 68076
2024-07-15,MT,Đà Nẵng,ĐB,00096
2024-07-15,MT,Đà Nẵng,1,13018
2024-07-15,MT,Đà Nẵng,2,89939
2024-07-15,MT,Đà Nẵng,3,43644 - 10733 - 92870 - 42142 - 75343 - 19086
2024-07-15,MT,Đà Nẵng,4,01438 - 21649 - 82372 - 87175 - 53578 - 04819
2024-07-15,MT,Đà Nẵng,5,33533 - 64707 - 22795
2024-07-15,MT,Đà Nẵng,6,13443 - 21560 - 62764
2024-07-15,MT,Đà Nẵng,7,48451 - 77149 - 11524 - 11980
2024-07-15,MT,Đà Nẵng,8,29179
2024-07-15,MT,Khánh Hòa,ĐB,50939
2024-07-15,MT,Khánh Hòa,1,85080
2024-07-15,MT,Khánh Hòa,2,97482
2024-07-15,MT,Khánh Hòa,3,09538 - 52183 - 43175 - 14508 - 08339 - 07906
2024-07-15,MT,Khánh Hòa,4,59801 - 78920 - 55001 - 06666 - 90287 - 81303
2024-07-15,MT,Khánh Hòa,5,14961 - 48441 - 73506
2024-07-15,MT,Khánh Hòa,6,70611 - 50898 - 59617
2024-07-15,MT,Khánh Hòa,7,90855 - 82778 - 70212 - 11419
2024-07-15,MT,Khánh Hòa,8,28668
2024-07-15,MN,TP. HCM,ĐB,70776
2024-07-15,MN,TP. HCM,1,25746
2024-07-15,MN,TP. HCM,2,56847
2024-07-15,MN,TP. HCM,3,54329 - 42299 - 28620 - 07851 - 76389 - 79010
2024-07-15,MN,TP. HCM,4,24049 - 77506 - 77511 - 12804 - 03055 - 33424
2024-07-15,MN,TP. HCM,5,21554 - 34908 - 12869
2024-07-15,MN,TP. HCM,6,28493 - 07067 - 56234
2024-07-15,MN,TP. HCM,7,63228 - 41453 - 22865 - 62121
2024-07-15,MN,TP. HCM,8,72956
2024-07-15,MN,Đồng Tháp,ĐB,40395
2024-07-15,MN,Đồng Tháp,1,96280
2024-07-15,MN,Đồng Tháp,2,96335
2024-07-15,MN,Đồng Tháp,3,78143 - 94465 - 98565 - 45124 - 81075 - 61985
2024-07-15,MN,Đồng Tháp,4,30652 - 76233 - 13040 - 16477 - 29229 - 99951
2024-07-15,MN,Đồng Tháp,5,84883 - 36912 - 45333
2024-07-15,MN,Đồng Tháp,6,15271 - 64442 - 72371
2024-07-15,MN,Đồng Tháp,7,62022 - 56431 - 94524 - 30657
2024-07-15,MN,Đồng Tháp,8,99939
2024-07-15,MN,Cà Mau,ĐB,51307
2024-07-15,MN,Cà Mau,1,79031
2024-07-15,MN,Cà Mau,2,24108
2024-07-15,MN,Cà Mau,3,38804 - 28489 - 69104 - 92443 - 74099 - 95956
2024-07-15,MN,Cà Mau,4,65405 - 43916 - 47968 - 16681 - 22642 - 17895
2024-07-15,MN,Cà Mau,5,80318 - 62641 - 86316
2024-07-15,MN,Cà Mau,6,70594 - 63336 - 75546
2024-07-15,MN,Cà Mau,7,70053 - 03784 - 97734 - 76043
2024-07-15,MN,Cà Mau,8,86624
2024-07-16,MB,Hà Nội,ĐB,39012
2024-07-16,MB,Hà Nội,1,78791
2024-07-16,MB,Hà Nội,2,54527
2024-07-16,MB,Hà Nội,3,91539 - 58990 - 71303 - 44434 - 04639 - 21875
2024-07-16,MB,Hà Nội,4,76597 - 17574 - 01365 - 75606 - 78000 - 76877
2024-07-16,MB,Hà Nội,5,84848 - 40767 - 50017
2024-07-16,MB,Hà Nội,6,50809 - 82922 - 92059
2024-07-16,MB,Hà Nội,7,69950 - 54700 - 82645 - 50259
2024-07-16,MT,Đà Nẵng,ĐB,85739
2024-07-16,MT,Đà Nẵng,1,57887
2024-07-16,MT,Đà Nẵng,2,59761
2024-07-16,MT,Đà Nẵng,3,90898 - 31915 - 93542 - 80564 - 66052 - 29548
2024-07-16,MT,Đà Nẵng,4,30521 - 89443 - 28150 - 98274 - 26411 - 95770
2024-07-16,MT,Đà Nẵng,5,13741 - 31803 - 64741
2024-07-16,MT,Đà Nẵng,6,83698 - 21394 - 18470
2024-07-16,MT,Đà Nẵng,7,44515 - 49788 - 53076 - 40838
2024-07-16,MT,Đà Nẵng,8,88290
2024-07-16,MT,Khánh Hòa,ĐB,44596
2024-07-16,MT,Khánh Hòa,1,59034
2024-07-16,MT,Khánh Hòa,2,27473
2024-07-16,MT,Khánh Hòa,3,12728 - 48891 - 16761 - 55052 - 27127 - 10811
2024-07-16,MT,Khánh Hòa,4,03472 - 99958 - 08957 - 92517 - 37406 - 09699
2024-07-16,MT,Khánh Hòa,5,63383 - 85939 - 75621
2024-07-16,MT,Khánh Hòa,6,07529 - 71282 - 75233
2024-07-16,MT,Khánh Hòa,7,62270 - 30305 - 95536 - 30619
2024-07-16,MT,Khánh Hòa,8,69161
2024-07-16,MN,TP. HCM,ĐB,58615
2024-07-16,MN,TP. HCM,1,45937
2024-07-16,MN,TP. HCM,2,94658
2024-07-16,MN,TP. HCM,3,28545 - 68967 - 46685 - 88510 - 95395 - 22539
2024-07-16,MN,TP. HCM,4,10721 - 11555 - 39124 - 36464 - 71988 - 33167
2024-07-16,MN,TP. HCM,5,66052 - 17737 - 50674
2024-07-16,MN,TP. HCM,6,35141 - 94279 - 24493
2024-07-16,MN,TP. HCM,7,00984 - 01301 - 43586 - 00871
2024-07-16,MN,TP. HCM,8,70017
2024-07-16,MN,Đồng Tháp,ĐB,31308
2024-07-16,MN,Đồng Tháp,1,69676
2024-07-16,MN,Đồng Tháp,2,33177
2024-07-16,MN,Đồng Tháp,3,00506 - 79813 - 99360 - 70127 - 67106 - 31166
2024-07-16,MN,Đồng Tháp,4,40795 - 93214 - 69291 - 33651 - 87458 - 22110
2024-07-16,MN,Đồng Tháp,5,71338 - 87972 - 97679
2024-07-16,MN,Đồng Tháp,6,36386 - 20373 - 75672
2024-07-16,MN,Đồng Tháp,7,22712 - 54240 - 48055 - 59457
2024-07-16,MN,Đồng Tháp,8,58448
2024-07-16,MN,Cà Mau,ĐB,60399
2024-07-16,MN,Cà Mau,1,81237
2024-07-16,MN,Cà Mau,2,84414
2024-07-16,MN,Cà Mau,3,22287 - 94725 - 14325 - 71989 - 11560 - 69934
2024-07-16,MN,Cà Mau,4,58898 - 61944 - 89046 - 13605 - 16813 - 43780
2024-07-16,MN,Cà Mau,5,65170 - 29210 - 80093
2024-07-16,MN,Cà Mau,6,79173 - 30440 - 02693
2024-07-16,MN,Cà Mau,7,90868 - 16432 - 84594 - 50034
2024-07-16,MN,Cà Mau,8,37279
2024-07-17,MB,Hà Nội,ĐB,54549
2024-07-17,MB,Hà Nội,1,27762
2024-07-17,MB,Hà Nội,2,82563
2024-07-17,MB,Hà Nội,3,96059 - 76865 - 28196 - 29858 - 28924 - 95007
2024-07-17,MB,Hà Nội,4,15131 - 50660 - 52458 - 95245 - 47920 - 38487
2024-07-17,MB,Hà Nội,5,59593 - 32031 - 83560
2024-07-17,MB,Hà Nội,6,97037 - 57137 - 86517
2024-07-17,MB,Hà Nội,7,08277 - 05223 - 64823 - 08119
2024-07-17,MT,Đà Nẵng,ĐB,77599
2024-07-17,MT,Đà Nẵng,1,36684
2024-07-17,MT,Đà Nẵng,2,43897
2024-07-17,MT,Đà Nẵng,3,05594 - 27913 - 32736 - 99936 - 29468 - 65149
2024-07-17,MT,Đà Nẵng,4,87553 - 38499 - 10404 - 83553 - 24366 - 30938
2024-07-17,MT,Đà Nẵng,5,72845 - 54050 - 81646
2024-07-17,MT,Đà Nẵng,6,86848 - 13308 - 43217
2024-07-17,MT,Đà Nẵng,7,44772 - 50182 - 11360 - 84552
2024-07-17,MT,Đà Nẵng,8,71254
2024-07-17,MT,Khánh Hòa,ĐB,74384
2024-07-17,MT,Khánh Hòa,1,15454
2024-07-17,MT,Khánh Hòa,2,86665
2024-07-17,MT,Khánh Hòa,3,02499 - 79023 - 34859 - 00876 - 04334 - 28945
2024-07-17,MT,Khánh Hòa,4,10131 - 59977 - 34256 - 39466 - 37210 - 97360
2024-07-17,MT,Khánh Hòa,5,04548 - 99273 - 97011
2024-07-17,MT,Khánh Hòa,6,72931 - 54051 - 72061
2024-07-17,MT,Khánh Hòa,7,66069 - 63992 - 49013 - 37189
2024-07-17,MT,Khánh Hòa,8,90159
2024-07-17,MN,TP. HCM,ĐB,43248
2024-07-17,MN,TP. HCM,1,51336
2024-07-17,MN,TP. HCM,2,42920
2024-07-17,MN,TP. HCM,3,67223 - 45580 - 78943 - 61102 - 10284 - 74198
2024-07-17,MN,TP. HCM,4,49567 - 68341 - 33060 - 69852 - 68019 - 35073
2024-07-17,MN,TP. HCM,5,45661 - 27940 - 10456
2024-07-17,MN,TP. HCM,6,40158 - 60222 - 15287
2024-07-17,MN,TP. HCM,7,52737 - 94615 - 95853 - 86218
2024-07-17,MN,TP. HCM,8,35159
2024-07-17,MN,Đồng Tháp,ĐB,96353
2024-07-17,MN,Đồng Tháp,1,00091
2024-07-17,MN,Đồng Tháp,2,16645
2024-07-17,MN,Đồng Tháp,3,78787 - 96555 - 04545 - 54585 - 69047 - 27124
2024-07-17,MN,Đồng Tháp,4,24596 - 39649 - 97056 - 69247 - 83277 - 78644
2024-07-17,MN,Đồng Tháp,5,95703 - 57204 - 71872
2024-07-17,MN,Đồng Tháp,6,33390 - 22218 - 46837
2024-07-17,MN,Đồng Tháp,7,95224 - 43382 - 88385 - 51038
2024-07-17,MN,Đồng Tháp,8,65291
2024-07-17,MN,Cà Mau,ĐB,82300
2024-07-17,MN,Cà Mau,1,09900
2024-07-17,MN,Cà Mau,2,20193
2024-07-17,MN,Cà Mau,3,81866 - 06873 - 48443 - 36201 - 16060 - 79527
2024-07-17,MN,Cà Mau,4,60557 - 57053 - 36126 - 16793 - 74021 - 53175
2024-07-17,MN,Cà Mau,5,32680 - 71835 - 96686
2024-07-17,MN,Cà Mau,6,50675 - 03932 - 85230
2024-07-17,MN,Cà Mau,7,16767 - 37118 - 58030 - 06201
2024-07-17,MN,Cà Mau,8,24453
2024-07-18,MB,Hà Nội,ĐB,29011
2024-07-18,MB,Hà Nội,1,97492
2024-07-18,MB,Hà Nội,2,57917
2024-07-18,MB,Hà Nội,3,63502 - 79379 - 37906 - 95299 - 42212 - 92986
2024-07-18,MB,Hà Nội,4,43412 - 11154 - 40112 - 41287 - 66082 - 35867
2024-07-18,MB,Hà Nội,5,83096 - 98568 - 35153
2024-07-18,MB,Hà Nội,6,07856 - 83181 - 39387
2024-07-18,MB,Hà Nội,7,47786 - 72784 - 13614 - 18838
2024-07-18,MT,Đà Nẵng,ĐB,89014
2024-07-18,MT,Đà Nẵng,1,26580
2024-07-18,MT,Đà Nẵng,2,83483
2024-07-18,MT,Đà Nẵng,3,85957 - 75717 - 64937 - 45354 - 75447 - 58540
2024-07-18,MT,Đà Nẵng,4,87719 - 20236 - 04543 - 41452 - 50977 - 27862
2024-07-18,MT,Đà Nẵng,5,84548 - 32541 - 90476
2024-07-18,MT,Đà Nẵng,6,14795 - 90958 - 22826
2024-07-18,MT,Đà Nẵng,7,00086 - 18339 - 70587 - 78065
2024-07-18,MT,Đà Nẵng,8,51241
2024-07-18,MT,Khánh Hòa,ĐB,12655
2024-07-18,MT,Khánh Hòa,1,46349
2024-07-18,MT,Khánh Hòa,2,75570
2024-07-18,MT,Khánh Hòa,3,25756 - 58483 - 49282 - 31883 - 33892 - 11890
2024-07-18,MT,Khánh Hòa,4,15178 - 86437 - 45257 - 35574 - 91395 - 07152
2024-07-18,MT,Khánh Hòa,5,71227 - 31883 - 13843
2024-07-18,MT,Khánh Hòa,6,30881 - 48144 - 42427
2024-07-18,MT,Khánh Hòa,7,51541 - 99914 - 40880 - 51269
2024-07-18,MT,Khánh Hòa,8,97563
2024-07-18,MN,TP. HCM,ĐB,81455
2024-07-18,MN,TP. HCM,1,19767
2024-07-18,MN,TP. HCM,2,61384
2024-07-18,MN,TP. HCM,3,94493 - 27075 - 75162 - 97445 - 93103 - 35214
2024-07-18,MN,TP. HCM,4,43998 - 95283 - 86215 - 89937 - 10724 - 05253
2024-07-18,MN,TP. HCM,5,29395 - 26146 - 51254
2024-07-18,MN,TP. HCM,6,08975 - 55984 - 00263
2024-07-18,MN,TP. HCM,7,30794 - 40657 - 07993 - 61381
2024-07-18,MN,TP. HCM,8,02619
2024-07-18,MN,Đồng Tháp,ĐB,34046
2024-07-18,MN,Đồng Tháp,1,76398
2024-07-18,MN,Đồng Tháp,2,53128
2024-07-18,MN,Đồng Tháp,3,17016 - 06503 - 39040 - 59922 - 45146 - 28584
2024-07-18,MN,Đồng Tháp,4,88308 - 30601 - 04507 - 01379 - 82915 - 15186
2024-07-18,MN,Đồng Tháp,5,25668 - 19316 - 22421
2024-07-18,MN,Đồng Tháp,6,99579 - 58314 - 14899
2024-07-18,MN,Đồng Tháp,7,21662 - 69435 - 16618 - 88922
2024-07-18,MN,Đồng Tháp,8,53968
2024-07-18,MN,Cà Mau,ĐB,22042
2024-07-18,MN,Cà Mau,1,23505
2024-07-18,MN,Cà Mau,2,05092
2024-07-18,MN,Cà Mau,3,81116 - 20858 - 11464 - 83833 - 12899 - 67100
2024-07-18,MN,Cà Mau,4,96362 - 20891 - 97477 - 22672 - 98745 - 50008
2024-07-18,MN,Cà Mau,5,92959 - 83045 - 33719
2024-07-18,MN,Cà Mau,6,97270 - 83509 - 77801
2024-07-18,MN,Cà Mau,7,16088 - 46558 - 79813 - 35234
2024-07-18,MN,Cà Mau,8,55403
2024-07-19,MB,Hà Nội,ĐB,84400
2024-07-19,MB,Hà Nội,1,95578
2024-07-19,MB,Hà Nội,2,75570
2024-07-19,MB,Hà Nội,3,74531 - 92145 - 31167 - 88959 - 43381 - 09544
2024-07-19,MB,Hà Nội,4,59292 - 78612 - 07728 - 12975 - 17074 - 36670
2024-07-19,MB,Hà Nội,5,02632 - 73635 - 51108
2024-07-19,MB,Hà Nội,6,70272 - 05232 - 13606
2024-07-19,MB,Hà Nội,7,88953 - 08213 - 74741 - 39585
2024-07-19,MT,Đà Nẵng,ĐB,14118
2024-07-19,MT,Đà Nẵng,1,99394
2024-07-19,MT,Đà Nẵng,2,07367
2024-07-19,MT,Đà Nẵng,3,63745 - 42606 - 43281 - 95503 - 80430 - 81036
2024-07-19,MT,Đà Nẵng,4,04715 - 25847 - 74284 - 82228 - 31644 - 58528
2024-07-19,MT,Đà Nẵng,5,84930 - 59824 - 33921
2024-07-19,MT,Đà Nẵng,6,89185 - 16216 - 65915
2024-07-19,MT,Đà Nẵng,7,68994 - 09683 - 98831 - 05958
2024-07-19,MT,Đà Nẵng,8,81065
2024-07-19,MT,Khánh Hòa,ĐB,35199
2024-07-19,MT,Khánh Hòa,1,17451
2024-07-19,MT,Khánh Hòa,2,31794
2024-07-19,MT,Khánh Hòa,3,60782 - 16018 - 39379 - 69349 - 23374 - 91230
2024-07-19,MT,Khánh Hòa,4,39614 - 58196 - 36082 - 78757 - 27498 - 72448
2024-07-19,MT,Khánh Hòa,5,44264 - 26044 - 89680
2024-07-19,MT,Khánh Hòa,6,26125 - 75900 - 66811
2024-07-19,MT,Khánh Hòa,7,05835 - 01131 - 81803 - 52316
2024-07-19,MT,Khánh Hòa,8,96524
2024-07-19,MN,TP. HCM,ĐB,75805
2024-07-19,MN,TP. HCM,1,31253
2024-07-19,MN,TP. HCM,2,32794
2024-07-19,MN,TP. HCM,3,93100 - 98757 - 12048 - 00812 - 73924 - 45346
2024-07-19,MN,TP. HCM,4,93806 - 59027 - 63840 - 06430 - 14384 - 05995
2024-07-19,MN,TP. HCM,5,04088 - 24119 - 57036
2024-07-19,MN,TP. HCM,6,09316 - 17123 - 82802
2024-07-19,MN,TP. HCM,7,05928 - 28583 - 65824 - 84199
2024-07-19,MN,TP. HCM,8,01636
2024-07-19,MN,Đồng Tháp,ĐB,60692
2024-07-19,MN,Đồng Tháp,1,19950
2024-07-19,MN,Đồng Tháp,2,41847
2024-07-19,MN,Đồng Tháp,3,09753 - 23489 - 93160 - 13076 - 33229 - 92238
2024-07-19,MN,Đồng Tháp,4,81981 - 41720 - 20475 - 90063 - 53470 - 61796
2024-07-19,MN,Đồng Tháp,5,74426 - 31950 - 53677
2024-07-19,MN,Đồng Tháp,6,09149 - 72480 - 02263
2024-07-19,MN,Đồng Tháp,7,15997 - 12454 - 56763 - 11150
2024-07-19,MN,Đồng Tháp,8,50121
2024-07-19,MN,Cà Mau,ĐB,93007
2024-07-19,MN,Cà Mau,1,34492
2024-07-19,MN,Cà Mau,2,74748
2024-07-19,MN,Cà Mau,3,54930 - 62843 - 23449 - 75088 - 76488 - 99335
2024-07-19,MN,Cà Mau,4,52914 - 22994 - 81908 - 65630 - 57454 - 41817
2024-07-19,MN,Cà Mau,5,48522 - 26714 - 14176
2024-07-19,MN,Cà Mau,6,32916 - 78590 - 58420
2024-07-19,MN,Cà Mau,7,12175 - 98162 - 30999 - 19240
2024-07-19,MN,Cà Mau,8,46957
2024-07-20,MB,Hà Nội,ĐB,88722
2024-07-20,MB,Hà Nội,1,68058
2024-07-20,MB,Hà Nội,2,50892
2024-07-20,MB,Hà Nội,3,78108 - 80065 - 40354 - 74860 - 22239 - 77925
2024-07-20,MB,Hà Nội,4,80559 - 89040 - 75131 - 03381 - 28660 - 48616
2024-07-20,MB,Hà Nội,5,20606 - 96146 - 01048
2024-07-20,MB,Hà Nội,6,56995 - 17230 - 49961
2024-07-20,MB,Hà Nội,7,74751 - 03377 - 85133 - 39511
2024-07-20,MT,Đà Nẵng,ĐB,96042
2024-07-20,MT,Đà Nẵng,1,18667
2024-07-20,MT,Đà Nẵng,2,69560
2024-07-20,MT,Đà Nẵng,3,96577 - 18766 - 49599 - 55105 - 35075 - 91435
2024-07-20,MT,Đà Nẵng,4,99410 - 93519 - 33637 - 23477 - 36122 - 30450
2024-07-20,MT,Đà Nẵng,5,19779 - 67578 - 09676
2024-07-20,MT,Đà Nẵng,6,61786 - 92714 - 73062
2024-07-20,MT,Đà Nẵng,7,89898 - 87836 - 59351 - 58771
2024-07-20,MT,Đà Nẵng,8,93747
2024-07-20,MT,Khánh Hòa,ĐB,26273
2024-07-20,MT,Khánh Hòa,1,52624
2024-07-20,MT,Khánh Hòa,2,94243
2024-07-20,MT,Khánh Hòa,3,61305 - 84847 - 80372 - 43217 - 75717 - 75200
2024-07-20,MT,Khánh Hòa,4,97968 - 96360 - 16965 - 11602 - 78923 - 68442
2024-07-20,MT,Khánh Hòa,5,51090 - 36188 - 52432
2024-07-20,MT,Khánh Hòa,6,36197 - 68278 - 19577
2024-07-20,MT,Khánh Hòa,7,86520 - 84094 - 72691 - 94651
2024-07-20,MT,Khánh Hòa,8,35054
2024-07-20,MN,TP. HCM,ĐB,37612
2024-07-20,MN,TP. HCM,1,82920
2024-07-20,MN,TP. HCM,2,44387
2024-07-20,MN,TP. HCM,3,84716 - 63835 - 01991 - 21851 - 92054 - 73268
2024-07-20,MN,TP. HCM,4,92531 - 74440 - 72861 - 67863 - 28770 - 65894
2024-07-20,MN,TP. HCM,5,84848 - 30815 - 23413
2024-07-20,MN,TP. HCM,6,57023 - 25302 - 04835
2024-07-20,MN,TP. HCM,7,21776 - 03800 - 59902 - 66529
2024-07-20,MN,TP. HCM,8,62914
2024-07-20,MN,Đồng Tháp,ĐB,02808
2024-07-20,MN,Đồng Tháp,1,66015
2024-07-20,MN,Đồng Tháp,2,45869
2024-07-20,MN,Đồng Tháp,3,78153 - 65015 - 90769 - 96670 - 15669 - 22378
2024-07-20,MN,Đồng Tháp,4,00573 - 98912 - 33952 - 58662 - 10186 - 05038
2024-07-20,MN,Đồng Tháp,5,64633 - 03189 - 62168
2024-07-20,MN,Đồng Tháp,6,44110 - 90004 - 82424
2024-07-20,MN,Đồng Tháp,7,91269 - 84470 - 17141 - 02316
2024-07-20,MN,Đồng Tháp,8,18937
2024-07-20,MN,Cà Mau,ĐB,51183
2024-07-20,MN,Cà Mau,1,41401
2024-07-20,MN,Cà Mau,2,36168
2024-07-20,MN,Cà Mau,3,15671 - 32463 - 40890 - 17436 - 27386 - 33224
2024-07-20,MN,Cà Mau,4,47197 - 35156 - 92435 - 25783 - 36781 - 61201
2024-07-20,MN,Cà Mau,5,36049 - 37316 - 30501
2024-07-20,MN,Cà Mau,6,04161 - 04134 - 63918
2024-07-20,MN,Cà Mau,7,05769 - 18906 - 35790 - 00155
2024-07-20,MN,Cà Mau,8,49257
2024-07-21,MB,Hà Nội,ĐB,98935
2024-07-21,MB,Hà Nội,1,05405
2024-07-21,MB,Hà Nội,2,76918
2024-07-21,MB,Hà Nội,3,18159 - 00013 - 67545 - 67196 - 93535 - 50015
2024-07-21,MB,Hà Nội,4,14798 - 12670 - 36797 - 32688 - 83397 - 41572
2024-07-21,MB,Hà Nội,5,71395 - 50377 - 25101
2024-07-21,MB,Hà Nội,6,43249 - 38619 - 74702
2024-07-21,MB,Hà Nội,7,80026 - 83912 - 13322 - 38834
2024-07-21,MT,Đà Nẵng,ĐB,87224
2024-07-21,MT,Đà Nẵng,1,52477
2024-07-21,MT,Đà Nẵng,2,12135
2024-07-21,MT,Đà Nẵng,3,30684 - 72427 - 41050 - 80610 - 96192 - 84817
2024-07-21,MT,Đà Nẵng,4,77053 - 65138 - 84225 - 91219 - 06624 - 09556
2024-07-21,MT,Đà Nẵng,5,07917 - 45994 - 73188
2024-07-21,MT,Đà Nẵng,6,47385 - 80057 - 25780
2024-07-21,MT,Đà Nẵng,7,98521 - 83078 - 58742 - 86266
2024-07-21,MT,Đà Nẵng,8,04383
2024-07-21,MT,Khánh Hòa,ĐB,51979
2024-07-21,MT,Khánh Hòa,1,65537
2024-07-21,MT,Khánh Hòa,2,25657
2024-07-21,MT,Khánh Hòa,3,26061 - 41078 - 20070 - 12972 - 45064 - 33494
2024-07-21,MT,Khánh Hòa,4,08795 - 32520 - 44483 - 38484 - 99289 - 68646
2024-07-21,MT,Khánh Hòa,5,63509 - 46033 - 41473
2024-07-21,MT,Khánh Hòa,6,74484 - 47399 - 35558
2024-07-21,MT,Khánh Hòa,7,24954 - 29526 - 46258 - 41384
2024-07-21,MT,Khánh Hòa,8,58997
2024-07-21,MN,TP. HCM,ĐB,46552
2024-07-21,MN,TP. HCM,1,29216
2024-07-21,MN,TP. HCM,2,05219
2024-07-21,MN,TP. HCM,3,90519 - 56880 - 84238 - 92011 - 35442 - 09706
2024-07-21,MN,TP. HCM,4,71048 - 73878 - 52510 - 71977 - 09001 - 24605
2024-07-21,MN,TP. HCM,5,08350 - 14569 - 47975
2024-07-21,MN,TP. HCM,6,80278 - 73242 - 57371
2024-07-21,MN,TP. HCM,7,18235 - 31796 - 25884 - 85739
2024-07-21,MN,TP. HCM,8,00924
2024-07-21,MN,Đồng Tháp,ĐB,85287
2024-07-21,MN,Đồng Tháp,1,09906
2024-07-21,MN,Đồng Tháp,2,64861
2024-07-21,MN,Đồng Tháp,3,45720 - 92028 - 47430 - 46134 - 29035 - 17476
2024-07-21,MN,Đồng Tháp,4,61481 - 81125 - 06440 - 96903 - 08895 - 00808
2024-07-21,MN,Đồng Tháp,5,45534 - 11405 - 55120
2024-07-21,MN,Đồng Tháp,6,63101 - 36297 - 97594
2024-07-21,MN,Đồng Tháp,7,55407 - 46991 - 97748 - 89464
2024-07-21,MN,Đồng Tháp,8,58580
2024-07-21,MN,Cà Mau,ĐB,31679
2024-07-21,MN,Cà Mau,1,93731
2024-07-21,MN,Cà Mau,2,44227
2024-07-21,MN,Cà Mau,3,10762 - 43428 - 34802 - 87564 - 63626 - 72317
2024-07-21,MN,Cà Mau,4,25003 - 84538 - 37343 - 23494 - 91641 - 69474
2024-07-21,MN,Cà Mau,5,52446 - 66464 - 22076
2024-07-21,MN,Cà Mau,6,88500 - 58856 - 25218
2024-07-21,MN,Cà Mau,7,98192 - 98706 - 61494 - 67173
2024-07-21,MN,Cà Mau,8,16778
2024-07-22,MB,Hà Nội,ĐB,60268
2024-07-22,MB,Hà Nội,1,75603
2024-07-22,MB,Hà Nội,2,06873
2024-07-22,MB,Hà Nội,3,49911 - 07507 - 08771 - 86269 - 16217 - 75479
2024-07-22,MB,Hà Nội,4,58740 - 21322 - 40281 - 55123 - 40780 - 17355
2024-07-22,MB,Hà Nội,5,44372 - 26133 - 39116
2024-07-22,MB,Hà Nội,6,59799 - 34429 - 79466
2024-07-22,MB,Hà Nội,7,18589 - 04685 - 86147 - 76803
2024-07-22,MT,Đà Nẵng,ĐB,97109
2024-07-22,MT,Đà Nẵng,1,62681
2024-07-22,MT,Đà Nẵng,2,16612
2024-07-22,MT,Đà Nẵng,3,81877 - 11916 - 84089 - 50390 - 18249 - 83983
2024-07-22,MT,Đà Nẵng,4,61015 - 63485 - 03833 - 72131 - 17594 - 48074
2024-07-22,MT,Đà Nẵng,5,89869 - 30677 - 00354
2024-07-22,MT,Đà Nẵng,6,78571 - 11445 - 58368
2024-07-22,MT,Đà Nẵng,7,25290 - 83688 - 02857 - 95665
2024-07-22,MT,Đà Nẵng,8,69684
2024-07-22,MT,Khánh Hòa,ĐB,40927
2024-07-22,MT,Khánh Hòa,1,65133
2024-07-22,MT,Khánh Hòa,2,16448
2024-07-22,MT,Khánh Hòa,3,81580 - 01948 - 84295 - 87637 - 28669 - 89378
2024-07-22,MT,Khánh Hòa,4,07603 - 42076 - 62112 - 30867 - 60965 - 16140
2024-07-22,MT,Khánh Hòa,5,93544 - 21152 - 98981
2024-07-22,MT,Khánh Hòa,6,07334 - 10594 - 71853
2024-07-22,MT,Khánh Hòa,7,94624 - 75692 - 50404 - 87746
2024-07-22,MT,Khánh Hòa,8,45994
2024-07-22,MN,TP. HCM,ĐB,52148
2024-07-22,MN,TP. HCM,1,90993
2024-07-22,MN,TP. HCM,2,24891
2024-07-22,MN,TP. HCM,3,17095 - 29072 - 49553 - 87337 - 97950 - 81260
2024-07-22,MN,TP. HCM,4,00727 - 57382 - 59904 - 50762 - 23205 - 59287
2024-07-22,MN,TP. HCM,5,62117 - 20649 - 59102
2024-07-22,MN,TP. HCM,6,47439 - 92737 - 15501
2024-07-22,MN,TP. HCM,7,99266 - 26689 - 43426 - 22104
2024-07-22,MN,TP. HCM,8,69157
2024-07-22,MN,Đồng Tháp,ĐB,54678
2024-07-22,MN,Đồng Tháp,1,21717
2024-07-22,MN,Đồng Tháp,2,26069
2024-07-22,MN,Đồng Tháp,3,99802 - 30597 - 03564 - 68731 - 53424 - 47098
2024-07-22,MN,Đồng Tháp,4,36377 - 43048 - 98461 - 51566 - 56710 - 48147
2024-07-22,MN,Đồng Tháp,5,43928 - 58806 - 54363
2024-07-22,MN,Đồng Tháp,6,47049 - 95373 - 07040
2024-07-22,MN,Đồng Tháp,7,71972 - 33991 - 01890 - 48902
2024-07-22,MN,Đồng Tháp,8,50287
2024-07-22,MN,Cà Mau,ĐB,45825
2024-07-22,MN,Cà Mau,1,89622
2024-07-22,MN,Cà Mau,2,23031
2024-07-22,MN,Cà Mau,3,12377 - 92674 - 93896 - 11530 - 17663 - 67300
2024-07-22,MN,Cà Mau,4,04415 - 82466 - 76607 - 08220 - 24612 - 30311
2024-07-22,MN,Cà Mau,5,40492 - 16372 - 97973
2024-07-22,MN,Cà Mau,6,55407 - 23882 - 86412
2024-07-22,MN,Cà Mau,7,50226 - 65746 - 26737 - 47541
2024-07-22,MN,Cà Mau,8,48236
2024-07-23,MB,Hà Nội,ĐB,01310
2024-07-23,MB,Hà Nội,1,58994
2024-07-23,MB,Hà Nội,2,76447
2024-07-23,MB,Hà Nội,3,03324 - 00237 - 99135 - 37688 - 82518 - 19534
2024-07-23,MB,Hà Nội,4,19332 - 09429 - 08201 - 91531 - 50001 - 19421
2024-07-23,MB,Hà Nội,5,47765 - 93493 - 61490
2024-07-23,MB,Hà Nội,6,85805 - 58716 - 71795
2024-07-23,MB,Hà Nội,7,07234 - 71411 - 88488 - 90625
2024-07-23,MT,Đà Nẵng,ĐB,31591
2024-07-23,MT,Đà Nẵng,1,20180
2024-07-23,MT,Đà Nẵng,2,44664
2024-07-23,MT,Đà Nẵng,3,03246 - 91476 - 98345 - 14969 - 10286 - 94476
2024-07-23,MT,Đà Nẵng,4,66507 - 12173 - 22583 - 64568 - 63849 - 12554
2024-07-23,MT,Đà Nẵng,5,04953 - 33258 - 72351
2024-07-23,MT,Đà Nẵng,6,69766 - 85342 - 90650
2024-07-23,MT,Đà Nẵng,7,58219 - 43757 - 58442 - 56129
2024-07-23,MT,Đà Nẵng,8,07891
2024-07-23,MT,Khánh Hòa,ĐB,26110
2024-07-23,MT,Khánh Hòa,1,18120
2024-07-23,MT,Khánh Hòa,2,31901
2024-07-23,MT,Khánh Hòa,3,28159 - 93971 - 89248 - 02266 - 35814 - 22863
2024-07-23,MT,Khánh Hòa,4,35258 - 83361 - 03837 - 83053 - 08579 - 45752
2024-07-23,MT,Khánh Hòa,5,84096 - 75383 - 97457
2024-07-23,MT,Khánh Hòa,6,71238 - 06896 - 24296
2024-07-23,MT,Khánh Hòa,7,00638 - 36480 - 71828 - 81163
2024-07-23,MT,Khánh Hòa,8,38563
2024-07-23,MN,TP. HCM,ĐB,60055
2024-07-23,MN,TP. HCM,1,06533
2024-07-23,MN,TP. HCM,2,40275
2024-07-23,MN,TP. HCM,3,77908 - 19082 - 79169 - 95891 - 47802 - 37142
2024-07-23,MN,TP. HCM,4,03368 - 92112 - 05769 - 03719 - 68272 - 31715
2024-07-23,MN,TP. HCM,5,06722 - 22843 - 85123
2024-07-23,MN,TP. HCM,6,07993 - 37738 - 94328
2024-07-23,MN,TP. HCM,7,25354 - 11975 - 14829 - 06729
2024-07-23,MN,TP. HCM,8,00695
2024-07-23,MN,Đồng Tháp,ĐB,07011
2024-07-23,MN,Đồng Tháp,1,32060
2024-07-23,MN,Đồng Tháp,2,28586
2024-07-23,MN,Đồng Tháp,3,09599 - 20143 - 60256 - 15063 - 81780 - 91219
2024-07-23,MN,Đồng Tháp,4,57462 - 82287 - 71981 - 76484 - 73563 - 16028
2024-07-23,MN,Đồng Tháp,5,06617 - 27825 - 30833
2024-07-23,MN,Đồng Tháp,6,36695 - 82214 - 35019
2024-07-23,MN,Đồng Tháp,7,02942 - 35357 - 49614 - 56125
2024-07-23,MN,Đồng Tháp,8,89877
2024-07-23,MN,Cà Mau,ĐB,51087
2024-07-23,MN,Cà Mau,1,29816
2024-07-23,MN,Cà Mau,2,95216
2024-07-23,MN,Cà Mau,3,55835 - 21732 - 90792 - 73161 - 80245 - 58743
2024-07-23,MN,Cà Mau,4,98289 - 44079 - 49449 - 85553 - 34175 - 59875
2024-07-23,MN,Cà Mau,5,94928 - 16104 - 44826
2024-07-23,MN,Cà Mau,6,38937 - 23759 - 22114
2024-07-23,MN,Cà Mau,7,44540 - 01223 - 70119 - 73297
2024-07-23,MN,Cà Mau,8,13040
2024-07-24,MB,Hà Nội,ĐB,07421
2024-07-24,MB,Hà Nội,1,27475
2024-07-24,MB,Hà Nội,2,10796
2024-07-24,MB,Hà Nội,3,01188 - 86315 - 76197 - 50932 - 23074 - 47062
2024-07-24,MB,Hà Nội,4,11926 - 38727 - 96678 - 96770 - 24849 - 79747
2024-07-24,MB,Hà Nội,5,84090 - 44431 - 53697
2024-07-24,MB,Hà Nội,6,45895 - 82931 - 82978
2024-07-24,MB,Hà Nội,7,79333 - 86998 - 76329 - 03117
2024-07-24,MT,Đà Nẵng,ĐB,69256
2024-07-24,MT,Đà Nẵng,1,61080
2024-07-24,MT,Đà Nẵng,2,30699
2024-07-24,MT,Đà Nẵng,3,57902 - 75321 - 15998 - 09086 - 65147 - 90177
2024-07-24,MT,Đà Nẵng,4,41933 - 75303 - 55617 - 83829 - 69514 - 14642
2024-07-24,MT,Đà Nẵng,5,19118 - 92548 - 36567
2024-07-24,MT,Đà Nẵng,6,84224 - 63976 - 35109
2024-07-24,MT,Đà Nẵng,7,38718 - 53646 - 46152 - 07803
2024-07-24,MT,Đà Nẵng,8,33995
2024-07-24,MT,Khánh Hòa,ĐB,62077
2024-07-24,MT,Khánh Hòa,1,61574
2024-07-24,MT,Khánh Hòa,2,57493
2024-07-24,MT,Khánh Hòa,3,92269 - 41826 - 19014 - 42098 - 65745 - 33883
2024-07-24,MT,Khánh Hòa,4,48715 - 24676 - 83361 - 61907 - 50751 - 99178
2024-07-24,MT,Khánh Hòa,5,49108 - 31529 - 93566
2024-07-24,MT,Khánh Hòa,6,04041 - 75546 - 68860
2024-07-24,MT,Khánh Hòa,7,35463 - 81485 - 37738 - 79744
2024-07-24,MT,Khánh Hòa,8,90711
2024-07-24,MN,TP. HCM,ĐB,87174
2024-07-24,MN,TP. HCM,1,38818
2024-07-24,MN,TP. HCM,2,50376
2024-07-24,MN,TP. HCM,3,36377 - 90668 - 46270 - 41947 - 04239 - 62035
2024-07-24,MN,TP. HCM,4,75633 - 72010 - 82704 - 75426 - 51335 - 31650
2024-07-24,MN,TP. HCM,5,69205 - 69902 - 20520
2024-07-24,MN,TP. HCM,6,73422 - 72236 - 66321
2024-07-24,MN,TP. HCM,7,85721 - 17597 - 00477 - 73945
2024-07-24,MN,TP. HCM,8,75172
2024-07-24,MN,Đồng Tháp,ĐB,70258
2024-07-24,MN,Đồng Tháp,1,67090
2024-07-24,MN,Đồng Tháp,2,71974
2024-07-24,MN,Đồng Tháp,3,25725 - 88608 - 48463 - 07514 - 90624 - 35011
2024-07-24,MN,Đồng Tháp,4,59127 - 14919 - 77774 - 49895 - 63580 - 96067
2024-07-24,MN,Đồng Tháp,5,44870 - 09397 - 42276
2024-07-24,MN,Đồng Tháp,6,30661 - 36201 - 52613
2024-07-24,MN,Đồng Tháp,7,04154 - 35281 - 03210 - 63730
2024-07-24,MN,Đồng Tháp,8,14221
2024-07-24,MN,Cà Mau,ĐB,57980
2024-07-24,MN,Cà Mau,1,73050
2024-07-24,MN,Cà Mau,2,22783
2024-07-24,MN,Cà Mau,3,66414 - 15827 - 97677 - 32550 - 96213 - 36667
2024-07-24,MN,Cà Mau,4,46351 - 80045 - 44163 - 48484 - 93068 - 48848
2024-07-24,MN,Cà Mau,5,37386 - 79051 - 78237
2024-07-24,MN,Cà Mau,6,79686 - 33865 - 42482
2024-07-24,MN,Cà Mau,7,47758 - 15289 - 63247 - 83311
2024-07-24,MN,Cà Mau,8,34833
2024-07-25,MB,Hà Nội,ĐB,62282
2024-07-25,MB,Hà Nội,1,78829
2024-07-25,MB,Hà Nội,2,50581
2024-07-25,MB,Hà Nội,3,14938 - 43325 - 04205 - 17090 - 76153 - 84290
2024-07-25,MB,Hà Nội,4,45392 - 52897 - 54957 - 76987 - 88338 - 81618
2024-07-25,MB,Hà Nội,5,36909 - 71127 - 40594
2024-07-25,MB,Hà Nội,6,15614 - 12941 - 11128
2024-07-25,MB,Hà Nội,7,79589 - 98447 - 74035 - 65945
2024-07-25,MT,Đà Nẵng,ĐB,27256
2024-07-25,MT,Đà Nẵng,1,77348
2024-07-25,MT,Đà Nẵng,2,59181
2024-07-25,MT,Đà Nẵng,3,92268 - 29173 - 83269 - 27190 - 72272 - 01451
2024-07-25,MT,Đà Nẵng,4,89039 - 87196 - 43429 - 16491 - 49912 - 85736
2024-07-25,MT,Đà Nẵng,5,20529 - 29258 - 86778
2024-07-25,MT,Đà Nẵng,6,51718 - 83767 - 34766
2024-07-25,MT,Đà Nẵng,7,28425 - 48898 - 16785 - 53496
2024-07-25,MT,Đà Nẵng,8,78868
2024-07-25,MT,Khánh Hòa,ĐB,71250
2024-07-25,MT,Khánh Hòa,1,31995
2024-07-25,MT,Khánh Hòa,2,18175
2024-07-25,MT,Khánh Hòa,3,31118 - 79253 - 97722 - 47574 - 45300 - 82169
2024-07-25,MT,Khánh Hòa,4,39494 - 75672 - 86396 - 53088 - 43214 - 28612
2024-07-25,MT,Khánh Hòa,5,35201 - 58090 - 20654
2024-07-25,MT,Khánh Hòa,6,25300 - 00677 - 72043
2024-07-25,MT,Khánh Hòa,7,42238 - 33483 - 08227 - 31855
2024-07-25,MT,Khánh Hòa,8,93303
2024-07-25,MN,TP. HCM,ĐB,44760
2024-07-25,MN,TP. HCM,1,77009
2024-07-25,MN,TP. HCM,2,19481
2024-07-25,MN,TP. HCM,3,36539 - 25060 - 40701 - 93358 - 68980 - 13958
2024-07-25,MN,TP. HCM,4,14131 - 83580 - 17391 - 34160 - 44489 - 90197
2024-07-25,MN,TP. HCM,5,87426 - 05291 - 77709
2024-07-25,MN,TP. HCM,6,70381 - 61391 - 61911
2024-07-25,MN,TP. HCM,7,74991 - 92042 - 85636 - 39063
2024-07-25,MN,TP. HCM,8,60055
2024-07-25,MN,Đồng Tháp,ĐB,38260
2024-07-25,MN,Đồng Tháp,1,78170
2024-07-25,MN,Đồng Tháp,2,44019
2024-07-25,MN,Đồng Tháp,3,32841 - 10236 - 79759 - 89797 - 87638 - 49677
2024-07-25,MN,Đồng Tháp,4,78136 - 46526 - 14733 - 29307 - 76232 - 30451
2024-07-25,MN,Đồng Tháp,5,67059 - 23872 - 45468
2024-07-25,MN,Đồng Tháp,6,58507 - 67258 - 73488
2024-07-25,MN,Đồng Tháp,7,66752 - 17692 - 21423 - 44023
2024-07-25,MN,Đồng Tháp,8,23752
2024-07-25,MN,Cà Mau,ĐB,32949
2024-07-25,MN,Cà Mau,1,77492
2024-07-25,MN,Cà Mau,2,71854
2024-07-25,MN,Cà Mau,3,25729 - 00072 - 53808 - 23918 - 21672 - 64521
2024-07-25,MN,Cà Mau,4,99299 - 45856 - 79156 - 75378 - 14873 - 98762
2024-07-25,MN,Cà Mau,5,54193 - 15171 - 77332
2024-07-25,MN,Cà Mau,6,48789 - 71307 - 18585
2024-07-25,MN,Cà Mau,7,53699 - 75350 - 06036 - 88353
2024-07-25,MN,Cà Mau,8,96666
2024-07-26,MB,Hà Nội,ĐB,11951
2024-07-26,MB,Hà Nội,1,05927
2024-07-26,MB,Hà Nội,2,77041
2024-07-26,MB,Hà Nội,3,85761 - 47340 - 26709 - 84700 - 10624 - 06286
2024-07-26,MB,Hà Nội,4,01804 - 70368 - 09522 - 72033 - 68037 - 90962
2024-07-26,MB,Hà Nội,5,73470 - 89704 - 06912
2024-07-26,MB,Hà Nội,6,78132 - 39467 - 30055
2024-07-26,MB,Hà Nội,7,79788 - 73156 - 64775 - 47845
2024-07-26,MT,Đà Nẵng,ĐB,63676
2024-07-26,MT,Đà Nẵng,1,86217
2024-07-26,MT,Đà Nẵng,2,57601
2024-07-26,MT,Đà Nẵng,3,19858 - 49979 - 19383 - 03191 - 80177 - 09536
2024-07-26,MT,Đà Nẵng,4,52618 - 74222 - 17457 - 04282 - 86934 - 57100
2024-07-26,MT,Đà Nẵng,5,44748 - 73281 - 46802
2024-07-26,MT,Đà Nẵng,6,07723 - 51646 - 25338
2024-07-26,MT,Đà Nẵng,7,97119 - 04516 - 47594 - 97209
2024-07-26,MT,Đà Nẵng,8,15359
2024-07-26,MT,Khánh Hòa,ĐB,48384
2024-07-26,MT,Khánh Hòa,1,69541
2024-07-26,MT,Khánh Hòa,2,42422
2024-07-26,MT,Khánh Hòa,3,83228 - 08648 - 25530 - 48658 - 97135 - 93552
2024-07-26,MT,Khánh Hòa,4,39099 - 06820 - 74082 - 85764 - 21995 - 14201
2024-07-26,MT,Khánh Hòa,5,05635 - 17008 - 43800
2024-07-26,MT,Khánh Hòa,6,00837 - 77742 - 08507
2024-07-26,MT,Khánh Hòa,7,97277 - 73742 - 14669 - 28072
2024-07-26,MT,Khánh Hòa,8,15195
2024-07-26,MN,TP. HCM,ĐB,25148
2024-07-26,MN,TP. HCM,1,76682
2024-07-26,MN,TP. HCM,2,74585
2024-07-26,MN,TP. HCM,3,95827 - 60059 - 54291 - 59989 - 76840 - 52577
2024-07-26,MN,TP. HCM,4,76461 - 39553 - 40169 - 13307 - 85822 - 40027
2024-07-26,MN,TP. HCM,5,85469 - 35200 - 01328
2024-07-26,MN,TP. HCM,6,87153 - 60594 - 87530
2024-07-26,MN,TP. HCM,7,34257 - 70904 - 57918 - 32808
2024-07-26,MN,TP. HCM,8,69282
2024-07-26,MN,Đồng Tháp,ĐB,48266
2024-07-26,MN,Đồng Tháp,1,77269
2024-07-26,MN,Đồng Tháp,2,22266
2024-07-26,MN,Đồng Tháp,3,45184 - 99061 - 10906 - 62362 - 11128 - 41840
2024-07-26,MN,Đồng Tháp,4,03941 - 21513 - 24602 - 09419 - 82274 - 39555
2024-07-26,MN,Đồng Tháp,5,72985 - 30569 - 57448
2024-07-26,MN,Đồng Tháp,6,64782 - 15571 - 31795
2024-07-26,MN,Đồng Tháp,7,06880 - 42835 - 74001 - 45034
2024-07-26,MN,Đồng Tháp,8,08261
2024-07-26,MN,Cà Mau,ĐB,63769
2024-07-26,MN,Cà Mau,1,73516
2024-07-26,MN,Cà Mau,2,01145
2024-07-26,MN,Cà Mau,3,69149 - 48074 - 33533 - 02533 - 44894 - 43116
2024-07-26,MN,Cà Mau,4,90460 - 75481 - 77554 - 07589 - 23631 - 54489
2024-07-26,MN,Cà Mau,5,11775 - 97885 - 95865
2024-07-26,MN,Cà Mau,6,86899 - 05846 - 61192
2024-07-26,MN,Cà Mau,7,54304 - 31908 - 66292 - 74635
2024-07-26,MN,Cà Mau,8,47386
2024-07-27,MB,Hà Nội,ĐB,85695
2024-07-27,MB,Hà Nội,1,50329
2024-07-27,MB,Hà Nội,2,76189
2024-07-27,MB,Hà Nội,3,27955 - 06897 - 04476 - 47246 - 42657 - 28885
2024-07-27,MB,Hà Nội,4,17243 - 73644 - 50701 - 75119 - 43635 - 50799
2024-07-27,MB,Hà Nội,5,79925 - 21607 - 50618
2024-07-27,MB,Hà Nội,6,14340 - 24932 - 34017
2024-07-27,MB,Hà Nội,7,41013 - 73657 - 43608 - 11737
2024-07-27,MT,Đà Nẵng,ĐB,28101
2024-07-27,MT,Đà Nẵng,1,58659
2024-07-27,MT,Đà Nẵng,2,27169
2024-07-27,MT,Đà Nẵng,3,98325 - 85452 - 42136 - 92212 - 20846 - 00364
2024-07-27,MT,Đà Nẵng,4,10564 - 01061 - 26546 - 08229 - 85424 - 94131
2024-07-27,MT,Đà Nẵng,5,37132 - 71980 - 26499
2024-07-27,MT,Đà Nẵng,6,44673 - 98838 - 21262
2024-07-27,MT,Đà Nẵng,7,83547 - 32659 - 93578 - 55951
2024-07-27,MT,Đà Nẵng,8,82294
2024-07-27,MT,Khánh Hòa,ĐB,31185
2024-07-27,MT,Khánh Hòa,1,93432
2024-07-27,MT,Khánh Hòa,2,60125
2024-07-27,MT,Khánh Hòa,3,65142 - 98350 - 70097 - 29501 - 93341 - 66426
2024-07-27,MT,Khánh Hòa,4,57391 - 06784 - 02968 - 25842 - 35432 - 50864
2024-07-27,MT,Khánh Hòa,5,81969 - 10921 - 64765
2024-07-27,MT,Khánh Hòa,6,11610 - 79080 - 19730
2024-07-27,MT,Khánh Hòa,7,17971 - 66774 - 25394 - 16923
2024-07-27,MT,Khánh Hòa,8,75139
2024-07-27,MN,TP. HCM,ĐB,41738
2024-07-27,MN,TP. HCM,1,15503
2024-07-27,MN,TP. HCM,2,23647
2024-07-27,MN,TP. HCM,3,67852 - 26637 - 94261 - 22991 - 37858 - 34507
2024-07-27,MN,TP. HCM,4,04157 - 50136 - 49363 - 51393 - 00790 - 03967
2024-07-27,MN,TP. HCM,5,48679 - 50229 - 19022
2024-07-27,MN,TP. HCM,6,08227 - 46546 - 05472
2024-07-27,MN,TP. HCM,7,62176 - 10539 - 49062 - 02841
2024-07-27,MN,TP. HCM,8,21108
2024-07-27,MN,Đồng Tháp,ĐB,80729
2024-07-27,MN,Đồng Tháp,1,01896
2024-07-27,MN,Đồng Tháp,2,23122
2024-07-27,MN,Đồng Tháp,3,78862 - 09988 - 15748 - 28919 - 24016 - 08606
2024-07-27,MN,Đồng Tháp,4,88566 - 91488 - 76062 - 04031 - 83611 - 99282
2024-07-27,MN,Đồng Tháp,5,14565 - 99321 - 15927
2024-07-27,MN,Đồng Tháp,6,19198 - 56285 - 15667
2024-07-27,MN,Đồng Tháp,7,57553 - 14763 - 08444 - 84812
2024-07-27,MN,Đồng Tháp,8,95459
2024-07-27,MN,Cà Mau,ĐB,47217
2024-07-27,MN,Cà Mau,1,64739
2024-07-27,MN,Cà Mau,2,27948
2024-07-27,MN,Cà Mau,3,92578 - 78006 - 44991 - 95964 - 41682 - 58278
2024-07-27,MN,Cà Mau,4,73160 - 56067 - 77454 - 68843 - 15434 - 93559
2024-07-27,MN,Cà Mau,5,21111 - 72296 - 76159
2024-07-27,MN,Cà Mau,6,07195 - 33511 - 62029
2024-07-27,MN,Cà Mau,7,76587 - 54961 - 51967 - 93813
2024-07-27,MN,Cà Mau,8,28546
2024-07-28,MB,Hà Nội,ĐB,60055
2024-07-28,MB,Hà Nội,1,95755
2024-07-28,MB,Hà Nội,2,94756
2024-07-28,MB,Hà Nội,3,90005 - 91390 - 99409 - 47291 - 39298 - 42875
2024-07-28,MB,Hà Nội,4,38211 - 37223 - 40395 - 06156 - 70859 - 88150
2024-07-28,MB,Hà Nội,5,08801 - 43913 - 64244
2024-07-28,MB,Hà Nội,6,99405 - 33863 - 44519
2024-07-28,MB,Hà Nội,7,69084 - 59412 - 30109 - 86284
2024-07-28,MT,Đà Nẵng,ĐB,04464
2024-07-28,MT,Đà Nẵng,1,23689
2024-07-28,MT,Đà Nẵng,2,60993
2024-07-28,MT,Đà Nẵng,3,34284 - 27528 - 34144 - 50103 - 24630 - 80588
2024-07-28,MT,Đà Nẵng,4,88758 - 84071 - 97229 - 61579 - 25002 - 42728
2024-07-28,MT,Đà Nẵng,5,25074 - 25211 - 34442
2024-07-28,MT,Đà Nẵng,6,24850 - 49706 - 95909
2024-07-28,MT,Đà Nẵng,7,31642 - 92696 - 85095 - 55092
2024-07-28,MT,Đà Nẵng,8,88073
2024-07-28,MT,Khánh Hòa,ĐB,96228
2024-07-28,MT,Khánh Hòa,1,42379
2024-07-28,MT,Khánh Hòa,2,24511
2024-07-28,MT,Khánh Hòa,3,70928 - 84639 - 87439 - 47631 - 90833 - 46710
2024-07-28,MT,Khánh Hòa,4,77352 - 03776 - 27331 - 23844 - 50992 - 38018
2024-07-28,MT,Khánh Hòa,5,84704 - 64289 - 81437
2024-07-28,MT,Khánh Hòa,6,80708 - 38918 - 71017
2024-07-28,MT,Khánh Hòa,7,72160 - 28718 - 55513 - 24250
2024-07-28,MT,Khánh Hòa,8,56726
2024-07-28,MN,TP. HCM,ĐB,63815
2024-07-28,MN,TP. HCM,1,88593
2024-07-28,MN,TP. HCM,2,16470
2024-07-28,MN,TP. HCM,3,19105 - 84402 - 66235 - 08950 - 78278 - 71661
2024-07-28,MN,TP. HCM,4,91129 - 11164 - 67267 - 42314 - 24096 - 60445
2024-07-28,MN,TP. HCM,5,86534 - 81780 - 69193
2024-07-28,MN,TP. HCM,6,69709 - 49533 - 12261
2024-07-28,MN,TP. HCM,7,02618 - 30843 - 97846 - 68381
2024-07-28,MN,TP. HCM,8,40296
2024-07-28,MN,Đồng Tháp,ĐB,92674
2024-07-28,MN,Đồng Tháp,1,49101
2024-07-28,MN,Đồng Tháp,2,59541
2024-07-28,MN,Đồng Tháp,3,22820 - 90546 - 09312 - 58674 - 72578 - 49549
2024-07-28,MN,Đồng Tháp,4,87790 - 65510 - 86310 - 43589 - 75252 - 05388
2024-07-28,MN,Đồng Tháp,5,77668 - 49229 - 56459
2024-07-28,MN,Đồng Tháp,6,51109 - 61363 - 31904
2024-07-28,MN,Đồng Tháp,7,53602 - 53497 - 52752 - 66554
2024-07-28,MN,Đồng Tháp,8,08752
2024-07-28,MN,Cà Mau,ĐB,92172
2024-07-28,MN,Cà Mau,1,80064
2024-07-28,MN,Cà Mau,2,65116
2024-07-28,MN,Cà Mau,3,86601 - 48416 - 40856 - 23212 - 68050 - 75824
2024-07-28,MN,Cà Mau,4,22465 - 62480 - 51191 - 32017 - 01195 - 70209
2024-07-28,MN,Cà Mau,5,80562 - 17281 - 43138
2024-07-28,MN,Cà Mau,6,34772 - 13940 - 59210
2024-07-28,MN,Cà Mau,7,55933 - 02595 - 59181 - 24664
2024-07-28,MN,Cà Mau,8,94235
2024-07-29,MB,Hà Nội,ĐB,81769
2024-07-29,MB,Hà Nội,1,54463
2024-07-29,MB,Hà Nội,2,99724
2024-07-29,MB,Hà Nội,3,41913 - 44989 - 12524 - 52590 - 26780 - 23612
2024-07-29,MB,Hà Nội,4,84225 - 18355 - 33539 - 75784 - 42642 - 50265
2024-07-29,MB,Hà Nội,5,41880 - 32121 - 51406
2024-07-29,MB,Hà Nội,6,67958 - 23411 - 39298
2024-07-29,MB,Hà Nội,7,08297 - 95970 - 78982 - 48447
2024-07-29,MT,Đà Nẵng,ĐB,27440
2024-07-29,MT,Đà Nẵng,1,88789
2024-07-29,MT,Đà Nẵng,2,23352
2024-07-29,MT,Đà Nẵng,3,34593 - 26094 - 75631 - 41375 - 66419 - 87809
2024-07-29,MT,Đà Nẵng,4,81470 - 66709 - 08030 - 76485 - 89213 - 11142
2024-07-29,MT,Đà Nẵng,5,22509 - 88118 - 71917
2024-07-29,MT,Đà Nẵng,6,14167 - 16606 - 04458
2024-07-29,MT,Đà Nẵng,7,99322 - 40137 - 02492 - 93033
2024-07-29,MT,Đà Nẵng,8,69409
2024-07-29,MT,Khánh Hòa,ĐB,19806
2024-07-29,MT,Khánh Hòa,1,71007
2024-07-29,MT,Khánh Hòa,2,81655
2024-07-29,MT,Khánh Hòa,3,56158 - 10546 - 75722 - 76076 - 53333 - 71178
2024-07-29,MT,Khánh Hòa,4,10966 - 14945 - 89070 - 66546 - 64386 - 43055
2024-07-29,MT,Khánh Hòa,5,37877 - 95178 - 64981
2024-07-29,MT,Khánh Hòa,6,82479 - 78171 - 75536
2024-07-29,MT,Khánh Hòa,7,77639 - 81470 - 30012 - 49754
2024-07-29,MT,Khánh Hòa,8,67072
2024-07-29,MN,TP. HCM,ĐB,70725
2024-07-29,MN,TP. HCM,1,22813
2024-07-29,MN,TP. HCM,2,27666
2024-07-29,MN,TP. HCM,3,85061 - 57296 - 81315 - 19821 - 17266 - 08731
2024-07-29,MN,TP. HCM,4,31529 - 68961 - 90991 - 88078 - 92274 - 98604
2024-07-29,MN,TP. HCM,5,47080 - 56405 - 74567
2024-07-29,MN,TP. HCM,6,66146 - 91073 - 49060
2024-07-29,MN,TP. HCM,7,79425 - 34404 - 56618 - 07293
2024-07-29,MN,TP. HCM,8,73544
2024-07-29,MN,Đồng Tháp,ĐB,89872
2024-07-29,MN,Đồng Tháp,1,15336
2024-07-29,MN,Đồng Tháp,2,83099
2024-07-29,MN,Đồng Tháp,3,49212 - 90709 - 95015 - 01492 - 19529 - 53725
2024-07-29,MN,Đồng Tháp,4,18221 - 50996 - 43530 - 07969 - 10814 - 18638
2024-07-29,MN,Đồng Tháp,5,19037 - 27545 - 55123
2024-07-29,MN,Đồng Tháp,6,98139 - 91221 - 66226
2024-07-29,MN,Đồng Tháp,7,19885 - 04395 - 88473 - 57743
2024-07-29,MN,Đồng Tháp,8,63571
2024-07-29,MN,Cà Mau,ĐB,20864
2024-07-29,MN,Cà Mau,1,22796
2024-07-29,MN,Cà Mau,2,18782
2024-07-29,MN,Cà Mau,3,07758 - 93101 - 78453 - 86884 - 36526 - 32287
2024-07-29,MN,Cà Mau,4,81457 - 98917 - 51672 - 29633 - 46202 - 29958
2024-07-29,MN,Cà Mau,5,30262 - 16763 - 25477
2024-07-29,MN,Cà Mau,6,54049 - 94338 - 76630
2024-07-29,MN,Cà Mau,7,56433 - 62185 - 88020 - 01099
2024-07-29,MN,Cà Mau,8,94310
2024-07-30,MB,Hà Nội,ĐB,38194
2024-07-30,MB,Hà Nội,1,50616
2024-07-30,MB,Hà Nội,2,51111
2024-07-30,MB,Hà Nội,3,19963 - 53003 - 96126 - 42237 - 05982 - 47214
2024-07-30,MB,Hà Nội,4,49847 - 43747 - 35244 - 68741 - 95352 - 04671
2024-07-30,MB,Hà Nội,5,16948 - 20096 - 23550
2024-07-30,MB,Hà Nội,6,47703 - 66168 - 48054
2024-07-30,MB,Hà Nội,7,90148 - 66524 - 70066 - 18910
2024-07-30,MT,Đà Nẵng,ĐB,45994
2024-07-30,MT,Đà Nẵng,1,34399
2024-07-30,MT,Đà Nẵng,2,84101
2024-07-30,MT,Đà Nẵng,3,24191 - 24055 - 90463 - 80253 - 98552 - 31545
2024-07-30,MT,Đà Nẵng,4,51019 - 25468 - 98485 - 79062 - 85155 - 19498
2024-07-30,MT,Đà Nẵng,5,38445 - 43979 - 21116
2024-07-30,MT,Đà Nẵng,6,01272 - 45455 - 75468
2024-07-30,MT,Đà Nẵng,7,09864 - 03734 - 73926 - 59513
2024-07-30,MT,Đà Nẵng,8,09155
2024-07-30,MT,Khánh Hòa,ĐB,77576
2024-07-30,MT,Khánh Hòa,1,16317
2024-07-30,MT,Khánh Hòa,2,50750
2024-07-30,MT,Khánh Hòa,3,94397 - 31006 - 70662 - 25073 - 10883 - 39767
2024-07-30,MT,Khánh Hòa,4,74281 - 21687 - 35313 - 06764 - 12629 - 65545
2024-07-30,MT,Khánh Hòa,5,47308 - 54401 - 47579
2024-07-30,MT,Khánh Hòa,6,64696 - 13990 - 98862
2024-07-30,MT,Khánh Hòa,7,62549 - 73591 - 33788 - 93983
2024-07-30,MT,Khánh Hòa,8,21239
2024-07-30,MN,TP. HCM,ĐB,88281
2024-07-30,MN,TP. HCM,1,54936
2024-07-30,MN,TP. HCM,2,31384
2024-07-30,MN,TP. HCM,3,78318 - 74561 - 99632 - 84290 - 00637 - 51795
2024-07-30,MN,TP. HCM,4,09864 - 52942 - 45141 - 13625 - 46410 - 61076
2024-07-30,MN,TP. HCM,5,40271 - 37471 - 67410
2024-07-30,MN,TP. HCM,6,28192 - 36363 - 88464
2024-07-30,MN,TP. HCM,7,33023 - 52339 - 72661 - 46936
2024-07-30,MN,TP. HCM,8,19347
2024-07-30,MN,Đồng Tháp,ĐB,75140
2024-07-30,MN,Đồng Tháp,1,41631
2024-07-30,MN,Đồng Tháp,2,14463
2024-07-30,MN,Đồng Tháp,3,05660 - 32416 - 07646 - 12055 - 68587 - 49767
2024-07-30,MN,Đồng Tháp,4,22356 - 16349 - 41057 - 58561 - 59806 - 19861
2024-07-30,MN,Đồng Tháp,5,63001 - 01648 - 52885
2024-07-30,MN,Đồng Tháp,6,31234 - 95262 - 47537
2024-07-30,MN,Đồng Tháp,7,62895 - 06933 - 40055 - 99822
2024-07-30,MN,Đồng Tháp,8,59230
2024-07-30,MN,Cà Mau,ĐB,79414
2024-07-30,MN,Cà Mau,1,76808
2024-07-30,MN,Cà Mau,2,49421
2024-07-30,MN,Cà Mau,3,61748 - 01217 - 08277 - 09245 - 15108 - 41704
2024-07-30,MN,Cà Mau,4,33139 - 84277 - 91197 - 65268 - 83328 - 24894
2024-07-30,MN,Cà Mau,5,40988 - 91037 - 78395
2024-07-30,MN,Cà Mau,6,34678 - 73122 - 00041
2024-07-30,MN,Cà Mau,7,53724 - 19962 - 75463 - 14534
2024-07-30,MN,Cà Mau,8,63241
2024-07-31,MB,Hà Nội,ĐB,33853
2024-07-31,MB,Hà Nội,1,08084
2024-07-31,MB,Hà Nội,2,94906
2024-07-31,MB,Hà Nội,3,97299 - 62254 - 90278 - 84322 - 30925 - 69252
2024-07-31,MB,Hà Nội,4,64706 - 82219 - 57998 - 99414 - 45136 - 27119
2024-07-31,MB,Hà Nội,5,68641 - 44245 - 96046
2024-07-31,MB,Hà Nội,6,40112 - 05804 - 64569
2024-07-31,MB,Hà Nội,7,43754 - 83409 - 25600 - 21528
2024-07-31,MT,Đà Nẵng,ĐB,87201
2024-07-31,MT,Đà Nẵng,1,72521
2024-07-31,MT,Đà Nẵng,2,98579
2024-07-31,MT,Đà Nẵng,3,02707 - 75670 - 33389 - 88289 - 05701 - 66456
2024-07-31,MT,Đà Nẵng,4,96631 - 12062 - 06306 - 60178 - 68533 - 99232
2024-07-31,MT,Đà Nẵng,5,02859 - 39043 - 17755
2024-07-31,MT,Đà Nẵng,6,22092 - 17387 - 84575
2024-07-31,MT,Đà Nẵng,7,54012 - 77398 - 46138 - 84511
2024-07-31,MT,Đà Nẵng,8,60271
2024-07-31,MT,Khánh Hòa,ĐB,96070
2024-07-31,MT,Khánh Hòa,1,15295
2024-07-31,MT,Khánh Hòa,2,28820
2024-07-31,MT,Khánh Hòa,3,57295 - 84609 - 33808 - 78718 - 27085 - 68832
2024-07-31,MT,Khánh Hòa,4,69231 - 87082 - 12103 - 54468 - 58026 - 23450
2024-07-31,MT,Khánh Hòa,5,88031 - 92305 - 68725
2024-07-31,MT,Khánh Hòa,6,09941 - 97155 - 59571
2024-07-31,MT,Khánh Hòa,7,00329 - 49122 - 37142 - 87267
2024-07-31,MT,Khánh Hòa,8,81775
2024-07-31,MN,TP. HCM,ĐB,00535
2024-07-31,MN,TP. HCM,1,91232
2024-07-31,MN,TP. HCM,2,22562
2024-07-31,MN,TP. HCM,3,27900 - 59855 - 85255 - 44300 - 14269 - 78117
2024-07-31,MN,TP. HCM,4,20953 - 72479 - 42269 - 80788 - 96811 - 09115
2024-07-31,MN,TP. HCM,5,89594 - 21667 - 27940
2024-07-31,MN,TP. HCM,6,08311 - 22731 - 84942
2024-07-31,MN,TP. HCM,7,21564 - 96037 - 91386 - 12228
2024-07-31,MN,TP. HCM,8,79312
2024-07-31,MN,Đồng Tháp,ĐB,50835
2024-07-31,MN,Đồng Tháp,1,85547
2024-07-31,MN,Đồng Tháp,2,50870
2024-07-31,MN,Đồng Tháp,3,67045 - 07667 - 18570 - 92892 - 05746 - 12434
2024-07-31,MN,Đồng Tháp,4,40986 - 72161 - 88112 - 98334 - 98217 - 74140
2024-07-31,MN,Đồng Tháp,5,75394 - 03312 - 30545
2024-07-31,MN,Đồng Tháp,6,99072 - 81123 - 66035
2024-07-31,MN,Đồng Tháp,7,63878 - 01881 - 61323 - 99113
2024-07-31,MN,Đồng Tháp,8,57527
2024-07-31,MN,Cà Mau,ĐB,69863
2024-07-31,MN,Cà Mau,1,64730
2024-07-31,MN,Cà Mau,2,86365
2024-07-31,MN,Cà Mau,3,64341 - 94008 - 76139 - 93084 - 63339 - 90581
2024-07-31,MN,Cà Mau,4,35991 - 66948 - 06896 - 16775 - 88602 - 76100
2024-07-31,MN,Cà Mau,5,10537 - 64435 - 87499
2024-07-31,MN,Cà Mau,6,92783 - 46809 - 36535
2024-07-31,MN,Cà Mau,7,45923 - 00529 - 04377 - 79248
2024-07-31,MN,Cà Mau,8,38995
2024-08-01,MB,Hà Nội,ĐB,40354
2024-08-01,MB,Hà Nội,1,97422
2024-08-01,MB,Hà Nội,2,32625
2024-08-01,MB,Hà Nội,3,90929 - 13302 - 74701 - 97819 - 02326 - 30225
2024-08-01,MB,Hà Nội,4,17929 - 12802 - 74560 - 76686 - 00571 - 15983
2024-08-01,MB,Hà Nội,5,21249 - 46739 - 05142
2024-08-01,MB,Hà Nội,6,16810 - 31566 - 91589
2024-08-01,MB,Hà Nội,7,00729 - 68561 - 10108 - 81357
2024-08-01,MT,Đà Nẵng,ĐB,02383
2024-08-01,MT,Đà Nẵng,1,96874
2024-08-01,MT,Đà Nẵng,2,06556
2024-08-01,MT,Đà Nẵng,3,03472 - 45087 - 87882 - 39155 - 83309 - 47325
2024-08-01,MT,Đà Nẵng,4,36871 - 23790 - 02571 - 15750 - 02751 - 09800
2024-08-01,MT,Đà Nẵng,5,00766 - 43848 - 19446
2024-08-01,MT,Đà Nẵng,6,82006 - 71587 - 08456
2024-08-01,MT,Đà Nẵng,7,96213 - 08870 - 83921 - 69250
2024-08-01,MT,Đà Nẵng,8,76001
2024-08-01,MT,Khánh Hòa,ĐB,91033
2024-08-01,MT,Khánh Hòa,1,50151
2024-08-01,MT,Khánh Hòa,2,36119
2024-08-01,MT,Khánh Hòa,3,39716 - 17377 - 19968 - 77523 - 06121 - 40715
2024-08-01,MT,Khánh Hòa,4,98782 - 41962 - 90616 - 87474 - 96328 - 22340
2024-08-01,MT,Khánh Hòa,5,98230 - 79240 - 69968
2024-08-01,MT,Khánh Hòa,6,85264 - 57715 - 08833
2024-08-01,MT,Khánh Hòa,7,26101 - 86618 - 85979 - 95994
2024-08-01,MT,Khánh Hòa,8,19752
2024-08-01,MN,TP. HCM,ĐB,48560
2024-08-01,MN,TP. HCM,1,52514
2024-08-01,MN,TP. HCM,2,77251
2024-08-01,MN,TP. HCM,3,52904 - 18552 - 55084 - 45412 - 14235 - 40462
2024-08-01,MN,TP. HCM,4,01128 - 91187 - 39575 - 48939 - 05490 - 01564
2024-08-01,MN,TP. HCM,5,77196 - 26793 - 14693
2024-08-01,MN,TP. HCM,6,07911 - 85224 - 03318
2024-08-01,MN,TP. HCM,7,24668 - 40101 - 14793 - 47717
2024-08-01,MN,TP. HCM,8,96936
2024-08-01,MN,Đồng Tháp,ĐB,02336
2024-08-01,MN,Đồng Tháp,1,43000
2024-08-01,MN,Đồng Tháp,2,56243
2024-08-01,MN,Đồng Tháp,3,71255 - 23874 - 19874 - 73184 - 58956 - 43984
2024-08-01,MN,Đồng Tháp,4,97357 - 25749 - 71486 - 51342 - 21556 - 73572
2024-08-01,MN,Đồng Tháp,5,22346 - 73481 - 93724
2024-08-01,MN,Đồng Tháp,6,90694 - 52445 - 64330
2024-08-01,MN,Đồng Tháp,7,34084 - 59539 - 27281 - 20651
2024-08-01,MN,Đồng Tháp,8,65941
2024-08-01,MN,Cà Mau,ĐB,02040
2024-08-01,MN,Cà Mau,1,65741
2024-08-01,MN,Cà Mau,2,45918
2024-08-01,MN,Cà Mau,3,14431 - 73480 - 17400 - 01780 - 79451 - 79783
2024-08-01,MN,Cà Mau,4,22733 - 38442 - 18717 - 17155 - 01160 - 44700
2024-08-01,MN,Cà Mau,5,47571 - 76669 - 95167
2024-08-01,MN,Cà Mau,6,98192 - 07513 - 39947
2024-08-01,MN,Cà Mau,7,29588 - 08143 - 21996 - 42135
2024-08-01,MN,Cà Mau,8,70477
2024-08-02,MB,Hà Nội,ĐB,01518
2024-08-02,MB,Hà Nội,1,69491
2024-08-02,MB,Hà Nội,2,08535
2024-08-02,MB,Hà Nội,3,54598 - 65747 - 08994 - 96049 - 77720 - 97003
2024-08-02,MB,Hà Nội,4,97508 - 01580 - 28596 - 69015 - 20442 - 40990
2024-08-02,MB,Hà Nội,5,61298 - 73700 - 78228
2024-08-02,MB,Hà Nội,6,38010 - 59358 - 59185
2024-08-02,MB,Hà Nội,7,65954 - 61066 - 36982 - 54126
2024-08-02,MT,Đà Nẵng,ĐB,34213
2024-08-02,MT,Đà Nẵng,1,03266
2024-08-02,MT,Đà Nẵng,2,56075
2024-08-02,MT,Đà Nẵng,3,29009 - 52171 - 35606 - 67066 - 71106 - 80185
2024-08-02,MT,Đà Nẵng,4,32820 - 63127 - 64280 - 34906 - 18005 - 27682
2024-08-02,MT,Đà Nẵng,5,73171 - 17667 - 13285
2024-08-02,MT,Đà Nẵng,6,48717 - 41338 - 24402
2024-08-02,MT,Đà Nẵng,7,17961 - 61289 - 14326 - 25218
2024-08-02,MT,Đà Nẵng,8,64667
2024-08-02,MT,Khánh Hòa,ĐB,37342
2024-08-02,MT,Khánh Hòa,1,92932
2024-08-02,MT,Khánh Hòa,2,55829
2024-08-02,MT,Khánh Hòa,3,69299 - 97873 - 20993 - 79383 - 37250 - 30350
2024-08-02,MT,Khánh Hòa,4,48365 - 81917 - 60740 - 07113 - 83424 - 43779
2024-08-02,MT,Khánh Hòa,5,79626 - 26033 - 46417
2024-08-02,MT,Khánh Hòa,6,52838 - 48778 - 44165
2024-08-02,MT,Khánh Hòa,7,29081 - 07552 - 32267 - 91333
2024-08-02,MT,Khánh Hòa,8,49846
2024-08-02,MN,TP. HCM,ĐB,33571
2024-08-02,MN,TP. HCM,1,06399
2024-08-02,MN,TP. HCM,2,29982
2024-08-02,MN,TP. HCM,3,41758 - 86554 - 84452 - 73563 - 24733 - 68284
2024-08-02,MN,TP. HCM,4,17621 - 18551 - 75792 - 29491 - 84003 - 71932
2024-08-02,MN,TP. HCM,5,75223 - 38838 - 69730
2024-08-02,MN,TP. HCM,6,77977 - 17504 - 37676
2024-08-02,MN,TP. HCM,7,74337 - 73750 - 59688 - 69222
2024-08-02,MN,TP. HCM,8,96524
2024-08-02,MN,Đồng Tháp,ĐB,43263
2024-08-02,MN,Đồng Tháp,1,23855
2024-08-02,MN,Đồng Tháp,2,13491
2024-08-02,MN,Đồng Tháp,3,19948 - 53818 - 82340 - 53166 - 91872 - 91934
2024-08-02,MN,Đồng Tháp,4,73682 - 08403 - 27673 - 88555 - 06754 - 89224
2024-08-02,MN,Đồng Tháp,5,47177 - 06175 - 90564
2024-08-02,MN,Đồng Tháp,6,21109 - 79935 - 46089
2024-08-02,MN,Đồng Tháp,7,96949 - 44129 - 90189 - 48669
2024-08-02,MN,Đồng Tháp,8,27827
2024-08-02,MN,Cà Mau,ĐB,02354
2024-08-02,MN,Cà Mau,1,15778
2024-08-02,MN,Cà Mau,2,95500
2024-08-02,MN,Cà Mau,3,96304 - 01750 - 08431 - 55023 - 69642 - 18753
2024-08-02,MN,Cà Mau,4,94823 - 51344 - 02519 - 94022 - 70076 - 13555
2024-08-02,MN,Cà Mau,5,68316 - 44825 - 26929
2024-08-02,MN,Cà Mau,6,06622 - 14075 - 08181
2024-08-02,MN,Cà Mau,7,90395 - 29066 - 79406 - 83920
2024-08-02,MN,Cà Mau,8,43789
2024-08-03,MB,Hà Nội,ĐB,22270
2024-08-03,MB,Hà Nội,1,61367
2024-08-03,MB,Hà Nội,2,51962
2024-08-03,MB,Hà Nội,3,50915 - 92846 - 22518 - 52112 - 54645 - 37197
2024-08-03,MB,Hà Nội,4,17689 - 12889 - 22364 - 81666 - 05096 - 30102
2024-08-03,MB,Hà Nội,5,55792 - 59672 - 82550
2024-08-03,MB,Hà Nội,6,04993 - 57939 - 70111
2024-08-03,MB,Hà Nội,7,42141 - 79980 - 05189 - 72902
2024-08-03,MT,Đà Nẵng,ĐB,28671
2024-08-03,MT,Đà Nẵng,1,96140
2024-08-03,MT,Đà Nẵng,2,68973
2024-08-03,MT,Đà Nẵng,3,83020 - 03517 - 41785 - 75326 - 46731 - 07580
2024-08-03,MT,Đà Nẵng,4,99554 - 52835 - 90675 - 23352 - 84998 - 82478
2024-08-03,MT,Đà Nẵng,5,11509 - 83962 - 57001
2024-08-03,MT,Đà Nẵng,6,02392 - 73147 - 19865
2024-08-03,MT,Đà Nẵng,7,92756 - 32833 - 43349 - 21752
2024-08-03,MT,Đà Nẵng,8,35645
2024-08-03,MT,Khánh Hòa,ĐB,99471
2024-08-03,MT,Khánh Hòa,1,23377
2024-08-03,MT,Khánh Hòa,2,88356
2024-08-03,MT,Khánh Hòa,3,16324 - 37587 - 98175 - 98047 - 50258 - 98529
2024-08-03,MT,Khánh Hòa,4,13300 - 10441 - 06087 - 73648 - 17313 - 93664
2024-08-03,MT,Khánh Hòa,5,35072 - 57884 - 31819
2024-08-03,MT,Khánh Hòa,6,25961 - 41383 - 85604
2024-08-03,MT,Khánh Hòa,7,91121 - 93527 - 42291 - 29997
2024-08-03,MT,Khánh Hòa,8,37587
2024-08-03,MN,TP. HCM,ĐB,38483
2024-08-03,MN,TP. HCM,1,10327
2024-08-03,MN,TP. HCM,2,18505
2024-08-03,MN,TP. HCM,3,80334 - 47700 - 97224 - 25732 - 01131 - 33312
2024-08-03,MN,TP. HCM,4,14294 - 53959 - 54375 - 11226 - 60788 - 55818
2024-08-03,MN,TP. HCM,5,90378 - 65989 - 83579
2024-08-03,MN,TP. HCM,6,59199 - 69282 - 97994
2024-08-03,MN,TP. HCM,7,88604 - 96926 - 08695 - 69041
2024-08-03,MN,TP. HCM,8,14552
2024-08-03,MN,Đồng Tháp,ĐB,68295
2024-08-03,MN,Đồng Tháp,1,09895
2024-08-03,MN,Đồng Tháp,2,83870
2024-08-03,MN,Đồng Tháp,3,25376 - 90308 - 52163 - 26045 - 10197 - 16747
2024-08-03,MN,Đồng Tháp,4,66704 - 25572 - 93034 - 26163 - 47195 - 15452
2024-08-03,MN,Đồng Tháp,5,46283 - 09540 - 51858
2024-08-03,MN,Đồng Tháp,6,55625 - 62383 - 76558
2024-08-03,MN,Đồng Tháp,7,75199 - 51088 - 64582 - 67311
2024-08-03,MN,Đồng Tháp,8,92162
2024-08-03,MN,Cà Mau,ĐB,05032
2024-08-03,MN,Cà Mau,1,81691
2024-08-03,MN,Cà Mau,2,30794
2024-08-03,MN,Cà Mau,3,93910 - 96004 - 62304 - 62474 - 49455 - 24622
2024-08-03,MN,Cà Mau,4,17602 - 02898 - 90450 - 97634 - 35404 - 55725
2024-08-03,MN,Cà Mau,5,31149 - 72054 - 14322
2024-08-03,MN,Cà Mau,6,90466 - 51241 - 56801
2024-08-03,MN,Cà Mau,7,75594 - 05609 - 22719 - 06408
2024-08-03,MN,Cà Mau,8,52234
2024-08-04,MB,Hà Nội,ĐB,81068
2024-08-04,MB,Hà Nội,1,17684
2024-08-04,MB,Hà Nội,2,03043
2024-08-04,MB,Hà Nội,3,46117 - 79629 - 82270 - 24704 - 58818 - 51524
2024-08-04,MB,Hà Nội,4,96906 - 48021 - 27952 - 45918 - 52574 - 65529
2024-08-04,MB,Hà Nội,5,12748 - 39148 - 38527
2024-08-04,MB,Hà Nội,6,34997 - 68000 - 58783
2024-08-04,MB,Hà Nội,7,94311 - 01416 - 76663 - 32435
2024-08-04,MT,Đà Nẵng,ĐB,04434
2024-08-04,MT,Đà Nẵng,1,15952
2024-08-04,MT,Đà Nẵng,2,27166
2024-08-04,MT,Đà Nẵng,3,64489 - 53926 - 98582 - 42725 - 84537 - 14934
2024-08-04,MT,Đà Nẵng,4,18122 - 15174 - 68261 - 00245 - 36616 - 63010
2024-08-04,MT,Đà Nẵng,5,58805 - 11464 - 58502
2024-08-04,MT,Đà Nẵng,6,45067 - 38712 - 02255
2024-08-04,MT,Đà Nẵng,7,48513 - 75420 - 92787 - 98360
2024-08-04,MT,Đà Nẵng,8,30115
2024-08-04,MT,Khánh Hòa,ĐB,84488
2024-08-04,MT,Khánh Hòa,1,96410
2024-08-04,MT,Khánh Hòa,2,53322
2024-08-04,MT,Khánh Hòa,3,21199 - 49135 - 52967 - 69192 - 33574 - 69417
2024-08-04,MT,Khánh Hòa,4,80714 - 56372 - 61356 - 97871 - 37103 - 98833
2024-08-04,MT,Khánh Hòa,5,99309 - 28962 - 13235
2024-08-04,MT,Khánh Hòa,6,09740 - 06029 - 71812
2024-08-04,MT,Khánh Hòa,7,78013 - 92117 - 78747 - 21817
2024-08-04,MT,Khánh Hòa,8,66430
2024-08-04,MN,TP. HCM,ĐB,72671
2024-08-04,MN,TP. HCM,1,79459
2024-08-04,MN,TP. HCM,2,58427
2024-08-04,MN,TP. HCM,3,85407 - 52488 - 23175 - 80991 - 74561 - 35401
2024-08-04,MN,TP. HCM,4,51591 - 60936 - 12565 - 64071 - 31397 - 33723
2024-08-04,MN,TP. HCM,5,10069 - 54927 - 50100
2024-08-04,MN,TP. HCM,6,56702 - 34613 - 17093
2024-08-04,MN,TP. HCM,7,29528 - 37868 - 82981 - 13635
2024-08-04,MN,TP. HCM,8,09040
2024-08-04,MN,Đồng Tháp,ĐB,17554
2024-08-04,MN,Đồng Tháp,1,26035
2024-08-04,MN,Đồng Tháp,2,14831
2024-08-04,MN,Đồng Tháp,3,86451 - 29673 - 51887 - 91494 - 21270 - 45442
2024-08-04,MN,Đồng Tháp,4,92961 - 66125 - 27680 - 77706 - 09985 - 65167
2024-08-04,MN,Đồng Tháp,5,96309 - 41532 - 47794
2024-08-04,MN,Đồng Tháp,6,47913 - 23167 - 44850
2024-08-04,MN,Đồng Tháp,7,68424 - 02733 - 14009 - 31283
2024-08-04,MN,Đồng Tháp,8,40304
2024-08-04,MN,Cà Mau,ĐB,07680
2024-08-04,MN,Cà Mau,1,49830
2024-08-04,MN,Cà Mau,2,41763
2024-08-04,MN,Cà Mau,3,74152 - 59339 - 02028 - 63094 - 07506 - 80220
2024-08-04,MN,Cà Mau,4,07180 - 79486 - 81042 - 72025 - 58239 - 38214
2024-08-04,MN,Cà Mau,5,31684 - 29134 - 40798
2024-08-04,MN,Cà Mau,6,49154 - 66779 - 56524
2024-08-04,MN,Cà Mau,7,71439 - 62942 - 24385 - 23295
2024-08-04,MN,Cà Mau,8,52906
2024-08-05,MB,Hà Nội,ĐB,82774
2024-08-05,MB,Hà Nội,1,41751
2024-08-05,MB,Hà Nội,2,41326
2024-08-05,MB,Hà Nội,3,39853 - 16700 - 03152 - 90210 - 50325 - 59023
2024-08-05,MB,Hà Nội,4,12235 - 18024 - 46656 - 74514 - 11091 - 23213
2024-08-05,MB,Hà Nội,5,16355 - 01472 - 32726
2024-08-05,MB,Hà Nội,6,66769 - 94278 - 24483
2024-08-05,MB,Hà Nội,7,44239 - 98059 - 63208 - 48307
2024-08-05,MT,Đà Nẵng,ĐB,25886
2024-08-05,MT,Đà Nẵng,1,28532
2024-08-05,MT,Đà Nẵng,2,80615
2024-08-05,MT,Đà Nẵng,3,17241 - 65718 - 47917 - 39923 - 70414 - 00192
2024-08-05,MT,Đà Nẵng,4,06320 - 14880 - 21494 - 28260 - 29232 - 05832
2024-08-05,MT,Đà Nẵng,5,94251 - 45760 - 90577
2024-08-05,MT,Đà Nẵng,6,37692 - 39507 - 00834
2024-08-05,MT,Đà Nẵng,7,22421 - 97711 - 22058 - 20014
2024-08-05,MT,Đà Nẵng,8,08197
2024-08-05,MT,Khánh Hòa,ĐB,76603
2024-08-05,MT,Khánh Hòa,1,90590
2024-08-05,MT,Khánh Hòa,2,65829
2024-08-05,MT,Khánh Hòa,3,68541 - 30524 - 01601 - 82686 - 83808 - 56546
2024-08-05,MT,Khánh Hòa,4,88407 - 58969 - 74190 - 15519 - 33330 - 45433
2024-08-05,MT,Khánh Hòa,5,12891 - 32858 - 74124
2024-08-05,MT,Khánh Hòa,6,23406 - 50589 - 84844
2024-08-05,MT,Khánh Hòa,7,64222 - 65870 - 48398 - 47689
2024-08-05,MT,Khánh Hòa,8,89086
2024-08-05,MN,TP. HCM,ĐB,67904
2024-08-05,MN,TP. HCM,1,25210
2024-08-05,MN,TP. HCM,2,49810
2024-08-05,MN,TP. HCM,3,91894 - 43854 - 67697 - 04881 - 43331 - 40674
2024-08-05,MN,TP. HCM,4,16484 - 05303 - 29400 - 13813 - 63482 - 24626
2024-08-05,MN,TP. HCM,5,99797 - 47522 - 95752
2024-08-05,MN,TP. HCM,6,60800 - 73130 - 93882
2024-08-05,MN,TP. HCM,7,43107 - 44122 - 42786 - 12200
2024-08-05,MN,TP. HCM,8,65058
2024-08-05,MN,Đồng Tháp,ĐB,09999
2024-08-05,MN,Đồng Tháp,1,55103
2024-08-05,MN,Đồng Tháp,2,66416
2024-08-05,MN,Đồng Tháp,3,82551 - 47001 - 08880 - 78964 - 21800 - 94071
2024-08-05,MN,Đồng Tháp,4,65156 - 38054 - 97231 - 43034 - 16973 - 86991
2024-08-05,MN,Đồng Tháp,5,78282 - 82390 - 21561
2024-08-05,MN,Đồng Tháp,6,59648 - 43176 - 99420
2024-08-05,MN,Đồng Tháp,7,07461 - 36509 - 03813 - 04351
2024-08-05,MN,Đồng Tháp,8,07383
2024-08-05,MN,Cà Mau,ĐB,74925
2024-08-05,MN,Cà Mau,1,60455
2024-08-05,MN,Cà Mau,2,35190
2024-08-05,MN,Cà Mau,3,92945 - 27326 - 84986 - 57568 - 55929 - 23707
2024-08-05,MN,Cà Mau,4,75137 - 25676 - 06477 - 86201 - 52812 - 91273
2024-08-05,MN,Cà Mau,5,10983 - 78042 - 32310
2024-08-05,MN,Cà Mau,6,23109 - 77899 - 35589
2024-08-05,MN,Cà Mau,7,15735 - 98439 - 26997 - 80290
2024-08-05,MN,Cà Mau,8,09556
2024-08-06,MB,Hà Nội,ĐB,23793
2024-08-06,MB,Hà Nội,1,18024
2024-08-06,MB,Hà Nội,2,45742
2024-08-06,MB,Hà Nội,3,89522 - 19299 - 33866 - 66738 - 84709 - 61478
2024-08-06,MB,Hà Nội,4,39993 - 29650 - 15593 - 56551 - 34364 - 30953
2024-08-06,MB,Hà Nội,5,28214 - 29279 - 08820
2024-08-06,MB,Hà Nội,6,13773 - 34495 - 31836
2024-08-06,MB,Hà Nội,7,92905 - 65229 - 07639 - 94403
2024-08-06,MT,Đà Nẵng,ĐB,97470
2024-08-06,MT,Đà Nẵng,1,02704
2024-08-06,MT,Đà Nẵng,2,61259
2024-08-06,MT,Đà Nẵng,3,04553 - 68167 - 38724 - 52314 - 99494 - 99490
2024-08-06,MT,Đà Nẵng,4,90800 - 05728 - 24889 - 18238 - 81400 - 39809
2024-08-06,MT,Đà Nẵng,5,63932 - 26951 - 69874
2024-08-06,MT,Đà Nẵng,6,65134 - 15579 - 33758
2024-08-06,MT,Đà Nẵng,7,89222 - 18103 - 98276 - 04379
2024-08-06,MT,Đà Nẵng,8,82587
2024-08-06,MT,Khánh Hòa,ĐB,22878
2024-08-06,MT,Khánh Hòa,1,83413
2024-08-06,MT,Khánh Hòa,2,59282
2024-08-06,MT,Khánh Hòa,3,87764 - 08351 - 80980 - 81333 - 58291 - 96309
2024-08-06,MT,Khánh Hòa,4,55723 - 26268 - 65940 - 17801 - 83708 - 43239
2024-08-06,MT,Khánh Hòa,5,88764 - 17779 - 01239
2024-08-06,MT,Khánh Hòa,6,67704 - 55539 - 12714
2024-08-06,MT,Khánh Hòa,7,81414 - 07015 - 63488 - 47658
2024-08-06,MT,Khánh Hòa,8,93782
2024-08-06,MN,TP. HCM,ĐB,70439
2024-08-06,MN,TP. HCM,1,19229
2024-08-06,MN,TP. HCM,2,40812
2024-08-06,MN,TP. HCM,3,27263 - 16524 - 75729 - 79443 - 39969 - 12270
2024-08-06,MN,TP. HCM,4,49662 - 19873 - 54533 - 90289 - 56315 - 64247
2024-08-06,MN,TP. HCM,5,71659 - 14405 - 12718
2024-08-06,MN,TP. HCM,6,79880 - 19681 - 27904
2024-08-06,MN,TP. HCM,7,60885 - 53998 - 57164 - 04565
2024-08-06,MN,TP. HCM,8,11350
2024-08-06,MN,Đồng Tháp,ĐB,50387
2024-08-06,MN,Đồng Tháp,1,20318
2024-08-06,MN,Đồng Tháp,2,21114
2024-08-06,MN,Đồng Tháp,3,91054 - 20734 - 96759 - 01087 - 80837 - 39940
2024-08-06,MN,Đồng Tháp,4,22047 - 49648 - 52242 - 95868 - 07064 - 63518
2024-08-06,MN,Đồng Tháp,5,52831 - 25218 - 48868
2024-08-06,MN,Đồng Tháp,6,39664 - 08786 - 49389
2024-08-06,MN,Đồng Tháp,7,42142 - 33556 - 89154 - 73956
2024-08-06,MN,Đồng Tháp,8,86071
2024-08-06,MN,Cà Mau,ĐB,19163
2024-08-06,MN,Cà Mau,1,22984
2024-08-06,MN,Cà Mau,2,52026
2024-08-06,MN,Cà Mau,3,07240 - 34774 - 06534 - 31044 - 99338 - 31765
2024-08-06,MN,Cà Mau,4,80666 - 38117 - 11543 - 79220 - 64395 - 64324
2024-08-06,MN,Cà Mau,5,46486 - 32939 - 05216
2024-08-06,MN,Cà Mau,6,14360 - 77874 - 65766
2024-08-06,MN,Cà Mau,7,76661 - 67030 - 30559 - 95515
2024-08-06,MN,Cà Mau,8,74795
2024-08-07,MB,Hà Nội,ĐB,59939
2024-08-07,MB,Hà Nội,1,45607
2024-08-07,MB,Hà Nội,2,51926
2024-08-07,MB,Hà Nội,3,68893 - 57816 - 13763 - 60843 - 54670 - 67962
2024-08-07,MB,Hà Nội,4,17194 - 12765 - 78766 - 74380 - 64162 - 62245
2024-08-07,MB,Hà Nội,5,92246 - 35482 - 11894
2024-08-07,MB,Hà Nội,6,79678 - 55554 - 97836
2024-08-07,MB,Hà Nội,7,68476 - 48107 - 01543 - 53147
2024-08-07,MT,Đà Nẵng,ĐB,09295
2024-08-07,MT,Đà Nẵng,1,35613
2024-08-07,MT,Đà Nẵng,2,93194
2024-08-07,MT,Đà Nẵng,3,18173 - 16477 - 06763 - 89893 - 14896 - 07440
2024-08-07,MT,Đà Nẵng,4,95473 - 51129 - 44609 - 87276 - 51650 - 07041
2024-08-07,MT,Đà Nẵng,5,07671 - 15098 - 85687
2024-08-07,MT,Đà Nẵng,6,12059 - 44342 - 68497
2024-08-07,MT,Đà Nẵng,7,99861 - 35670 - 16900 - 72027
2024-08-07,MT,Đà Nẵng,8,44064
2024-08-07,MT,Khánh Hòa,ĐB,07643
2024-08-07,MT,Khánh Hòa,1,52118
2024-08-07,MT,Khánh Hòa,2,31564
2024-08-07,MT,Khánh Hòa,3,03039 - 15679 - 72970 - 10412 - 29200 - 02391
2024-08-07,MT,Khánh Hòa,4,08298 - 32890 - 83647 - 88194 - 84441 - 07424
2024-08-07,MT,Khánh Hòa,5,78420 - 40780 - 19878
2024-08-07,MT,Khánh Hòa,6,89968 - 80731 - 21026
2024-08-07,MT,Khánh Hòa,7,05885 - 96669 - 76695 - 96927
2024-08-07,MT,Khánh Hòa,8,14899
2024-08-07,MN,TP. HCM,ĐB,15683
2024-08-07,MN,TP. HCM,1,65424
2024-08-07,MN,TP. HCM,2,88438
2024-08-07,MN,TP. HCM,3,49906 - 49114 - 69033 - 87768 - 58693 - 30725
2024-08-07,MN,TP. HCM,4,94806 - 82781 - 19650 - 09715 - 25828 - 86783
2024-08-07,MN,TP. HCM,5,17139 - 70418 - 35719
2024-08-07,MN,TP. HCM,6,13194 - 58433 - 12077
2024-08-07,MN,TP. HCM,7,91453 - 07996 - 53320 - 94768
2024-08-07,MN,TP. HCM,8,19528
2024-08-07,MN,Đồng Tháp,ĐB,61996
2024-08-07,MN,Đồng Tháp,1,79921
2024-08-07,MN,Đồng Tháp,2,86920
2024-08-07,MN,Đồng Tháp,3,43603 - 24611 - 21078 - 99875 - 43620 - 01637
2024-08-07,MN,Đồng Tháp,4,39544 - 27223 - 09421 - 32447 - 58133 - 49291
2024-08-07,MN,Đồng Tháp,5,50795 - 18958 - 29141
2024-08-07,MN,Đồng Tháp,6,53001 - 98857 - 06971
2024-08-07,MN,Đồng Tháp,7,72075 - 99530 - 66955 - 07160
2024-08-07,MN,Đồng Tháp,8,82258
2024-08-07,MN,Cà Mau,ĐB,89347
2024-08-07,MN,Cà Mau,1,06426
2024-08-07,MN,Cà Mau,2,15660
2024-08-07,MN,Cà Mau,3,89392 - 41731 - 52558 - 95512 - 91296 - 80100
2024-08-07,MN,Cà Mau,4,62489 - 83629 - 45654 - 96116 - 93780 - 03366
2024-08-07,MN,Cà Mau,5,17240 - 29077 - 57054
2024-08-07,MN,Cà Mau,6,42294 - 96764 - 40326
2024-08-07,MN,Cà Mau,7,73905 - 83223 - 07845 - 15342
2024-08-07,MN,Cà Mau,8,72457
2024-08-08,MB,Hà Nội,ĐB,76116
2024-08-08,MB,Hà Nội,1,02971
2024-08-08,MB,Hà Nội,2,06477
2024-08-08,MB,Hà Nội,3,61489 - 82136 - 47910 - 08891 - 05172 - 00041
2024-08-08,MB,Hà Nội,4,62843 - 41207 - 11216 - 63156 - 07056 - 73521
2024-08-08,MB,Hà Nội,5,63512 - 15316 - 31051
2024-08-08,MB,Hà Nội,6,13164 - 38467 - 58904
2024-08-08,MB,Hà Nội,7,17724 - 25447 - 05786 - 17731
2024-08-08,MT,Đà Nẵng,ĐB,86607
2024-08-08,MT,Đà Nẵng,1,79721
2024-08-08,MT,Đà Nẵng,2,60304
2024-08-08,MT,Đà Nẵng,3,31071 - 78193 - 49169 - 49649 - 39447 - 31905
2024-08-08,MT,Đà Nẵng,4,62224 - 05777 - 71151 - 11798 - 97256 - 52633
2024-08-08,MT,Đà Nẵng,5,04285 - 74286 - 64898
2024-08-08,MT,Đà Nẵng,6,63475 - 61948 - 14830
2024-08-08,MT,Đà Nẵng,7,50724 - 27112 - 55430 - 77966
2024-08-08,MT,Đà Nẵng,8,58304
2024-08-08,MT,Khánh Hòa,ĐB,34748
2024-08-08,MT,Khánh Hòa,1,68020
2024-08-08,MT,Khánh Hòa,2,36876
2024-08-08,MT,Khánh Hòa,3,93322 - 62628 - 33075 - 17164 - 02809 - 63470
2024-08-08,MT,Khánh Hòa,4,94942 - 04428 - 42502 - 67597 - 60592 - 09839
2024-08-08,MT,Khánh Hòa,5,60223 - 25829 - 96089
2024-08-08,MT,Khánh Hòa,6,98524 - 78436 - 05674
2024-08-08,MT,Khánh Hòa,7,23854 - 99958 - 76654 - 36457
2024-08-08,MT,Khánh Hòa,8,72086
2024-08-08,MN,TP. HCM,ĐB,52574
2024-08-08,MN,TP. HCM,1,56773
2024-08-08,MN,TP. HCM,2,83592
2024-08-08,MN,TP. HCM,3,93711 - 98821 - 66093 - 99122 - 59227 - 32201
2024-08-08,MN,TP. HCM,4,42921 - 72851 - 03766 - 89575 - 79353 - 26207
2024-08-08,MN,TP. HCM,5,98233 - 56057 - 02357
2024-08-08,MN,TP. HCM,6,22327 - 87337 - 04668
2024-08-08,MN,TP. HCM,7,94142 - 45504 - 11496 - 84701
2024-08-08,MN,TP. HCM,8,64716
2024-08-08,MN,Đồng Tháp,ĐB,17022
2024-08-08,MN,Đồng Tháp,1,15969
2024-08-08,MN,Đồng Tháp,2,94894
2024-08-08,MN,Đồng Tháp,3,92681 - 49029 - 34023 - 84161 - 01010 - 58851
2024-08-08,MN,Đồng Tháp,4,31177 - 41366 - 61650 - 78901 - 82562 - 87713
2024-08-08,MN,Đồng Tháp,5,68390 - 36477 - 34730
2024-08-08,MN,Đồng Tháp,6,50543 - 71359 - 68434
2024-08-08,MN,Đồng Tháp,7,38218 - 28410 - 92188 - 38633
2024-08-08,MN,Đồng Tháp,8,08484
2024-08-08,MN,Cà Mau,ĐB,78842
2024-08-08,MN,Cà Mau,1,47530
2024-08-08,MN,Cà Mau,2,50363
2024-08-08,MN,Cà Mau,3,82847 - 31433 - 35033 - 67488 - 25947 - 98926
2024-08-08,MN,Cà Mau,4,99610 - 58436 - 15300 - 56930 - 49357 - 04218
2024-08-08,MN,Cà Mau,5,63328 - 72821 - 35989
2024-08-08,MN,Cà Mau,6,44516 - 10223 - 94166
2024-08-08,MN,Cà Mau,7,54332 - 56310 - 95246 - 12105
2024-08-08,MN,Cà Mau,8,58120
2024-08-09,MB,Hà Nội,ĐB,85788
2024-08-09,MB,Hà Nội,1,67906
2024-08-09,MB,Hà Nội,2,91355
2024-08-09,MB,Hà Nội,3,96271 - 91617 - 13659 - 24349 - 68728 - 58379
2024-08-09,MB,Hà Nội,4,55117 - 10524 - 63063 - 09190 - 12758 - 56648
2024-08-09,MB,Hà Nội,5,16359 - 25078 - 08486
2024-08-09,MB,Hà Nội,6,55467 - 26316 - 11776
2024-08-09,MB,Hà Nội,7,14447 - 20825 - 46229 - 14136
2024-08-09,MT,Đà Nẵng,ĐB,02243
2024-08-09,MT,Đà Nẵng,1,79593
2024-08-09,MT,Đà Nẵng,2,72187
2024-08-09,MT,Đà Nẵng,3,12867 - 92796 - 58896 - 08108 - 02956 - 33161
2024-08-09,MT,Đà Nẵng,4,24890 - 73593 - 48025 - 29253 - 88586 - 38145
2024-08-09,MT,Đà Nẵng,5,91165 - 88082 - 03032
2024-08-09,MT,Đà Nẵng,6,62660 - 55804 - 18614
2024-08-09,MT,Đà Nẵng,7,53787 - 59369 - 50907 - 42873
2024-08-09,MT,Đà Nẵng,8,17361
2024-08-09,MT,Khánh Hòa,ĐB,35489
2024-08-09,MT,Khánh Hòa,1,42061
2024-08-09,MT,Khánh Hòa,2,19190
2024-08-09,MT,Khánh Hòa,3,85105 - 67089 - 48487 - 07224 - 68698 - 62446
2024-08-09,MT,Khánh Hòa,4,34961 - 87055 - 65576 - 37027 - 53095 - 05745
2024-08-09,MT,Khánh Hòa,5,56706 - 82146 - 50550
2024-08-09,MT,Khánh Hòa,6,31915 - 39550 - 07653
2024-08-09,MT,Khánh Hòa,7,58266 - 49145 - 07616 - 26425
2024-08-09,MT,Khánh Hòa,8,38503
2024-08-09,MN,TP. HCM,ĐB,19779
2024-08-09,MN,TP. HCM,1,10582
2024-08-09,MN,TP. HCM,2,63686
2024-08-09,MN,TP. HCM,3,79905 - 57129 - 59751 - 05181 - 42403 - 04696
2024-08-09,MN,TP. HCM,4,13599 - 16605 - 53200 - 29733 - 49471 - 57907
2024-08-09,MN,TP. HCM,5,74774 - 83055 - 40597
2024-08-09,MN,TP. HCM,6,97849 - 48020 - 02900
2024-08-09,MN,TP. HCM,7,11040 - 67119 - 29843 - 13493
2024-08-09,MN,TP. HCM,8,08721
2024-08-09,MN,Đồng Tháp,ĐB,12267
2024-08-09,MN,Đồng Tháp,1,62203
2024-08-09,MN,Đồng Tháp,2,68403
2024-08-09,MN,Đồng Tháp,3,51452 - 73662 - 94561 - 11553 - 65340 - 76623
2024-08-09,MN,Đồng Tháp,4,63396 - 36912 - 34625 - 34401 - 34343 - 39751
2024-08-09,MN,Đồng Tháp,5,33966 - 39819 - 09619
2024-08-09,MN,Đồng Tháp,6,12324 - 34217 - 51554
2024-08-09,MN,Đồng Tháp,7,81897 - 47005 - 57058 - 39269
2024-08-09,MN,Đồng Tháp,8,60744
2024-08-09,MN,Cà Mau,ĐB,90382
2024-08-09,MN,Cà Mau,1,22279
2024-08-09,MN,Cà Mau,2,12094
2024-08-09,MN,Cà Mau,3,75621 - 50972 - 85743 - 78532 - 25822 - 94551
2024-08-09,MN,Cà Mau,4,18577 - 93873 - 18261 - 74143 - 39499 - 00582
2024-08-09,MN,Cà Mau,5,68719 - 72800 - 97627
2024-08-09,MN,Cà Mau,6,63133 - 81560 - 80987
2024-08-09,MN,Cà Mau,7,27005 - 13249 - 87475 - 81873
2024-08-09,MN,Cà Mau,8,18042
2024-08-10,MB,Hà Nội,ĐB,46715
2024-08-10,MB,Hà Nội,1,27686
2024-08-10,MB,Hà Nội,2,23127
2024-08-10,MB,Hà Nội,3,08374 - 49853 - 05632 - 89191 - 11689 - 96689
2024-08-10,MB,Hà Nội,4,22791 - 69437 - 40675 - 27464 - 06982 - 79900
2024-08-10,MB,Hà Nội,5,14418 - 85889 - 57164
2024-08-10,MB,Hà Nội,6,11647 - 78632 - 91106
2024-08-10,MB,Hà Nội,7,57573 - 45655 - 41022 - 85277
2024-08-10,MT,Đà Nẵng,ĐB,05072
2024-08-10,MT,Đà Nẵng,1,68185
2024-08-10,MT,Đà Nẵng,2,32633
2024-08-10,MT,Đà Nẵng,3,80157 - 78606 - 34517 - 47994 - 45190 - 97424
2024-08-10,MT,Đà Nẵng,4,75767 - 18272 - 21137 - 75600 - 80694 - 36966
2024-08-10,MT,Đà Nẵng,5,97622 - 13988 - 72019
2024-08-10,MT,Đà Nẵng,6,43886 - 97593 - 39043
2024-08-10,MT,Đà Nẵng,7,97940 - 48164 - 22820 - 72008
2024-08-10,MT,Đà Nẵng,8,64274
2024-08-10,MT,Khánh Hòa,ĐB,58978
2024-08-10,MT,Khánh Hòa,1,74981
2024-08-10,MT,Khánh Hòa,2,75066
2024-08-10,MT,Khánh Hòa,3,65902 - 88066 - 39521 - 28082 - 42237 - 76137
2024-08-10,MT,Khánh Hòa,4,06491 - 16760 - 65241 - 56237 - 16121 - 38429
2024-08-10,MT,Khánh Hòa,5,27493 - 45534 - 06392
2024-08-10,MT,Khánh Hòa,6,77045 - 00030 - 67840
2024-08-10,MT,Khánh Hòa,7,96143 - 96839 - 01982 - 87753
2024-08-10,MT,Khánh Hòa,8,75489
2024-08-10,MN,TP. HCM,ĐB,17850
2024-08-10,MN,TP. HCM,1,58401
2024-08-10,MN,TP. HCM,2,74828
2024-08-10,MN,TP. HCM,3,83075 - 59270 - 04224 - 99525 - 17629 - 66941
2024-08-10,MN,TP. HCM,4,37438 - 72903 - 55262 - 77982 - 84123 - 77180
2024-08-10,MN,TP. HCM,5,68698 - 43534 - 41079
2024-08-10,MN,TP. HCM,6,86576 - 78338 - 61438
2024-08-10,MN,TP. HCM,7,55468 - 28781 - 62562 - 42758
2024-08-10,MN,TP. HCM,8,01893
2024-08-10,MN,Đồng Tháp,ĐB,07405
2024-08-10,MN,Đồng Tháp,1,63292
2024-08-10,MN,Đồng Tháp,2,11230
2024-08-10,MN,Đồng Tháp,3,60791 - 12882 - 22485 - 05572 - 97113 - 24859
2024-08-10,MN,Đồng Tháp,4,81576 - 91596 - 08641 - 41658 - 51297 - 24423
2024-08-10,MN,Đồng Tháp,5,50575 - 52559 - 85735
2024-08-10,MN,Đồng Tháp,6,39243 - 50455 - 10869
2024-08-10,MN,Đồng Tháp,7,57306 - 87377 - 43897 - 44983
2024-08-10,MN,Đồng Tháp,8,75379
2024-08-10,MN,Cà Mau,ĐB,59883
2024-08-10,MN,Cà Mau,1,54215
2024-08-10,MN,Cà Mau,2,83477
2024-08-10,MN,Cà Mau,3,86686 - 91234 - 94389 - 20337 - 80222 - 72319
2024-08-10,MN,Cà Mau,4,89709 - 10214 - 37669 - 92941 - 63003 - 13372
2024-08-10,MN,Cà Mau,5,07445 - 80411 - 23254
2024-08-10,MN,Cà Mau,6,31268 - 19308 - 22147
2024-08-10,MN,Cà Mau,7,24244 - 99871 - 88805 - 27916
2024-08-10,MN,Cà Mau,8,93415
2024-08-11,MB,Hà Nội,ĐB,65848
2024-08-11,MB,Hà Nội,1,92562
2024-08-11,MB,Hà Nội,2,89928
2024-08-11,MB,Hà Nội,3,45103 - 41333 - 32159 - 62222 - 96986 - 16516
2024-08-11,MB,Hà Nội,4,30687 - 34221 - 06523 - 78115 - 12214 - 69440
2024-08-11,MB,Hà Nội,5,99689 - 15269 - 35996
2024-08-11,MB,Hà Nội,6,06787 - 55729 - 68681
2024-08-11,MB,Hà Nội,7,98010 - 65807 - 16642 - 30589
2024-08-11,MT,Đà Nẵng,ĐB,74890
2024-08-11,MT,Đà Nẵng,1,64058
2024-08-11,MT,Đà Nẵng,2,69669
2024-08-11,MT,Đà Nẵng,3,89516 - 96631 - 57055 - 80396 - 18677 - 66089
2024-08-11,MT,Đà Nẵng,4,11903 - 38920 - 72887 - 69535 - 92767 - 75326
2024-08-11,MT,Đà Nẵng,5,57471 - 04618 - 19308
2024-08-11,MT,Đà Nẵng,6,12217 - 06502 - 66777
2024-08-11,MT,Đà Nẵng,7,46895 - 17082 - 37596 - 37443
2024-08-11,MT,Đà Nẵng,8,92100
2024-08-11,MT,Khánh Hòa,ĐB,46040
2024-08-11,MT,Khánh Hòa,1,08992
2024-08-11,MT,Khánh Hòa,2,41938
2024-08-11,MT,Khánh Hòa,3,22454 - 44869 - 86464 - 61670 - 13270 - 58689
2024-08-11,MT,Khánh Hòa,4,54982 - 10838 - 51742 - 14264 - 02245 - 39158
2024-08-11,MT,Khánh Hòa,5,26770 - 73954 - 94418
2024-08-11,MT,Khánh Hòa,6,24493 - 04407 - 99682
2024-08-11,MT,Khánh Hòa,7,96722 - 61004 - 15144 - 85636
2024-08-11,MT,Khánh Hòa,8,12444
2024-08-11,MN,TP. HCM,ĐB,95110
2024-08-11,MN,TP. HCM,1,38955
2024-08-11,MN,TP. HCM,2,26090
2024-08-11,MN,TP. HCM,3,44591 - 34157 - 07490 - 92019 - 65681 - 89390
2024-08-11,MN,TP. HCM,4,66908 - 92990 - 82595 - 06746 - 77512 - 01242
2024-08-11,MN,TP. HCM,5,29426 - 25052 - 13863
2024-08-11,MN,TP. HCM,6,35723 - 43312 - 73314
2024-08-11,MN,TP. HCM,7,83204 - 56122 - 30356 - 55042
2024-08-11,MN,TP. HCM,8,79835
2024-08-11,MN,Đồng Tháp,ĐB,10463
2024-08-11,MN,Đồng Tháp,1,17787
2024-08-11,MN,Đồng Tháp,2,24557
2024-08-11,MN,Đồng Tháp,3,31783 - 88735 - 06861 - 57974 - 95160 - 60651
2024-08-11,MN,Đồng Tháp,4,40268 - 93010 - 23307 - 43102 - 61199 - 35268
2024-08-11,MN,Đồng Tháp,5,00657 - 96053 - 63391
2024-08-11,MN,Đồng Tháp,6,43660 - 53442 - 96654
2024-08-11,MN,Đồng Tháp,7,01760 - 68361 - 17300 - 01295
2024-08-11,MN,Đồng Tháp,8,00164
2024-08-11,MN,Cà Mau,ĐB,30713
2024-08-11,MN,Cà Mau,1,66280
2024-08-11,MN,Cà Mau,2,89130
2024-08-11,MN,Cà Mau,3,95006 - 14639 - 33913 - 14143 - 02071 - 19838
2024-08-11,MN,Cà Mau,4,80083 - 55358 - 80148 - 67953 - 32307 - 27213
2024-08-11,MN,Cà Mau,5,90172 - 69492 - 20547
2024-08-11,MN,Cà Mau,6,40177 - 82258 - 92430
2024-08-11,MN,Cà Mau,7,64242 - 93355 - 84513 - 37359
2024-08-11,MN,Cà Mau,8,71502
2024-08-12,MB,Hà Nội,ĐB,43693
2024-08-12,MB,Hà Nội,1,14176
2024-08-12,MB,Hà Nội,2,29391
2024-08-12,MB,Hà Nội,3,38479 - 59683 - 98628 - 40429 - 30906 - 89619
2024-08-12,MB,Hà Nội,4,08814 - 17821 - 80520 - 62358 - 31641 - 66735
2024-08-12,MB,Hà Nội,5,27251 - 01142 - 67809
2024-08-12,MB,Hà Nội,6,07114 - 16217 - 92280
2024-08-12,MB,Hà Nội,7,74423 - 70611 - 36314 - 63643
2024-08-12,MT,Đà Nẵng,ĐB,51642
2024-08-12,MT,Đà Nẵng,1,19019
2024-08-12,MT,Đà Nẵng,2,34374
2024-08-12,MT,Đà Nẵng,3,86554 - 88397 - 60950 - 73817 - 37292 - 80466
2024-08-12,MT,Đà Nẵng,4,67846 - 49867 - 62261 - 07057 - 58448 - 80246
2024-08-12,MT,Đà Nẵng,5,43403 - 97272 - 74024
2024-08-12,MT,Đà Nẵng,6,72707 - 68494 - 54494
2024-08-12,MT,Đà Nẵng,7,01135 - 78658 - 83011 - 36093
2024-08-12,MT,Đà Nẵng,8,13683
2024-08-12,MT,Khánh Hòa,ĐB,08169
2024-08-12,MT,Khánh Hòa,1,30646
2024-08-12,MT,Khánh Hòa,2,25180
2024-08-12,MT,Khánh Hòa,3,89825 - 44274 - 55422 - 54131 - 66517 - 78430
2024-08-12,MT,Khánh Hòa,4,89344 - 42763 - 73848 - 34035 - 34375 - 34797
2024-08-12,MT,Khánh Hòa,5,14031 - 84498 - 88640
2024-08-12,MT,Khánh Hòa,6,42235 - 40990 - 10066
2024-08-12,MT,Khánh Hòa,7,40441 - 88908 - 40280 - 90042
2024-08-12,MT,Khánh Hòa,8,08026
2024-08-12,MN,TP. HCM,ĐB,82665
2024-08-12,MN,TP. HCM,1,31988
2024-08-12,MN,TP. HCM,2,98180
2024-08-12,MN,TP. HCM,3,26347 - 82676 - 15739 - 89835 - 50267 - 99663
2024-08-12,MN,TP. HCM,4,59671 - 25177 - 25351 - 07092 - 83640 - 94413
2024-08-12,MN,TP. HCM,5,78866 - 24256 - 90034
2024-08-12,MN,TP. HCM,6,64489 - 03590 - 73143
2024-08-12,MN,TP. HCM,7,44787 - 90062 - 31721 - 07722
2024-08-12,MN,TP. HCM,8,90274
2024-08-12,MN,Đồng Tháp,ĐB,38366
2024-08-12,MN,Đồng Tháp,1,59491
2024-08-12,MN,Đồng Tháp,2,15247
2024-08-12,MN,Đồng Tháp,3,18992 - 42244 - 90073 - 50666 - 65425 - 64193
2024-08-12,MN,Đồng Tháp,4,22888 - 66850 - 91841 - 49679 - 99335 - 60915
2024-08-12,MN,Đồng Tháp,5,42820 - 33084 - 54303
2024-08-12,MN,Đồng Tháp,6,29400 - 10851 - 83442
2024-08-12,MN,Đồng Tháp,7,36401 - 45696 - 86607 - 71788
2024-08-12,MN,Đồng Tháp,8,98172
2024-08-12,MN,Cà Mau,ĐB,28364
2024-08-12,MN,Cà Mau,1,37262
2024-08-12,MN,Cà Mau,2,74226
2024-08-12,MN,Cà Mau,3,91650 - 21110 - 01422 - 58114 - 29376 - 27303
2024-08-12,MN,Cà Mau,4,55764 - 03611 - 31485 - 88783 - 20744 - 34511
2024-08-12,MN,Cà Mau,5,08696 - 48912 - 19534
2024-08-12,MN,Cà Mau,6,13852 - 27191 - 05782
2024-08-12,MN,Cà Mau,7,53041 - 29173 - 87378 - 49321
2024-08-12,MN,Cà Mau,8,71928
2024-08-13,MB,Hà Nội,ĐB,23923
2024-08-13,MB,Hà Nội,1,30677
2024-08-13,MB,Hà Nội,2,06159
2024-08-13,MB,Hà Nội,3,26347 - 23329 - 77782 - 31593 - 47138 - 94012
2024-08-13,MB,Hà Nội,4,76110 - 78271 - 88383 - 02696 - 66624 - 26325
2024-08-13,MB,Hà Nội,5,14042 - 76882 - 38463
2024-08-13,MB,Hà Nội,6,50682 - 75768 - 34286
2024-08-13,MB,Hà Nội,7,04866 - 00314 - 97266 - 30735
2024-08-13,MT,Đà Nẵng,ĐB,00050
2024-08-13,MT,Đà Nẵng,1,39840
2024-08-13,MT,Đà Nẵng,2,79359
2024-08-13,MT,Đà Nẵng,3,79249 - 64525 - 05076 - 80433 - 17751 - 92726
2024-08-13,MT,Đà Nẵng,4,80491 - 99986 - 68720 - 19685 - 51742 - 66812
2024-08-13,MT,Đà Nẵng,5,27405 - 10649 - 55797
2024-08-13,MT,Đà Nẵng,6,39422 - 09108 - 03537
2024-08-13,MT,Đà Nẵng,7,65510 - 91379 - 02460 - 41082
2024-08-13,MT,Đà Nẵng,8,32185
2024-08-13,MT,Khánh Hòa,ĐB,47385
2024-08-13,MT,Khánh Hòa,1,68514
2024-08-13,MT,Khánh Hòa,2,80822
2024-08-13,MT,Khánh Hòa,3,72359 - 99863 - 97272 - 82561 - 15266 - 31107
2024-08-13,MT,Khánh Hòa,4,73752 - 85449 - 02382 - 41539 - 23034 - 62853
2024-08-13,MT,Khánh Hòa,5,60406 - 35226 - 01410
2024-08-13,MT,Khánh Hòa,6,18543 - 99992 - 48453
2024-08-13,MT,Khánh Hòa,7,60785 - 70041 - 63601 - 74557
2024-08-13,MT,Khánh Hòa,8,78039
2024-08-13,MN,TP. HCM,ĐB,98025
2024-08-13,MN,TP. HCM,1,96035
2024-08-13,MN,TP. HCM,2,32080
2024-08-13,MN,TP. HCM,3,15044 - 16463 - 10072 - 76264 - 29153 - 80357
2024-08-13,MN,TP. HCM,4,60406 - 42313 - 32960 - 54485 - 65251 - 84959
2024-08-13,MN,TP. HCM,5,47942 - 64542 - 73542
2024-08-13,MN,TP. HCM,6,59393 - 86944 - 32241
2024-08-13,MN,TP. HCM,7,93159 - 59331 - 43541 - 96634
2024-08-13,MN,TP. HCM,8,68602
2024-08-13,MN,Đồng Tháp,ĐB,62595
2024-08-13,MN,Đồng Tháp,1,79812
2024-08-13,MN,Đồng Tháp,2,82618
2024-08-13,MN,Đồng Tháp,3,59508 - 17736 - 20711 - 75465 - 22753 - 39138
2024-08-13,MN,Đồng Tháp,4,27578 - 83347 - 15971 - 39707 - 41160 - 42725
2024-08-13,MN,Đồng Tháp,5,30874 - 14103 - 47458
2024-08-13,MN,Đồng Tháp,6,98895 - 54192 - 27891
2024-08-13,MN,Đồng Tháp,7,84258 - 48014 - 25747 - 05272
2024-08-13,MN,Đồng Tháp,8,69833
2024-08-13,MN,Cà Mau,ĐB,30317
2024-08-13,MN,Cà Mau,1,14623
2024-08-13,MN,Cà Mau,2,07457
2024-08-13,MN,Cà Mau,3,39645 - 32828 - 56910 - 21724 - 45789 - 25118
2024-08-13,MN,Cà Mau,4,39664 - 39939 - 39189 - 57951 - 70777 - 16334
2024-08-13,MN,Cà Mau,5,62051 - 77693 - 59636
2024-08-13,MN,Cà Mau,6,11067 - 82371 - 73590
2024-08-13,MN,Cà Mau,7,18123 - 81317 - 11601 - 89680
2024-08-13,MN,Cà Mau,8,43480
2024-08-14,MB,Hà Nội,ĐB,30674
2024-08-14,MB,Hà Nội,1,22028
2024-08-14,MB,Hà Nội,2,99240
2024-08-14,MB,Hà Nội,3,13537 - 37062 - 96922 - 55213 - 39468 - 83210
2024-08-14,MB,Hà Nội,4,01639 - 89188 - 02932 - 40561 - 96467 - 33287
2024-08-14,MB,Hà Nội,5,33769 - 11928 - 88307
2024-08-14,MB,Hà Nội,6,50422 - 13142 - 43003
2024-08-14,MB,Hà Nội,7,80305 - 44075 - 05646 - 13245
2024-08-14,MT,Đà Nẵng,ĐB,43466
2024-08-14,MT,Đà Nẵng,1,95488
2024-08-14,MT,Đà Nẵng,2,68874
2024-08-14,MT,Đà Nẵng,3,18535 - 78296 - 17193 - 07291 - 73267 - 54519
2024-08-14,MT,Đà Nẵng,4,60218 - 98732 - 08655 - 58787 - 63731 - 86509
2024-08-14,MT,Đà Nẵng,5,93156 - 82719 - 33213
2024-08-14,MT,Đà Nẵng,6,28817 - 52668 - 91956
2024-08-14,MT,Đà Nẵng,7,44030 - 96004 - 60018 - 79761
2024-08-14,MT,Đà Nẵng,8,02709
2024-08-14,MT,Khánh Hòa,ĐB,47782
2024-08-14,MT,Khánh Hòa,1,23101
2024-08-14,MT,Khánh Hòa,2,39949
2024-08-14,MT,Khánh Hòa,3,41032 - 38879 - 87347 - 84606 - 02611 - 27371
2024-08-14,MT,Khánh Hòa,4,98297 - 48585 - 01153 - 47088 - 98520 - 15320
2024-08-14,MT,Khánh Hòa,5,28738 - 16535 - 20136
2024-08-14,MT,Khánh Hòa,6,12206 - 46804 - 82746
2024-08-14,MT,Khánh Hòa,7,06728 - 29379 - 80824 - 25586
2024-08-14,MT,Khánh Hòa,8,96389
2024-08-14,MN,TP. HCM,ĐB,28746
2024-08-14,MN,TP. HCM,1,34526
2024-08-14,MN,TP. HCM,2,98990
2024-08-14,MN,TP. HCM,3,96016 - 46025 - 03371 - 37949 - 28914 - 14820
2024-08-14,MN,TP. HCM,4,10743 - 03899 - 81626 - 07692 - 18105 - 15104
2024-08-14,MN,TP. HCM,5,68825 - 17310 - 85109
2024-08-14,MN,TP. HCM,6,21219 - 17341 - 61744
2024-08-14,MN,TP. HCM,7,98826 - 91249 - 15867 - 55919
2024-08-14,MN,TP. HCM,8,54928
2024-08-14,MN,Đồng Tháp,ĐB,35231
2024-08-14,MN,Đồng Tháp,1,55168
2024-08-14,MN,Đồng Tháp,2,90652
2024-08-14,MN,Đồng Tháp,3,11930 - 30654 - 07566 - 38261 - 23978 - 97063
2024-08-14,MN,Đồng Tháp,4,64704 - 94036 - 72944 - 29423 - 61796 - 50927
2024-08-14,MN,Đồng Tháp,5,73446 - 75214 - 87117
2024-08-14,MN,Đồng Tháp,6,37478 - 00216 - 04547
2024-08-14,MN,Đồng Tháp,7,23087 - 25019 - 63317 - 28672
2024-08-14,MN,Đồng Tháp,8,15785
2024-08-14,MN,Cà Mau,ĐB,88418
2024-08-14,MN,Cà Mau,1,16008
2024-08-14,MN,Cà Mau,2,58715
2024-08-14,MN,Cà Mau,3,72845 - 68396 - 22028 - 56614 - 56318 - 76419
2024-08-14,MN,Cà Mau,4,32919 - 50154 - 09579 - 51738 - 71403 - 83627
2024-08-14,MN,Cà Mau,5,96849 - 63676 - 09667
2024-08-14,MN,Cà Mau,6,15790 - 23192 - 36338
2024-08-14,MN,Cà Mau,7,22377 - 64189 - 78475 - 65722
2024-08-14,MN,Cà Mau,8,36390
2024-08-15,MB,Hà Nội,ĐB,09176
2024-08-15,MB,Hà Nội,1,50682
2024-08-15,MB,Hà Nội,2,70121
2024-08-15,MB,Hà Nội,3,49458 - 95894 - 52630 - 95024 - 42918 - 88045
2024-08-15,MB,Hà Nội,4,01763 - 69718 - 14165 - 17707 - 46789 - 52812
2024-08-15,MB,Hà Nội,5,03356 - 12382 - 96898
2024-08-15,MB,Hà Nội,6,37125 - 38743 - 46219
2024-08-15,MB,Hà Nội,7,75889 - 15581 - 32647 - 46025
2024-08-15,MT,Đà Nẵng,ĐB,26871
2024-08-15,MT,Đà Nẵng,1,92995
2024-08-15,MT,Đà Nẵng,2,01657
2024-08-15,MT,Đà Nẵng,3,76660 - 99976 - 39920 - 25157 - 60062 - 97668
2024-08-15,MT,Đà Nẵng,4,11957 - 29819 - 92244 - 17531 - 04745 - 55977
2024-08-15,MT,Đà Nẵng,5,44528 - 67167 - 71147
2024-08-15,MT,Đà Nẵng,6,64907 - 45608 - 25070
2024-08-15,MT,Đà Nẵng,7,34331 - 31071 - 32260 - 43200
2024-08-15,MT,Đà Nẵng,8,95444
2024-08-15,MT,Khánh Hòa,ĐB,67284
2024-08-15,MT,Khánh Hòa,1,31153
2024-08-15,MT,Khánh Hòa,2,58171
2024-08-15,MT,Khánh Hòa,3,18505 - 52034 - 26535 - 71570 - 52413 - 79919
2024-08-15,MT,Khánh Hòa,4,78350 - 56547 - 38993 - 38977 - 32925 - 75574
2024-08-15,MT,Khánh Hòa,5,71247 - 66097 - 77955
2024-08-15,MT,Khánh Hòa,6,65596 - 56441 - 90915
2024-08-15,MT,Khánh Hòa,7,68468 - 73787 - 22091 - 18221
2024-08-15,MT,Khánh Hòa,8,00594
2024-08-15,MN,TP. HCM,ĐB,19231
2024-08-15,MN,TP. HCM,1,09360
2024-08-15,MN,TP. HCM,2,67311
2024-08-15,MN,TP. HCM,3,49983 - 71104 - 35213 - 43593 - 19379 - 96843
2024-08-15,MN,TP. HCM,4,49174 - 39004 - 68716 - 01267 - 25166 - 64825
2024-08-15,MN,TP. HCM,5,33535 - 74296 - 11947
2024-08-15,MN,TP. HCM,6,98037 - 06696 - 14445
2024-08-15,MN,TP. HCM,7,01067 - 33699 - 27680 - 29728
2024-08-15,MN,TP. HCM,8,06963
2024-08-15,MN,Đồng Tháp,ĐB,64303
2024-08-15,MN,Đồng Tháp,1,69609
2024-08-15,MN,Đồng Tháp,2,80366
2024-08-15,MN,Đồng Tháp,3,81477 - 47805 - 71747 - 13574 - 04923 - 56515
2024-08-15,MN,Đồng Tháp,4,19981 - 66522 - 41095 - 38445 - 98715 - 35700
2024-08-15,MN,Đồng Tháp,5,19378 - 12373 - 39506
2024-08-15,MN,Đồng Tháp,6,64028 - 04699 - 08781
2024-08-15,MN,Đồng Tháp,7,82220 - 18157 - 96709 - 89869
2024-08-15,MN,Đồng Tháp,8,86336
2024-08-15,MN,Cà Mau,ĐB,59290
2024-08-15,MN,Cà Mau,1,48726
2024-08-15,MN,Cà Mau,2,42573
2024-08-15,MN,Cà Mau,3,96779 - 97661 - 40224 - 18841 - 55833 - 40126
2024-08-15,MN,Cà Mau,4,40299 - 99265 - 24198 - 17524 - 08026 - 54215
2024-08-15,MN,Cà Mau,5,40353 - 20954 - 54870
2024-08-15,MN,Cà Mau,6,07674 - 89783 - 73107
2024-08-15,MN,Cà Mau,7,31486 - 99738 - 25919 - 10469
2024-08-15,MN,Cà Mau,8,69907
2024-08-16,MB,Hà Nội,ĐB,09392
2024-08-16,MB,Hà Nội,1,75016
2024-08-16,MB,Hà Nội,2,42321
2024-08-16,MB,Hà Nội,3,46929 - 63067 - 02264 - 01959 - 97989 - 46781
2024-08-16,MB,Hà Nội,4,80485 - 26506 - 50205 - 74559 - 14200 - 54754
2024-08-16,MB,Hà Nội,5,75059 - 25269 - 79906
2024-08-16,MB,Hà Nội,6,19413 - 59691 - 78976
2024-08-16,MB,Hà Nội,7,86963 - 42794 - 69176 - 96108
2024-08-16,MT,Đà Nẵng,ĐB,49202
2024-08-16,MT,Đà Nẵng,1,73778
2024-08-16,MT,Đà Nẵng,2,36349
2024-08-16,MT,Đà Nẵng,3,04185 - 96444 - 63570 - 81787 - 60134 - 62630
2024-08-16,MT,Đà Nẵng,4,60926 - 43858 - 12001 - 54413 - 25578 - 83954
2024-08-16,MT,Đà Nẵng,5,32264 - 94134 - 80296
2024-08-16,MT,Đà Nẵng,6,16022 - 95484 - 77393
2024-08-16,MT,Đà Nẵng,7,44376 - 92548 - 75055 - 71325
2024-08-16,MT,Đà Nẵng,8,84049
2024-08-16,MT,Khánh Hòa,ĐB,41309
2024-08-16,MT,Khánh Hòa,1,56093
2024-08-16,MT,Khánh Hòa,2,36334
2024-08-16,MT,Khánh Hòa,3,29892 - 89402 - 86239 - 59653 - 48077 - 11552
2024-08-16,MT,Khánh Hòa,4,05454 - 79028 - 08036 - 48576 - 81794 - 62114
2024-08-16,MT,Khánh Hòa,5,84186 - 34167 - 09380
2024-08-16,MT,Khánh Hòa,6,11208 - 46655 - 49809
2024-08-16,MT,Khánh Hòa,7,35628 - 03427 - 38569 - 31704
2024-08-16,MT,Khánh Hòa,8,44322
2024-08-16,MN,TP. HCM,ĐB,21011
2024-08-16,MN,TP. HCM,1,17716
2024-08-16,MN,TP. HCM,2,75496
2024-08-16,MN,TP. HCM,3,42988 - 48472 - 03018 - 26484 - 30358 - 36231
2024-08-16,MN,TP. HCM,4,05488 - 18078 - 63457 - 42046 - 46892 - 43738
2024-08-16,MN,TP. HCM,5,88500 - 29415 - 29634
2024-08-16,MN,TP. HCM,6,43496 - 96515 - 64282
2024-08-16,MN,TP. HCM,7,88853 - 11805 - 91984 - 35171
2024-08-16,MN,TP. HCM,8,78785
2024-08-16,MN,Đồng Tháp,ĐB,07456
2024-08-16,MN,Đồng Tháp,1,59270
2024-08-16,MN,Đồng Tháp,2,04879
2024-08-16,MN,Đồng Tháp,3,31912 - 95340 - 04147 - 29787 - 62572 - 11787
2024-08-16,MN,Đồng Tháp,4,16257 - 86626 - 31604 - 94731 - 86835 - 50192
2024-08-16,MN,Đồng Tháp,5,08758 - 76988 - 20690
2024-08-16,MN,Đồng Tháp,6,38249 - 22395 - 68210
2024-08-16,MN,Đồng Tháp,7,96372 - 37331 - 63677 - 80079
2024-08-16,MN,Đồng Tháp,8,33298
2024-08-16,MN,Cà Mau,ĐB,31425
2024-08-16,MN,Cà Mau,1,11462
2024-08-16,MN,Cà Mau,2,54078
2024-08-16,MN,Cà Mau,3,78925 - 97626 - 54040 - 57713 - 45964 - 35642
2024-08-16,MN,Cà Mau,4,58975 - 87934 - 97483 - 21304 - 44025 - 09674
2024-08-16,MN,Cà Mau,5,16950 - 93421 - 35472
2024-08-16,MN,Cà Mau,6,01465 - 42338 - 57608
2024-08-16,MN,Cà Mau,7,34003 - 28343 - 37035 - 65445
2024-08-16,MN,Cà Mau,8,46816
2024-08-17,MB,Hà Nội,ĐB,64004
2024-08-17,MB,Hà Nội,1,00951
2024-08-17,MB,Hà Nội,2,43165
2024-08-17,MB,Hà Nội,3,62001 - 23043 - 97589 - 92002 - 21076 - 00720
2024-08-17,MB,Hà Nội,4,04303 - 30957 - 86968 - 98427 - 32005 - 29852
2024-08-17,MB,Hà Nội,5,86910 - 48005 - 20645
2024-08-17,MB,Hà Nội,6,94565 - 69436 - 84591
2024-08-17,MB,Hà Nội,7,50238 - 38485 - 89745 - 10256
2024-08-17,MT,Đà Nẵng,ĐB,48263
2024-08-17,MT,Đà Nẵng,1,01547
2024-08-17,MT,Đà Nẵng,2,54263
2024-08-17,MT,Đà Nẵng,3,50245 - 40987 - 23839 - 62042 - 71117 - 78674
2024-08-17,MT,Đà Nẵng,4,35421 - 79318 - 34496 - 07524 - 19044 - 71191
2024-08-17,MT,Đà Nẵng,5,16651 - 75724 - 11559
2024-08-17,MT,Đà Nẵng,6,67048 - 52944 - 32250
2024-08-17,MT,Đà Nẵng,7,21216 - 29732 - 81128 - 35037
2024-08-17,MT,Đà Nẵng,8,94749
2024-08-17,MT,Khánh Hòa,ĐB,57136
2024-08-17,MT,Khánh Hòa,1,54067
2024-08-17,MT,Khánh Hòa,2,51838
2024-08-17,MT,Khánh Hòa,3,32328 - 52081 - 28453 - 02871 - 84754 - 06479
2024-08-17,MT,Khánh Hòa,4,53952 - 37989 - 82704 - 04137 - 57752 - 32196
2024-08-17,MT,Khánh Hòa,5,91269 - 92762 - 92845
2024-08-17,MT,Khánh Hòa,6,15199 - 15499 - 39170
2024-08-17,MT,Khánh Hòa,7,21509 - 80326 - 90309 - 34178
2024-08-17,MT,Khánh Hòa,8,84312
2024-08-17,MN,TP. HCM,ĐB,22575
2024-08-17,MN,TP. HCM,1,23154
2024-08-17,MN,TP. HCM,2,31789
2024-08-17,MN,TP. HCM,3,45930 - 76729 - 08246 - 23222 - 23542 - 98907
2024-08-17,MN,TP. HCM,4,77605 - 10614 - 36009 - 64935 - 12062 - 30863
2024-08-17,MN,TP. HCM,5,28022 - 83939 - 90119
2024-08-17,MN,TP. HCM,6,91886 - 34598 - 21576
2024-08-17,MN,TP. HCM,7,75577 - 82981 - 24541 - 17612
2024-08-17,MN,TP. HCM,8,00907
2024-08-17,MN,Đồng Tháp,ĐB,78825
2024-08-17,MN,Đồng Tháp,1,86020
2024-08-17,MN,Đồng Tháp,2,65978
2024-08-17,MN,Đồng Tháp,3,97086 - 22502 - 66604 - 38261 - 48370 - 81582
2024-08-17,MN,Đồng Tháp,4,90840 - 98085 - 38122 - 47514 - 41344 - 96343
2024-08-17,MN,Đồng Tháp,5,32068 - 20223 - 72647
2024-08-17,MN,Đồng Tháp,6,98783 - 97680 - 19008
2024-08-17,MN,Đồng Tháp,7,02470 - 18099 - 02161 - 63114
2024-08-17,MN,Đồng Tháp,8,35404
2024-08-17,MN,Cà Mau,ĐB,17061
2024-08-17,MN,Cà Mau,1,49358
2024-08-17,MN,Cà Mau,2,18975
2024-08-17,MN,Cà Mau,3,04407 - 77323 - 30458 - 97373 - 67587 - 38871
2024-08-17,MN,Cà Mau,4,20301 - 74534 - 39945 - 21799 - 02891 - 18814
2024-08-17,MN,Cà Mau,5,73837 - 12624 - 98950
2024-08-17,MN,Cà Mau,6,98044 - 85625 - 16454
2024-08-17,MN,Cà Mau,7,01574 - 60184 - 03310 - 17543
2024-08-17,MN,Cà Mau,8,37410
2024-08-18,MB,Hà Nội,ĐB,36062
2024-08-18,MB,Hà Nội,1,05460
2024-08-18,MB,Hà Nội,2,12862
2024-08-18,MB,Hà Nội,3,42196 - 44850 - 53938 - 76689 - 70627 - 12419
2024-08-18,MB,Hà Nội,4,69886 - 43561 - 51890 - 33736 - 01892 - 06291
2024-08-18,MB,Hà Nội,5,12613 - 67867 - 89714
2024-08-18,MB,Hà Nội,6,01061 - 97898 - 14677
2024-08-18,MB,Hà Nội,7,04976 - 83762 - 17316 - 12678
2024-08-18,MT,Đà Nẵng,ĐB,91207
2024-08-18,MT,Đà Nẵng,1,68939
2024-08-18,MT,Đà Nẵng,2,96546
2024-08-18,MT,Đà Nẵng,3,04116 - 80579 - 08853 - 66384 - 62552 - 18644
2024-08-18,MT,Đà Nẵng,4,18368 - 84572 - 49826 - 07681 - 50134 - 57432
2024-08-18,MT,Đà Nẵng,5,38862 - 20216 - 62620
2024-08-18,MT,Đà Nẵng,6,01366 - 76523 - 29290
2024-08-18,MT,Đà Nẵng,7,91967 - 51510 - 32855 - 85800
2024-08-18,MT,Đà Nẵng,8,13222
2024-08-18,MT,Khánh Hòa,ĐB,03052
2024-08-18,MT,Khánh Hòa,1,13290
2024-08-18,MT,Khánh Hòa,2,06394
2024-08-18,MT,Khánh Hòa,3,28678 - 00335 - 34680 - 13652 - 97653 - 95466
2024-08-18,MT,Khánh Hòa,4,47125 - 33050 - 07871 - 31938 - 38975 - 52182
2024-08-18,MT,Khánh Hòa,5,18575 - 96175 - 60916
2024-08-18,MT,Khánh Hòa,6,28204 - 29532 - 45084
2024-08-18,MT,Khánh Hòa,7,67521 - 30428 - 57792 - 93420
2024-08-18,MT,Khánh Hòa,8,64628
2024-08-18,MN,TP. HCM,ĐB,81850
2024-08-18,MN,TP. HCM,1,35747
2024-08-18,MN,TP. HCM,2,10565
2024-08-18,MN,TP. HCM,3,43899 - 37920 - 88419 - 42291 - 21074 - 40085
2024-08-18,MN,TP. HCM,4,31692 - 63085 - 37621 - 75150 - 54501 - 19784
2024-08-18,MN,TP. HCM,5,07657 - 79413 - 10835
2024-08-18,MN,TP. HCM,6,83854 - 76091 - 54905
2024-08-18,MN,TP. HCM,7,83680 - 87072 - 96989 - 26287
2024-08-18,MN,TP. HCM,8,04779
2024-08-18,MN,Đồng Tháp,ĐB,97099
2024-08-18,MN,Đồng Tháp,1,87169
2024-08-18,MN,Đồng Tháp,2,53602
2024-08-18,MN,Đồng Tháp,3,45814 - 55445 - 84594 - 47149 - 75161 - 34979
2024-08-18,MN,Đồng Tháp,4,28431 - 09011 - 21248 - 52995 - 24610 - 15589
2024-08-18,MN,Đồng Tháp,5,37494 - 50626 - 02654
2024-08-18,MN,Đồng Tháp,6,44125 - 31302 - 87678
2024-08-18,MN,Đồng Tháp,7,15167 - 05369 - 16106 - 03146
2024-08-18,MN,Đồng Tháp,8,78551
2024-08-18,MN,Cà Mau,ĐB,48498
2024-08-18,MN,Cà Mau,1,41097
2024-08-18,MN,Cà Mau,2,91062
2024-08-18,MN,Cà Mau,3,13317 - 95516 - 80013 - 09291 - 11435 - 51918
2024-08-18,MN,Cà Mau,4,07169 - 34617 - 21177 - 78063 - 76285 - 17812
2024-08-18,MN,Cà Mau,5,14285 - 95438 - 53781
2024-08-18,MN,Cà Mau,6,78471 - 04357 - 43846
2024-08-18,MN,Cà Mau,7,84153 - 32899 - 52575 - 81805
2024-08-18,MN,Cà Mau,8,41942
2024-08-19,MB,Hà Nội,ĐB,20933
2024-08-19,MB,Hà Nội,1,49248
2024-08-19,MB,Hà Nội,2,89774
2024-08-19,MB,Hà Nội,3,35238 - 85616 - 43559 - 68465 - 29231 - 79876
2024-08-19,MB,Hà Nội,4,23575 - 40373 - 78749 - 68722 - 24181 - 07908
2024-08-19,MB,Hà Nội,5,40715 - 56784 - 71781
2024-08-19,MB,Hà Nội,6,36130 - 52983 - 04479
2024-08-19,MB,Hà Nội,7,00058 - 08873 - 85011 - 82562
2024-08-19,MT,Đà Nẵng,ĐB,68327
2024-08-19,MT,Đà Nẵng,1,49505
2024-08-19,MT,Đà Nẵng,2,91398
2024-08-19,MT,Đà Nẵng,3,84415 - 09009 - 78987 - 63449 - 70296 - 66990
2024-08-19,MT,Đà Nẵng,4,74433 - 00085 - 73685 - 98027 - 50151 - 82479
2024-08-19,MT,Đà Nẵng,5,81804 - 58804 - 25088
2024-08-19,MT,Đà Nẵng,6,20741 - 80465 - 96938
2024-08-19,MT,Đà Nẵng,7,59185 - 53748 - 62292 - 45571
2024-08-19,MT,Đà Nẵng,8,56479
2024-08-19,MT,Khánh Hòa,ĐB,04786
2024-08-19,MT,Khánh Hòa,1,74940
2024-08-19,MT,Khánh Hòa,2,45572
2024-08-19,MT,Khánh Hòa,3,88449 - 36050 - 57585 - 94176 - 79490 - 31169
2024-08-19,MT,Khánh Hòa,4,71498 - 61567 - 32856 - 60149 - 75289 - 92695
2024-08-19,MT,Khánh Hòa,5,43533 - 62516 - 71154
2024-08-19,MT,Khánh Hòa,6,83148 - 92786 - 60409
2024-08-19,MT,Khánh Hòa,7,93608 - 47594 - 90102 - 91194
2024-08-19,MT,Khánh Hòa,8,56421
2024-08-19,MN,TP. HCM,ĐB,40067
2024-08-19,MN,TP. HCM,1,63043
2024-08-19,MN,TP. HCM,2,05787
2024-08-19,MN,TP. HCM,3,64937 - 56655 - 36019 - 32012 - 67616 - 75108
2024-08-19,MN,TP. HCM,4,63113 - 23596 - 34884 - 89902 - 59455 - 29791
2024-08-19,MN,TP. HCM,5,44594 - 91755 - 37584
2024-08-19,MN,TP. HCM,6,03608 - 50295 - 43183
2024-08-19,MN,TP. HCM,7,61965 - 48089 - 24450 - 97577
2024-08-19,MN,TP. HCM,8,47207
2024-08-19,MN,Đồng Tháp,ĐB,38154
2024-08-19,MN,Đồng Tháp,1,95657
2024-08-19,MN,Đồng Tháp,2,74434
2024-08-19,MN,Đồng Tháp,3,75839 - 58900 - 05015 - 97614 - 65099 - 81380
2024-08-19,MN,Đồng Tháp,4,63357 - 07629 - 08464 - 63900 - 54926 - 46598
2024-08-19,MN,Đồng Tháp,5,33353 - 96477 - 71811
2024-08-19,MN,Đồng Tháp,6,41833 - 00282 - 59876
2024-08-19,MN,Đồng Tháp,7,92195 - 67117 - 58393 - 44081
2024-08-19,MN,Đồng Tháp,8,78316
2024-08-19,MN,Cà Mau,ĐB,03608
2024-08-19,MN,Cà Mau,1,27210
2024-08-19,MN,Cà Mau,2,89019
2024-08-19,MN,Cà Mau,3,84992 - 16430 - 26002 - 54364 - 96614 - 21991
2024-08-19,MN,Cà Mau,4,16880 - 13266 - 04783 - 95131 - 13919 - 10092
2024-08-19,MN,Cà Mau,5,34342 - 47395 - 51675
2024-08-19,MN,Cà Mau,6,29671 - 84625 - 69464
2024-08-19,MN,Cà Mau,7,74421 - 79075 - 04728 - 68413
2024-08-19,MN,Cà Mau,8,15892
2024-08-20,MB,Hà Nội,ĐB,65538
2024-08-20,MB,Hà Nội,1,54471
2024-08-20,MB,Hà Nội,2,86794
2024-08-20,MB,Hà Nội,3,90418 - 26740 - 57757 - 66602 - 65708 - 88982
2024-08-20,MB,Hà Nội,4,12126 - 50766 - 14216 - 28433 - 89948 - 96501
2024-08-20,MB,Hà Nội,5,35307 - 08197 - 12440
2024-08-20,MB,Hà Nội,6,61888 - 46652 - 68586
2024-08-20,MB,Hà Nội,7,18503 - 91928 - 73272 - 22405
2024-08-20,MT,Đà Nẵng,ĐB,83237
2024-08-20,MT,Đà Nẵng,1,94781
2024-08-20,MT,Đà Nẵng,2,53413
2024-08-20,MT,Đà Nẵng,3,63632 - 31079 - 33562 - 99867 - 69653 - 80992
2024-08-20,MT,Đà Nẵng,4,37249 - 65103 - 97081 - 14077 - 90736 - 92196
2024-08-20,MT,Đà Nẵng,5,64984 - 12052 - 63697
2024-08-20,MT,Đà Nẵng,6,34385 - 84510 - 82891
2024-08-20,MT,Đà Nẵng,7,86185 - 77750 - 16171 - 02198
2024-08-20,MT,Đà Nẵng,8,96123
2024-08-20,MT,Khánh Hòa,ĐB,50839
2024-08-20,MT,Khánh Hòa,1,28015
2024-08-20,MT,Khánh Hòa,2,12932
2024-08-20,MT,Khánh Hòa,3,18325 - 12828 - 30032 - 65663 - 14668 - 72374
2024-08-20,MT,Khánh Hòa,4,98562 - 97456 - 89707 - 56515 - 59481 - 30362
2024-08-20,MT,Khánh Hòa,5,70348 - 75072 - 67219
2024-08-20,MT,Khánh Hòa,6,81716 - 47212 - 90494
2024-08-20,MT,Khánh Hòa,7,73272 - 91483 - 39190 - 15434
2024-08-20,MT,Khánh Hòa,8,43323
2024-08-20,MN,TP. HCM,ĐB,35014
2024-08-20,MN,TP. HCM,1,83910
2024-08-20,MN,TP. HCM,2,95900
2024-08-20,MN,TP. HCM,3,03127 - 73218 - 00982 - 20215 - 83239 - 81828
2024-08-20,MN,TP. HCM,4,02164 - 59522 - 95787 - 20775 - 20917 - 61904
2024-08-20,MN,TP. HCM,5,83410 - 10150 - 64415
2024-08-20,MN,TP. HCM,6,23471 - 49935 - 79224
2024-08-20,MN,TP. HCM,7,25394 - 90330 - 12068 - 92020
2024-08-20,MN,TP. HCM,8,59399
2024-08-20,MN,Đồng Tháp,ĐB,83128
2024-08-20,MN,Đồng Tháp,1,47314
2024-08-20,MN,Đồng Tháp,2,14116
2024-08-20,MN,Đồng Tháp,3,44380 - 88111 - 48946 - 92064 - 94267 - 89411
2024-08-20,MN,Đồng Tháp,4,04907 - 26305 - 97151 - 12131 - 61206 - 96145
2024-08-20,MN,Đồng Tháp,5,57810 - 19821 - 42276
2024-08-20,MN,Đồng Tháp,6,85967 - 71158 - 31331
2024-08-20,MN,Đồng Tháp,7,43533 - 87300 - 93958 - 09437
2024-08-20,MN,Đồng Tháp,8,42068
2024-08-20,MN,Cà Mau,ĐB,11533
2024-08-20,MN,Cà Mau,1,04703
2024-08-20,MN,Cà Mau,2,29704
2024-08-20,MN,Cà Mau,3,90120 - 23410 - 24013 - 66877 - 70740 - 32863
2024-08-20,MN,Cà Mau,4,03376 - 33718 - 17984 - 77122 - 18665 - 90669
2024-08-20,MN,Cà Mau,5,23277 - 86558 - 69596
2024-08-20,MN,Cà Mau,6,74562 - 54514 - 45727
2024-08-20,MN,Cà Mau,7,54774 - 56006 - 54951 - 24890
2024-08-20,MN,Cà Mau,8,23047
2024-08-21,MB,Hà Nội,ĐB,92036
2024-08-21,MB,Hà Nội,1,04255
2024-08-21,MB,Hà Nội,2,89721
2024-08-21,MB,Hà Nội,3,49580 - 08453 - 26161 - 24086 - 92991 - 86687
2024-08-21,MB,Hà Nội,4,74299 - 06374 - 71184 - 67883 - 58387 - 44854
2024-08-21,MB,Hà Nội,5,57564 - 28915 - 32124
2024-08-21,MB,Hà Nội,6,49038 - 47493 - 11541
2024-08-21,MB,Hà Nội,7,52193 - 88333 - 28465 - 54901
2024-08-21,MT,Đà Nẵng,ĐB,26703
2024-08-21,MT,Đà Nẵng,1,99221
2024-08-21,MT,Đà Nẵng,2,51286
2024-08-21,MT,Đà Nẵng,3,38607 - 52510 - 45006 - 23571 - 22009 - 17297
2024-08-21,MT,Đà Nẵng,4,34490 - 06426 - 25192 - 22988 - 31119 - 33332
2024-08-21,MT,Đà Nẵng,5,96013 - 41731 - 74705
2024-08-21,MT,Đà Nẵng,6,93872 - 60882 - 66460
2024-08-21,MT,Đà Nẵng,7,51289 - 04107 - 14809 - 15558
2024-08-21,MT,Đà Nẵng,8,70162
2024-08-21,MT,Khánh Hòa,ĐB,68695
2024-08-21,MT,Khánh Hòa,1,61193
2024-08-21,MT,Khánh Hòa,2,49087
2024-08-21,MT,Khánh Hòa,3,51573 - 17446 - 58828 - 44428 - 63036 - 72342
2024-08-21,MT,Khánh Hòa,4,03876 - 40784 - 08038 - 65907 - 84453 - 85970
2024-08-21,MT,Khánh Hòa,5,31259 - 70484 - 61460
2024-08-21,MT,Khánh Hòa,6,26477 - 38279 - 55694
2024-08-21,MT,Khánh Hòa,7,07304 - 28223 - 24308 - 43181
2024-08-21,MT,Khánh Hòa,8,76354
2024-08-21,MN,TP. HCM,ĐB,87189
2024-08-21,MN,TP. HCM,1,63684
2024-08-21,MN,TP. HCM,2,35104
2024-08-21,MN,TP. HCM,3,65698 - 35364 - 30927 - 34551 - 66113 - 51778
2024-08-21,MN,TP. HCM,4,65269 - 29153 - 42186 - 58210 - 48033 - 01650
2024-08-21,MN,TP. HCM,5,19747 - 45940 - 17400
2024-08-21,MN,TP. HCM,6,97277 - 08732 - 82847
2024-08-21,MN,TP. HCM,7,34099 - 48734 - 76152 - 06921
2024-08-21,MN,TP. HCM,8,12738
2024-08-21,MN,Đồng Tháp,ĐB,00659
2024-08-21,MN,Đồng Tháp,1,74622
2024-08-21,MN,Đồng Tháp,2,28196
2024-08-21,MN,Đồng Tháp,3,78146 - 96476 - 27034 - 03683 - 15265 - 30811
2024-08-21,MN,Đồng Tháp,4,79785 - 98193 - 76860 - 58911 - 76200 - 06435
2024-08-21,MN,Đồng Tháp,5,99752 - 24098 - 04345
2024-08-21,MN,Đồng Tháp,6,77228 - 84793 - 90887
2024-08-21,MN,Đồng Tháp,7,63660 - 16252 - 16250 - 28304
2024-08-21,MN,Đồng Tháp,8,39692
2024-08-21,MN,Cà Mau,ĐB,62180
2024-08-21,MN,Cà Mau,1,38961
2024-08-21,MN,Cà Mau,2,08058
2024-08-21,MN,Cà Mau,3,28283 - 93682 - 38700 - 68943 - 56259 - 41233
2024-08-21,MN,Cà Mau,4,23726 - 01766 - 71461 - 56641 - 10427 - 06711
2024-08-21,MN,Cà Mau,5,34364 - 50361 - 06398
2024-08-21,MN,Cà Mau,6,75237 - 24554 - 56960
2024-08-21,MN,Cà Mau,7,42700 - 09517 - 98345 - 52562
2024-08-21,MN,Cà Mau,8,06860
2024-08-22,MB,Hà Nội,ĐB,37605
2024-08-22,MB,Hà Nội,1,33221
2024-08-22,MB,Hà Nội,2,05951
2024-08-22,MB,Hà Nội,3,82663 - 34326 - 65771 - 15356 - 72988 - 99160
2024-08-22,MB,Hà Nội,4,10845 - 83289 - 72195 - 91981 - 24709 - 10916
2024-08-22,MB,Hà Nội,5,73834 - 34406 - 22741
2024-08-22,MB,Hà Nội,6,79384 - 14202 - 58893
2024-08-22,MB,Hà Nội,7,15971 - 68356 - 67588 - 52739
2024-08-22,MT,Đà Nẵng,ĐB,31623
2024-08-22,MT,Đà Nẵng,1,78287
2024-08-22,MT,Đà Nẵng,2,43419
2024-08-22,MT,Đà Nẵng,3,78435 - 58213 - 26542 - 49466 - 95760 - 80714
2024-08-22,MT,Đà Nẵng,4,17340 - 26008 - 90129 - 87897 - 02399 - 29699
2024-08-22,MT,Đà Nẵng,5,10727 - 89313 - 42930
2024-08-22,MT,Đà Nẵng,6,30533 - 32416 - 61365
2024-08-22,MT,Đà Nẵng,7,32331 - 65747 - 00324 - 95330
2024-08-22,MT,Đà Nẵng,8,94855
2024-08-22,MT,Khánh Hòa,ĐB,49530
2024-08-22,MT,Khánh Hòa,1,42247
2024-08-22,MT,Khánh Hòa,2,78494
2024-08-22,MT,Khánh Hòa,3,02975 - 38468 - 44696 - 51524 - 42038 - 79891
2024-08-22,MT,Khánh Hòa,4,22301 - 13542 - 11527 - 06196 - 12045 - 54741
2024-08-22,MT,Khánh Hòa,5,26943 - 06813 - 65006
2024-08-22,MT,Khánh Hòa,6,70729 - 39146 - 87606
2024-08-22,MT,Khánh Hòa,7,99996 - 70732 - 84508 - 64814
2024-08-22,MT,Khánh Hòa,8,86200
2024-08-22,MN,TP. HCM,ĐB,25005
2024-08-22,MN,TP. HCM,1,09368
2024-08-22,MN,TP. HCM,2,35180
2024-08-22,MN,TP. HCM,3,73301 - 83436 - 17649 - 37362 - 69556 - 64583
2024-08-22,MN,TP. HCM,4,60261 - 56425 - 38269 - 75905 - 40996 - 02574
2024-08-22,MN,TP. HCM,5,11704 - 78757 - 10918
2024-08-22,MN,TP. HCM,6,15262 - 82348 - 19179
2024-08-22,MN,TP. HCM,7,90618 - 47025 - 73675 - 18765
2024-08-22,MN,TP. HCM,8,96831
2024-08-22,MN,Đồng Tháp,ĐB,34795
2024-08-22,MN,Đồng Tháp,1,23528
2024-08-22,MN,Đồng Tháp,2,49767
2024-08-22,MN,Đồng Tháp,3,02823 - 45650 - 62965 - 70260 - 45967 - 09838
2024-08-22,MN,Đồng Tháp,4,86129 - 48080 - 86525 - 02726 - 07743 - 29097
2024-08-22,MN,Đồng Tháp,5,54746 - 47932 - 19425
2024-08-22,MN,Đồng Tháp,6,71395 - 64888 - 70069
2024-08-22,MN,Đồng Tháp,7,70847 - 78091 - 45788 - 35634
2024-08-22,MN,Đồng Tháp,8,35600
2024-08-22,MN,Cà Mau,ĐB,44722
2024-08-22,MN,Cà Mau,1,42101
2024-08-22,MN,Cà Mau,2,73481
2024-08-22,MN,Cà Mau,3,03635 - 10943 - 62486 - 99454 - 49197 - 59433
2024-08-22,MN,Cà Mau,4,24802 - 12008 - 66808 - 44499 - 31010 - 88671
2024-08-22,MN,Cà Mau,5,22972 - 92416 - 23756
2024-08-22,MN,Cà Mau,6,46808 - 42770 - 79549
2024-08-22,MN,Cà Mau,7,38262 - 03451 - 28749 - 89353
2024-08-22,MN,Cà Mau,8,93153
2024-08-23,MB,Hà Nội,ĐB,27479
2024-08-23,MB,Hà Nội,1,65465
2024-08-23,MB,Hà Nội,2,00695
2024-08-23,MB,Hà Nội,3,20895 - 35097 - 09164 - 74466 - 56910 - 36956
2024-08-23,MB,Hà Nội,4,27650 - 44018 - 06714 - 80784 - 25133 - 73021
2024-08-23,MB,Hà Nội,5,76467 - 56373 - 63317
2024-08-23,MB,Hà Nội,6,21669 - 85519 - 17391
2024-08-23,MB,Hà Nội,7,58404 - 28802 - 18965 - 63860
2024-08-23,MT,Đà Nẵng,ĐB,70472
2024-08-23,MT,Đà Nẵng,1,11459
2024-08-23,MT,Đà Nẵng,2,67004
2024-08-23,MT,Đà Nẵng,3,92058 - 61047 - 85901 - 96802 - 33567 - 90477
2024-08-23,MT,Đà Nẵng,4,04928 - 89633 - 02657 - 94762 - 86158 - 64212
2024-08-23,MT,Đà Nẵng,5,11790 - 37273 - 86798
2024-08-23,MT,Đà Nẵng,6,02447 - 22239 - 62455
2024-08-23,MT,Đà Nẵng,7,52337 - 23500 - 60940 - 53396
2024-08-23,MT,Đà Nẵng,8,82613
2024-08-23,MT,Khánh Hòa,ĐB,65975
2024-08-23,MT,Khánh Hòa,1,25006
2024-08-23,MT,Khánh Hòa,2,53469
2024-08-23,MT,Khánh Hòa,3,55461 - 66668 - 38851 - 95357 - 84234 - 31729
2024-08-23,MT,Khánh Hòa,4,05836 - 64229 - 37595 - 80683 - 14615 - 46905
2024-08-23,MT,Khánh Hòa,5,78118 - 05405 - 01292
2024-08-23,MT,Khánh Hòa,6,95074 - 01352 - 29143
2024-08-23,MT,Khánh Hòa,7,05298 - 76768 - 46948 - 02381
2024-08-23,MT,Khánh Hòa,8,53217
2024-08-23,MN,TP. HCM,ĐB,46286
2024-08-23,MN,TP. HCM,1,96931
2024-08-23,MN,TP. HCM,2,89592
2024-08-23,MN,TP. HCM,3,90511 - 14783 - 39584 - 41032 - 36531 - 72896
2024-08-23,MN,TP. HCM,4,00120 - 21325 - 98867 - 84280 - 93667 - 09172
2024-08-23,MN,TP. HCM,5,47873 - 11877 - 22639
2024-08-23,MN,TP. HCM,6,07693 - 57474 - 21600
2024-08-23,MN,TP. HCM,7,22623 - 10589 - 70131 - 19462
2024-08-23,MN,TP. HCM,8,26655
2024-08-23,MN,Đồng Tháp,ĐB,50972
2024-08-23,MN,Đồng Tháp,1,20699
2024-08-23,MN,Đồng Tháp,2,04673
2024-08-23,MN,Đồng Tháp,3,64058 - 16723 - 33426 - 60978 - 75248 - 41060
2024-08-23,MN,Đồng Tháp,4,76805 - 16319 - 56250 - 41165 - 58122 - 92020
2024-08-23,MN,Đồng Tháp,5,09035 - 33419 - 54748
2024-08-23,MN,Đồng Tháp,6,57175 - 41677 - 95863
2024-08-23,MN,Đồng Tháp,7,78958 - 14044 - 62482 - 34090
2024-08-23,MN,Đồng Tháp,8,70156
2024-08-23,MN,Cà Mau,ĐB,31029
2024-08-23,MN,Cà Mau,1,00567
2024-08-23,MN,Cà Mau,2,95251
2024-08-23,MN,Cà Mau,3,56338 - 39579 - 46390 - 10952 - 05170 - 21044
2024-08-23,MN,Cà Mau,4,46837 - 53113 - 18241 - 33650 - 65126 - 78378
2024-08-23,MN,Cà Mau,5,77105 - 14495 - 45844
2024-08-23,MN,Cà Mau,6,56084 - 98310 - 58637
2024-08-23,MN,Cà Mau,7,21136 - 17608 - 86890 - 01927
2024-08-23,MN,Cà Mau,8,26407
2024-08-24,MB,Hà Nội,ĐB,78676
2024-08-24,MB,Hà Nội,1,10536
2024-08-24,MB,Hà Nội,2,19736
2024-08-24,MB,Hà Nội,3,41145 - 92706 - 64887 - 24527 - 11689 - 06185
2024-08-24,MB,Hà Nội,4,06975 - 69578 - 14034 - 37443 - 98366 - 57489
2024-08-24,MB,Hà Nội,5,47249 - 16308 - 56974
2024-08-24,MB,Hà Nội,6,48142 - 71169 - 04069
2024-08-24,MB,Hà Nội,7,46407 - 39273 - 12748 - 72774
2024-08-24,MT,Đà Nẵng,ĐB,49607
2024-08-24,MT,Đà Nẵng,1,86983
2024-08-24,MT,Đà Nẵng,2,28149
2024-08-24,MT,Đà Nẵng,3,72985 - 54949 - 43499 - 86767 - 07678 - 31922
2024-08-24,MT,Đà Nẵng,4,10105 - 32460 - 39722 - 17963 - 26307 - 56751
2024-08-24,MT,Đà Nẵng,5,57846 - 04869 - 69353
2024-08-24,MT,Đà Nẵng,6,46399 - 60853 - 30681
2024-08-24,MT,Đà Nẵng,7,48055 - 27934 - 32396 - 20837
2024-08-24,MT,Đà Nẵng,8,81861
2024-08-24,MT,Khánh Hòa,ĐB,62644
2024-08-24,MT,Khánh Hòa,1,32671
2024-08-24,MT,Khánh Hòa,2,10854
2024-08-24,MT,Khánh Hòa,3,96631 - 91638 - 49732 - 10166 - 75448 - 38487
2024-08-24,MT,Khánh Hòa,4,08879 - 33099 - 69894 - 34807 - 96883 - 04169
2024-08-24,MT,Khánh Hòa,5,65065 - 38044 - 43389
2024-08-24,MT,Khánh Hòa,6,26222 - 62962 - 72926
2024-08-24,MT,Khánh Hòa,7,60339 - 51518 - 73056 - 66525
2024-08-24,MT,Khánh Hòa,8,35811
2024-08-24,MN,TP. HCM,ĐB,55774
2024-08-24,MN,TP. HCM,1,75827
2024-08-24,MN,TP. HCM,2,82569
2024-08-24,MN,TP. HCM,3,18852 - 43016 - 68424 - 57026 - 96925 - 69858
2024-08-24,MN,TP. HCM,4,76719 - 34792 - 08831 - 89764 - 17108 - 67158
2024-08-24,MN,TP. HCM,5,15603 - 77533 - 09374
2024-08-24,MN,TP. HCM,6,78355 - 29351 - 69853
2024-08-24,MN,TP. HCM,7,29737 - 16851 - 27045 - 70065
2024-08-24,MN,TP. HCM,8,86565
2024-08-24,MN,Đồng Tháp,ĐB,05017
2024-08-24,MN,Đồng Tháp,1,31958
2024-08-24,MN,Đồng Tháp,2,62013
2024-08-24,MN,Đồng Tháp,3,69038 - 41767 - 77786 - 40215 - 55163 - 85624
2024-08-24,MN,Đồng Tháp,4,50200 - 20236 - 35318 - 53718 - 28273 - 84256
2024-08-24,MN,Đồng Tháp,5,07190 - 89285 - 32397
2024-08-24,MN,Đồng Tháp,6,71145 - 37240 - 28326
2024-08-24,MN,Đồng Tháp,7,72314 - 08884 - 68164 - 61933
2024-08-24,MN,Đồng Tháp,8,69483
2024-08-24,MN,Cà Mau,ĐB,53854
2024-08-24,MN,Cà Mau,1,43824
2024-08-24,MN,Cà Mau,2,62911
2024-08-24,MN,Cà Mau,3,40169 - 05680 - 11625 - 51425 - 13413 - 03824
2024-08-24,MN,Cà Mau,4,70831 - 22652 - 39966 - 39256 - 65148 - 13240
2024-08-24,MN,Cà Mau,5,35379 - 84300 - 66990
2024-08-24,MN,Cà Mau,6,59009 - 80938 - 63936
2024-08-24,MN,Cà Mau,7,27689 - 61281 - 97378 - 02107
2024-08-24,MN,Cà Mau,8,17974
2024-08-25,MB,Hà Nội,ĐB,41885
2024-08-25,MB,Hà Nội,1,80579
2024-08-25,MB,Hà Nội,2,27772
2024-08-25,MB,Hà Nội,3,46722 - 16534 - 04648 - 17596 - 00678 - 06362
2024-08-25,MB,Hà Nội,4,03197 - 16399 - 41365 - 58146 - 82273 - 27442
2024-08-25,MB,Hà Nội,5,44583 - 33291 - 24745
2024-08-25,MB,Hà Nội,6,26769 - 85057 - 59060
2024-08-25,MB,Hà Nội,7,08301 - 52072 - 66937 - 92736
2024-08-25,MT,Đà Nẵng,ĐB,46386
2024-08-25,MT,Đà Nẵng,1,14889
2024-08-25,MT,Đà Nẵng,2,70448
2024-08-25,MT,Đà Nẵng,3,90296 - 23814 - 49458 - 69485 - 54611 - 43460
2024-08-25,MT,Đà Nẵng,4,85332 - 90283 - 13526 - 61075 - 40393 - 14075
2024-08-25,MT,Đà Nẵng,5,35620 - 77660 - 15502
2024-08-25,MT,Đà Nẵng,6,64062 - 93967 - 20170
2024-08-25,MT,Đà Nẵng,7,83868 - 60560 - 12582 - 03210
2024-08-25,MT,Đà Nẵng,8,08766
2024-08-25,MT,Khánh Hòa,ĐB,41414
2024-08-25,MT,Khánh Hòa,1,51706
2024-08-25,MT,Khánh Hòa,2,14843
2024-08-25,MT,Khánh Hòa,3,73932 - 11754 - 25774 - 57836 - 47397 - 96177
2024-08-25,MT,Khánh Hòa,4,60549 - 41260 - 14342 - 51928 - 74012 - 75407
2024-08-25,MT,Khánh Hòa,5,52247 - 72550 - 47974
2024-08-25,MT,Khánh Hòa,6,31831 - 71453 - 06895
2024-08-25,MT,Khánh Hòa,7,76713 - 22374 - 53209 - 73387
2024-08-25,MT,Khánh Hòa,8,40144
2024-08-25,MN,TP. HCM,ĐB,37350
2024-08-25,MN,TP. HCM,1,90579
2024-08-25,MN,TP. HCM,2,96991
2024-08-25,MN,TP. HCM,3,56036 - 80380 - 41760 - 63284 - 56865 - 26935
2024-08-25,MN,TP. HCM,4,91306 - 61795 - 31161 - 57312 - 04055 - 07173
2024-08-25,MN,TP. HCM,5,27825 - 98926 - 29620
2024-08-25,MN,TP. HCM,6,58715 - 20247 - 35207
2024-08-25,MN,TP. HCM,7,92701 - 75556 - 13915 - 53387
2024-08-25,MN,TP. HCM,8,58717
2024-08-25,MN,Đồng Tháp,ĐB,43891
2024-08-25,MN,Đồng Tháp,1,53358
2024-08-25,MN,Đồng Tháp,2,52089
2024-08-25,MN,Đồng Tháp,3,96132 - 37056 - 00561 - 74317 - 37624 - 76070
2024-08-25,MN,Đồng Tháp,4,80408 - 81672 - 32485 - 31227 - 83560 - 59809
2024-08-25,MN,Đồng Tháp,5,03918 - 42315 - 01072
2024-08-25,MN,Đồng Tháp,6,37738 - 28221 - 71420
2024-08-25,MN,Đồng Tháp,7,32470 - 47448 - 87048 - 13689
2024-08-25,MN,Đồng Tháp,8,19990
2024-08-25,MN,Cà Mau,ĐB,92487
2024-08-25,MN,Cà Mau,1,28780
2024-08-25,MN,Cà Mau,2,28903
2024-08-25,MN,Cà Mau,3,08638 - 69492 - 00483 - 14707 - 93663 - 46742
2024-08-25,MN,Cà Mau,4,13438 - 74612 - 40566 - 63360 - 00172 - 33535
2024-08-25,MN,Cà Mau,5,05129 - 78372 - 40449
2024-08-25,MN,Cà Mau,6,83369 - 62511 - 95347
2024-08-25,MN,Cà Mau,7,18458 - 70576 - 48844 - 08497
2024-08-25,MN,Cà Mau,8,43555
2024-08-26,MB,Hà Nội,ĐB,18959
2024-08-26,MB,Hà Nội,1,50170
2024-08-26,MB,Hà Nội,2,00704
2024-08-26,MB,Hà Nội,3,61723 - 43701 - 95444 - 34931 - 56061 - 13863
2024-08-26,MB,Hà Nội,4,86906 - 60328 - 30041 - 80712 - 69011 - 79645
2024-08-26,MB,Hà Nội,5,77138 - 77222 - 25194
2024-08-26,MB,Hà Nội,6,46005 - 19798 - 61944
2024-08-26,MB,Hà Nội,7,62518 - 19587 - 25508 - 72028
2024-08-26,MT,Đà Nẵng,ĐB,21742
2024-08-26,MT,Đà Nẵng,1,25203
2024-08-26,MT,Đà Nẵng,2,05796
2024-08-26,MT,Đà Nẵng,3,93926 - 39114 - 51432 - 17136 - 64256 - 08669
2024-08-26,MT,Đà Nẵng,4,16392 - 71902 - 60609 - 56123 - 08319 - 38178
2024-08-26,MT,Đà Nẵng,5,82814 - 83988 - 50814
2024-08-26,MT,Đà Nẵng,6,75375 - 37889 - 58695
2024-08-26,MT,Đà Nẵng,7,60461 - 11882 - 94177 - 96850
2024-08-26,MT,Đà Nẵng,8,15873
2024-08-26,MT,Khánh Hòa,ĐB,12381
2024-08-26,MT,Khánh Hòa,1,28135
2024-08-26,MT,Khánh Hòa,2,91539
2024-08-26,MT,Khánh Hòa,3,24204 - 33313 - 28538 - 01028 - 50364 - 60192
2024-08-26,MT,Khánh Hòa,4,74289 - 27318 - 30854 - 31450 - 34633 - 68622
2024-08-26,MT,Khánh Hòa,5,56871 - 75422 - 27958
2024-08-26,MT,Khánh Hòa,6,02596 - 41573 - 22533
2024-08-26,MT,Khánh Hòa,7,61118 - 09404 - 93671 - 57031
2024-08-26,MT,Khánh Hòa,8,36518
2024-08-26,MN,TP. HCM,ĐB,17853
2024-08-26,MN,TP. HCM,1,64805
2024-08-26,MN,TP. HCM,2,11561
2024-08-26,MN,TP. HCM,3,20820 - 78613 - 16845 - 37268 - 48789 - 26431
2024-08-26,MN,TP. HCM,4,02235 - 62487 - 44514 - 49449 - 56222 - 53738
2024-08-26,MN,TP. HCM,5,08732 - 47920 - 70069
2024-08-26,MN,TP. HCM,6,81425 - 26154 - 86696
2024-08-26,MN,TP. HCM,7,64439 - 89001 - 96463 - 47611
2024-08-26,MN,TP. HCM,8,42291
2024-08-26,MN,Đồng Tháp,ĐB,59648
2024-08-26,MN,Đồng Tháp,1,01787
2024-08-26,MN,Đồng Tháp,2,91909
2024-08-26,MN,Đồng Tháp,3,22017 - 39764 - 00207 - 30737 - 72315 - 02465
2024-08-26,MN,Đồng Tháp,4,67893 - 60241 - 19282 - 28870 - 78048 - 80353
2024-08-26,MN,Đồng Tháp,5,48534 - 44069 - 34564
2024-08-26,MN,Đồng Tháp,6,50052 - 75592 - 57761
2024-08-26,MN,Đồng Tháp,7,78052 - 21277 - 95867 - 69510
2024-08-26,MN,Đồng Tháp,8,24415
2024-08-26,MN,Cà Mau,ĐB,57455
2024-08-26,MN,Cà Mau,1,22500
2024-08-26,MN,Cà Mau,2,77776
2024-08-26,MN,Cà Mau,3,93385 - 81757 - 80650 - 29921 - 62007 - 86829
2024-08-26,MN,Cà Mau,4,41713 - 14806 - 31664 - 49644 - 57377 - 31733
2024-08-26,MN,Cà Mau,5,76645 - 13384 - 30817
2024-08-26,MN,Cà Mau,6,85159 - 95508 - 31156
2024-08-26,MN,Cà Mau,7,96945 - 93647 - 66741 - 86408
2024-08-26,MN,Cà Mau,8,83768
2024-08-27,MB,Hà Nội,ĐB,77986
2024-08-27,MB,Hà Nội,1,46005
2024-08-27,MB,Hà Nội,2,59290
2024-08-27,MB,Hà Nội,3,14599 - 90009 - 56187 - 82393 - 81880 - 46261
2024-08-27,MB,Hà Nội,4,44972 - 07789 - 05271 - 69057 - 66145 - 34481
2024-08-27,MB,Hà Nội,5,27538 - 14861 - 28711
2024-08-27,MB,Hà Nội,6,45924 - 09809 - 38015
2024-08-27,MB,Hà Nội,7,98116 - 96130 - 66248 - 99236
2024-08-27,MT,Đà Nẵng,ĐB,11931
2024-08-27,MT,Đà Nẵng,1,27456
2024-08-27,MT,Đà Nẵng,2,95776
2024-08-27,MT,Đà Nẵng,3,99511 - 99047 - 30965 - 54579 - 63480 - 89823
2024-08-27,MT,Đà Nẵng,4,09104 - 44685 - 59051 - 08722 - 39960 - 54295
2024-08-27,MT,Đà Nẵng,5,83739 - 76457 - 94326
2024-08-27,MT,Đà Nẵng,6,52542 - 57260 - 97402
2024-08-27,MT,Đà Nẵng,7,92186 - 57676 - 49772 - 74217
2024-08-27,MT,Đà Nẵng,8,01002
2024-08-27,MT,Khánh Hòa,ĐB,20011
2024-08-27,MT,Khánh Hòa,1,86211
2024-08-27,MT,Khánh Hòa,2,02689
2024-08-27,MT,Khánh Hòa,3,75621 - 20995 - 60828 - 97868 - 54175 - 72865
2024-08-27,MT,Khánh Hòa,4,04423 - 70388 - 57225 - 49045 - 92761 - 75757
2024-08-27,MT,Khánh Hòa,5,25693 - 44603 - 74411
2024-08-27,MT,Khánh Hòa,6,52276 - 54573 - 18884
2024-08-27,MT,Khánh Hòa,7,82256 - 76191 - 69330 - 04541
2024-08-27,MT,Khánh Hòa,8,02241
2024-08-27,MN,TP. HCM,ĐB,36266
2024-08-27,MN,TP. HCM,1,57040
2024-08-27,MN,TP. HCM,2,03242
2024-08-27,MN,TP. HCM,3,07877 - 39856 - 91759 - 41397 - 23890 - 06627
2024-08-27,MN,TP. HCM,4,90701 - 90223 - 88871 - 88120 - 99707 - 14126
2024-08-27,MN,TP. HCM,5,57920 - 48459 - 97065
2024-08-27,MN,TP. HCM,6,28540 - 16134 - 96685
2024-08-27,MN,TP. HCM,7,25051 - 64084 - 94860 - 07977
2024-08-27,MN,TP. HCM,8,34888
2024-08-27,MN,Đồng Tháp,ĐB,36099
2024-08-27,MN,Đồng Tháp,1,22777
2024-08-27,MN,Đồng Tháp,2,30533
2024-08-27,MN,Đồng Tháp,3,56758 - 69871 - 75818 - 36806 - 71128 - 04987
2024-08-27,MN,Đồng Tháp,4,11468 - 38566 - 60794 - 66404 - 33907 - 56924
2024-08-27,MN,Đồng Tháp,5,39632 - 30054 - 31842
2024-08-27,MN,Đồng Tháp,6,76794 - 82915 - 38274
2024-08-27,MN,Đồng Tháp,7,28935 - 01257 - 79884 - 42630
2024-08-27,MN,Đồng Tháp,8,81520
2024-08-27,MN,Cà Mau,ĐB,82836
2024-08-27,MN,Cà Mau,1,13586
2024-08-27,MN,Cà Mau,2,98743
2024-08-27,MN,Cà Mau,3,19319 - 20223 - 39847 - 57620 - 68520 - 66028
2024-08-27,MN,Cà Mau,4,17795 - 70600 - 00183 - 51057 - 07755 - 33405
2024-08-27,MN,Cà Mau,5,25614 - 33547 - 40923
2024-08-27,MN,Cà Mau,6,28296 - 04076 - 55212
2024-08-27,MN,Cà Mau,7,47032 - 22096 - 74318 - 91769
2024-08-27,MN,Cà Mau,8,83579
2024-08-28,MB,Hà Nội,ĐB,58553
2024-08-28,MB,Hà Nội,1,95085
2024-08-28,MB,Hà Nội,2,85362
2024-08-28,MB,Hà Nội,3,59506 - 21335 - 83965 - 64038 - 58585 - 90847
2024-08-28,MB,Hà Nội,4,24506 - 25431 - 80255 - 43281 - 48581 - 40511
2024-08-28,MB,Hà Nội,5,86077 - 43171 - 86612
2024-08-28,MB,Hà Nội,6,68223 - 10774 - 40490
2024-08-28,MB,Hà Nội,7,81324 - 17308 - 36685 - 14278
2024-08-28,MT,Đà Nẵng,ĐB,64832
2024-08-28,MT,Đà Nẵng,1,53963
2024-08-28,MT,Đà Nẵng,2,95098
2024-08-28,MT,Đà Nẵng,3,01387 - 17601 - 36101 - 29213 - 48674 - 43423
2024-08-28,MT,Đà Nẵng,4,65216 - 98020 - 88354 - 61105 - 26916 - 62780
2024-08-28,MT,Đà Nẵng,5,64161 - 33432 - 88155
2024-08-28,MT,Đà Nẵng,6,49648 - 94715 - 88100
2024-08-28,MT,Đà Nẵng,7,44247 - 02470 - 46607 - 41289
2024-08-28,MT,Đà Nẵng,8,78914
2024-08-28,MT,Khánh Hòa,ĐB,82432
2024-08-28,MT,Khánh Hòa,1,96668
2024-08-28,MT,Khánh Hòa,2,54728
2024-08-28,MT,Khánh Hòa,3,06685 - 82600 - 77950 - 75785 - 86814 - 79700
2024-08-28,MT,Khánh Hòa,4,44577 - 70586 - 30073 - 98828 - 19822 - 81957
2024-08-28,MT,Khánh Hòa,5,84871 - 50023 - 96833
2024-08-28,MT,Khánh Hòa,6,86625 - 16749 - 37986
2024-08-28,MT,Khánh Hòa,7,90041 - 74511 - 49744 - 94879
2024-08-28,MT,Khánh Hòa,8,23318
2024-08-28,MN,TP. HCM,ĐB,68025
2024-08-28,MN,TP. HCM,1,52615
2024-08-28,MN,TP. HCM,2,19406
2024-08-28,MN,TP. HCM,3,47555 - 87849 - 96164 - 18989 - 04758 - 94541
2024-08-28,MN,TP. HCM,4,62579 - 27060 - 78657 - 05376 - 21879 - 02027
2024-08-28,MN,TP. HCM,5,79719 - 49423 - 68346
2024-08-28,MN,TP. HCM,6,86423 - 33282 - 56338
2024-08-28,MN,TP. HCM,7,42651 - 35398 - 28416 - 26533
2024-08-28,MN,TP. HCM,8,52453
2024-08-28,MN,Đồng Tháp,ĐB,20753
2024-08-28,MN,Đồng Tháp,1,67267
2024-08-28,MN,Đồng Tháp,2,19205
2024-08-28,MN,Đồng Tháp,3,42470 - 20873 - 43791 - 33034 - 37140 - 75824
2024-08-28,MN,Đồng Tháp,4,85980 - 07230 - 68107 - 86855 - 51808 - 05313
2024-08-28,MN,Đồng Tháp,5,65040 - 29925 - 16350
2024-08-28,MN,Đồng Tháp,6,94531 - 51990 - 40393
2024-08-28,MN,Đồng Tháp,7,73155 - 26601 - 40647 - 54887
2024-08-28,MN,Đồng Tháp,8,76814
2024-08-28,MN,Cà Mau,ĐB,90932
2024-08-28,MN,Cà Mau,1,82420
2024-08-28,MN,Cà Mau,2,56776
2024-08-28,MN,Cà Mau,3,72780 - 83920 - 71860 - 24900 - 47139 - 81115
2024-08-28,MN,Cà Mau,4,55514 - 26054 - 14090 - 40754 - 54033 - 03058
2024-08-28,MN,Cà Mau,5,60642 - 58212 - 65323
2024-08-28,MN,Cà Mau,6,59822 - 96454 - 56085
2024-08-28,MN,Cà Mau,7,91242 - 08664 - 69476 - 35358
2024-08-28,MN,Cà Mau,8,16321
2024-08-29,MB,Hà Nội,ĐB,09268
2024-08-29,MB,Hà Nội,1,31248
2024-08-29,MB,Hà Nội,2,21075
2024-08-29,MB,Hà Nội,3,20787 - 90791 - 86756 - 91361 - 59724 - 37776
2024-08-29,MB,Hà Nội,4,65437 - 65656 - 84069 - 94574 - 77309 - 14849
2024-08-29,MB,Hà Nội,5,61788 - 83274 - 38145
2024-08-29,MB,Hà Nội,6,62410 - 87661 - 67031
2024-08-29,MB,Hà Nội,7,37065 - 15503 - 93602 - 45079
2024-08-29,MT,Đà Nẵng,ĐB,13923
2024-08-29,MT,Đà Nẵng,1,02007
2024-08-29,MT,Đà Nẵng,2,52966
2024-08-29,MT,Đà Nẵng,3,07731 - 80114 - 49772 - 28990 - 18852 - 61010
2024-08-29,MT,Đà Nẵng,4,65166 - 18170 - 66787 - 07163 - 99153 - 10672
2024-08-29,MT,Đà Nẵng,5,56632 - 43383 - 49364
2024-08-29,MT,Đà Nẵng,6,26506 - 58302 - 90932
2024-08-29,MT,Đà Nẵng,7,92351 - 04733 - 35706 - 11357
2024-08-29,MT,Đà Nẵng,8,90318
2024-08-29,MT,Khánh Hòa,ĐB,23607
2024-08-29,MT,Khánh Hòa,1,97688
2024-08-29,MT,Khánh Hòa,2,09575
2024-08-29,MT,Khánh Hòa,3,12089 - 12441 - 05799 - 33851 - 12033 - 66962
2024-08-29,MT,Khánh Hòa,4,81398 - 44995 - 49496 - 24615 - 73556 - 76987
2024-08-29,MT,Khánh Hòa,5,94652 - 46811 - 21817
2024-08-29,MT,Khánh Hòa,6,75200 - 69681 - 61132
2024-08-29,MT,Khánh Hòa,7,89812 - 96301 - 79227 - 43068
2024-08-29,MT,Khánh Hòa,8,90508
2024-08-29,MN,TP. HCM,ĐB,99025
2024-08-29,MN,TP. HCM,1,27857
2024-08-29,MN,TP. HCM,2,84771
2024-08-29,MN,TP. HCM,3,33597 - 68550 - 66116 - 27897 - 74737 - 92351
2024-08-29,MN,TP. HCM,4,27400 - 00886 - 47932 - 93312 - 55485 - 17247
2024-08-29,MN,TP. HCM,5,42557 - 36057 - 54794
2024-08-29,MN,TP. HCM,6,41335 - 63458 - 43299
2024-08-29,MN,TP. HCM,7,75443 - 31733 - 73233 - 13080
2024-08-29,MN,TP. HCM,8,00932
2024-08-29,MN,Đồng Tháp,ĐB,65146
2024-08-29,MN,Đồng Tháp,1,78289
2024-08-29,MN,Đồng Tháp,2,20334
2024-08-29,MN,Đồng Tháp,3,74717 - 39315 - 36387 - 21591 - 88980 - 58317
2024-08-29,MN,Đồng Tháp,4,05225 - 76557 - 57551 - 53379 - 55548 - 66134
2024-08-29,MN,Đồng Tháp,5,64434 - 62572 - 51522
2024-08-29,MN,Đồng Tháp,6,37030 - 67357 - 11597
2024-08-29,MN,Đồng Tháp,7,07614 - 21451 - 00716 - 18389
2024-08-29,MN,Đồng Tháp,8,23392
2024-08-29,MN,Cà Mau,ĐB,33755
2024-08-29,MN,Cà Mau,1,21127
2024-08-29,MN,Cà Mau,2,85537
2024-08-29,MN,Cà Mau,3,73029 - 64211 - 39502 - 26582 - 90086 - 34988
2024-08-29,MN,Cà Mau,4,13475 - 46390 - 82366 - 55817 - 30417 - 43045
2024-08-29,MN,Cà Mau,5,05943 - 67083 - 29094
2024-08-29,MN,Cà Mau,6,52505 - 90018 - 37707
2024-08-29,MN,Cà Mau,7,42068 - 10000 - 88307 - 71435
2024-08-29,MN,Cà Mau,8,82677
2024-08-30,MB,Hà Nội,ĐB,80680
2024-08-30,MB,Hà Nội,1,45722
2024-08-30,MB,Hà Nội,2,00827
2024-08-30,MB,Hà Nội,3,26939 - 96356 - 21135 - 37156 - 58023 - 45493
2024-08-30,MB,Hà Nội,4,66492 - 26824 - 40227 - 59527 - 10399 - 59073
2024-08-30,MB,Hà Nội,5,26737 - 71818 - 66364
2024-08-30,MB,Hà Nội,6,91153 - 29596 - 66463
2024-08-30,MB,Hà Nội,7,47307 - 57909 - 62779 - 96820
2024-08-30,MT,Đà Nẵng,ĐB,57094
2024-08-30,MT,Đà Nẵng,1,18246
2024-08-30,MT,Đà Nẵng,2,72769
2024-08-30,MT,Đà Nẵng,3,59477 - 43815 - 71214 - 85874 - 60040 - 87379
2024-08-30,MT,Đà Nẵng,4,50975 - 52294 - 81217 - 30490 - 04849 - 49291
2024-08-30,MT,Đà Nẵng,5,59510 - 68732 - 61772
2024-08-30,MT,Đà Nẵng,6,29491 - 35255 - 35091
2024-08-30,MT,Đà Nẵng,7,50779 - 61336 - 49985 - 70173
2024-08-30,MT,Đà Nẵng,8,92019
2024-08-30,MT,Khánh Hòa,ĐB,38126
2024-08-30,MT,Khánh Hòa,1,95386
2024-08-30,MT,Khánh Hòa,2,09826
2024-08-30,MT,Khánh Hòa,3,95339 - 75228 - 82238 - 89420 - 76909 - 78675
2024-08-30,MT,Khánh Hòa,4,90542 - 13735 - 29563 - 29113 - 64269 - 77584
2024-08-30,MT,Khánh Hòa,5,22893 - 25108 - 37858
2024-08-30,MT,Khánh Hòa,6,76777 - 74914 - 20761
2024-08-30,MT,Khánh Hòa,7,82121 - 11200 - 15119 - 64514
2024-08-30,MT,Khánh Hòa,8,62491
2024-08-30,MN,TP. HCM,ĐB,81454
2024-08-30,MN,TP. HCM,1,35411
2024-08-30,MN,TP. HCM,2,20456
2024-08-30,MN,TP. HCM,3,65702 - 50525 - 98056 - 33205 - 31850 - 33089
2024-08-30,MN,TP. HCM,4,20719 - 43427 - 88095 - 49310 - 84854 - 03753
2024-08-30,MN,TP. HCM,5,07778 - 69858 - 62791
2024-08-30,MN,TP. HCM,6,67364 - 65966 - 08447
2024-08-30,MN,TP. HCM,7,40476 - 17940 - 45127 - 47093
2024-08-30,MN,TP. HCM,8,58683
2024-08-30,MN,Đồng Tháp,ĐB,49565
2024-08-30,MN,Đồng Tháp,1,83714
2024-08-30,MN,Đồng Tháp,2,98761
2024-08-30,MN,Đồng Tháp,3,38696 - 94895 - 26546 - 89935 - 76504 - 33312
2024-08-30,MN,Đồng Tháp,4,44231 - 50904 - 51152 - 36279 - 56593 - 23251
2024-08-30,MN,Đồng Tháp,5,36212 - 39200 - 80624
2024-08-30,MN,Đồng Tháp,6,69883 - 79638 - 59623
2024-08-30,MN,Đồng Tháp,7,49762 - 79207 - 07440 - 63270
2024-08-30,MN,Đồng Tháp,8,40901
2024-08-30,MN,Cà Mau,ĐB,58832
2024-08-30,MN,Cà Mau,1,49252
2024-08-30,MN,Cà Mau,2,47331
2024-08-30,MN,Cà Mau,3,02729 - 31577 - 47322 - 77414 - 89943 - 55855
2024-08-30,MN,Cà Mau,4,15431 - 14210 - 36843 - 95859 - 69315 - 03518
2024-08-30,MN,Cà Mau,5,93704 - 67371 - 60349
2024-08-30,MN,Cà Mau,6,18156 - 58766 - 89278
2024-08-30,MN,Cà Mau,7,30120 - 92442 - 05763 - 76786
2024-08-30,MN,Cà Mau,8,93466
2024-08-31,MB,Hà Nội,ĐB,89691
2024-08-31,MB,Hà Nội,1,08460
2024-08-31,MB,Hà Nội,2,63999
2024-08-31,MB,Hà Nội,3,08927 - 01450 - 52792 - 71654 - 73711 - 31984
2024-08-31,MB,Hà Nội,4,63813 - 95490 - 09814 - 96776 - 22561 - 79394
2024-08-31,MB,Hà Nội,5,20587 - 11562 - 26960
2024-08-31,MB,Hà Nội,6,47614 - 30358 - 09732
2024-08-31,MB,Hà Nội,7,71607 - 06092 - 37485 - 67513
2024-08-31,MT,Đà Nẵng,ĐB,52465
2024-08-31,MT,Đà Nẵng,1,86175
2024-08-31,MT,Đà Nẵng,2,53170
2024-08-31,MT,Đà Nẵng,3,08444 - 26892 - 76386 - 43284 - 94500 - 61052
2024-08-31,MT,Đà Nẵng,4,90329 - 17028 - 55669 - 91264 - 16274 - 87656
2024-08-31,MT,Đà Nẵng,5,51132 - 09249 - 41686
2024-08-31,MT,Đà Nẵng,6,15820 - 27658 - 85016
2024-08-31,MT,Đà Nẵng,7,44144 - 34172 - 91091 - 83466
2024-08-31,MT,Đà Nẵng,8,05968
2024-08-31,MT,Khánh Hòa,ĐB,93300
2024-08-31,MT,Khánh Hòa,1,21502
2024-08-31,MT,Khánh Hòa,2,59714
2024-08-31,MT,Khánh Hòa,3,56993 - 29754 - 60528 - 05233 - 53763 - 37439
2024-08-31,MT,Khánh Hòa,4,59770 - 85909 - 90270 - 46400 - 99951 - 77894
2024-08-31,MT,Khánh Hòa,5,32598 - 66973 - 53213
2024-08-31,MT,Khánh Hòa,6,05325 - 71448 - 75975
2024-08-31,MT,Khánh Hòa,7,73908 - 60101 - 80083 - 78220
2024-08-31,MT,Khánh Hòa,8,32023
2024-08-31,MN,TP. HCM,ĐB,58923
2024-08-31,MN,TP. HCM,1,68844
2024-08-31,MN,TP. HCM,2,69670
2024-08-31,MN,TP. HCM,3,65398 - 24869 - 21168 - 23208 - 38488 - 79944
2024-08-31,MN,TP. HCM,4,37472 - 78226 - 48994 - 48915 - 84231 - 02862
2024-08-31,MN,TP. HCM,5,19924 - 73855 - 95840
2024-08-31,MN,TP. HCM,6,22353 - 02356 - 99279
2024-08-31,MN,TP. HCM,7,04158 - 02704 - 65696 - 62415
2024-08-31,MN,TP. HCM,8,39305
2024-08-31,MN,Đồng Tháp,ĐB,79763
2024-08-31,MN,Đồng Tháp,1,35086
2024-08-31,MN,Đồng Tháp,2,66253
2024-08-31,MN,Đồng Tháp,3,05711 - 92339 - 44535 - 89643 - 34062 - 98366
2024-08-31,MN,Đồng Tháp,4,88594 - 76058 - 19341 - 22874 - 78275 - 96039
2024-08-31,MN,Đồng Tháp,5,52980 - 16126 - 50386
2024-08-31,MN,Đồng Tháp,6,60437 - 52052 - 48048
2024-08-31,MN,Đồng Tháp,7,01239 - 06939 - 04315 - 57017
2024-08-31,MN,Đồng Tháp,8,64417
2024-08-31,MN,Cà Mau,ĐB,42563
2024-08-31,MN,Cà Mau,1,31448
2024-08-31,MN,Cà Mau,2,07322
2024-08-31,MN,Cà Mau,3,07456 - 08644 - 43308 - 23128 - 56736 - 78749
2024-08-31,MN,Cà Mau,4,98660 - 34678 - 09423 - 72439 - 37377 - 22648
2024-08-31,MN,Cà Mau,5,75271 - 02405 - 53905
2024-08-31,MN,Cà Mau,6,48765 - 20436 - 05692
2024-08-31,MN,Cà Mau,7,97238 - 27542 - 80755 - 67284
2024-08-31,MN,Cà Mau,8,84013
2024-09-01,MB,Hà Nội,ĐB,98949
2024-09-01,MB,Hà Nội,1,16053
2024-09-01,MB,Hà Nội,2,24751
2024-09-01,MB,Hà Nội,3,75879 - 81600 - 25872 - 03495 - 00624 - 39427
2024-09-01,MB,Hà Nội,4,47093 - 18391 - 99550 - 66899 - 92054 - 38695
2024-09-01,MB,Hà Nội,5,20790 - 36531 - 57664
2024-09-01,MB,Hà Nội,6,28205 - 59955 - 96657
2024-09-01,MB,Hà Nội,7,84787 - 35686 - 59327 - 55753
2024-09-01,MT,Đà Nẵng,ĐB,78498
2024-09-01,MT,Đà Nẵng,1,28279
2024-09-01,MT,Đà Nẵng,2,48441
2024-09-01,MT,Đà Nẵng,3,96318 - 06873 - 20355 - 81762 - 11121 - 68563
2024-09-01,MT,Đà Nẵng,4,53904 - 13647 - 09711 - 20089 - 58132 - 60592
2024-09-01,MT,Đà Nẵng,5,32031 - 14056 - 55870
2024-09-01,MT,Đà Nẵng,6,22519 - 11798 - 39137
2024-09-01,MT,Đà Nẵng,7,37705 - 35911 - 00248 - 73926
2024-09-01,MT,Đà Nẵng,8,12502
2024-09-01,MT,Khánh Hòa,ĐB,45637
2024-09-01,MT,Khánh Hòa,1,79175
2024-09-01,MT,Khánh Hòa,2,10044
2024-09-01,MT,Khánh Hòa,3,52673 - 96633 - 60507 - 75081 - 34245 - 17449
2024-09-01,MT,Khánh Hòa,4,28244 - 56479 - 28028 - 53683 - 17403 - 29110
2024-09-01,MT,Khánh Hòa,5,92041 - 10888 - 59030
2024-09-01,MT,Khánh Hòa,6,40722 - 08448 - 52955
2024-09-01,MT,Khánh Hòa,7,90173 - 79400 - 58763 - 94880
2024-09-01,MT,Khánh Hòa,8,57918
2024-09-01,MN,TP. HCM,ĐB,67922
2024-09-01,MN,TP. HCM,1,59493
2024-09-01,MN,TP. HCM,2,45197
2024-09-01,MN,TP. HCM,3,92889 - 44744 - 53202 - 09884 - 56289 - 94013
2024-09-01,MN,TP. HCM,4,53535 - 17503 - 01795 - 39557 - 79968 - 86836
2024-09-01,MN,TP. HCM,5,90139 - 70254 - 89232
2024-09-01,MN,TP. HCM,6,10108 - 78632 - 74745
2024-09-01,MN,TP. HCM,7,08497 - 53619 - 93252 - 30691
2024-09-01,MN,TP. HCM,8,91040
2024-09-01,MN,Đồng Tháp,ĐB,89862
2024-09-01,MN,Đồng Tháp,1,05091
2024-09-01,MN,Đồng Tháp,2,59173
2024-09-01,MN,Đồng Tháp,3,25865 - 42935 - 99488 - 35379 - 77362 - 08039
2024-09-01,MN,Đồng Tháp,4,71759 - 29457 - 19134 - 57452 - 88296 - 33904
2024-09-01,MN,Đồng Tháp,5,90147 - 38612 - 73402
2024-09-01,MN,Đồng Tháp,6,08067 - 50125 - 39397
2024-09-01,MN,Đồng Tháp,7,26356 - 30677 - 13315 - 65121
2024-09-01,MN,Đồng Tháp,8,79015
2024-09-01,MN,Cà Mau,ĐB,25363
2024-09-01,MN,Cà Mau,1,49557
2024-09-01,MN,Cà Mau,2,74809
2024-09-01,MN,Cà Mau,3,53093 - 18912 - 86290 - 04140 - 67020 - 46362
2024-09-01,MN,Cà Mau,4,31439 - 73691 - 08276 - 30901 - 84535 - 26187
2024-09-01,MN,Cà Mau,5,91329 - 22368 - 67750
2024-09-01,MN,Cà Mau,6,82646 - 93635 - 69154
2024-09-01,MN,Cà Mau,7,68056 - 01817 - 52031 - 91173
2024-09-01,MN,Cà Mau,8,47400
2024-09-02,MB,Hà Nội,ĐB,92311
2024-09-02,MB,Hà Nội,1,79364
2024-09-02,MB,Hà Nội,2,85359
2024-09-02,MB,Hà Nội,3,19327 - 62777 - 94667 - 34571 - 24725 - 94469
2024-09-02,MB,Hà Nội,4,24160 - 15506 - 11121 - 49654 - 91590 - 01323
2024-09-02,MB,Hà Nội,5,05049 - 69603 - 86984
2024-09-02,MB,Hà Nội,6,89420 - 70516 - 87065
2024-09-02,MB,Hà Nội,7,45448 - 99807 - 57703 - 68444
2024-09-02,MT,Đà Nẵng,ĐB,10551
2024-09-02,MT,Đà Nẵng,1,96301
2024-09-02,MT,Đà Nẵng,2,11323
2024-09-02,MT,Đà Nẵng,3,40845 - 20749 - 31657 - 05157 - 00822 - 19181
2024-09-02,MT,Đà Nẵng,4,97589 - 57866 - 66707 - 30070 - 55489 - 38945
2024-09-02,MT,Đà Nẵng,5,62262 - 80899 - 82855
2024-09-02,MT,Đà Nẵng,6,78830 - 95889 - 19602
2024-09-02,MT,Đà Nẵng,7,82443 - 03514 - 05504 - 12459
2024-09-02,MT,Đà Nẵng,8,43417
2024-09-02,MT,Khánh Hòa,ĐB,17076
2024-09-02,MT,Khánh Hòa,1,73612
2024-09-02,MT,Khánh Hòa,2,98691
2024-09-02,MT,Khánh Hòa,3,90726 - 06137 - 96175 - 50338 - 44948 - 25044
2024-09-02,MT,Khánh Hòa,4,66488 - 37236 - 56605 - 45368 - 46879 - 86047
2024-09-02,MT,Khánh Hòa,5,38141 - 41856 - 15690
2024-09-02,MT,Khánh Hòa,6,07358 - 73145 - 07196
2024-09-02,MT,Khánh Hòa,7,73797 - 00956 - 70318 - 68573
2024-09-02,MT,Khánh Hòa,8,04881
2024-09-02,MN,TP. HCM,ĐB,05097
2024-09-02,MN,TP. HCM,1,83849
2024-09-02,MN,TP. HCM,2,96269
2024-09-02,MN,TP. HCM,3,35209 - 74121 - 94864 - 11014 - 59193 - 41744
2024-09-02,MN,TP. HCM,4,16750 - 28763 - 80284 - 79871 - 53039 - 18367
2024-09-02,MN,TP. HCM,5,33777 - 34323 - 96340
2024-09-02,MN,TP. HCM,6,37953 - 64059 - 31048
2024-09-02,MN,TP. HCM,7,64883 - 96431 - 19947 - 36666
2024-09-02,MN,TP. HCM,8,97683
2024-09-02,MN,Đồng Tháp,ĐB,87262
2024-09-02,MN,Đồng Tháp,1,06800
2024-09-02,MN,Đồng Tháp,2,41597
2024-09-02,MN,Đồng Tháp,3,10255 - 78342 - 12740 - 77892 - 73812 - 76553
2024-09-02,MN,Đồng Tháp,4,71059 - 43341 - 70177 - 03086 - 15221 - 79595
2024-09-02,MN,Đồng Tháp,5,03568 - 55551 - 86957
2024-09-02,MN,Đồng Tháp,6,56891 - 16337 - 36410
2024-09-02,MN,Đồng Tháp,7,47950 - 99048 - 18614 - 64206
2024-09-02,MN,Đồng Tháp,8,71593
2024-09-02,MN,Cà Mau,ĐB,01572
2024-09-02,MN,Cà Mau,1,17090
2024-09-02,MN,Cà Mau,2,31015
2024-09-02,MN,Cà Mau,3,38604 - 89694 - 53476 - 23045 - 12900 - 97525
2024-09-02,MN,Cà Mau,4,93799 - 41002 - 77433 - 24878 - 77208 - 83066
2024-09-02,MN,Cà Mau,5,99159 - 85170 - 23129
2024-09-02,MN,Cà Mau,6,55428 - 27513 - 83427
2024-09-02,MN,Cà Mau,7,82308 - 61784 - 99725 - 24314
2024-09-02,MN,Cà Mau,8,69711
2024-09-03,MB,Hà Nội,ĐB,89139
2024-09-03,MB,Hà Nội,1,40767
2024-09-03,MB,Hà Nội,2,62309
2024-09-03,MB,Hà Nội,3,62810 - 17169 - 11420 - 49261 - 92499 - 60073
2024-09-03,MB,Hà Nội,4,34504 - 34602 - 35131 - 55056 - 27135 - 69927
2024-09-03,MB,Hà Nội,5,54898 - 19692 - 20002
2024-09-03,MB,Hà Nội,6,80340 - 80615 - 71362
2024-09-03,MB,Hà Nội,7,54552 - 96849 - 79515 - 09870
2024-09-03,MT,Đà Nẵng,ĐB,99713
2024-09-03,MT,Đà Nẵng,1,09827
2024-09-03,MT,Đà Nẵng,2,77344
2024-09-03,MT,Đà Nẵng,3,62182 - 45751 - 22043 - 08466 - 53224 - 10996
2024-09-03,MT,Đà Nẵng,4,25115 - 10093 - 42706 - 20292 - 44659 - 92936
2024-09-03,MT,Đà Nẵng,5,82165 - 51152 - 63031
2024-09-03,MT,Đà Nẵng,6,49033 - 83113 - 59506
2024-09-03,MT,Đà Nẵng,7,99212 - 67971 - 05766 - 70854
2024-09-03,MT,Đà Nẵng,8,58037
2024-09-03,MT,Khánh Hòa,ĐB,16189
2024-09-03,MT,Khánh Hòa,1,36228
2024-09-03,MT,Khánh Hòa,2,58119
2024-09-03,MT,Khánh Hòa,3,55167 - 08714 - 48228 - 88419 - 50726 - 39247
2024-09-03,MT,Khánh Hòa,4,51889 - 00045 - 51332 - 13309 - 24489 - 20651
2024-09-03,MT,Khánh Hòa,5,70676 - 12487 - 11202
2024-09-03,MT,Khánh Hòa,6,61732 - 05518 - 84460
2024-09-03,MT,Khánh Hòa,7,89533 - 00864 - 04985 - 85654
2024-09-03,MT,Khánh Hòa,8,20497
2024-09-03,MN,TP. HCM,ĐB,35609
2024-09-03,MN,TP. HCM,1,95742
2024-09-03,MN,TP. HCM,2,08305
2024-09-03,MN,TP. HCM,3,38840 - 50350 - 30624 - 58796 - 12138 - 51258
2024-09-03,MN,TP. HCM,4,79134 - 61738 - 38643 - 46736 - 44952 - 87192
2024-09-03,MN,TP. HCM,5,96484 - 62792 - 04789
2024-09-03,MN,TP. HCM,6,98839 - 66146 - 75321
2024-09-03,MN,TP. HCM,7,37945 - 76644 - 33808 - 85964
2024-09-03,MN,TP. HCM,8,02700
2024-09-03,MN,Đồng Tháp,ĐB,44199
2024-09-03,MN,Đồng Tháp,1,46615
2024-09-03,MN,Đồng Tháp,2,76439
2024-09-03,MN,Đồng Tháp,3,92998 - 04561 - 63455 - 27357 - 50488 - 56833
2024-09-03,MN,Đồng Tháp,4,48584 - 44405 - 68430 - 00706 - 01722 - 40742
2024-09-03,MN,Đồng Tháp,5,20757 - 53415 - 29328
2024-09-03,MN,Đồng Tháp,6,38357 - 04646 - 79276
2024-09-03,MN,Đồng Tháp,7,88335 - 98400 - 23876 - 54672
2024-09-03,MN,Đồng Tháp,8,43649
2024-09-03,MN,Cà Mau,ĐB,25760
2024-09-03,MN,Cà Mau,1,09598
2024-09-03,MN,Cà Mau,2,70635
2024-09-03,MN,Cà Mau,3,40970 - 51720 - 80334 - 09069 - 16028 - 41310
2024-09-03,MN,Cà Mau,4,85556 - 27319 - 91000 - 49109 - 87551 - 81287
2024-09-03,MN,Cà Mau,5,31254 - 88818 - 92078
2024-09-03,MN,Cà Mau,6,76796 - 88664 - 51339
2024-09-03,MN,Cà Mau,7,98001 - 11991 - 49357 - 88024
2024-09-03,MN,Cà Mau,8,11579
2024-09-04,MB,Hà Nội,ĐB,04326
2024-09-04,MB,Hà Nội,1,52491
2024-09-04,MB,Hà Nội,2,95685
2024-09-04,MB,Hà Nội,3,55303 - 53781 - 24347 - 10215 - 12650 - 12737
2024-09-04,MB,Hà Nội,4,57322 - 67697 - 79717 - 38464 - 08462 - 55574
2024-09-04,MB,Hà Nội,5,38478 - 26670 - 46831
2024-09-04,MB,Hà Nội,6,90126 - 87599 - 41159
2024-09-04,MB,Hà Nội,7,40977 - 71118 - 17306 - 92973
2024-09-04,MT,Đà Nẵng,ĐB,04934
2024-09-04,MT,Đà Nẵng,1,86525
2024-09-04,MT,Đà Nẵng,2,56385
2024-09-04,MT,Đà Nẵng,3,87659 - 53654 - 35442 - 57359 - 13325 - 65676
2024-09-04,MT,Đà Nẵng,4,07702 - 89463 - 38969 - 32574 - 47347 - 28459
2024-09-04,MT,Đà Nẵng,5,65165 - 44718 - 48681
2024-09-04,MT,Đà Nẵng,6,97794 - 80879 - 11045
2024-09-04,MT,Đà Nẵng,7,63088 - 75999 - 93768 - 33870
2024-09-04,MT,Đà Nẵng,8,78858
2024-09-04,MT,Khánh Hòa,ĐB,27343
2024-09-04,MT,Khánh Hòa,1,44338
2024-09-04,MT,Khánh Hòa,2,47403
2024-09-04,MT,Khánh Hòa,3,80208 - 17293 - 46002 - 27316 - 83547 - 40981
2024-09-04,MT,Khánh Hòa,4,54501 - 59930 - 87945 - 70525 - 88505 - 33311
2024-09-04,MT,Khánh Hòa,5,16276 - 91065 - 62596
2024-09-04,MT,Khánh Hòa,6,29066 - 56401 - 88822
2024-09-04,MT,Khánh Hòa,7,47399 - 61124 - 66951 - 49886
2024-09-04,MT,Khánh Hòa,8,31890
2024-09-04,MN,TP. HCM,ĐB,80786
2024-09-04,MN,TP. HCM,1,81132
2024-09-04,MN,TP. HCM,2,05463
2024-09-04,MN,TP. HCM,3,16304 - 06140 - 91942 - 93694 - 49950 - 08008
2024-09-04,MN,TP. HCM,4,47403 - 84298 - 58357 - 50067 - 46936 - 79369
2024-09-04,MN,TP. HCM,5,39226 - 24299 - 64185
2024-09-04,MN,TP. HCM,6,30256 - 69447 - 95969
2024-09-04,MN,TP. HCM,7,24664 - 75973 - 68745 - 54619
2024-09-04,MN,TP. HCM,8,09240
2024-09-04,MN,Đồng Tháp,ĐB,79928
2024-09-04,MN,Đồng Tháp,1,06358
2024-09-04,MN,Đồng Tháp,2,79817
2024-09-04,MN,Đồng Tháp,3,62990 - 22637 - 49259 - 28646 - 15530 - 19704
2024-09-04,MN,Đồng Tháp,4,28719 - 77618 - 10247 - 57653 - 14264 - 09805
2024-09-04,MN,Đồng Tháp,5,68964 - 26958 - 21800
2024-09-04,MN,Đồng Tháp,6,69294 - 11946 - 76893
2024-09-04,MN,Đồng Tháp,7,52163 - 06041 - 22958 - 30463
2024-09-04,MN,Đồng Tháp,8,07747
2024-09-04,MN,Cà Mau,ĐB,21834
2024-09-04,MN,Cà Mau,1,75681
2024-09-04,MN,Cà Mau,2,54229
2024-09-04,MN,Cà Mau,3,00872 - 54607 - 03650 - 66129 - 59356 - 21666
2024-09-04,MN,Cà Mau,4,27339 - 74379 - 93510 - 38673 - 73109 - 75118
2024-09-04,MN,Cà Mau,5,30745 - 67366 - 28119
2024-09-04,MN,Cà Mau,6,15713 - 53117 - 92273
2024-09-04,MN,Cà Mau,7,89485 - 87406 - 17624 - 81078
2024-09-04,MN,Cà Mau,8,55575
2024-09-05,MB,Hà Nội,ĐB,02380
2024-09-05,MB,Hà Nội,1,20325
2024-09-05,MB,Hà Nội,2,36177
2024-09-05,MB,Hà Nội,3,98203 - 71137 - 51219 - 71774 - 57987 - 64653
2024-09-05,MB,Hà Nội,4,71740 - 75769 - 07682 - 51770 - 12145 - 94552
2024-09-05,MB,Hà Nội,5,44047 - 96491 - 71233
2024-09-05,MB,Hà Nội,6,88922 - 75485 - 64755
2024-09-05,MB,Hà Nội,7,74703 - 79744 - 31182 - 50114
2024-09-05,MT,Đà Nẵng,ĐB,01668
2024-09-05,MT,Đà Nẵng,1,87682
2024-09-05,MT,Đà Nẵng,2,55427
2024-09-05,MT,Đà Nẵng,3,12292 - 14789 - 72132 - 61219 - 34523 - 01311
2024-09-05,MT,Đà Nẵng,4,91017 - 15253 - 22754 - 53911 - 71198 - 64495
2024-09-05,MT,Đà Nẵng,5,64853 - 25918 - 36358
2024-09-05,MT,Đà Nẵng,6,04698 - 95067 - 53978
2024-09-05,MT,Đà Nẵng,7,48189 - 51309 - 48645 - 91358
2024-09-05,MT,Đà Nẵng,8,98827
2024-09-05,MT,Khánh Hòa,ĐB,63215
2024-09-05,MT,Khánh Hòa,1,75583
2024-09-05,MT,Khánh Hòa,2,39178
2024-09-05,MT,Khánh Hòa,3,60631 - 96050 - 95047 - 43016 - 55060 - 76099
2024-09-05,MT,Khánh Hòa,4,67660 - 50749 - 76384 - 27242 - 51688 - 44673
2024-09-05,MT,Khánh Hòa,5,72457 - 87992 - 65451
2024-09-05,MT,Khánh Hòa,6,72099 - 60145 - 13913
2024-09-05,MT,Khánh Hòa,7,56368 - 36414 - 33265 - 86869
2024-09-05,MT,Khánh Hòa,8,48912
2024-09-05,MN,TP. HCM,ĐB,49082
2024-09-05,MN,TP. HCM,1,04747
2024-09-05,MN,TP. HCM,2,12468
2024-09-05,MN,TP. HCM,3,28453 - 45486 - 77143 - 92131 - 48648 - 19337
2024-09-05,MN,TP. HCM,4,95926 - 89514 - 53244 - 03901 - 18137 - 83522
2024-09-05,MN,TP. HCM,5,15631 - 17411 - 76104
2024-09-05,MN,TP. HCM,6,42600 - 04936 - 94362
2024-09-05,MN,TP. HCM,7,76297 - 00891 - 53161 - 62910
2024-09-05,MN,TP. HCM,8,41777
2024-09-05,MN,Đồng Tháp,ĐB,94795
2024-09-05,MN,Đồng Tháp,1,84947
2024-09-05,MN,Đồng Tháp,2,48114
2024-09-05,MN,Đồng Tháp,3,67837 - 60322 - 78298 - 02136 - 40384 - 07509
2024-09-05,MN,Đồng Tháp,4,30391 - 24455 - 48385 - 80392 - 29771 - 56212
2024-09-05,MN,Đồng Tháp,5,44776 - 29390 - 19012
2024-09-05,MN,Đồng Tháp,6,77202 - 13330 - 03495
2024-09-05,MN,Đồng Tháp,7,13928 - 53738 - 20705 - 03974
2024-09-05,MN,Đồng Tháp,8,05167
2024-09-05,MN,Cà Mau,ĐB,89179
2024-09-05,MN,Cà Mau,1,20294
2024-09-05,MN,Cà Mau,2,27317
2024-09-05,MN,Cà Mau,3,61742 - 93095 - 67498 - 44969 - 75566 - 80881
2024-09-05,MN,Cà Mau,4,80472 - 90009 - 52600 - 47048 - 13614 - 84159
2024-09-05,MN,Cà Mau,5,04455 - 61579 - 39499
2024-09-05,MN,Cà Mau,6,51059 - 36052 - 89086
2024-09-05,MN,Cà Mau,7,95150 - 39064 - 67275 - 51302
2024-09-05,MN,Cà Mau,8,98546
2024-09-06,MB,Hà Nội,ĐB,71558
2024-09-06,MB,Hà Nội,1,41765
2024-09-06,MB,Hà Nội,2,01610
2024-09-06,MB,Hà Nội,3,96586 - 99637 - 58104 - 48715 - 66671 - 77855
2024-09-06,MB,Hà Nội,4,04666 - 13546 - 66472 - 48987 - 89728 - 70584
2024-09-06,MB,Hà Nội,5,03942 - 29172 - 23969
2024-09-06,MB,Hà Nội,6,86431 - 34746 - 34969
2024-09-06,MB,Hà Nội,7,41017 - 39833 - 53113 - 81780
2024-09-06,MT,Đà Nẵng,ĐB,95401
2024-09-06,MT,Đà Nẵng,1,14946
2024-09-06,MT,Đà Nẵng,2,79546
2024-09-06,MT,Đà Nẵng,3,66921 - 51424 - 89399 - 82685 - 77035 - 97560
2024-09-06,MT,Đà Nẵng,4,64120 - 02113 - 42896 - 74120 - 13487 - 15868
2024-09-06,MT,Đà Nẵng,5,02246 - 58917 - 68318
2024-09-06,MT,Đà Nẵng,6,11190 - 65046 - 08856
2024-09-06,MT,Đà Nẵng,7,65687 - 08095 - 79422 - 01797
2024-09-06,MT,Đà Nẵng,8,76647
2024-09-06,MT,Khánh Hòa,ĐB,10077
2024-09-06,MT,Khánh Hòa,1,20561
2024-09-06,MT,Khánh Hòa,2,76071
2024-09-06,MT,Khánh Hòa,3,45858 - 26507 - 95525 - 53389 - 98134 - 89642
2024-09-06,MT,Khánh Hòa,4,47209 - 54270 - 32438 - 31524 - 59498 - 24265
2024-09-06,MT,Khánh Hòa,5,92741 - 72932 - 51690
2024-09-06,MT,Khánh Hòa,6,44131 - 20247 - 63381
2024-09-06,MT,Khánh Hòa,7,60768 - 61289 - 88051 - 24776
2024-09-06,MT,Khánh Hòa,8,41829
2024-09-06,MN,TP. HCM,ĐB,88855
2024-09-06,MN,TP. HCM,1,17961
2024-09-06,MN,TP. HCM,2,19526
2024-09-06,MN,TP. HCM,3,19560 - 34929 - 57492 - 68282 - 40458 - 69656
2024-09-06,MN,TP. HCM,4,31243 - 89936 - 14743 - 99145 - 72889 - 45316
2024-09-06,MN,TP. HCM,5,24450 - 94852 - 10326
2024-09-06,MN,TP. HCM,6,30828 - 69549 - 09926
2024-09-06,MN,TP. HCM,7,75842 - 41521 - 23326 - 97928
2024-09-06,MN,TP. HCM,8,97091
2024-09-06,MN,Đồng Tháp,ĐB,44270
2024-09-06,MN,Đồng Tháp,1,96340
2024-09-06,MN,Đồng Tháp,2,94684
2024-09-06,MN,Đồng Tháp,3,18601 - 54278 - 01115 - 24462 - 41346 - 45666
2024-09-06,MN,Đồng Tháp,4,01811 - 22144 - 50114 - 03807 - 16520 - 93345
2024-09-06,MN,Đồng Tháp,5,95728 - 82170 - 98534
2024-09-06,MN,Đồng Tháp,6,63869 - 53071 - 71390
2024-09-06,MN,Đồng Tháp,7,40075 - 18579 - 00389 - 26069
2024-09-06,MN,Đồng Tháp,8,21156
2024-09-06,MN,Cà Mau,ĐB,12483
2024-09-06,MN,Cà Mau,1,57355
2024-09-06,MN,Cà Mau,2,19595
2024-09-06,MN,Cà Mau,3,01611 - 17312 - 76484 - 75304 - 73164 - 52974
2024-09-06,MN,Cà Mau,4,62637 - 31527 - 69021 - 58845 - 24365 - 18561
2024-09-06,MN,Cà Mau,5,43298 - 41077 - 87437
2024-09-06,MN,Cà Mau,6,39667 - 43622 - 33606
2024-09-06,MN,Cà Mau,7,88423 - 43528 - 25429 - 61909
2024-09-06,MN,Cà Mau,8,97045
2024-09-07,MB,Hà Nội,ĐB,84458
2024-09-07,MB,Hà Nội,1,62990
2024-09-07,MB,Hà Nội,2,19321
2024-09-07,MB,Hà Nội,3,78505 - 48444 - 54543 - 60087 - 65952 - 35816
2024-09-07,MB,Hà Nội,4,25986 - 71872 - 34984 - 18298 - 85935 - 08757
2024-09-07,MB,Hà Nội,5,44102 - 13321 - 32608
2024-09-07,MB,Hà Nội,6,07400 - 61436 - 42676
2024-09-07,MB,Hà Nội,7,35154 - 57325 - 60926 - 90523
2024-09-07,MT,Đà Nẵng,ĐB,57660
2024-09-07,MT,Đà Nẵng,1,49761
2024-09-07,MT,Đà Nẵng,2,08283
2024-09-07,MT,Đà Nẵng,3,53522 - 97360 - 73854 - 91399 - 28993 - 08530
2024-09-07,MT,Đà Nẵng,4,39057 - 93030 - 82744 - 00156 - 33438 - 91529
2024-09-07,MT,Đà Nẵng,5,50605 - 93653 - 10438
2024-09-07,MT,Đà Nẵng,6,37839 - 57640 - 54874
2024-09-07,MT,Đà Nẵng,7,36399 - 27955 - 84394 - 26311
2024-09-07,MT,Đà Nẵng,8,11373
2024-09-07,MT,Khánh Hòa,ĐB,25626
2024-09-07,MT,Khánh Hòa,1,34921
2024-09-07,MT,Khánh Hòa,2,86183
2024-09-07,MT,Khánh Hòa,3,93994 - 57419 - 29201 - 37550 - 14812 - 95396
2024-09-07,MT,Khánh Hòa,4,52414 - 13088 - 06052 - 51912 - 84750 - 64101
2024-09-07,MT,Khánh Hòa,5,75169 - 97846 - 57942
2024-09-07,MT,Khánh Hòa,6,87462 - 43492 - 90909
2024-09-07,MT,Khánh Hòa,7,88144 - 50912 - 58736 - 08586
2024-09-07,MT,Khánh Hòa,8,18675
2024-09-07,MN,TP. HCM,ĐB,41316
2024-09-07,MN,TP. HCM,1,16853
2024-09-07,MN,TP. HCM,2,02127
2024-09-07,MN,TP. HCM,3,50073 - 44563 - 46457 - 08497 - 51969 - 54847
2024-09-07,MN,TP. HCM,4,81883 - 03845 - 56015 - 94726 - 43540 - 53448
2024-09-07,MN,TP. HCM,5,43486 - 01337 - 60651
2024-09-07,MN,TP. HCM,6,27661 - 34962 - 48502
2024-09-07,MN,TP. HCM,7,82653 - 20249 - 20343 - 60060
2024-09-07,MN,TP. HCM,8,26401
2024-09-07,MN,Đồng Tháp,ĐB,67260
2024-09-07,MN,Đồng Tháp,1,59820
2024-09-07,MN,Đồng Tháp,2,11319
2024-09-07,MN,Đồng Tháp,3,90677 - 72102 - 42182 - 90523 - 05499 - 52180
2024-09-07,MN,Đồng Tháp,4,47006 - 27676 - 37582 - 22791 - 05795 - 31806
2024-09-07,MN,Đồng Tháp,5,92627 - 58430 - 33329
2024-09-07,MN,Đồng Tháp,6,44782 - 78137 - 98677
2024-09-07,MN,Đồng Tháp,7,23357 - 78423 - 01223 - 32394
2024-09-07,MN,Đồng Tháp,8,19404
2024-09-07,MN,Cà Mau,ĐB,06797
2024-09-07,MN,Cà Mau,1,48328
2024-09-07,MN,Cà Mau,2,45737
2024-09-07,MN,Cà Mau,3,06334 - 89509 - 95426 - 69455 - 63407 - 13298
2024-09-07,MN,Cà Mau,4,42731 - 71585 - 42035 - 49391 - 52695 - 77875
2024-09-07,MN,Cà Mau,5,87068 - 57934 - 57587
2024-09-07,MN,Cà Mau,6,65202 - 24216 - 16533
2024-09-07,MN,Cà Mau,7,09272 - 51149 - 86338 - 22431
2024-09-07,MN,Cà Mau,8,17734
2024-09-08,MB,Hà Nội,ĐB,34301
2024-09-08,MB,Hà Nội,1,62159
2024-09-08,MB,Hà Nội,2,91701
2024-09-08,MB,Hà Nội,3,96801 - 19440 - 66171 - 37940 - 03461 - 70176
2024-09-08,MB,Hà Nội,4,29488 - 92724 - 43637 - 57829 - 75139 - 83039
2024-09-08,MB,Hà Nội,5,24236 - 95992 - 50570
2024-09-08,MB,Hà Nội,6,79818 - 56474 - 49802
2024-09-08,MB,Hà Nội,7,16793 - 44822 - 79191 - 10506
2024-09-08,MT,Đà Nẵng,ĐB,48410
2024-09-08,MT,Đà Nẵng,1,78704
2024-09-08,MT,Đà Nẵng,2,58143
2024-09-08,MT,Đà Nẵng,3,93491 - 13507 - 64440 - 20519 - 79120 - 19757
2024-09-08,MT,Đà Nẵng,4,38298 - 25000 - 10847 - 56739 - 07875 - 35993
2024-09-08,MT,Đà Nẵng,5,57041 - 03417 - 71831
2024-09-08,MT,Đà Nẵng,6,26403 - 17446 - 01858
2024-09-08,MT,Đà Nẵng,7,13074 - 10222 - 08317 - 97119
2024-09-08,MT,Đà Nẵng,8,07763
2024-09-08,MT,Khánh Hòa,ĐB,44429
2024-09-08,MT,Khánh Hòa,1,17568
2024-09-08,MT,Khánh Hòa,2,24515
2024-09-08,MT,Khánh Hòa,3,18962 - 05133 - 38074 - 89901 - 92772 - 49492
2024-09-08,MT,Khánh Hòa,4,00552 - 69670 - 38421 - 29679 - 86339 - 33120
2024-09-08,MT,Khánh Hòa,5,92335 - 75388 - 28524
2024-09-08,MT,Khánh Hòa,6,13614 - 93965 - 69817
2024-09-08,MT,Khánh Hòa,7,01490 - 10616 - 25679 - 39977
2024-09-08,MT,Khánh Hòa,8,83584
2024-09-08,MN,TP. HCM,ĐB,31174
2024-09-08,MN,TP. HCM,1,34906
2024-09-08,MN,TP. HCM,2,18796
2024-09-08,MN,TP. HCM,3,37264 - 49143 - 98954 - 35716 - 54400 - 72594
2024-09-08,MN,TP. HCM,4,19090 - 24430 - 05977 - 03265 - 78375 - 91761
2024-09-08,MN,TP. HCM,5,66651 - 00070 - 02787
2024-09-08,MN,TP. HCM,6,72095 - 91910 - 79966
2024-09-08,MN,TP. HCM,7,18027 - 79122 - 66018 - 87923
2024-09-08,MN,TP. HCM,8,75652
2024-09-08,MN,Đồng Tháp,ĐB,16165
2024-09-08,MN,Đồng Tháp,1,14574
2024-09-08,MN,Đồng Tháp,2,75834
2024-09-08,MN,Đồng Tháp,3,33137 - 93575 - 43273 - 57257 - 53197 - 32606
2024-09-08,MN,Đồng Tháp,4,60113 - 29365 - 91013 - 78613 - 79101 - 23205
2024-09-08,MN,Đồng Tháp,5,90822 - 72660 - 89897
2024-09-08,MN,Đồng Tháp,6,11015 - 42359 - 02937
2024-09-08,MN,Đồng Tháp,7,29129 - 59223 - 52677 - 13416
2024-09-08,MN,Đồng Tháp,8,07250
2024-09-08,MN,Cà Mau,ĐB,03943
2024-09-08,MN,Cà Mau,1,70226
2024-09-08,MN,Cà Mau,2,97203
2024-09-08,MN,Cà Mau,3,14968 - 83769 - 31041 - 00779 - 56742 - 88043
2024-09-08,MN,Cà Mau,4,90574 - 40947 - 13308 - 95288 - 89925 - 53160
2024-09-08,MN,Cà Mau,5,70347 - 71364 - 29395
2024-09-08,MN,Cà Mau,6,25111 - 53846 - 96556
2024-09-08,MN,Cà Mau,7,55559 - 38072 - 46039 - 00582
2024-09-08,MN,Cà Mau,8,93904
2024-09-09,MB,Hà Nội,ĐB,00971
2024-09-09,MB,Hà Nội,1,77649
2024-09-09,MB,Hà Nội,2,64421
2024-09-09,MB,Hà Nội,3,70358 - 80874 - 22306 - 29008 - 16913 - 87691
2024-09-09,MB,Hà Nội,4,29875 - 39831 - 09326 - 78322 - 08799 - 08466
2024-09-09,MB,Hà Nội,5,05200 - 55413 - 92000
2024-09-09,MB,Hà Nội,6,54813 - 55725 - 47335
2024-09-09,MB,Hà Nội,7,69872 - 00663 - 37492 - 59610
2024-09-09,MT,Đà Nẵng,ĐB,09332
2024-09-09,MT,Đà Nẵng,1,06566
2024-09-09,MT,Đà Nẵng,2,06475
2024-09-09,MT,Đà Nẵng,3,67500 - 78645 - 95704 - 51289 - 05901 - 95701
2024-09-09,MT,Đà Nẵng,4,20687 - 09316 - 17020 - 76841 - 15108 - 38335
2024-09-09,MT,Đà Nẵng,5,04273 - 91070 - 18652
2024-09-09,MT,Đà Nẵng,6,47609 - 84713 - 61213
2024-09-09,MT,Đà Nẵng,7,72373 - 12922 - 20476 - 56055
2024-09-09,MT,Đà Nẵng,8,81759
2024-09-09,MT,Khánh Hòa,ĐB,56677
2024-09-09,MT,Khánh Hòa,1,56290
2024-09-09,MT,Khánh Hòa,2,05300
2024-09-09,MT,Khánh Hòa,3,28784 - 72570 - 49116 - 62238 - 33536 - 73391
2024-09-09,MT,Khánh Hòa,4,35607 - 34122 - 13317 - 17656 - 22447 - 37112
2024-09-09,MT,Khánh Hòa,5,07723 - 35840 - 60534
2024-09-09,MT,Khánh Hòa,6,91810 - 06711 - 04644
2024-09-09,MT,Khánh Hòa,7,92420 - 02676 - 13130 - 92287
2024-09-09,MT,Khánh Hòa,8,72084
2024-09-09,MN,TP. HCM,ĐB,80489
2024-09-09,MN,TP. HCM,1,62198
2024-09-09,MN,TP. HCM,2,81303
2024-09-09,MN,TP. HCM,3,41174 - 95231 - 72954 - 65901 - 94760 - 65414
2024-09-09,MN,TP. HCM,4,26969 - 49257 - 16128 - 71328 - 13048 - 63865
2024-09-09,MN,TP. HCM,5,60752 - 54261 - 52993
2024-09-09,MN,TP. HCM,6,29944 - 20238 - 16789
2024-09-09,MN,TP. HCM,7,31288 - 93808 - 41096 - 34174
2024-09-09,MN,TP. HCM,8,36762
2024-09-09,MN,Đồng Tháp,ĐB,75382
2024-09-09,MN,Đồng Tháp,1,07329
2024-09-09,MN,Đồng Tháp,2,66631
2024-09-09,MN,Đồng Tháp,3,72638 - 75880 - 26840 - 41081 - 29525 - 50368
2024-09-09,MN,Đồng Tháp,4,68987 - 29484 - 32203 - 15278 - 59886 - 21512
2024-09-09,MN,Đồng Tháp,5,31271 - 50345 - 72554
2024-09-09,MN,Đồng Tháp,6,09275 - 08669 - 93449
2024-09-09,MN,Đồng Tháp,7,39564 - 80536 - 82753 - 32849
2024-09-09,MN,Đồng Tháp,8,06629
2024-09-09,MN,Cà Mau,ĐB,94232
2024-09-09,MN,Cà Mau,1,12598
2024-09-09,MN,Cà Mau,2,35084
2024-09-09,MN,Cà Mau,3,44081 - 37057 - 38659 - 77323 - 95930 - 81307
2024-09-09,MN,Cà Mau,4,25791 - 32625 - 31204 - 76746 - 64384 - 20658
2024-09-09,MN,Cà Mau,5,54521 - 64280 - 11599
2024-09-09,MN,Cà Mau,6,37470 - 77573 - 94047
2024-09-09,MN,Cà Mau,7,93779 - 72614 - 16074 - 13289
2024-09-09,MN,Cà Mau,8,30005
2024-09-10,MB,Hà Nội,ĐB,21227
2024-09-10,MB,Hà Nội,1,16180
2024-09-10,MB,Hà Nội,2,10581
2024-09-10,MB,Hà Nội,3,45787 - 00095 - 30827 - 40499 - 30746 - 27744
2024-09-10,MB,Hà Nội,4,70014 - 47391 - 07361 - 50317 - 49097 - 31739
2024-09-10,MB,Hà Nội,5,61908 - 92978 - 57562
2024-09-10,MB,Hà Nội,6,69297 - 03794 - 85797
2024-09-10,MB,Hà Nội,7,09045 - 89714 - 99979 - 66529
2024-09-10,MT,Đà Nẵng,ĐB,45557
2024-09-10,MT,Đà Nẵng,1,01208
2024-09-10,MT,Đà Nẵng,2,24027
2024-09-10,MT,Đà Nẵng,3,81445 - 94510 - 51011 - 80845 - 98114 - 30444
2024-09-10,MT,Đà Nẵng,4,82250 - 72132 - 21079 - 11915 - 55262 - 70106
2024-09-10,MT,Đà Nẵng,5,98431 - 21903 - 84948
2024-09-10,MT,Đà Nẵng,6,52963 - 90930 - 66409
2024-09-10,MT,Đà Nẵng,7,37442 - 38049 - 75218 - 82733
2024-09-10,MT,Đà Nẵng,8,38671
2024-09-10,MT,Khánh Hòa,ĐB,53000
2024-09-10,MT,Khánh Hòa,1,18795
2024-09-10,MT,Khánh Hòa,2,57793
2024-09-10,MT,Khánh Hòa,3,05742 - 22314 - 80546 - 26045 - 83501 - 50913
2024-09-10,MT,Khánh Hòa,4,56368 - 80269 - 24564 - 69480 - 19002 - 57700
2024-09-10,MT,Khánh Hòa,5,81224 - 77107 - 45063
2024-09-10,MT,Khánh Hòa,6,55714 - 37383 - 15623
2024-09-10,MT,Khánh Hòa,7,21579 - 34575 - 18073 - 07074
2024-09-10,MT,Khánh Hòa,8,17873
2024-09-10,MN,TP. HCM,ĐB,63789
2024-09-10,MN,TP. HCM,1,00291
2024-09-10,MN,TP. HCM,2,80859
2024-09-10,MN,TP. HCM,3,76092 - 32291 - 08874 - 53493 - 74418 - 20582
2024-09-10,MN,TP. HCM,4,70139 - 97744 - 64453 - 42776 - 46638 - 01646
2024-09-10,MN,TP. HCM,5,56156 - 65450 - 80134
2024-09-10,MN,TP. HCM,6,11322 - 41813 - 31610
2024-09-10,MN,TP. HCM,7,16880 - 81506 - 91352 - 22164
2024-09-10,MN,TP. HCM,8,18467
2024-09-10,MN,Đồng Tháp,ĐB,42885
2024-09-10,MN,Đồng Tháp,1,40760
2024-09-10,MN,Đồng Tháp,2,65796
2024-09-10,MN,Đồng Tháp,3,83530 - 10469 - 03734 - 34266 - 50069 - 23177
2024-09-10,MN,Đồng Tháp,4,33091 - 54544 - 51320 - 56926 - 30843 - 57729
2024-09-10,MN,Đồng Tháp,5,89671 - 84218 - 66536
2024-09-10,MN,Đồng Tháp,6,82173 - 27326 - 53577
2024-09-10,MN,Đồng Tháp,7,77601 - 15146 - 71734 - 49172
2024-09-10,MN,Đồng Tháp,8,52516
2024-09-10,MN,Cà Mau,ĐB,04357
2024-09-10,MN,Cà Mau,1,86665
2024-09-10,MN,Cà Mau,2,12103
2024-09-10,MN,Cà Mau,3,79439 - 41434 - 33387 - 66737 - 05074 - 89303
2024-09-10,MN,Cà Mau,4,59870 - 98521 - 71958 - 04527 - 48524 - 62251
2024-09-10,MN,Cà Mau,5,92658 - 72982 - 99744
2024-09-10,MN,Cà Mau,6,70474 - 42599 - 19593
2024-09-10,MN,Cà Mau,7,94896 - 08438 - 66102 - 60423
2024-09-10,MN,Cà Mau,8,04918
2024-09-11,MB,Hà Nội,ĐB,34252
2024-09-11,MB,Hà Nội,1,78520
2024-09-11,MB,Hà Nội,2,47138
2024-09-11,MB,Hà Nội,3,86552 - 68540 - 33244 - 95341 - 64720 - 15044
2024-09-11,MB,Hà Nội,4,91545 - 97614 - 22557 - 18966 - 02752 - 30187
2024-09-11,MB,Hà Nội,5,13059 - 45011 - 57263
2024-09-11,MB,Hà Nội,6,70824 - 83534 - 28605
2024-09-11,MB,Hà Nội,7,66101 - 07414 - 84627 - 37940
2024-09-11,MT,Đà Nẵng,ĐB,67852
2024-09-11,MT,Đà Nẵng,1,34951
2024-09-11,MT,Đà Nẵng,2,17224
2024-09-11,MT,Đà Nẵng,3,88227 - 19557 - 75543 - 92620 - 32756 - 80511
2024-09-11,MT,Đà Nẵng,4,77817 - 22899 - 54785 - 57872 - 39928 - 59965
2024-09-11,MT,Đà Nẵng,5,72765 - 73947 - 07988
2024-09-11,MT,Đà Nẵng,6,76697 - 07454 - 51347
2024-09-11,MT,Đà Nẵng,7,22812 - 42887 - 83609 - 70381
2024-09-11,MT,Đà Nẵng,8,64806
2024-09-11,MT,Khánh Hòa,ĐB,13186
2024-09-11,MT,Khánh Hòa,1,38021
2024-09-11,MT,Khánh Hòa,2,54665
2024-09-11,MT,Khánh Hòa,3,99957 - 50076 - 59730 - 01718 - 85941 - 91487
2024-09-11,MT,Khánh Hòa,4,86028 - 80387 - 20741 - 49941 - 26073 - 57088
2024-09-11,MT,Khánh Hòa,5,85171 - 91743 - 85859
2024-09-11,MT,Khánh Hòa,6,88095 - 69153 - 18720
2024-09-11,MT,Khánh Hòa,7,25471 - 83026 - 31119 - 98339
2024-09-11,MT,Khánh Hòa,8,18090
2024-09-11,MN,TP. HCM,ĐB,40890
2024-09-11,MN,TP. HCM,1,34362
2024-09-11,MN,TP. HCM,2,79747
2024-09-11,MN,TP. HCM,3,31293 - 98366 - 82167 - 21790 - 09265 - 94848
2024-09-11,MN,TP. HCM,4,52990 - 93438 - 81259 - 05862 - 71667 - 19022
2024-09-11,MN,TP. HCM,5,43070 - 61604 - 28073
2024-09-11,MN,TP. HCM,6,47872 - 74596 - 48017
2024-09-11,MN,TP. HCM,7,20279 - 67626 - 64196 - 91674
2024-09-11,MN,TP. HCM,8,26970
2024-09-11,MN,Đồng Tháp,ĐB,35787
2024-09-11,MN,Đồng Tháp,1,99501
2024-09-11,MN,Đồng Tháp,2,97704
2024-09-11,MN,Đồng Tháp,3,57024 - 68946 - 70411 - 94342 - 56288 - 75038
2024-09-11,MN,Đồng Tháp,4,46728 - 05531 - 78063 - 24192 - 46671 - 56319
2024-09-11,MN,Đồng Tháp,5,68873 - 45923 - 70497
2024-09-11,MN,Đồng Tháp,6,91750 - 19505 - 43380
2024-09-11,MN,Đồng Tháp,7,25833 - 55114 - 35516 - 53695
2024-09-11,MN,Đồng Tháp,8,45328
2024-09-11,MN,Cà Mau,ĐB,54671
2024-09-11,MN,Cà Mau,1,79510
2024-09-11,MN,Cà Mau,2,59466
2024-09-11,MN,Cà Mau,3,37150 - 05248 - 34671 - 97103 - 63098 - 33379
2024-09-11,MN,Cà Mau,4,09173 - 24283 - 09584 - 55513 - 80176 - 38843
2024-09-11,MN,Cà Mau,5,35258 - 69231 - 60897
2024-09-11,MN,Cà Mau,6,71873 - 82590 - 92581
2024-09-11,MN,Cà Mau,7,41398 - 69373 - 72298 - 96952
2024-09-11,MN,Cà Mau,8,14870
2024-09-12,MB,Hà Nội,ĐB,26593
2024-09-12,MB,Hà Nội,1,63908
2024-09-12,MB,Hà Nội,2,76556
2024-09-12,MB,Hà Nội,3,67801 - 35883 - 68404 - 54788 - 01972 - 88143
2024-09-12,MB,Hà Nội,4,19088 - 42263 - 55086 - 00183 - 99173 - 91181
2024-09-12,MB,Hà Nội,5,10953 - 00897 - 58782
2024-09-12,MB,Hà Nội,6,90195 - 18273 - 00780
2024-09-12,MB,Hà Nội,7,56811 - 94574 - 97704 - 33152
2024-09-12,MT,Đà Nẵng,ĐB,21418
2024-09-12,MT,Đà Nẵng,1,25549
2024-09-12,MT,Đà Nẵng,2,32224
2024-09-12,MT,Đà Nẵng,3,88789 - 30936 - 17819 - 35786 - 07762 - 24802
2024-09-12,MT,Đà Nẵng,4,44415 - 75689 - 94655 - 69343 - 71964 - 39932
2024-09-12,MT,Đà Nẵng,5,47698 - 70361 - 37626
2024-09-12,MT,Đà Nẵng,6,66688 - 78279 - 96328
2024-09-12,MT,Đà Nẵng,7,79432 - 13994 - 27471 - 20903
2024-09-12,MT,Đà Nẵng,8,79026
2024-09-12,MT,Khánh Hòa,ĐB,90632
2024-09-12,MT,Khánh Hòa,1,23408
2024-09-12,MT,Khánh Hòa,2,43864
2024-09-12,MT,Khánh Hòa,3,03504 - 22760 - 08905 - 85838 - 27300 - 98730
2024-09-12,MT,Khánh Hòa,4,33829 - 52807 - 85722 - 95730 - 23842 - 62400
2024-09-12,MT,Khánh Hòa,5,30080 - 87245 - 88832
2024-09-12,MT,Khánh Hòa,6,40928 - 97426 - 60344
2024-09-12,MT,Khánh Hòa,7,60515 - 72735 - 72448 - 13231
2024-09-12,MT,Khánh Hòa,8,04228
2024-09-12,MN,TP. HCM,ĐB,15140
2024-09-12,MN,TP. HCM,1,50892
2024-09-12,MN,TP. HCM,2,22998
2024-09-12,MN,TP. HCM,3,53453 - 77069 - 75350 - 78667 - 49568 - 86254
2024-09-12,MN,TP. HCM,4,50494 - 96521 - 90188 - 09888 - 13497 - 78867
2024-09-12,MN,TP. HCM,5,47972 - 39321 - 84249
2024-09-12,MN,TP. HCM,6,86210 - 22527 - 44496
2024-09-12,MN,TP. HCM,7,35005 - 29203 - 65304 - 59408
2024-09-12,MN,TP. HCM,8,88611
2024-09-12,MN,Đồng Tháp,ĐB,89668
2024-09-12,MN,Đồng Tháp,1,41570
2024-09-12,MN,Đồng Tháp,2,85857
2024-09-12,MN,Đồng Tháp,3,89433 - 32876 - 06694 - 19415 - 63199 - 80143
2024-09-12,MN,Đồng Tháp,4,06330 - 29540 - 87200 - 63134 - 46843 - 30594
2024-09-12,MN,Đồng Tháp,5,11536 - 88770 - 20527
2024-09-12,MN,Đồng Tháp,6,91061 - 51053 - 61595
2024-09-12,MN,Đồng Tháp,7,21207 - 15556 - 37733 - 80761
2024-09-12,MN,Đồng Tháp,8,75200
2024-09-12,MN,Cà Mau,ĐB,68409
2024-09-12,MN,Cà Mau,1,26456
2024-09-12,MN,Cà Mau,2,05400
2024-09-12,MN,Cà Mau,3,38706 - 64681 - 21737 - 21091 - 04695 - 77466
2024-09-12,MN,Cà Mau,4,37200 - 20631 - 31907 - 06845 - 68179 - 35147
2024-09-12,MN,Cà Mau,5,16068 - 20746 - 13112
2024-09-12,MN,Cà Mau,6,90074 - 90041 - 22078
2024-09-12,MN,Cà Mau,7,75528 - 67814 - 22840 - 69086
2024-09-12,MN,Cà Mau,8,53809
2024-09-13,MB,Hà Nội,ĐB,24983
2024-09-13,MB,Hà Nội,1,08408
2024-09-13,MB,Hà Nội,2,75686
2024-09-13,MB,Hà Nội,3,82526 - 99539 - 93700 - 90035 - 95047 - 44869
2024-09-13,MB,Hà Nội,4,83990 - 83963 - 87925 - 05388 - 23920 - 42387
2024-09-13,MB,Hà Nội,5,52061 - 26338 - 26470
2024-09-13,MB,Hà Nội,6,64599 - 21789 - 68294
2024-09-13,MB,Hà Nội,7,49320 - 38611 - 12997 - 51717
2024-09-13,MT,Đà Nẵng,ĐB,25176
2024-09-13,MT,Đà Nẵng,1,21428
2024-09-13,MT,Đà Nẵng,2,34073
2024-09-13,MT,Đà Nẵng,3,65870 - 77133 - 69435 - 91205 - 38061 - 52729
2024-09-13,MT,Đà Nẵng,4,56125 - 69011 - 65661 - 34755 - 76277 - 31252
2024-09-13,MT,Đà Nẵng,5,88927 - 54031 - 22169
2024-09-13,MT,Đà Nẵng,6,57483 - 44741 - 16121
2024-09-13,MT,Đà Nẵng,7,83129 - 26503 - 55870 - 85936
2024-09-13,MT,Đà Nẵng,8,19442
2024-09-13,MT,Khánh Hòa,ĐB,20680
2024-09-13,MT,Khánh Hòa,1,99029
2024-09-13,MT,Khánh Hòa,2,95647
2024-09-13,MT,Khánh Hòa,3,81648 - 62292 - 52388 - 51246 - 73011 - 05482
2024-09-13,MT,Khánh Hòa,4,16281 - 01644 - 98288 - 84348 - 63829 - 29654
2024-09-13,MT,Khánh Hòa,5,77593 - 39483 - 98512
2024-09-13,MT,Khánh Hòa,6,24691 - 29482 - 81781
2024-09-13,MT,Khánh Hòa,7,90615 - 37497 - 82612 - 33755
2024-09-13,MT,Khánh Hòa,8,59630
2024-09-13,MN,TP. HCM,ĐB,67513
2024-09-13,MN,TP. HCM,1,92382
2024-09-13,MN,TP. HCM,2,40588
2024-09-13,MN,TP. HCM,3,05569 - 22721 - 96000 - 14410 - 19981 - 73325
2024-09-13,MN,TP. HCM,4,15334 - 14870 - 95905 - 54925 - 33479 - 42518
2024-09-13,MN,TP. HCM,5,21355 - 62158 - 94653
2024-09-13,MN,TP. HCM,6,62984 - 19508 - 62943
2024-09-13,MN,TP. HCM,7,27432 - 36967 - 46726 - 64216
2024-09-13,MN,TP. HCM,8,09569
2024-09-13,MN,Đồng Tháp,ĐB,53610
2024-09-13,MN,Đồng Tháp,1,41276
2024-09-13,MN,Đồng Tháp,2,85824
2024-09-13,MN,Đồng Tháp,3,23348 - 11752 - 15625 - 16269 - 67501 - 61991
2024-09-13,MN,Đồng Tháp,4,64643 - 42737 - 12528 - 36493 - 51977 - 83704
2024-09-13,MN,Đồng Tháp,5,33082 - 32580 - 65314
2024-09-13,MN,Đồng Tháp,6,21592 - 28514 - 06021
2024-09-13,MN,Đồng Tháp,7,66751 - 58408 - 54714 - 27302
2024-09-13,MN,Đồng Tháp,8,32887
2024-09-13,MN,Cà Mau,ĐB,95813
2024-09-13,MN,Cà Mau,1,80049
2024-09-13,MN,Cà Mau,2,64855
2024-09-13,MN,Cà Mau,3,23123 - 59222 - 47631 - 00408 - 86783 - 59213
2024-09-13,MN,Cà Mau,4,55132 - 10333 - 90089 - 44889 - 55151 - 09607
2024-09-13,MN,Cà Mau,5,68081 - 04803 - 16527
2024-09-13,MN,Cà Mau,6,27350 - 92852 - 78756
2024-09-13,MN,Cà Mau,7,83647 - 25084 - 10858 - 69975
2024-09-13,MN,Cà Mau,8,53273
2024-09-14,MB,Hà Nội,ĐB,78429
2024-09-14,MB,Hà Nội,1,71162
2024-09-14,MB,Hà Nội,2,56004
2024-09-14,MB,Hà Nội,3,66779 - 21407 - 01779 - 10864 - 45354 - 65546
2024-09-14,MB,Hà Nội,4,02332 - 30771 - 15348 - 62048 - 40746 - 89474
2024-09-14,MB,Hà Nội,5,20771 - 07714 - 47400
2024-09-14,MB,Hà Nội,6,52293 - 85658 - 25430
2024-09-14,MB,Hà Nội,7,71907 - 42151 - 32225 - 80010
2024-09-14,MT,Đà Nẵng,ĐB,37809
2024-09-14,MT,Đà Nẵng,1,85009
2024-09-14,MT,Đà Nẵng,2,45486
2024-09-14,MT,Đà Nẵng,3,98011 - 62110 - 86416 - 52848 - 04140 - 68793
2024-09-14,MT,Đà Nẵng,4,05044 - 74540 - 79613 - 36981 - 44431 - 20859
2024-09-14,MT,Đà Nẵng,5,12826 - 32968 - 79825
2024-09-14,MT,Đà Nẵng,6,69552 - 12780 - 35641
2024-09-14,MT,Đà Nẵng,7,42340 - 59053 - 38612 - 90807
2024-09-14,MT,Đà Nẵng,8,28311
2024-09-14,MT,Khánh Hòa,ĐB,34208
2024-09-14,MT,Khánh Hòa,1,81128
2024-09-14,MT,Khánh Hòa,2,61580
2024-09-14,MT,Khánh Hòa,3,91945 - 19832 - 96916 - 48975 - 97335 - 71517
2024-09-14,MT,Khánh Hòa,4,75251 - 57772 - 78698 - 12502 - 47641 - 83604
2024-09-14,MT,Khánh Hòa,5,87913 - 28687 - 35581
2024-09-14,MT,Khánh Hòa,6,36863 - 24236 - 57425
2024-09-14,MT,Khánh Hòa,7,61968 - 56027 - 33287 - 30788
2024-09-14,MT,Khánh Hòa,8,65434
2024-09-14,MN,TP. HCM,ĐB,01285
2024-09-14,MN,TP. HCM,1,49100
2024-09-14,MN,TP. HCM,2,20386
2024-09-14,MN,TP. HCM,3,63719 - 34026 - 58834 - 70244 - 40545 - 17387
2024-09-14,MN,TP. HCM,4,22987 - 11385 - 32067 - 47701 - 98640 - 15700
2024-09-14,MN,TP. HCM,5,82226 - 31189 - 33355
2024-09-14,MN,TP. HCM,6,85915 - 65326 - 23810
2024-09-14,MN,TP. HCM,7,48750 - 18097 - 30996 - 53124
2024-09-14,MN,TP. HCM,8,11371
2024-09-14,MN,Đồng Tháp,ĐB,93003
2024-09-14,MN,Đồng Tháp,1,42103
2024-09-14,MN,Đồng Tháp,2,69770
2024-09-14,MN,Đồng Tháp,3,79663 - 61464 - 07694 - 52388 - 02600 - 40782
2024-09-14,MN,Đồng Tháp,4,41889 - 14374 - 39598 - 98380 - 63628 - 53407
2024-09-14,MN,Đồng Tháp,5,99634 - 09810 - 09976
2024-09-14,MN,Đồng Tháp,6,15755 - 66147 - 07419
2024-09-14,MN,Đồng Tháp,7,52558 - 43162 - 15954 - 33592
2024-09-14,MN,Đồng Tháp,8,97141
2024-09-14,MN,Cà Mau,ĐB,01612
2024-09-14,MN,Cà Mau,1,65913
2024-09-14,MN,Cà Mau,2,22175
2024-09-14,MN,Cà Mau,3,84923 - 73810 - 35910 - 10110 - 01721 - 24406
2024-09-14,MN,Cà Mau,4,18363 - 33794 - 14922 - 76799 - 40110 - 87144
2024-09-14,MN,Cà Mau,5,82643 - 86609 - 52845
2024-09-14,MN,Cà Mau,6,56086 - 55272 - 69136
2024-09-14,MN,Cà Mau,7,07418 - 30696 - 80496 - 47050
2024-09-14,MN,Cà Mau,8,52184
2024-09-15,MB,Hà Nội,ĐB,16788
2024-09-15,MB,Hà Nội,1,58674
2024-09-15,MB,Hà Nội,2,18299
2024-09-15,MB,Hà Nội,3,96508 - 92169 - 47548 - 91599 - 00195 - 58625
2024-09-15,MB,Hà Nội,4,81626 - 99782 - 32669 - 70106 - 33024 - 88451
2024-09-15,MB,Hà Nội,5,85957 - 05246 - 77274
2024-09-15,MB,Hà Nội,6,51149 - 47821 - 96269
2024-09-15,MB,Hà Nội,7,30769 - 45749 - 83965 - 53348
2024-09-15,MT,Đà Nẵng,ĐB,33071
2024-09-15,MT,Đà Nẵng,1,60021
2024-09-15,MT,Đà Nẵng,2,93079
2024-09-15,MT,Đà Nẵng,3,52849 - 16411 - 55235 - 91521 - 93916 - 18272
2024-09-15,MT,Đà Nẵng,4,61899 - 07707 - 16709 - 55844 - 70170 - 88765
2024-09-15,MT,Đà Nẵng,5,28134 - 01323 - 83291
2024-09-15,MT,Đà Nẵng,6,55963 - 48320 - 95167
2024-09-15,MT,Đà Nẵng,7,65559 - 91246 - 50269 - 27090
2024-09-15,MT,Đà Nẵng,8,85925
2024-09-15,MT,Khánh Hòa,ĐB,31229
2024-09-15,MT,Khánh Hòa,1,28846
2024-09-15,MT,Khánh Hòa,2,84951
2024-09-15,MT,Khánh Hòa,3,39506 - 95713 - 37194 - 36740 - 18250 - 24706
2024-09-15,MT,Khánh Hòa,4,69529 - 05423 - 66850 - 52630 - 55071 - 60499
2024-09-15,MT,Khánh Hòa,5,76263 - 32256 - 61567
2024-09-15,MT,Khánh Hòa,6,67616 - 87213 - 07488
2024-09-15,MT,Khánh Hòa,7,74900 - 05668 - 06450 - 41534
2024-09-15,MT,Khánh Hòa,8,30275
2024-09-15,MN,TP. HCM,ĐB,66926
2024-09-15,MN,TP. HCM,1,40925
2024-09-15,MN,TP. HCM,2,39177
2024-09-15,MN,TP. HCM,3,37041 - 29653 - 96345 - 36474 - 86087 - 67809
2024-09-15,MN,TP. HCM,4,01475 - 56746 - 14992 - 56717 - 30668 - 97634
2024-09-15,MN,TP. HCM,5,22001 - 04653 - 24852
2024-09-15,MN,TP. HCM,6,01530 - 27838 - 57853
2024-09-15,MN,TP. HCM,7,29063 - 08454 - 64069 - 58706
2024-09-15,MN,TP. HCM,8,86615
2024-09-15,MN,Đồng Tháp,ĐB,69408
2024-09-15,MN,Đồng Tháp,1,28440
2024-09-15,MN,Đồng Tháp,2,91462
2024-09-15,MN,Đồng Tháp,3,37548 - 68046 - 51025 - 25958 - 48887 - 76048
2024-09-15,MN,Đồng Tháp,4,28839 - 05515 - 99852 - 69027 - 12703 - 33159
2024-09-15,MN,Đồng Tháp,5,85723 - 80680 - 27163
2024-09-15,MN,Đồng Tháp,6,53416 - 09610 - 47689
2024-09-15,MN,Đồng Tháp,7,14794 - 95826 - 16717 - 39802
2024-09-15,MN,Đồng Tháp,8,59450
2024-09-15,MN,Cà Mau,ĐB,75182
2024-09-15,MN,Cà Mau,1,63514
2024-09-15,MN,Cà Mau,2,36979
2024-09-15,MN,Cà Mau,3,11581 - 38074 - 05098 - 34211 - 94309 - 98052
2024-09-15,MN,Cà Mau,4,51871 - 27555 - 65412 - 04561 - 76616 - 08796
2024-09-15,MN,Cà Mau,5,74566 - 82701 - 20271
2024-09-15,MN,Cà Mau,6,13755 - 88224 - 70869
2024-09-15,MN,Cà Mau,7,69121 - 30759 - 72300 - 09849
2024-09-15,MN,Cà Mau,8,88804
2024-09-16,MB,Hà Nội,ĐB,19851
2024-09-16,MB,Hà Nội,1,39096
2024-09-16,MB,Hà Nội,2,49945
2024-09-16,MB,Hà Nội,3,74140 - 56166 - 46422 - 34094 - 95629 - 75219
2024-09-16,MB,Hà Nội,4,48224 - 35648 - 88545 - 38003 - 26210 - 16780
2024-09-16,MB,Hà Nội,5,15748 - 68273 - 21354
2024-09-16,MB,Hà Nội,6,59700 - 01309 - 22249
2024-09-16,MB,Hà Nội,7,83302 - 02818 - 21555 - 44627
2024-09-16,MT,Đà Nẵng,ĐB,56954
2024-09-16,MT,Đà Nẵng,1,65175
2024-09-16,MT,Đà Nẵng,2,34947
2024-09-16,MT,Đà Nẵng,3,69154 - 32282 - 75114 - 83237 - 97778 - 76129
2024-09-16,MT,Đà Nẵng,4,08214 - 05443 - 95490 - 32375 - 12574 - 96035
2024-09-16,MT,Đà Nẵng,5,75012 - 00231 - 46590
2024-09-16,MT,Đà Nẵng,6,08370 - 86921 - 02901
2024-09-16,MT,Đà Nẵng,7,14113 - 34769 - 13633 - 50884
2024-09-16,MT,Đà Nẵng,8,10153
2024-09-16,MT,Khánh Hòa,ĐB,40809
2024-09-16,MT,Khánh Hòa,1,05283
2024-09-16,MT,Khánh Hòa,2,50493
2024-09-16,MT,Khánh Hòa,3,10215 - 07229 - 78083 - 92103 - 59520 - 48857
2024-09-16,MT,Khánh Hòa,4,05302 - 06544 - 87349 - 10950 - 79558 - 69081
2024-09-16,MT,Khánh Hòa,5,17068 - 98251 - 19365
2024-09-16,MT,Khánh Hòa,6,47360 - 55981 - 78366
2024-09-16,MT,Khánh Hòa,7,79668 - 46586 - 62212 - 57876
2024-09-16,MT,Khánh Hòa,8,93790
2024-09-16,MN,TP. HCM,ĐB,87535
2024-09-16,MN,TP. HCM,1,48946
2024-09-16,MN,TP. HCM,2,31132
2024-09-16,MN,TP. HCM,3,92126 - 72426 - 92939 - 58017 - 35446 - 44373
2024-09-16,MN,TP. HCM,4,09604 - 03246 - 53795 - 34303 - 85321 - 62655
2024-09-16,MN,TP. HCM,5,03828 - 58476 - 98698
2024-09-16,MN,TP. HCM,6,00895 - 89577 - 29251
2024-09-16,MN,TP. HCM,7,97141 - 74304 - 08343 - 97276
2024-09-16,MN,TP. HCM,8,99755
2024-09-16,MN,Đồng Tháp,ĐB,34074
2024-09-16,MN,Đồng Tháp,1,92099
2024-09-16,MN,Đồng Tháp,2,54841
2024-09-16,MN,Đồng Tháp,3,31444 - 79951 - 80259 - 56665 - 15890 - 58976
2024-09-16,MN,Đồng Tháp,4,12033 - 74383 - 43957 - 12044 - 59242 - 25784
2024-09-16,MN,Đồng Tháp,5,39517 - 54919 - 57558
2024-09-16,MN,Đồng Tháp,6,79724 - 53135 - 73450
2024-09-16,MN,Đồng Tháp,7,35277 - 69176 - 55919 - 00975
2024-09-16,MN,Đồng Tháp,8,86123
2024-09-16,MN,Cà Mau,ĐB,45164
2024-09-16,MN,Cà Mau,1,54874
2024-09-16,MN,Cà Mau,2,45960
2024-09-16,MN,Cà Mau,3,09471 - 48332 - 31680 - 15179 - 72463 - 29081
2024-09-16,MN,Cà Mau,4,28181 - 59442 - 91581 - 98199 - 48355 - 57283
2024-09-16,MN,Cà Mau,5,52745 - 13453 - 58472
2024-09-16,MN,Cà Mau,6,10751 - 89880 - 38407
2024-09-16,MN,Cà Mau,7,10984 - 89791 - 62710 - 45270
2024-09-16,MN,Cà Mau,8,01162
2024-09-17,MB,Hà Nội,ĐB,54654
2024-09-17,MB,Hà Nội,1,63623
2024-09-17,MB,Hà Nội,2,81012
2024-09-17,MB,Hà Nội,3,85651 - 84535 - 73648 - 12515 - 30517 - 97729
2024-09-17,MB,Hà Nội,4,56240 - 11266 - 19700 - 79734 - 32639 - 73277
2024-09-17,MB,Hà Nội,5,87159 - 44399 - 05435
2024-09-17,MB,Hà Nội,6,63847 - 61975 - 79727
2024-09-17,MB,Hà Nội,7,11033 - 67550 - 49903 - 47289
2024-09-17,MT,Đà Nẵng,ĐB,32973
2024-09-17,MT,Đà Nẵng,1,08225
2024-09-17,MT,Đà Nẵng,2,85664
2024-09-17,MT,Đà Nẵng,3,65089 - 06029 - 42810 - 90213 - 92180 - 02083
2024-09-17,MT,Đà Nẵng,4,83138 - 96313 - 71792 - 32513 - 98626 - 57145
2024-09-17,MT,Đà Nẵng,5,03109 - 70319 - 23078
2024-09-17,MT,Đà Nẵng,6,01663 - 89534 - 22412
2024-09-17,MT,Đà Nẵng,7,15165 - 23433 - 24194 - 49214
2024-09-17,MT,Đà Nẵng,8,69727
2024-09-17,MT,Khánh Hòa,ĐB,31089
2024-09-17,MT,Khánh Hòa,1,77614
2024-09-17,MT,Khánh Hòa,2,68299
2024-09-17,MT,Khánh Hòa,3,11176 - 26048 - 67482 - 52355 - 57446 - 45520
2024-09-17,MT,Khánh Hòa,4,76697 - 09605 - 19099 - 34366 - 33937 - 82270
2024-09-17,MT,Khánh Hòa,5,31848 - 99547 - 16897
2024-09-17,MT,Khánh Hòa,6,85407 - 64264 - 86501
2024-09-17,MT,Khánh Hòa,7,93005 - 87163 - 46588 - 37993
2024-09-17,MT,Khánh Hòa,8,00410
2024-09-17,MN,TP. HCM,ĐB,40074
2024-09-17,MN,TP. HCM,1,25131
2024-09-17,MN,TP. HCM,2,58868
2024-09-17,MN,TP. HCM,3,17498 - 72164 - 95918 - 34410 - 03377 - 97317
2024-09-17,MN,TP. HCM,4,22287 - 65905 - 24942 - 55243 - 58804 - 05025
2024-09-17,MN,TP. HCM,5,40038 - 03939 - 61546
2024-09-17,MN,TP. HCM,6,59813 - 07088 - 98320
2024-09-17,MN,TP. HCM,7,17800 - 66413 - 76373 - 50909
2024-09-17,MN,TP. HCM,8,86843
2024-09-17,MN,Đồng Tháp,ĐB,70184
2024-09-17,MN,Đồng Tháp,1,69401
2024-09-17,MN,Đồng Tháp,2,41383
2024-09-17,MN,Đồng Tháp,3,37799 - 88528 - 54487 - 56217 - 92801 - 17260
2024-09-17,MN,Đồng Tháp,4,14531 - 83176 - 56383 - 55583 - 16219 - 48478
2024-09-17,MN,Đồng Tháp,5,47398 - 60413 - 16169
2024-09-17,MN,Đồng Tháp,6,08989 - 21758 - 27338
2024-09-17,MN,Đồng Tháp,7,78653 - 16777 - 11904 - 01681
2024-09-17,MN,Đồng Tháp,8,02960
2024-09-17,MN,Cà Mau,ĐB,81167
2024-09-17,MN,Cà Mau,1,73367
2024-09-17,MN,Cà Mau,2,47950
2024-09-17,MN,Cà Mau,3,16732 - 97295 - 53922 - 36804 - 88880 - 47288
2024-09-17,MN,Cà Mau,4,42316 - 58890 - 48120 - 24500 - 82302 - 81797
2024-09-17,MN,Cà Mau,5,64473 - 90524 - 04337
2024-09-17,MN,Cà Mau,6,26756 - 81436 - 50226
2024-09-17,MN,Cà Mau,7,90461 - 62048 - 95946 - 23447
2024-09-17,MN,Cà Mau,8,64454
2024-09-18,MB,Hà Nội,ĐB,65364
2024-09-18,MB,Hà Nội,1,42843
2024-09-18,MB,Hà Nội,2,99032
2024-09-18,MB,Hà Nội,3,09534 - 52368 - 22158 - 56813 - 95643 - 56890
2024-09-18,MB,Hà Nội,4,59014 - 71504 - 76294 - 92821 - 79882 - 60840
2024-09-18,MB,Hà Nội,5,49615 - 68927 - 17831
2024-09-18,MB,Hà Nội,6,66669 - 60922 - 81224
2024-09-18,MB,Hà Nội,7,63806 - 41515 - 86306 - 45259
2024-09-18,MT,Đà Nẵng,ĐB,39038
2024-09-18,MT,Đà Nẵng,1,72019
2024-09-18,MT,Đà Nẵng,2,46971
2024-09-18,MT,Đà Nẵng,3,71670 - 64929 - 30042 - 84086 - 93636 - 10344
2024-09-18,MT,Đà Nẵng,4,22383 - 57115 - 84403 - 28839 - 73912 - 79707
2024-09-18,MT,Đà Nẵng,5,72680 - 78012 - 58449
2024-09-18,MT,Đà Nẵng,6,10584 - 71934 - 69464
2024-09-18,MT,Đà Nẵng,7,21085 - 63372 - 94066 - 36864
2024-09-18,MT,Đà Nẵng,8,94039
2024-09-18,MT,Khánh Hòa,ĐB,27007
2024-09-18,MT,Khánh Hòa,1,42653
2024-09-18,MT,Khánh Hòa,2,55556
2024-09-18,MT,Khánh Hòa,3,43561 - 59981 - 87484 - 70594 - 75388 - 36005
2024-09-18,MT,Khánh Hòa,4,75322 - 98477 - 35134 - 74790 - 17109 - 99047
2024-09-18,MT,Khánh Hòa,5,71665 - 79094 - 27553
2024-09-18,MT,Khánh Hòa,6,76774 - 28375 - 07204
2024-09-18,MT,Khánh Hòa,7,22003 - 74521 - 63916 - 36121
2024-09-18,MT,Khánh Hòa,8,04486
2024-09-18,MN,TP. HCM,ĐB,79073
2024-09-18,MN,TP. HCM,1,91735
2024-09-18,MN,TP. HCM,2,70891
2024-09-18,MN,TP. HCM,3,91953 - 05748 - 87529 - 08293 - 39850 - 76215
2024-09-18,MN,TP. HCM,4,04830 - 12042 - 57181 - 89952 - 18747 - 00803
2024-09-18,MN,TP. HCM,5,63845 - 87610 - 11821
2024-09-18,MN,TP. HCM,6,73627 - 92782 - 63101
2024-09-18,MN,TP. HCM,7,44707 - 55333 - 66866 - 57144
2024-09-18,MN,TP. HCM,8,53868
2024-09-18,MN,Đồng Tháp,ĐB,60647
2024-09-18,MN,Đồng Tháp,1,47332
2024-09-18,MN,Đồng Tháp,2,65534
2024-09-18,MN,Đồng Tháp,3,27465 - 74470 - 33477 - 98112 - 38452 - 44126
2024-09-18,MN,Đồng Tháp,4,38943 - 82422 - 05249 - 36202 - 50895 - 75001
2024-09-18,MN,Đồng Tháp,5,29296 - 53505 - 63726
2024-09-18,MN,Đồng Tháp,6,51519 - 64503 - 81046
2024-09-18,MN,Đồng Tháp,7,87832 - 01037 - 17170 - 25977
2024-09-18,MN,Đồng Tháp,8,66866
2024-09-18,MN,Cà Mau,ĐB,90624
2024-09-18,MN,Cà Mau,1,15701
2024-09-18,MN,Cà Mau,2,10764
2024-09-18,MN,Cà Mau,3,23440 - 54249 - 56163 - 91825 - 05588 - 95474
2024-09-18,MN,Cà Mau,4,48723 - 13386 - 50722 - 48297 - 41427 - 03040
2024-09-18,MN,Cà Mau,5,20081 - 28355 - 77814
2024-09-18,MN,Cà Mau,6,91739 - 73298 - 70146
2024-09-18,MN,Cà Mau,7,12022 - 25324 - 49586 - 79179
2024-09-18,MN,Cà Mau,8,44471
2024-09-19,MB,Hà Nội,ĐB,78161
2024-09-19,MB,Hà Nội,1,57630
2024-09-19,MB,Hà Nội,2,74362
2024-09-19,MB,Hà Nội,3,75167 - 38192 - 44652 - 49216 - 95301 - 61732
2024-09-19,MB,Hà Nội,4,38307 - 25528 - 46410 - 97820 - 84353 - 75058
2024-09-19,MB,Hà Nội,5,03571 - 62726 - 30338
2024-09-19,MB,Hà Nội,6,30772 - 33284 - 08338
2024-09-19,MB,Hà Nội,7,55973 - 57557 - 30627 - 82954
2024-09-19,MT,Đà Nẵng,ĐB,87363
2024-09-19,MT,Đà Nẵng,1,79710
2024-09-19,MT,Đà Nẵng,2,02219
2024-09-19,MT,Đà Nẵng,3,03865 - 87551 - 72891 - 92445 - 51340 - 71309
2024-09-19,MT,Đà Nẵng,4,49771 - 68511 - 54900 - 43254 - 53619 - 60615
2024-09-19,MT,Đà Nẵng,5,06928 - 12521 - 92123
2024-09-19,MT,Đà Nẵng,6,74420 - 68196 - 53464
2024-09-19,MT,Đà Nẵng,7,95140 - 20277 - 17846 - 49257
2024-09-19,MT,Đà Nẵng,8,84342
2024-09-19,MT,Khánh Hòa,ĐB,82463
2024-09-19,MT,Khánh Hòa,1,16793
2024-09-19,MT,Khánh Hòa,2,78973
2024-09-19,MT,Khánh Hòa,3,63244 - 44905 - 03421 - 35979 - 69323 - 57320
2024-09-19,MT,Khánh Hòa,4,16549 - 41246 - 77181 - 68393 - 59869 - 53488
2024-09-19,MT,Khánh Hòa,5,26185 - 41059 - 07800
2024-09-19,MT,Khánh Hòa,6,65320 - 31250 - 46107
2024-09-19,MT,Khánh Hòa,7,95796 - 64491 - 00510 - 91578
2024-09-19,MT,Khánh Hòa,8,08526
2024-09-19,MN,TP. HCM,ĐB,48956
2024-09-19,MN,TP. HCM,1,06100
2024-09-19,MN,TP. HCM,2,91409
2024-09-19,MN,TP. HCM,3,48768 - 68358 - 10858 - 11776 - 14901 - 85676
2024-09-19,MN,TP. HCM,4,93168 - 45977 - 64145 - 14846 - 54173 - 20556
2024-09-19,MN,TP. HCM,5,72444 - 88280 - 47584
2024-09-19,MN,TP. HCM,6,96880 - 02919 - 44304
2024-09-19,MN,TP. HCM,7,75798 - 61930 - 10069 - 36347
2024-09-19,MN,TP. HCM,8,51232
2024-09-19,MN,Đồng Tháp,ĐB,53146
2024-09-19,MN,Đồng Tháp,1,44398
2024-09-19,MN,Đồng Tháp,2,98513
2024-09-19,MN,Đồng Tháp,3,21959 - 12435 - 77415 - 41720 - 02609 - 14141
2024-09-19,MN,Đồng Tháp,4,24866 - 61032 - 04291 - 02162 - 15283 - 65193
2024-09-19,MN,Đồng Tháp,5,92768 - 75233 - 02957
2024-09-19,MN,Đồng Tháp,6,04004 - 33509 - 52221
2024-09-19,MN,Đồng Tháp,7,20329 - 50651 - 21323 - 32962
2024-09-19,MN,Đồng Tháp,8,30278
2024-09-19,MN,Cà Mau,ĐB,74947
2024-09-19,MN,Cà Mau,1,34342
2024-09-19,MN,Cà Mau,2,51763
2024-09-19,MN,Cà Mau,3,79283 - 19806 - 57687 - 43267 - 97318 - 52513
2024-09-19,MN,Cà Mau,4,90816 - 70364 - 67597 - 66000 - 00113 - 47415
2024-09-19,MN,Cà Mau,5,41292 - 91139 - 22687
2024-09-19,MN,Cà Mau,6,12968 - 86685 - 21758
2024-09-19,MN,Cà Mau,7,01799 - 62554 - 02303 - 03928
2024-09-19,MN,Cà Mau,8,00389
2024-09-20,MB,Hà Nội,ĐB,27222
2024-09-20,MB,Hà Nội,1,91001
2024-09-20,MB,Hà Nội,2,43454
2024-09-20,MB,Hà Nội,3,69544 - 41526 - 72534 - 62199 - 24984 - 94955
2024-09-20,MB,Hà Nội,4,16811 - 63959 - 26507 - 92787 - 94059 - 54724
2024-09-20,MB,Hà Nội,5,14976 - 10666 - 23439
2024-09-20,MB,Hà Nội,6,78773 - 84458 - 41848
2024-09-20,MB,Hà Nội,7,01399 - 85982 - 64975 - 74356
2024-09-20,MT,Đà Nẵng,ĐB,46931
2024-09-20,MT,Đà Nẵng,1,95176
2024-09-20,MT,Đà Nẵng,2,07057
2024-09-20,MT,Đà Nẵng,3,72628 - 37192 - 59279 - 82435 - 18879 - 75222
2024-09-20,MT,Đà Nẵng,4,25180 - 77435 - 84481 - 19730 - 66995 - 70405
2024-09-20,MT,Đà Nẵng,5,34973 - 43402 - 08494
2024-09-20,MT,Đà Nẵng,6,85319 - 42706 - 12460
2024-09-20,MT,Đà Nẵng,7,36212 - 54824 - 80984 - 71774
2024-09-20,MT,Đà Nẵng,8,66896
2024-09-20,MT,Khánh Hòa,ĐB,78038
2024-09-20,MT,Khánh Hòa,1,48762
2024-09-20,MT,Khánh Hòa,2,20856
2024-09-20,MT,Khánh Hòa,3,31713 - 61532 - 11873 - 01044 - 11640 - 93050
2024-09-20,MT,Khánh Hòa,4,51043 - 40743 - 10948 - 37743 - 26791 - 94566
2024-09-20,MT,Khánh Hòa,5,59228 - 17599 - 95213
2024-09-20,MT,Khánh Hòa,6,33042 - 38494 - 64579
2024-09-20,MT,Khánh Hòa,7,14894 - 87157 - 20316 - 23495
2024-09-20,MT,Khánh Hòa,8,78162
2024-09-20,MN,TP. HCM,ĐB,55382
2024-09-20,MN,TP. HCM,1,25624
2024-09-20,MN,TP. HCM,2,80942
2024-09-20,MN,TP. HCM,3,99051 - 83049 - 49584 - 11411 - 29316 - 55156
2024-09-20,MN,TP. HCM,4,17801 - 88471 - 93539 - 22468 - 29839 - 06284
2024-09-20,MN,TP. HCM,5,28696 - 64424 - 58182
2024-09-20,MN,TP. HCM,6,11376 - 55356 - 11848
2024-09-20,MN,TP. HCM,7,21030 - 68707 - 57211 - 74306
2024-09-20,MN,TP. HCM,8,55501
2024-09-20,MN,Đồng Tháp,ĐB,17447
2024-09-20,MN,Đồng Tháp,1,67942
2024-09-20,MN,Đồng Tháp,2,57015
2024-09-20,MN,Đồng Tháp,3,74560 - 24627 - 61237 - 64683 - 78285 - 87253
2024-09-20,MN,Đồng Tháp,4,36055 - 77601 - 62501 - 55010 - 74027 - 71604
2024-09-20,MN,Đồng Tháp,5,60901 - 66658 - 81607
2024-09-20,MN,Đồng Tháp,6,06190 - 75585 - 71754
2024-09-20,MN,Đồng Tháp,7,09774 - 45301 - 86115 - 28062
2024-09-20,MN,Đồng Tháp,8,91211
2024-09-20,MN,Cà Mau,ĐB,79972
2024-09-20,MN,Cà Mau,1,67299
2024-09-20,MN,Cà Mau,2,50505
2024-09-20,MN,Cà Mau,3,55827 - 39184 - 64425 - 82787 - 03762 - 56438
2024-09-20,MN,Cà Mau,4,81743 - 61757 - 31086 - 68147 - 19893 - 53443
2024-09-20,MN,Cà Mau,5,86753 - 71975 - 70770
2024-09-20,MN,Cà Mau,6,82402 - 68526 - 70477
2024-09-20,MN,Cà Mau,7,13824 - 31233 - 79545 - 41993
2024-09-20,MN,Cà Mau,8,86775
2024-09-21,MB,Hà Nội,ĐB,80901
2024-09-21,MB,Hà Nội,1,99178
2024-09-21,MB,Hà Nội,2,26195
2024-09-21,MB,Hà Nội,3,48731 - 76653 - 21178 - 70291 - 04011 - 17933
2024-09-21,MB,Hà Nội,4,34768 - 17357 - 41454 - 66343 - 81252 - 64707
2024-09-21,MB,Hà Nội,5,59226 - 61062 - 02611
2024-09-21,MB,Hà Nội,6,80345 - 07716 - 35529
2024-09-21,MB,Hà Nội,7,07871 - 19966 - 71826 - 76013
2024-09-21,MT,Đà Nẵng,ĐB,39393
2024-09-21,MT,Đà Nẵng,1,39739
2024-09-21,MT,Đà Nẵng,2,93888
2024-09-21,MT,Đà Nẵng,3,50372 - 64648 - 01880 - 03697 - 94939 - 87613
2024-09-21,MT,Đà Nẵng,4,84732 - 00143 - 65426 - 09226 - 83568 - 67850
2024-09-21,MT,Đà Nẵng,5,38521 - 01779 - 71190
2024-09-21,MT,Đà Nẵng,6,64059 - 57480 - 74819
2024-09-21,MT,Đà Nẵng,7,17431 - 21017 - 69899 - 70812
2024-09-21,MT,Đà Nẵng,8,31254
2024-09-21,MT,Khánh Hòa,ĐB,70764
2024-09-21,MT,Khánh Hòa,1,00382
2024-09-21,MT,Khánh Hòa,2,31599
2024-09-21,MT,Khánh Hòa,3,64018 - 57387 - 44271 - 89522 - 32710 - 30461
2024-09-21,MT,Khánh Hòa,4,00244 - 13459 - 71797 - 94024 - 84175 - 13621
2024-09-21,MT,Khánh Hòa,5,95339 - 08967 - 15607
2024-09-21,MT,Khánh Hòa,6,23877 - 12041 - 03235
2024-09-21,MT,Khánh Hòa,7,25209 - 96001 - 76939 - 72085
2024-09-21,MT,Khánh Hòa,8,29488
2024-09-21,MN,TP. HCM,ĐB,21310
2024-09-21,MN,TP. HCM,1,93834
2024-09-21,MN,TP. HCM,2,06625
2024-09-21,MN,TP. HCM,3,22402 - 71209 - 00661 - 39576 - 13611 - 33242
2024-09-21,MN,TP. HCM,4,37170 - 24159 - 10552 - 11400 - 69954 - 95921
2024-09-21,MN,TP. HCM,5,03310 - 15450 - 70169
2024-09-21,MN,TP. HCM,6,60066 - 28309 - 11479
2024-09-21,MN,TP. HCM,7,19350 - 66063 - 97540 - 43118
2024-09-21,MN,TP. HCM,8,32364
2024-09-21,MN,Đồng Tháp,ĐB,55732
2024-09-21,MN,Đồng Tháp,1,55523
2024-09-21,MN,Đồng Tháp,2,32117
2024-09-21,MN,Đồng Tháp,3,03930 - 31287 - 06758 - 29987 - 23998 - 56918
2024-09-21,MN,Đồng Tháp,4,24555 - 63516 - 42587 - 50612 - 15980 - 66231
2024-09-21,MN,Đồng Tháp,5,02226 - 80127 - 83274
2024-09-21,MN,Đồng Tháp,6,68106 - 21230 - 78457
2024-09-21,MN,Đồng Tháp,7,54785 - 67940 - 95050 - 68607
2024-09-21,MN,Đồng Tháp,8,56053
2024-09-21,MN,Cà Mau,ĐB,95815
2024-09-21,MN,Cà Mau,1,87063
2024-09-21,MN,Cà Mau,2,79518
2024-09-21,MN,Cà Mau,3,56621 - 97782 - 77434 - 03230 - 31935 - 46680
2024-09-21,MN,Cà Mau,4,20700 - 63585 - 89073 - 96765 - 77847 - 03811
2024-09-21,MN,Cà Mau,5,11513 - 34653 - 04767
2024-09-21,MN,Cà Mau,6,42844 - 78498 - 93433
2024-09-21,MN,Cà Mau,7,33023 - 04316 - 53565 - 23395
2024-09-21,MN,Cà Mau,8,78902
2024-09-22,MB,Hà Nội,ĐB,46518
2024-09-22,MB,Hà Nội,1,00287
2024-09-22,MB,Hà Nội,2,25135
2024-09-22,MB,Hà Nội,3,31161 - 01823 - 92991 - 16488 - 52967 - 09609
2024-09-22,MB,Hà Nội,4,80352 - 24188 - 35194 - 35578 - 11915 - 71616
2024-09-22,MB,Hà Nội,5,40610 - 82966 - 93377
2024-09-22,MB,Hà Nội,6,29709 - 44689 - 04922
2024-09-22,MB,Hà Nội,7,08990 - 07643 - 21534 - 13570
2024-09-22,MT,Đà Nẵng,ĐB,42737
2024-09-22,MT,Đà Nẵng,1,74780
2024-09-22,MT,Đà Nẵng,2,66464
2024-09-22,MT,Đà Nẵng,3,51724 - 57200 - 51134 - 46295 - 53986 - 60652
2024-09-22,MT,Đà Nẵng,4,16104 - 63445 - 75531 - 24614 - 97405 - 24817
2024-09-22,MT,Đà Nẵng,5,69313 - 59019 - 53218
2024-09-22,MT,Đà Nẵng,6,02581 - 34307 - 99656
2024-09-22,MT,Đà Nẵng,7,51553 - 53977 - 96885 - 94575
2024-09-22,MT,Đà Nẵng,8,02832
2024-09-22,MT,Khánh Hòa,ĐB,43564
2024-09-22,MT,Khánh Hòa,1,97197
2024-09-22,MT,Khánh Hòa,2,41252
2024-09-22,MT,Khánh Hòa,3,80223 - 51466 - 40020 - 02651 - 41283 - 37795
2024-09-22,MT,Khánh Hòa,4,99214 - 25151 - 20660 - 28254 - 36607 - 43497
2024-09-22,MT,Khánh Hòa,5,31591 - 46420 - 14083
2024-09-22,MT,Khánh Hòa,6,10413 - 64232 - 21523
2024-09-22,MT,Khánh Hòa,7,09382 - 02657 - 64141 - 92792
2024-09-22,MT,Khánh Hòa,8,28110
2024-09-22,MN,TP. HCM,ĐB,88153
2024-09-22,MN,TP. HCM,1,27360
2024-09-22,MN,TP. HCM,2,16158
2024-09-22,MN,TP. HCM,3,97033 - 14750 - 95529 - 21685 - 12175 - 03312
2024-09-22,MN,TP. HCM,4,98381 - 16993 - 75510 - 26140 - 74691 - 97487
2024-09-22,MN,TP. HCM,5,49897 - 76171 - 75750
2024-09-22,MN,TP. HCM,6,13795 - 75041 - 33752
2024-09-22,MN,TP. HCM,7,11018 - 89962 - 39900 - 67439
2024-09-22,MN,TP. HCM,8,18218
2024-09-22,MN,Đồng Tháp,ĐB,22338
2024-09-22,MN,Đồng Tháp,1,39486
2024-09-22,MN,Đồng Tháp,2,31329
2024-09-22,MN,Đồng Tháp,3,60334 - 41337 - 96857 - 59114 - 56231 - 03917
2024-09-22,MN,Đồng Tháp,4,28810 - 67608 - 16763 - 51897 - 45657 - 67213
2024-09-22,MN,Đồng Tháp,5,77133 - 85941 - 11307
2024-09-22,MN,Đồng Tháp,6,34390 - 96946 - 77121
2024-09-22,MN,Đồng Tháp,7,23145 - 20804 - 69883 - 63555
2024-09-22,MN,Đồng Tháp,8,16440
2024-09-22,MN,Cà Mau,ĐB,78835
2024-09-22,MN,Cà Mau,1,01221
2024-09-22,MN,Cà Mau,2,36963
2024-09-22,MN,Cà Mau,3,55284 - 95575 - 31547 - 42481 - 65074 - 09158
2024-09-22,MN,Cà Mau,4,40496 - 16976 - 72359 - 15382 - 26115 - 15393
2024-09-22,MN,Cà Mau,5,47551 - 21737 - 02965
2024-09-22,MN,Cà Mau,6,82405 - 43187 - 23954
2024-09-22,MN,Cà Mau,7,21719 - 39462 - 54818 - 07527
2024-09-22,MN,Cà Mau,8,08471
2024-09-23,MB,Hà Nội,ĐB,67363
2024-09-23,MB,Hà Nội,1,66299
2024-09-23,MB,Hà Nội,2,99827
2024-09-23,MB,Hà Nội,3,99831 - 33687 - 73388 - 03468 - 77510 - 65943
2024-09-23,MB,Hà Nội,4,30864 - 38132 - 27423 - 49286 - 86727 - 95561
2024-09-23,MB,Hà Nội,5,26854 - 70008 - 67414
2024-09-23,MB,Hà Nội,6,72542 - 37113 - 88794
2024-09-23,MB,Hà Nội,7,02902 - 36499 - 39731 - 06241
2024-09-23,MT,Đà Nẵng,ĐB,53244
2024-09-23,MT,Đà Nẵng,1,76038
2024-09-23,MT,Đà Nẵng,2,33899
2024-09-23,MT,Đà Nẵng,3,60299 - 71678 - 61637 - 52703 - 49995 - 18878
2024-09-23,MT,Đà Nẵng,4,82002 - 67118 - 17124 - 92466 - 92807 - 24869
2024-09-23,MT,Đà Nẵng,5,49106 - 54031 - 50854
2024-09-23,MT,Đà Nẵng,6,94747 - 94727 - 41306
2024-09-23,MT,Đà Nẵng,7,14628 - 51531 - 84901 - 66111
2024-09-23,MT,Đà Nẵng,8,75910
2024-09-23,MT,Khánh Hòa,ĐB,67826
2024-09-23,MT,Khánh Hòa,1,96284
2024-09-23,MT,Khánh Hòa,2,19319
2024-09-23,MT,Khánh Hòa,3,61008 - 99715 - 63603 - 40248 - 06958 - 49548
2024-09-23,MT,Khánh Hòa,4,08482 - 27503 - 48670 - 16030 - 04504 - 42567
2024-09-23,MT,Khánh Hòa,5,86777 - 22444 - 89996
2024-09-23,MT,Khánh Hòa,6,63837 - 38793 - 87994
2024-09-23,MT,Khánh Hòa,7,18131 - 00625 - 77140 - 98850
2024-09-23,MT,Khánh Hòa,8,15735
2024-09-23,MN,TP. HCM,ĐB,92745
2024-09-23,MN,TP. HCM,1,67372
2024-09-23,MN,TP. HCM,2,43804
2024-09-23,MN,TP. HCM,3,68100 - 23827 - 89909 - 49846 - 98012 - 20471
2024-09-23,MN,TP. HCM,4,61272 - 56173 - 79892 - 30183 - 34894 - 36484
2024-09-23,MN,TP. HCM,5,39898 - 00197 - 44637
2024-09-23,MN,TP. HCM,6,11970 - 18324 - 12545
2024-09-23,MN,TP. HCM,7,68638 - 27020 - 12360 - 25177
2024-09-23,MN,TP. HCM,8,23503
2024-09-23,MN,Đồng Tháp,ĐB,65293
2024-09-23,MN,Đồng Tháp,1,58957
2024-09-23,MN,Đồng Tháp,2,28258
2024-09-23,MN,Đồng Tháp,3,96862 - 98083 - 14081 - 39207 - 48719 - 29572
2024-09-23,MN,Đồng Tháp,4,58464 - 95161 - 84366 - 88719 - 47290 - 08492
2024-09-23,MN,Đồng Tháp,5,20125 - 86620 - 15566
2024-09-23,MN,Đồng Tháp,6,12156 - 74595 - 06947
2024-09-23,MN,Đồng Tháp,7,88465 - 40860 - 45463 - 10244
2024-09-23,MN,Đồng Tháp,8,31578
2024-09-23,MN,Cà Mau,ĐB,91199
2024-09-23,MN,Cà Mau,1,91009
2024-09-23,MN,Cà Mau,2,76262
2024-09-23,MN,Cà Mau,3,42344 - 59409 - 57112 - 69780 - 15853 - 76072
2024-09-23,MN,Cà Mau,4,50540 - 58351 - 40649 - 56391 - 19261 - 39111
2024-09-23,MN,Cà Mau,5,01731 - 97939 - 31299
2024-09-23,MN,Cà Mau,6,36658 - 10640 - 68015
2024-09-23,MN,Cà Mau,7,34782 - 97928 - 12175 - 90061
2024-09-23,MN,Cà Mau,8,53775
2024-09-24,MB,Hà Nội,ĐB,83221
2024-09-24,MB,Hà Nội,1,18992
2024-09-24,MB,Hà Nội,2,36721
2024-09-24,MB,Hà Nội,3,19366 - 44308 - 85256 - 13639 - 89774 - 10365
2024-09-24,MB,Hà Nội,4,22078 - 22501 - 07273 - 54447 - 86002 - 65381
2024-09-24,MB,Hà Nội,5,94439 - 86489 - 80322
2024-09-24,MB,Hà Nội,6,66725 - 45684 - 92884
2024-09-24,MB,Hà Nội,7,95699 - 56966 - 73480 - 46563
2024-09-24,MT,Đà Nẵng,ĐB,71345
2024-09-24,MT,Đà Nẵng,1,33731
2024-09-24,MT,Đà Nẵng,2,46830
2024-09-24,MT,Đà Nẵng,3,40238 - 67730 - 77982 - 35204 - 75130 - 04253
2024-09-24,MT,Đà Nẵng,4,32138 - 93131 - 80888 - 70565 - 75258 - 19723
2024-09-24,MT,Đà Nẵng,5,75618 - 81725 - 15626
2024-09-24,MT,Đà Nẵng,6,85875 - 81586 - 58879
2024-09-24,MT,Đà Nẵng,7,03969 - 93593 - 88225 - 51239
2024-09-24,MT,Đà Nẵng,8,77943
2024-09-24,MT,Khánh Hòa,ĐB,99500
2024-09-24,MT,Khánh Hòa,1,92359
2024-09-24,MT,Khánh Hòa,2,35267
2024-09-24,MT,Khánh Hòa,3,97953 - 58969 - 97131 - 29529 - 19001 - 48209
2024-09-24,MT,Khánh Hòa,4,78390 - 21057 - 26923 - 65087 - 16306 - 92712
2024-09-24,MT,Khánh Hòa,5,65152 - 39473 - 34909
2024-09-24,MT,Khánh Hòa,6,74771 - 16403 - 66586
2024-09-24,MT,Khánh Hòa,7,32056 - 70366 - 85191 - 12408
2024-09-24,MT,Khánh Hòa,8,22074
2024-09-24,MN,TP. HCM,ĐB,15138
2024-09-24,MN,TP. HCM,1,60561
2024-09-24,MN,TP. HCM,2,37623
2024-09-24,MN,TP. HCM,3,26235 - 26491 - 36563 - 54126 - 50667 - 96528
2024-09-24,MN,TP. HCM,4,42964 - 28822 - 15851 - 97512 - 66991 - 25555
2024-09-24,MN,TP. HCM,5,61463 - 55219 - 97709
2024-09-24,MN,TP. HCM,6,17518 - 83804 - 82990
2024-09-24,MN,TP. HCM,7,48560 - 11520 - 48953 - 77833
2024-09-24,MN,TP. HCM,8,93952
2024-09-24,MN,Đồng Tháp,ĐB,28152
2024-09-24,MN,Đồng Tháp,1,01457
2024-09-24,MN,Đồng Tháp,2,42580
2024-09-24,MN,Đồng Tháp,3,17743 - 02566 - 66087 - 64136 - 71168 - 55413
2024-09-24,MN,Đồng Tháp,4,59602 - 06563 - 71906 - 34681 - 94459 - 86322
2024-09-24,MN,Đồng Tháp,5,83899 - 07317 - 75869
2024-09-24,MN,Đồng Tháp,6,00026 - 32329 - 18351
2024-09-24,MN,Đồng Tháp,7,00255 - 01409 - 10632 - 95942
2024-09-24,MN,Đồng Tháp,8,15875
2024-09-24,MN,Cà Mau,ĐB,95320
2024-09-24,MN,Cà Mau,1,64638
2024-09-24,MN,Cà Mau,2,03566
2024-09-24,MN,Cà Mau,3,49113 - 37794 - 28808 - 59692 - 63234 - 17991
2024-09-24,MN,Cà Mau,4,34768 - 43359 - 86648 - 94827 - 00232 - 14810
2024-09-24,MN,Cà Mau,5,10156 - 30425 - 80904
2024-09-24,MN,Cà Mau,6,77518 - 99516 - 68016
2024-09-24,MN,Cà Mau,7,51886 - 54615 - 01230 - 82353
2024-09-24,MN,Cà Mau,8,39145
2024-09-25,MB,Hà Nội,ĐB,98396
2024-09-25,MB,Hà Nội,1,83848
2024-09-25,MB,Hà Nội,2,75588
2024-09-25,MB,Hà Nội,3,04856 - 97067 - 83300 - 77188 - 62952 - 11183
2024-09-25,MB,Hà Nội,4,71061 - 66436 - 58160 - 89486 - 03369 - 20334
2024-09-25,MB,Hà Nội,5,38168 - 39060 - 63601
2024-09-25,MB,Hà Nội,6,62064 - 19740 - 32702
2024-09-25,MB,Hà Nội,7,54775 - 87666 - 83306 - 09723
2024-09-25,MT,Đà Nẵng,ĐB,37038
2024-09-25,MT,Đà Nẵng,1,39630
2024-09-25,MT,Đà Nẵng,2,39445
2024-09-25,MT,Đà Nẵng,3,56729 - 52768 - 37081 - 03585 - 11839 - 39911
2024-09-25,MT,Đà Nẵng,4,91083 - 74009 - 00704 - 25625 - 66269 - 75734
2024-09-25,MT,Đà Nẵng,5,26797 - 60622 - 25135
2024-09-25,MT,Đà Nẵng,6,19385 - 47914 - 43164
2024-09-25,MT,Đà Nẵng,7,62347 - 12178 - 41677 - 47986
2024-09-25,MT,Đà Nẵng,8,17126
2024-09-25,MT,Khánh Hòa,ĐB,72257
2024-09-25,MT,Khánh Hòa,1,60425
2024-09-25,MT,Khánh Hòa,2,73836
2024-09-25,MT,Khánh Hòa,3,70321 - 47517 - 94274 - 80462 - 00693 - 64613
2024-09-25,MT,Khánh Hòa,4,58067 - 08167 - 10212 - 25328 - 77275 - 41987
2024-09-25,MT,Khánh Hòa,5,75153 - 98794 - 13973
2024-09-25,MT,Khánh Hòa,6,35106 - 22687 - 16117
2024-09-25,MT,Khánh Hòa,7,25460 - 16287 - 98244 - 92896
2024-09-25,MT,Khánh Hòa,8,95186
2024-09-25,MN,TP. HCM,ĐB,57001
2024-09-25,MN,TP. HCM,1,84164
2024-09-25,MN,TP. HCM,2,52093
2024-09-25,MN,TP. HCM,3,27176 - 33369 - 68960 - 26683 - 06383 - 95690
2024-09-25,MN,TP. HCM,4,67555 - 96370 - 49337 - 26103 - 37806 - 58133
2024-09-25,MN,TP. HCM,5,02415 - 79410 - 57601
2024-09-25,MN,TP. HCM,6,34141 - 94775 - 41373
2024-09-25,MN,TP. HCM,7,58066 - 13415 - 23866 - 66265
2024-09-25,MN,TP. HCM,8,21077
2024-09-25,MN,Đồng Tháp,ĐB,57227
2024-09-25,MN,Đồng Tháp,1,38475
2024-09-25,MN,Đồng Tháp,2,93726
2024-09-25,MN,Đồng Tháp,3,73252 - 27033 - 47965 - 65085 - 93254 - 81520
2024-09-25,MN,Đồng Tháp,4,43012 - 18191 - 38809 - 85412 - 24730 - 55074
2024-09-25,MN,Đồng Tháp,5,93510 - 64139 - 36417
2024-09-25,MN,Đồng Tháp,6,99796 - 51257 - 89108
2024-09-25,MN,Đồng Tháp,7,71641 - 07967 - 07239 - 40962
2024-09-25,MN,Đồng Tháp,8,00383
2024-09-25,MN,Cà Mau,ĐB,55652
2024-09-25,MN,Cà Mau,1,86497
2024-09-25,MN,Cà Mau,2,97410
2024-09-25,MN,Cà Mau,3,77828 - 48956 - 48262 - 29547 - 01652 - 95455
2024-09-25,MN,Cà Mau,4,00857 - 59043 - 01854 - 91152 - 58509 - 15956
2024-09-25,MN,Cà Mau,5,88418 - 40404 - 94332
2024-09-25,MN,Cà Mau,6,18679 - 06126 - 39455
2024-09-25,MN,Cà Mau,7,14288 - 90136 - 71869 - 30663
2024-09-25,MN,Cà Mau,8,94904
2024-09-26,MB,Hà Nội,ĐB,13851
2024-09-26,MB,Hà Nội,1,65198
2024-09-26,MB,Hà Nội,2,80009
2024-09-26,MB,Hà Nội,3,88020 - 05932 - 44436 - 60544 - 06099 - 52920
2024-09-26,MB,Hà Nội,4,26676 - 89362 - 08624 - 34851 - 97578 - 11708
2024-09-26,MB,Hà Nội,5,69535 - 01368 - 76071
2024-09-26,MB,Hà Nội,6,61771 - 97601 - 88740
2024-09-26,MB,Hà Nội,7,47859 - 01872 - 53196 - 02466
2024-09-26,MT,Đà Nẵng,ĐB,82941
2024-09-26,MT,Đà Nẵng,1,89770
2024-09-26,MT,Đà Nẵng,2,29734
2024-09-26,MT,Đà Nẵng,3,47503 - 49064 - 72080 - 84314 - 66147 - 41387
2024-09-26,MT,Đà Nẵng,4,82292 - 02773 - 34561 - 34778 - 32406 - 62702
2024-09-26,MT,Đà Nẵng,5,24889 - 31824 - 86357
2024-09-26,MT,Đà Nẵng,6,43780 - 92757 - 97080
2024-09-26,MT,Đà Nẵng,7,14128 - 63389 - 26271 - 76684
2024-09-26,MT,Đà Nẵng,8,66432
2024-09-26,MT,Khánh Hòa,ĐB,66600
2024-09-26,MT,Khánh Hòa,1,65212
2024-09-26,MT,Khánh Hòa,2,68749
2024-09-26,MT,Khánh Hòa,3,89998 - 17783 - 68904 - 92752 - 74641 - 42416
2024-09-26,MT,Khánh Hòa,4,61076 - 69632 - 96894 - 64912 - 19956 - 52335
2024-09-26,MT,Khánh Hòa,5,98205 - 06218 - 17659
2024-09-26,MT,Khánh Hòa,6,95080 - 81173 - 37777
2024-09-26,MT,Khánh Hòa,7,53302 - 64157 - 97183 - 71069
2024-09-26,MT,Khánh Hòa,8,05067
2024-09-26,MN,TP. HCM,ĐB,50880
2024-09-26,MN,TP. HCM,1,94220
2024-09-26,MN,TP. HCM,2,63652
2024-09-26,MN,TP. HCM,3,12021 - 28728 - 80980 - 34861 - 45078 - 81484
2024-09-26,MN,TP. HCM,4,33765 - 16684 - 85999 - 08938 - 14660 - 84276
2024-09-26,MN,TP. HCM,5,10235 - 05077 - 80098
2024-09-26,MN,TP. HCM,6,87431 - 99673 - 20593
2024-09-26,MN,TP. HCM,7,43961 - 88776 - 96297 - 48978
2024-09-26,MN,TP. HCM,8,69918
2024-09-26,MN,Đồng Tháp,ĐB,01585
2024-09-26,MN,Đồng Tháp,1,61899
2024-09-26,MN,Đồng Tháp,2,72312
2024-09-26,MN,Đồng Tháp,3,06792 - 14313 - 46479 - 26363 - 83795 - 00286
2024-09-26,MN,Đồng Tháp,4,72105 - 24626 - 98663 - 90552 - 48887 - 42942
2024-09-26,MN,Đồng Tháp,5,97813 - 57442 - 30239
2024-09-26,MN,Đồng Tháp,6,51806 - 72768 - 33388
2024-09-26,MN,Đồng Tháp,7,28267 - 42037 - 51294 - 19181
2024-09-26,MN,Đồng Tháp,8,33430
2024-09-26,MN,Cà Mau,ĐB,98352
2024-09-26,MN,Cà Mau,1,77005
2024-09-26,MN,Cà Mau,2,76126
2024-09-26,MN,Cà Mau,3,74822 - 45473 - 85221 - 76544 - 43130 - 34826
2024-09-26,MN,Cà Mau,4,64758 - 40330 - 38030 - 57966 - 44863 - 27769
2024-09-26,MN,Cà Mau,5,36251 - 84273 - 89548
2024-09-26,MN,Cà Mau,6,07355 - 03874 - 72143
2024-09-26,MN,Cà Mau,7,68058 - 14585 - 61276 - 54124
2024-09-26,MN,Cà Mau,8,99367
2024-09-27,MB,Hà Nội,ĐB,76428
2024-09-27,MB,Hà Nội,1,94517
2024-09-27,MB,Hà Nội,2,59185
2024-09-27,MB,Hà Nội,3,85785 - 98293 - 22496 - 14329 - 19723 - 45047
2024-09-27,MB,Hà Nội,4,00279 - 56271 - 14227 - 74620 - 44147 - 77391
2024-09-27,MB,Hà Nội,5,27836 - 75811 - 20137
2024-09-27,MB,Hà Nội,6,11058 - 20652 - 09118
2024-09-27,MB,Hà Nội,7,20524 - 90123 - 42185 - 70709
2024-09-27,MT,Đà Nẵng,ĐB,18225
2024-09-27,MT,Đà Nẵng,1,19167
2024-09-27,MT,Đà Nẵng,2,76978
2024-09-27,MT,Đà Nẵng,3,82576 - 44317 - 08070 - 83304 - 54417 - 98824
2024-09-27,MT,Đà Nẵng,4,28328 - 16149 - 09076 - 32878 - 27304 - 47887
2024-09-27,MT,Đà Nẵng,5,01395 - 41500 - 85569
2024-09-27,MT,Đà Nẵng,6,13253 - 69837 - 11654
2024-09-27,MT,Đà Nẵng,7,58826 - 23666 - 81193 - 75040
2024-09-27,MT,Đà Nẵng,8,93806
2024-09-27,MT,Khánh Hòa,ĐB,72879
2024-09-27,MT,Khánh Hòa,1,08492
2024-09-27,MT,Khánh Hòa,2,44725
2024-09-27,MT,Khánh Hòa,3,66048 - 53676 - 65793 - 16596 - 28897 - 81078
2024-09-27,MT,Khánh Hòa,4,00591 - 01351 - 09249 - 09519 - 78145 - 14035
2024-09-27,MT,Khánh Hòa,5,99638 - 54240 - 76026
2024-09-27,MT,Khánh Hòa,6,95257 - 09267 - 38630
2024-09-27,MT,Khánh Hòa,7,91511 - 83170 - 26375 - 59578
2024-09-27,MT,Khánh Hòa,8,28283
2024-09-27,MN,TP. HCM,ĐB,98067
2024-09-27,MN,TP. HCM,1,49578
2024-09-27,MN,TP. HCM,2,26429
2024-09-27,MN,TP. HCM,3,53168 - 43865 - 82643 - 27069 - 66246 - 95970
2024-09-27,MN,TP. HCM,4,90044 - 41187 - 91576 - 99156 - 42291 - 40171
2024-09-27,MN,TP. HCM,5,59102 - 94983 - 23826
2024-09-27,MN,TP. HCM,6,80722 - 40747 - 44181
2024-09-27,MN,TP. HCM,7,57686 - 52812 - 21727 - 57851
2024-09-27,MN,TP. HCM,8,79080
2024-09-27,MN,Đồng Tháp,ĐB,99820
2024-09-27,MN,Đồng Tháp,1,77584
2024-09-27,MN,Đồng Tháp,2,10318
2024-09-27,MN,Đồng Tháp,3,98704 - 60263 - 02755 - 41958 - 50963 - 39523
2024-09-27,MN,Đồng Tháp,4,95823 - 08137 - 62923 - 65411 - 76899 - 18356
2024-09-27,MN,Đồng Tháp,5,42068 - 93886 - 52369
2024-09-27,MN,Đồng Tháp,6,34639 - 88473 - 84300
2024-09-27,MN,Đồng Tháp,7,14892 - 06675 - 63188 - 28607
2024-09-27,MN,Đồng Tháp,8,34705
2024-09-27,MN,Cà Mau,ĐB,28056
2024-09-27,MN,Cà Mau,1,46004
2024-09-27,MN,Cà Mau,2,81145
2024-09-27,MN,Cà Mau,3,84474 - 72069 - 97466 - 99595 - 95934 - 62476
2024-09-27,MN,Cà Mau,4,28051 - 82547 - 25226 - 51442 - 91797 - 77220
2024-09-27,MN,Cà Mau,5,39347 - 59953 - 63541
2024-09-27,MN,Cà Mau,6,13948 - 89278 - 57042
2024-09-27,MN,Cà Mau,7,83320 - 30998 - 14869 - 28145
2024-09-27,MN,Cà Mau,8,89261
2024-09-28,MB,Hà Nội,ĐB,14353
2024-09-28,MB,Hà Nội,1,70301
2024-09-28,MB,Hà Nội,2,00084
2024-09-28,MB,Hà Nội,3,29961 - 56483 - 88440 - 59334 - 00620 - 20007
2024-09-28,MB,Hà Nội,4,58690 - 55006 - 75764 - 83370 - 52783 - 41806
2024-09-28,MB,Hà Nội,5,15610 - 06536 - 91886
2024-09-28,MB,Hà Nội,6,02391 - 40936 - 36206
2024-09-28,MB,Hà Nội,7,10417 - 41466 - 78298 - 94131
2024-09-28,MT,Đà Nẵng,ĐB,64517
2024-09-28,MT,Đà Nẵng,1,78426
2024-09-28,MT,Đà Nẵng,2,86985
2024-09-28,MT,Đà Nẵng,3,05446 - 69503 - 88983 - 48612 - 24377 - 63542
2024-09-28,MT,Đà Nẵng,4,00776 - 23819 - 09563 - 64116 - 78515 - 17024
2024-09-28,MT,Đà Nẵng,5,19068 - 39452 - 00891
2024-09-28,MT,Đà Nẵng,6,63824 - 44841 - 48140
2024-09-28,MT,Đà Nẵng,7,29541 - 56381 - 40554 - 29249
2024-09-28,MT,Đà Nẵng,8,89335
2024-09-28,MT,Khánh Hòa,ĐB,14098
2024-09-28,MT,Khánh Hòa,1,12974
2024-09-28,MT,Khánh Hòa,2,98526
2024-09-28,MT,Khánh Hòa,3,50690 - 34615 - 28837 - 77298 - 57524 - 53587
2024-09-28,MT,Khánh Hòa,4,65494 - 30168 - 38180 - 27770 - 23004 - 03715
2024-09-28,MT,Khánh Hòa,5,10307 - 78673 - 10980
2024-09-28,MT,Khánh Hòa,6,36498 - 16404 - 19509
2024-09-28,MT,Khánh Hòa,7,39030 - 98083 - 37712 - 72919
2024-09-28,MT,Khánh Hòa,8,22839
2024-09-28,MN,TP. HCM,ĐB,43081
2024-09-28,MN,TP. HCM,1,26273
2024-09-28,MN,TP. HCM,2,78488
2024-09-28,MN,TP. HCM,3,61422 - 96122 - 06566 - 85012 - 61200 - 85386
2024-09-28,MN,TP. HCM,4,04579 - 38291 - 28614 - 69705 - 96330 - 43372
2024-09-28,MN,TP. HCM,5,11267 - 85660 - 15567
2024-09-28,MN,TP. HCM,6,26220 - 32428 - 64825
2024-09-28,MN,TP. HCM,7,23304 - 82728 - 27309 - 01362
2024-09-28,MN,TP. HCM,8,06659
2024-09-28,MN,Đồng Tháp,ĐB,84831
2024-09-28,MN,Đồng Tháp,1,44639
2024-09-28,MN,Đồng Tháp,2,96721
2024-09-28,MN,Đồng Tháp,3,40157 - 05182 - 38588 - 40921 - 30323 - 81096
2024-09-28,MN,Đồng Tháp,4,98267 - 37726 - 15748 - 09597 - 43888 - 43937
2024-09-28,MN,Đồng Tháp,5,27922 - 96755 - 39666
2024-09-28,MN,Đồng Tháp,6,80000 - 98888 - 34643
2024-09-28,MN,Đồng Tháp,7,74981 - 07753 - 14279 - 20716
2024-09-28,MN,Đồng Tháp,8,24777
2024-09-28,MN,Cà Mau,ĐB,17330
2024-09-28,MN,Cà Mau,1,28213
2024-09-28,MN,Cà Mau,2,65415
2024-09-28,MN,Cà Mau,3,88718 - 27306 - 45701 - 13597 - 40140 - 87944
2024-09-28,MN,Cà Mau,4,72615 - 22871 - 78472 - 58153 - 79996 - 22457
2024-09-28,MN,Cà Mau,5,09813 - 07345 - 94736
2024-09-28,MN,Cà Mau,6,26832 - 29863 - 02984
2024-09-28,MN,Cà Mau,7,91879 - 84894 - 71914 - 07939
2024-09-28,MN,Cà Mau,8,83098
2024-09-29,MB,Hà Nội,ĐB,57022
2024-09-29,MB,Hà Nội,1,66874
2024-09-29,MB,Hà Nội,2,65077
2024-09-29,MB,Hà Nội,3,42766 - 72900 - 21202 - 09102 - 46869 - 58505
2024-09-29,MB,Hà Nội,4,67749 - 96422 - 87291 - 22502 - 73974 - 50074
2024-09-29,MB,Hà Nội,5,08568 - 93828 - 73482
2024-09-29,MB,Hà Nội,6,59787 - 83155 - 06561
2024-09-29,MB,Hà Nội,7,16797 - 15146 - 74955 - 76378
2024-09-29,MT,Đà Nẵng,ĐB,51276
2024-09-29,MT,Đà Nẵng,1,41539
2024-09-29,MT,Đà Nẵng,2,11657
2024-09-29,MT,Đà Nẵng,3,75379 - 69857 - 12033 - 58096 - 49528 - 99422
2024-09-29,MT,Đà Nẵng,4,80690 - 29920 - 58108 - 22772 - 19575 - 38342
2024-09-29,MT,Đà Nẵng,5,64142 - 88406 - 44966
2024-09-29,MT,Đà Nẵng,6,74573 - 51807 - 57374
2024-09-29,MT,Đà Nẵng,7,11680 - 51774 - 93020 - 52614
2024-09-29,MT,Đà Nẵng,8,90404
2024-09-29,MT,Khánh Hòa,ĐB,54153
2024-09-29,MT,Khánh Hòa,1,02094
2024-09-29,MT,Khánh Hòa,2,74680
2024-09-29,MT,Khánh Hòa,3,78018 - 25264 - 10657 - 26083 - 08301 - 57833
2024-09-29,MT,Khánh Hòa,4,82612 - 49794 - 74514 - 95633 - 23422 - 92325
2024-09-29,MT,Khánh Hòa,5,83229 - 73382 - 74080
2024-09-29,MT,Khánh Hòa,6,49406 - 30712 - 04421
2024-09-29,MT,Khánh Hòa,7,35348 - 07252 - 05430 - 03915
2024-09-29,MT,Khánh Hòa,8,94865
2024-09-29,MN,TP. HCM,ĐB,85563
2024-09-29,MN,TP. HCM,1,60784
2024-09-29,MN,TP. HCM,2,89880
2024-09-29,MN,TP. HCM,3,07474 - 26924 - 17416 - 58533 - 85164 - 50918
2024-09-29,MN,TP. HCM,4,35250 - 35088 - 96713 - 73983 - 21030 - 84714
2024-09-29,MN,TP. HCM,5,32725 - 36558 - 12930
2024-09-29,MN,TP. HCM,6,21356 - 16722 - 51390
2024-09-29,MN,TP. HCM,7,96565 - 69052 - 04534 - 53325
2024-09-29,MN,TP. HCM,8,76150
2024-09-29,MN,Đồng Tháp,ĐB,18062
2024-09-29,MN,Đồng Tháp,1,06015
2024-09-29,MN,Đồng Tháp,2,34924
2024-09-29,MN,Đồng Tháp,3,94561 - 24304 - 83146 - 81507 - 89049 - 04212
2024-09-29,MN,Đồng Tháp,4,31407 - 33322 - 83158 - 29166 - 55395 - 10154
2024-09-29,MN,Đồng Tháp,5,57721 - 67310 - 06170
2024-09-29,MN,Đồng Tháp,6,45071 - 32892 - 15503
2024-09-29,MN,Đồng Tháp,7,33567 - 60611 - 61413 - 93596
2024-09-29,MN,Đồng Tháp,8,90831
2024-09-29,MN,Cà Mau,ĐB,67947
2024-09-29,MN,Cà Mau,1,55627
2024-09-29,MN,Cà Mau,2,97697
2024-09-29,MN,Cà Mau,3,73890 - 37654 - 07716 - 13108 - 78873 - 04804
2024-09-29,MN,Cà Mau,4,42982 - 53013 - 35928 - 02213 - 10882 - 92500
2024-09-29,MN,Cà Mau,5,58265 - 22352 - 22661
2024-09-29,MN,Cà Mau,6,25129 - 55025 - 01238
2024-09-29,MN,Cà Mau,7,74338 - 04588 - 18473 - 92015
2024-09-29,MN,Cà Mau,8,16846
2024-09-30,MB,Hà Nội,ĐB,56804
2024-09-30,MB,Hà Nội,1,43196
2024-09-30,MB,Hà Nội,2,49812
2024-09-30,MB,Hà Nội,3,43685 - 25454 - 43696 - 43852 - 97265 - 24160
2024-09-30,MB,Hà Nội,4,88373 - 25214 - 08146 - 31532 - 75831 - 14653
2024-09-30,MB,Hà Nội,5,35637 - 56622 - 14158
2024-09-30,MB,Hà Nội,6,04402 - 21893 - 01032
2024-09-30,MB,Hà Nội,7,60966 - 70132 - 56382 - 97134
2024-09-30,MT,Đà Nẵng,ĐB,50695
2024-09-30,MT,Đà Nẵng,1,03423
2024-09-30,MT,Đà Nẵng,2,43038
2024-09-30,MT,Đà Nẵng,3,34255 - 98749 - 04047 - 20389 - 08822 - 54281
2024-09-30,MT,Đà Nẵng,4,55195 - 13586 - 94225 - 41255 - 09551 - 59405
2024-09-30,MT,Đà Nẵng,5,91014 - 35815 - 57988
2024-09-30,MT,Đà Nẵng,6,74189 - 57869 - 75072
2024-09-30,MT,Đà Nẵng,7,68881 - 34316 - 01129 - 59479
2024-09-30,MT,Đà Nẵng,8,36779
2024-09-30,MT,Khánh Hòa,ĐB,18021
2024-09-30,MT,Khánh Hòa,1,70113
2024-09-30,MT,Khánh Hòa,2,54077
2024-09-30,MT,Khánh Hòa,3,60030 - 27424 - 36713 - 21478 - 63604 - 45197
2024-09-30,MT,Khánh Hòa,4,21493 - 16341 - 17173 - 39125 - 86015 - 32116
2024-09-30,MT,Khánh Hòa,5,13905 - 10869 - 58573
2024-09-30,MT,Khánh Hòa,6,41316 - 20817 - 53450
2024-09-30,MT,Khánh Hòa,7,39918 - 06667 - 84727 - 15090
2024-09-30,MT,Khánh Hòa,8,60030
2024-09-30,MN,TP. HCM,ĐB,90043
2024-09-30,MN,TP. HCM,1,58971
2024-09-30,MN,TP. HCM,2,33645
2024-09-30,MN,TP. HCM,3,40189 - 18804 - 60481 - 94491 - 88253 - 39162
2024-09-30,MN,TP. HCM,4,63448 - 00330 - 76082 - 90030 - 27406 - 74603
2024-09-30,MN,TP. HCM,5,06220 - 35006 - 13966
2024-09-30,MN,TP. HCM,6,44576 - 09296 - 57005
2024-09-30,MN,TP. HCM,7,65209 - 42789 - 89979 - 92157
2024-09-30,MN,TP. HCM,8,55399
2024-09-30,MN,Đồng Tháp,ĐB,84961
2024-09-30,MN,Đồng Tháp,1,67863
2024-09-30,MN,Đồng Tháp,2,30866
2024-09-30,MN,Đồng Tháp,3,13732 - 70738 - 69827 - 59183 - 76011 - 20159
2024-09-30,MN,Đồng Tháp,4,14057 - 74703 - 86688 - 05433 - 70916 - 00139
2024-09-30,MN,Đồng Tháp,5,11415 - 07157 - 16604
2024-09-30,MN,Đồng Tháp,6,39125 - 52917 - 16493
2024-09-30,MN,Đồng Tháp,7,24045 - 35599 - 30058 - 84381
2024-09-30,MN,Đồng Tháp,8,43090
2024-09-30,MN,Cà Mau,ĐB,74898
2024-09-30,MN,Cà Mau,1,74497
2024-09-30,MN,Cà Mau,2,93797
2024-09-30,MN,Cà Mau,3,15356 - 35832 - 78223 - 70077 - 70319 - 97632
2024-09-30,MN,Cà Mau,4,28636 - 47314 - 87565 - 00182 - 49975 - 45621
2024-09-30,MN,Cà Mau,5,57789 - 89605 - 31770
2024-09-30,MN,Cà Mau,6,01784 - 93723 - 27216
2024-09-30,MN,Cà Mau,7,08912 - 52180 - 81408 - 95363
2024-09-30,MN,Cà Mau,8,97861
